x_lon,y_lat,depth,dts,dto,reg,srn,exclude
14.581250000000011,53.57291666666666,1.0,9.081340508703912,523.8053169545627,24.0,36G4,5
14.71875,53.57291666666666,1.0,9.081340508702024,529.3150075015434,24.0,36G4,5
14.581250000000011,53.65625,3.0,9.06343335753677,516.393391723271,24.0,36G4,5
14.168749999999989,53.73958333333334,1.0,9.045507033613998,494.39758096298067,24.0,36G4,5
13.893750000000011,53.82291666666666,2.0,9.027561574856922,481.5594521266839,24.0,36G3,5
14.03125,53.82291666666666,5.0,9.268861880923033,482.7622813143148,24.0,36G4,5
14.168749999999989,53.82291666666666,5.0,9.027561574856922,485.92725792687145,24.0,36G4,5
14.581250000000011,53.82291666666666,1.0,9.027561574855042,503.1746166274837,24.0,36G4,5
10.731249999999989,53.90625,1.0,9.009597019221818,426.08053079640354,22.0,36G0,0
13.893750000000011,53.90625,1.0,9.009597019221715,472.2919142521224,24.0,36G3,5
11.28125,53.98958333333334,6.0,8.991613404716228,418.0912166680639,22.0,36G1,0
13.893750000000011,53.98958333333334,4.0,8.9916134047181,463.0256997559982,24.0,36G3,0
14.03125,53.98958333333334,4.0,9.268861880925863,465.31816038729545,24.0,36G4,0
14.168749999999989,53.98958333333334,10.0,9.268861880925863,470.6632991271932,24.0,36G4,0
14.306250000000006,53.98958333333334,11.0,9.268861880925863,477.6153392145345,24.0,36G4,0
14.443749999999994,53.98958333333334,13.0,9.268861880925863,483.35362506970097,24.0,36G4,5
14.581250000000011,53.98958333333334,7.0,8.991613404716228,490.0713096527682,24.0,36G4,5
14.71875,53.98958333333334,-0.0,0.0,496.03385091728967,24.0,36G4,5
14.856249999999989,53.98958333333334,-0.0,0.0,502.61432628110657,24.0,36G4,5
19.39375000000001,53.98958333333334,-0.0,0.0,771.364738910303,26.0,36G9,3
10.910416666666663,54.07291666666666,21.0,9.24553827894847,407.51089504739844,22.0,37G0,0
11.052083333333343,54.07291666666666,23.0,9.740485357436974,407.51089504739844,22.0,37G1,0
11.193749999999994,54.07291666666666,22.0,9.827573159206967,408.07585327422197,22.0,37G1,0
11.335416666666674,54.07291666666666,10.0,10.749372210068715,409.7456588175526,22.0,37G1,0
11.477083333333326,54.07291666666666,6.0,9.245538278950233,412.4503574642658,22.0,37G1,0
13.885416666666657,54.07291666666666,1.0,9.24553827894847,451.4768437476012,24.0,37G3,0
14.027083333333337,54.07291666666666,10.0,18.491067292160086,457.56511138946,24.0,37G4,0
14.168749999999989,54.07291666666666,15.0,18.537723761848188,465.1474820976299,24.0,37G4,0
14.310416666666669,54.07291666666666,13.0,18.539726091631078,470.6370866467876,24.0,37G4,0
14.45208333333332,54.07291666666666,13.0,18.54573178385785,477.7947771083656,24.0,37G4,0
14.59375,54.07291666666666,10.0,12.352954958809088,483.69589552292354,24.0,37G4,5
14.735416666666652,54.07291666666666,14.0,9.332592822616117,490.66045672478975,24.0,37G4,5
14.877083333333331,54.07291666666666,13.0,9.245538278950233,498.3066350383253,24.0,37G4,5
19.26875000000001,54.07291666666666,1.0,9.245538278950441,759.056587149429,26.0,37G9,3
19.410416666666663,54.07291666666666,1.0,9.245538278950233,764.798335072564,26.0,37G9,3
11.052083333333343,54.15625,18.0,9.22697055122108,398.24203316647254,22.0,37G1,0
11.193749999999994,54.15625,22.0,18.453931835828243,398.8856619488304,22.0,37G1,0
11.335416666666674,54.15625,25.0,19.31902988737949,400.7796890546099,22.0,37G1,0
11.477083333333326,54.15625,22.0,13.08511138945992,403.82334865720793,22.0,37G1,0
11.618750000000006,54.15625,15.0,9.268861880925863,407.8758893848264,22.0,37G1,0
11.760416666666657,54.15625,3.0,9.268861880925863,412.4309155386068,22.0,37G1,0
11.902083333333337,54.15625,4.0,9.226970551219214,409.7367125706706,22.0,37G1,0
13.460416666666674,54.15625,4.0,9.226970551220974,428.483991826649,24.0,37G3,0
13.602083333333326,54.15625,8.0,9.268861880925863,433.20006482252654,24.0,37G3,0
13.743750000000006,54.15625,3.0,9.268861880925863,438.5011901071806,24.0,37G3,0
13.885416666666657,54.15625,10.0,13.085111389458675,444.3035142513063,24.0,37G3,0
14.027083333333337,54.15625,12.0,20.667482097629982,450.53258190734516,24.0,37G4,0
14.168749999999989,54.15625,14.0,27.806585642774053,457.55200489983247,24.0,37G4,0
14.310416666666669,54.15625,14.0,27.807917890838425,465.11427985225646,24.0,37G4,0
14.45208333333332,54.15625,14.0,25.42680996920724,470.6108731334197,24.0,37G4,0
14.59375,54.15625,13.0,20.253321902153687,477.7484597060181,24.0,37G4,0
14.735416666666652,54.15625,13.0,18.56960718331522,485.7152161926966,24.0,37G4,0
14.877083333333331,54.15625,18.0,13.08511138945992,494.1134370259017,24.0,37G4,0
15.018750000000011,54.15625,19.0,9.268861880925863,502.7568598045963,25.0,37G5,3
15.160416666666663,54.15625,14.0,9.268861880925863,509.7083555431011,25.0,37G5,3
15.302083333333343,54.15625,7.0,9.22697055121911,516.4645970376056,25.0,37G5,3
18.98541666666665,54.15625,-0.0,0.0,741.2358893848264,26.0,37G8,3
19.12708333333333,54.15625,1.0,9.226970551221182,746.1430123770053,26.0,37G9,3
11.052083333333343,54.23958333333334,1.0,9.208383304789498,388.97317128554744,22.0,37G1,0
11.193749999999994,54.23958333333334,14.0,13.058897948425134,389.7212411290538,22.0,37G1,0
11.335416666666674,54.23958333333334,21.0,20.6010562784916,391.9081272612103,22.0,37G1,0
11.477083333333326,54.23958333333334,23.0,20.70709498378372,395.38180999466533,22.0,37G1,0
11.618750000000006,54.23958333333334,25.0,18.53772376185102,399.94117551248246,22.0,37G1,0
11.760416666666657,54.23958333333334,25.0,18.53772376185102,403.8015367142427,22.0,37G1,0
11.902083333333337,54.23958333333334,19.0,13.072004899832507,400.7695580121178,22.0,37G1,0
12.043749999999989,54.23958333333334,15.0,9.268861880925156,398.883056121144,24.0,37G2,0
12.185416666666669,54.23958333333334,3.0,9.208383304787533,398.24203316646975,24.0,37G2,0
12.32708333333332,54.23958333333334,-0.0,0.0,398.24203316646975,24.0,37G2,3
13.318749999999994,54.23958333333334,-0.0,0.0,416.02242575592396,24.0,37G3,3
13.460416666666674,54.23958333333334,7.0,9.208383304789395,420.4453091360706,24.0,37G3,0
13.602083333333326,54.23958333333334,7.0,13.058897948425205,425.5633516625505,24.0,37G3,0
13.743750000000006,54.23958333333334,5.0,18.53772376185102,431.2675782471753,24.0,37G3,0
13.885416666666657,54.23958333333334,4.0,20.707094983782934,437.46165285047016,24.0,37G3,0
14.027083333333337,54.23958333333334,11.0,26.157086646787658,444.0633591271377,24.0,37G4,0
14.168749999999989,54.23958333333334,15.0,33.31477710836567,450.41460724581907,24.0,37G4,0
14.310416666666669,54.23958333333334,15.0,37.07644470987888,457.53889794842655,24.0,37G4,0
14.45208333333332,54.23958333333334,7.0,32.79439089151219,465.08105627849164,24.0,37G4,0
14.59375,54.23958333333334,14.0,28.976233482542806,473.5921433426335,24.0,37G4,0
14.735416666666652,54.23958333333334,16.0,26.15708664678883,482.4256614275621,24.0,37G4,0
14.877083333333331,54.23958333333334,18.0,20.70709498378372,490.5416982129469,24.0,37G4,0
15.018750000000011,54.23958333333334,16.0,18.53772376185102,496.63664851734256,25.0,37G5,0
15.160416666666663,54.23958333333334,14.0,18.53772376185102,503.4484758628668,25.0,37G5,0
15.302083333333343,54.23958333333334,12.0,13.072004899832436,509.6428169177469,25.0,37G5,0
15.443749999999994,54.23958333333334,13.0,9.268861880925156,516.3790715176259,25.0,37G5,3
15.585416666666674,54.23958333333334,14.0,9.268861880925156,522.6357273213613,25.0,37G5,3
15.727083333333326,54.23958333333334,10.0,9.208383304789395,529.31647617277,25.0,37G5,3
16.152083333333337,54.23958333333334,-0.0,0.0,548.5816528504702,25.0,37G6,3
18.70208333333332,54.23958333333334,1.0,9.208383304787533,725.2681272612102,26.0,37G8,3
18.98541666666665,54.23958333333334,1.0,9.208383304787533,733.3011755124825,26.0,37G8,3
19.12708333333333,54.23958333333334,1.0,13.058897948426587,738.7403088254958,26.0,37G9,0
19.26875000000001,54.23958333333334,1.0,9.208383304787533,744.8757273213613,26.0,37G9,3
10.627083333333331,54.32291666666666,2.0,9.189776578975053,379.7043094046244,22.0,37G0,0
10.768750000000011,54.32291666666666,14.0,9.189776578973195,379.7043094046244,22.0,37G0,0
11.193749999999994,54.32291666666666,16.0,9.189776578973092,380.59759216790474,22.0,37G1,0
11.335416666666674,54.32291666666666,21.0,18.379543889940162,383.18143187144,22.0,37G1,0
11.477083333333326,54.32291666666666,23.0,26.078443884599213,387.21303034109013,22.0,37G1,0
11.618750000000006,54.32291666666666,25.0,27.806585642774053,392.3965126719151,22.0,37G1,0
11.760416666666657,54.32291666666666,25.0,26.130873133419698,395.3570407390456,22.0,37G1,0
11.902083333333337,54.32291666666666,20.0,20.69881928320752,391.89646671896816,22.0,37G1,0
12.043749999999989,54.32291666666666,19.0,18.537723761848188,389.71821310131673,24.0,37G2,0
12.185416666666669,54.32291666666666,14.0,13.058897948425134,388.9731712855467,24.0,37G2,0
12.32708333333332,54.32291666666666,8.0,9.268861880923033,388.9731712855467,24.0,37G2,0
12.46875,54.32291666666666,2.0,9.189776578973195,388.9731712855467,24.0,37G2,0
13.602083333333326,54.32291666666666,6.0,9.189776578973195,418.2522670596233,24.0,37G3,0
13.743750000000006,54.32291666666666,5.0,13.045790644922903,424.40359301733275,24.0,37G3,0
13.885416666666657,54.32291666666666,16.0,20.567811554786708,431.0209496795555,24.0,37G3,0
14.027083333333337,54.32291666666666,18.0,29.059205689904225,437.3567877502356,24.0,37G4,0
14.168749999999989,54.32291666666666,16.0,37.87345562964057,443.93854673564863,24.0,37G4,0
14.310416666666669,54.32291666666666,8.0,45.6277125818357,450.8590630919131,24.0,37G4,0
14.45208333333332,54.32291666666666,8.0,40.94196691612533,462.85954388994014,24.0,37G4,0
14.59375,54.32291666666666,18.0,37.95880230594153,470.55844388459906,24.0,37G4,0
14.735416666666652,54.32291666666666,11.0,33.36262379335623,477.6557667863631,24.0,37G4,0
14.877083333333331,54.32291666666666,13.0,29.294554201177252,483.57792958256465,24.0,37G4,0
15.018750000000011,54.32291666666666,17.0,27.806585642774053,490.48229172308857,25.0,37G5,0
15.160416666666663,54.32291666666666,19.0,26.13087313341962,496.58421756771634,25.0,37G5,0
15.302083333333343,54.32291666666666,23.0,20.69881928320747,503.3760079965803,25.0,37G5,0
15.443749999999994,54.32291666666666,17.0,18.537723761848188,509.5772776343884,25.0,37G5,0
15.585416666666674,54.32291666666666,21.0,18.537723761848188,516.2935294135365,25.0,37G5,0
15.727083333333326,54.32291666666666,23.0,13.058897948426441,522.5570795424359,25.0,37G5,0
15.868750000000006,54.32291666666666,19.0,9.268861880923033,529.2178502143016,25.0,37G5,3
16.010416666666657,54.32291666666666,17.0,9.268861880923033,535.5235930173316,25.0,37G6,3
16.152083333333337,54.32291666666666,12.0,9.189776578973092,542.1409496795557,25.0,37G6,3
18.70208333333332,54.32291666666666,1.0,9.189776578973092,716.54143187144,26.0,37G8,3
18.98541666666665,54.32291666666666,1.0,9.189776578973092,725.7565126719151,26.0,37G8,3
19.12708333333333,54.32291666666666,1.0,9.189776578975156,731.8172776343885,26.0,37G9,3
19.26875000000001,54.32291666666666,-0.0,0.0,738.5335294135365,26.0,37G9,3
19.410416666666663,54.32291666666666,-0.0,0.0,745.7382792383619,26.0,37G9,3
10.20208333333332,54.40625,16.0,9.171150413136537,370.4354475236992,22.0,37G0,0
10.485416666666652,54.40625,8.0,9.171150413136436,370.4354475236992,22.0,37G0,0
10.627083333333331,54.40625,18.0,13.045790644922977,370.4354475236992,22.0,37G0,0
10.768750000000011,54.40625,17.0,13.045790644921674,370.4354475236992,22.0,37G0,0
10.910416666666663,54.40625,14.0,9.268861880925156,370.4354475236992,22.0,37G0,0
11.052083333333343,54.40625,8.0,9.268861880925156,370.4354475236992,22.0,37G1,0
11.193749999999994,54.40625,3.0,9.268861880925863,371.5439522636786,22.0,37G1,0
11.335416666666674,54.40625,12.0,13.032683099332724,374.6914659309489,22.0,37G1,0
11.477083333333326,54.40625,24.0,20.534545860402233,379.4622276002864,22.0,37G1,0
11.618750000000006,54.40625,25.0,27.806585642774053,385.41178631267405,22.0,37G1,0
11.760416666666657,54.40625,23.0,27.806585642774053,387.18451654524296,22.0,37G1,0
11.902083333333337,54.40625,20.0,27.806585642774053,383.1677353105199,22.0,37G1,0
12.043749999999989,54.40625,18.0,26.10465880612541,380.593981087885,24.0,37G2,0
12.185416666666669,54.40625,21.0,18.342291557744304,379.70430940462154,24.0,37G2,0
12.32708333333332,54.40625,15.0,9.17115041313839,379.70430940462154,24.0,37G2,0
12.610416666666652,54.40625,1.0,9.171150413136537,380.59398108788474,24.0,37G2,0
12.752083333333331,54.40625,2.0,9.268861880925156,383.1677353105199,24.0,37G2,0
12.893750000000011,54.40625,1.0,9.268861880925156,387.18451654524296,24.0,37G2,0
13.035416666666663,54.40625,2.0,9.268861880925156,391.8848156270676,24.0,37G3,0
13.177083333333343,54.40625,2.0,9.171150413136537,395.33228660067874,24.0,37G3,0
13.743750000000006,54.40625,20.0,9.171150413138289,417.99920906449324,24.0,37G3,0
13.885416666666657,54.40625,16.0,18.342291557744304,424.31183725143404,24.0,37G3,0
14.027083333333337,54.40625,14.0,27.513414165262116,430.90921854506166,24.0,37G4,0
14.168749999999989,54.40625,13.0,36.68450896707031,437.8839837776928,24.0,37G4,0
14.310416666666669,54.40625,11.0,45.855566694468145,445.1655025385572,24.0,37G4,0
14.45208333333332,54.40625,10.0,49.485759651189795,451.87485110115375,24.0,37G4,0
14.59375,54.40625,12.0,46.235495733715865,465.01454586040205,24.0,37G4,0
14.735416666666652,54.40625,14.0,41.39757565174897,470.53222858919537,24.0,37G4,0
14.877083333333331,54.40625,17.0,38.201852175111526,477.60939189297613,24.0,37G4,0
15.018750000000011,54.40625,23.0,37.075447523699204,483.5386063712333,25.0,37G5,0
15.160416666666663,54.40625,30.0,33.342085676832156,490.4228676550621,25.0,37G5,0
15.302083333333343,54.40625,30.0,29.288707865076482,496.5317863126753,25.0,37G5,0
15.443749999999994,54.40625,29.0,27.806585642773346,503.3035234521983,25.0,37G5,0
15.585416666666674,54.40625,40.0,26.10465880612534,509.51173824642996,25.0,37G5,0
15.727083333333326,54.40625,37.0,20.690548318488144,516.2079713910977,25.0,37G5,0
15.868750000000006,54.40625,32.0,18.537723761848188,522.4784319711764,25.0,37G5,0
16.010416666666657,54.40625,28.0,18.537723761848188,529.119209064492,25.0,37G6,0
16.152083333333337,54.40625,21.0,13.045790644921599,536.1859662882556,25.0,37G6,0
16.29374999999999,54.40625,15.0,9.171150413138289,543.5875978211084,25.0,37G6,3
18.70208333333332,54.40625,6.0,9.171150413136436,708.0514659309489,26.0,37G8,3
18.84375,54.40625,18.0,9.268861880925156,712.8222276002875,26.0,37G8,3
18.98541666666665,54.40625,31.0,13.045790644921599,718.7717863126741,26.0,37G8,0
19.12708333333333,54.40625,35.0,13.04579064492305,725.5435234521983,26.0,37G9,0
19.26875000000001,54.40625,38.0,9.268861880925156,732.8854570059347,26.0,37G9,3
19.410416666666663,54.40625,25.0,9.171150413138289,740.6278284186579,26.0,37G9,3
19.693749999999994,54.40625,-0.0,0.0,756.8968454177714,26.0,37G9,3
10.060416666666669,54.48958333333334,21.0,9.152504846681197,361.1665856427734,22.0,37G0,0
10.20208333333332,54.48958333333334,12.0,13.032683099331418,361.1665856427734,22.0,37G0,0
10.34375,54.48958333333334,20.0,9.268861880925863,361.1665856427734,22.0,37G0,0
10.485416666666652,54.48958333333334,14.0,13.03268309933135,361.1665856427734,22.0,37G0,0
10.627083333333331,54.48958333333334,18.0,20.53454586040214,361.1665856427734,22.0,37G0,0
10.768750000000011,54.48958333333334,13.0,18.305000424424843,361.1665856427734,22.0,37G0,0
10.910416666666663,54.48958333333334,12.0,9.152504846681298,361.1665856427734,22.0,37G0,0
11.052083333333343,54.48958333333334,-0.0,0.0,361.1665856427734,22.0,37G1,3
11.335416666666674,54.48958333333334,25.0,9.152504846681298,366.62000920986935,22.0,37G1,0
11.477083333333326,54.48958333333334,27.0,18.305000424424843,372.379283096865,22.0,37G1,0
11.618750000000006,54.48958333333334,21.0,18.537723761848188,379.24342644436786,22.0,37G1,0
11.760416666666657,54.48958333333334,16.0,18.537723761848188,379.42893375654296,22.0,37G1,0
11.902083333333337,54.48958333333334,14.0,18.537723761848188,374.67496331669025,22.0,37G1,0
12.043749999999989,54.48958333333334,12.0,20.66576459677897,371.5394871595684,24.0,37G2,0
12.185416666666669,54.48958333333334,17.0,20.53454586040214,370.4354475236957,24.0,37G2,0
12.32708333333332,54.48958333333334,15.0,13.032683099332724,370.4354475236957,24.0,37G2,0
12.46875,54.48958333333334,13.0,9.268861880925863,370.4354475236957,24.0,37G2,0
12.610416666666652,54.48958333333334,5.0,13.032683099331418,371.53948715956795,24.0,37G2,0
12.752083333333331,54.48958333333334,10.0,18.53772376185102,374.6749633166902,24.0,37G2,0
12.893750000000011,54.48958333333334,8.0,18.305000424424744,379.42893375654296,24.0,37G2,0
13.035416666666663,54.48958333333334,4.0,9.152504846681298,383.1540488780238,24.0,37G3,0
13.460416666666674,54.48958333333334,7.0,9.152504846679449,398.32619930895964,24.0,37G3,0
13.743750000000006,54.48958333333334,18.0,9.152504846681197,411.27978527468764,24.0,37G3,0
13.885416666666657,54.48958333333334,18.0,18.305000424424744,417.90055350626795,24.0,37G3,0
14.027083333333337,54.48958333333334,16.0,27.457477464269473,424.94703205270105,24.0,37G4,0
14.168749999999989,54.48958333333334,16.0,36.60992669718914,432.32830622662505,24.0,37G4,0
14.310416666666669,54.48958333333334,14.0,45.762338854078635,438.8421994205256,24.0,37G4,0
14.45208333333332,54.48958333333334,12.0,54.914704665709635,445.3214288539493,24.0,37G4,0
14.59375,54.48958333333334,15.0,53.938652059599775,451.56253403594513,24.0,37G4,0
14.735416666666652,54.48958333333334,21.0,49.86258108281731,464.98125937542005,24.0,37G4,0
14.877083333333331,54.48958333333334,25.0,47.248445413122305,470.5060131409479,24.0,37G4,0
15.018750000000011,54.48958333333334,34.0,46.20216538985943,477.5629984620426,25.0,37G5,0
15.160416666666663,54.48958333333334,32.0,41.381033635208375,483.49928309686635,25.0,37G5,0
15.302083333333343,54.48958333333334,43.0,38.19737135146191,490.36342644436934,25.0,37G5,0
15.443749999999994,54.48958333333334,47.0,37.075447523699204,496.4793551956096,25.0,37G5,0
15.585416666666674,54.48958333333334,54.0,33.32155497248813,503.2310227824526,25.0,37G5,0
15.727083333333326,54.48958333333334,53.0,29.28286607155264,509.44619930895846,25.0,37G5,0
15.868750000000006,54.48958333333334,48.0,27.806585642774053,516.1223981185285,25.0,37G5,0
16.010416666666657,54.48958333333334,39.0,26.078443884599068,523.2865576139542,25.0,37G6,0
16.152083333333337,54.48958333333334,27.0,20.53454586040205,530.8172666230073,25.0,37G6,0
16.29374999999999,54.48958333333334,21.0,13.03268309933265,538.626579325726,25.0,37G6,0
16.43541666666667,54.48958333333334,1.0,9.152504846679552,546.6506031877194,25.0,37G6,3
18.70208333333332,54.48958333333334,18.0,9.152504846679347,699.9800092098693,26.0,37G8,3
18.84375,54.48958333333334,32.0,18.305000424424843,705.7392830968663,26.0,37G8,0
18.98541666666665,54.48958333333334,65.0,20.682282165331554,712.6034264443679,26.0,37G8,0
19.12708333333333,54.48958333333334,70.0,20.682282165332467,720.1482598547844,26.0,37G9,0
19.26875000000001,54.48958333333334,70.0,18.53772376185102,728.1233532886383,26.0,37G9,0
19.410416666666663,54.48958333333334,65.0,13.03268309933265,736.3810625297041,26.0,37G9,0
19.552083333333343,54.48958333333334,50.0,9.152504846679347,744.8317793041181,26.0,37G9,3
19.835416666666674,54.48958333333334,-0.0,0.0,762.1059829525353,26.0,37G9,3
9.777083333333337,54.57291666666666,-0.0,0.0,344.23683610683514,22.0,38F9,3
10.060416666666669,54.57291666666666,13.0,9.133839919046508,342.73986791351933,22.0,38G0,0
10.20208333333332,54.57291666666666,20.0,18.267670568867267,342.7424910312823,22.0,38G0,0
10.34375,54.57291666666666,15.0,18.537723761848188,342.74569698654295,22.0,38G0,0
10.485416666666652,54.57291666666666,18.0,20.674020899490717,342.74948573277356,22.0,38G0,0
10.627083333333331,54.57291666666666,20.0,26.052228589195277,342.75385721499487,22.0,38G0,0
10.768750000000011,54.57291666666666,24.0,20.501259375420037,342.75881136977995,22.0,38G0,0
10.910416666666663,54.57291666666666,15.0,13.019575422000678,342.76434812525883,22.0,38G0,0
11.052083333333343,54.57291666666666,16.0,9.268861880922325,342.90297548920785,22.0,38G1,0
11.193749999999994,54.57291666666666,28.0,9.268861880922325,343.71175799270964,22.0,38G1,0
11.335416666666674,54.57291666666666,26.0,13.006467723614694,359.359797761554,22.0,38G1,0
11.477083333333326,54.57291666666666,8.0,9.268861880925863,366.3965868088527,22.0,38G1,0
11.618750000000006,54.57291666666666,6.0,9.268861880925863,374.2624561643773,22.0,38G1,0
11.760416666666657,54.57291666666666,4.0,9.268861880925863,372.3399600925137,22.0,38G1,0
11.902083333333337,54.57291666666666,1.0,9.268861880925863,366.599510033011,22.0,38G1,0
12.043749999999989,54.57291666666666,9.0,13.006467723614694,362.61954536634994,24.0,38G2,0
12.185416666666669,54.57291666666666,16.0,20.467952280755103,361.1665856427734,24.0,38G2,0
12.32708333333332,54.57291666666666,21.0,20.67402089949158,361.1665856427734,24.0,38G2,0
12.46875,54.57291666666666,14.0,18.537723761848188,361.1665856427734,24.0,38G2,0
12.610416666666652,54.57291666666666,15.0,20.674020899490763,362.6195453663493,24.0,38G2,0
12.752083333333331,54.57291666666666,16.0,26.052228589195277,366.5995100330109,24.0,38G2,0
12.893750000000011,54.57291666666666,10.0,18.267670568867267,371.5350260833726,24.0,38G2,0
13.035416666666663,54.57291666666666,8.0,9.133839919046611,374.65847093227995,24.0,38G3,0
13.318749999999994,54.57291666666666,4.0,9.133839919044766,385.306924661267,24.0,38G3,0
13.460416666666674,54.57291666666666,2.0,9.133839919044766,392.0385065421783,24.0,38G3,0
13.743750000000006,54.57291666666666,24.0,9.133839919046508,404.91681026648774,24.0,38G3,0
13.885416666666657,54.57291666666666,20.0,18.267670568867267,412.0606456688114,24.0,38G3,0
14.027083333333337,54.57291666666666,20.0,27.401482680213185,419.5709915663936,24.0,38G4,0
14.168749999999989,54.57291666666666,20.0,36.53526698377042,425.82283729124293,24.0,38G4,0
14.310416666666669,54.57291666666666,22.0,45.66901421014683,432.32469261816414,24.0,38G4,0
14.45208333333332,54.57291666666666,24.0,54.80271508982774,438.54296037124493,24.0,38G4,0
14.59375,54.57291666666666,25.0,56.43762685529322,445.04135070378004,24.0,38G4,0
14.735416666666652,54.57291666666666,38.0,55.6157347051438,451.2516874942884,24.0,38G4,0
14.877083333333331,54.57291666666666,43.0,55.61893881348884,464.9479522807551,24.0,38G4,0
15.018750000000011,54.57291666666666,47.0,53.910098360837765,470.4797977615552,25.0,38G5,0
15.160416666666663,54.57291666666666,49.0,49.84885488176003,477.5165868088542,25.0,38G5,0
15.302083333333343,54.57291666666666,52.0,47.244824361879964,483.4599600925137,25.0,38G5,0
15.443749999999994,54.57291666666666,57.0,46.16884371887052,490.3039685282374,25.0,38G5,0
15.585416666666674,54.57291666666666,60.0,41.36450124186525,496.42692466126704,25.0,38G5,0
15.727083333333326,54.57291666666666,57.0,38.19289439884105,503.15850654217695,25.0,38G5,0
15.868750000000006,54.57291666666666,54.0,37.075447523696376,510.4597731217403,25.0,38G5,0
16.010416666666657,54.57291666666666,47.0,33.12939189297591,518.1615395146924,25.0,38G6,0
16.152083333333337,54.57291666666666,38.0,26.052228589195206,526.1505525730757,25.0,38G6,0
16.29374999999999,54.57291666666666,28.0,20.501259375420037,534.3502124122359,25.0,38G6,0
16.43541666666667,54.57291666666666,22.0,13.019575421999454,542.7077521669352,25.0,38G6,0
16.57708333333332,54.57291666666666,11.0,9.268861880922325,551.186051372272,25.0,38G6,3
16.71875,54.57291666666666,4.0,9.133839919044663,559.7584381708579,25.0,38G6,3
18.56041666666667,54.57291666666666,8.0,9.133839919046508,675.5346623396268,26.0,38G8,3
18.70208333333332,54.57291666666666,46.0,13.01957542199931,692.7197977615539,26.0,38G8,0
18.84375,54.57291666666666,62.0,20.501259375420037,699.7565868088542,26.0,38G8,0
18.98541666666665,54.57291666666666,73.0,28.95319773371594,707.6224561643772,26.0,38G8,0
19.12708333333333,54.57291666666666,77.0,29.277028872766177,715.9213381399674,26.0,38G9,0
19.26875000000001,54.57291666666666,79.0,26.052228589195206,724.4668206026068,26.0,38G9,0
19.410416666666663,54.57291666666666,78.0,20.501259375419853,733.163796154667,26.0,38G9,0
19.552083333333343,54.57291666666666,66.0,13.01957542199931,741.9597205891305,26.0,38G9,0
19.693749999999994,54.57291666666666,28.0,9.268861880922325,750.8235239497742,26.0,38G9,3
19.835416666666674,54.57291666666666,1.0,9.133839919044663,759.7357721098045,26.0,38G9,3
19.977083333333326,54.57291666666666,-0.0,0.0,768.6837312675342,26.0,38G9,3
20.118750000000006,54.57291666666666,-0.0,0.0,776.8957001454704,26.0,38H0,3
20.260416666666657,54.57291666666666,-0.0,0.0,785.2007439307793,26.0,38H0,3
10.060416666666669,54.65625,9.0,9.115155669717984,333.4713842586669,22.0,38G0,0
10.20208333333332,54.65625,23.0,18.23030207003953,333.47422010748426,22.0,38G0,0
10.34375,54.65625,21.0,25.97358267337456,333.4776860467273,22.0,38G0,0
10.485416666666652,54.65625,19.0,20.649267184198866,333.4817820174889,22.0,38G0,0
10.627083333333331,54.65625,20.0,18.53772376184748,333.4865079501634,22.0,38G0,0
10.768750000000011,54.65625,22.0,18.53772376184748,333.4918637644523,22.0,38G0,0
10.910416666666663,54.65625,20.0,20.434624758144636,333.4978493693715,22.0,38G0,0
11.052083333333343,54.65625,17.0,12.993360115185244,333.64769955382724,22.0,38G1,0
11.193749999999994,54.65625,19.0,9.268861880925156,334.5213766075662,22.0,38G1,0
11.335416666666674,54.65625,3.0,9.115155669716245,336.1022162111374,22.0,38G1,0
11.618750000000006,54.65625,-0.0,0.0,341.26010512159513,22.0,38G1,3
11.902083333333337,54.65625,-0.0,0.0,342.82921080469504,22.0,38G1,3
12.043749999999989,54.65625,12.0,9.115155669716245,343.51751720503364,24.0,38G2,0
12.185416666666669,54.65625,18.0,18.230302070039635,351.89772376184754,24.0,38G2,0
12.32708333333332,54.65625,18.0,25.97358267337456,351.89772376184754,24.0,38G2,0
12.46875,54.65625,18.0,27.806585642774053,351.89772376184754,24.0,38G2,0
12.610416666666652,54.65625,18.0,29.271196320875166,354.00926718419805,24.0,38G2,0
12.752083333333331,54.65625,16.0,28.900127843973934,359.3335826733746,24.0,38G2,0
12.893750000000011,54.65625,15.0,20.46795228075501,362.6137270679759,24.0,38G2,0
13.035416666666663,54.65625,17.0,13.006467723615987,366.5790192091403,24.0,38G3,0
13.177083333333343,54.65625,19.0,9.115155669716245,372.30063769223057,24.0,38G3,0
13.460416666666674,54.65625,18.0,9.115155669717984,385.254495155719,24.0,38G3,0
13.602083333333326,54.65625,29.0,9.268861880925863,391.9659752883026,24.0,38G3,0
13.743750000000006,54.65625,31.0,13.006467723615916,399.2468781004593,24.0,38G3,0
13.885416666666657,54.65625,26.0,20.46795228075501,406.6219618513888,24.0,38G3,0
14.027083333333337,54.65625,24.0,28.900127843973934,412.8170032447071,24.0,38G4,0
14.168749999999989,54.65625,29.0,37.65643992170092,419.34514654815945,24.0,38G4,0
14.310416666666669,54.65625,31.0,46.55432242996523,425.53658816539837,24.0,38G4,0
14.45208333333332,54.65625,27.0,49.96357130862987,432.0591694765637,24.0,38G4,0
14.59375,54.65625,44.0,47.32849655563718,438.2452285583239,24.0,38G4,0
14.735416666666652,54.65625,49.0,46.347379172814264,444.8217063286381,24.0,38G4,0
14.877083333333331,54.65625,52.0,46.35121609714601,451.7235190564793,24.0,38G4,0
15.018750000000011,54.65625,55.0,46.35658725765477,464.91462475814626,25.0,38G5,0
15.160416666666663,54.65625,59.0,47.02995797023071,470.4535826733747,25.0,38G5,0
15.302083333333343,54.65625,56.0,49.38791014034719,477.4701572500425,25.0,38G5,0
15.443749999999994,54.65625,63.0,53.20693955363595,483.4206376922293,25.0,38G5,0
15.585416666666674,54.65625,64.0,49.835138436579236,490.24449434564355,25.0,38G5,0
15.727083333333326,54.65625,61.0,47.241206603018185,497.74863913436013,25.0,38G5,0
15.868750000000006,54.65625,54.0,45.94286765506191,505.68332629082647,25.0,38G5,0
16.010416666666657,54.65625,49.0,39.058606371233154,513.9010554369996,25.0,38G6,0
16.152083333333337,54.65625,40.0,33.08299846204095,522.3121970774122,25.0,38G6,0
16.29374999999999,54.65625,37.0,26.026013140947917,530.8602407197284,25.0,38G6,0
16.43541666666667,54.65625,28.0,20.665764596779017,539.5082193077463,25.0,38G6,0
16.57708333333332,54.65625,24.0,18.537723761848188,548.2311153391007,25.0,38G6,0
16.71875,54.65625,22.0,13.006467723614623,557.0114770142055,25.0,38G6,0
16.86041666666665,54.65625,21.0,9.268861880925863,565.8367998499465,25.0,38G6,3
17.00208333333333,54.65625,12.0,9.115155669717984,576.0346247581448,25.0,38G7,3
17.14375000000001,54.65625,-0.0,0.0,584.4470142903826,25.0,38G7,3
18.56041666666667,54.65625,8.0,9.115155669717984,674.3343694047225,26.0,38G8,3
18.70208333333332,54.65625,16.0,12.993360115185244,687.1546247581446,26.0,38G8,0
18.84375,54.65625,69.0,20.43462475814473,695.5670142903826,26.0,38G8,0
18.98541666666665,54.65625,83.0,28.84701429038081,704.3039693533981,26.0,38G8,0
19.12708333333333,54.65625,88.0,37.58396935339806,713.1827278827077,26.0,38G9,0
19.26875000000001,54.65625,89.0,33.08299846204078,722.1351440012824,26.0,38G9,0
19.410416666666663,54.65625,87.0,26.026013140947768,731.1304831965488,26.0,38G9,0
19.552083333333343,54.65625,75.0,20.665764596778924,740.1529433969412,26.0,38G9,0
19.693749999999994,54.65625,28.0,18.537723761848188,748.2571198825161,26.0,38G9,0
19.835416666666674,54.65625,16.0,12.993360115185244,756.4367394694665,26.0,38G9,0
19.977083333333326,54.65625,1.0,9.268861880925156,764.7743959700321,26.0,38G9,3
20.118750000000006,54.65625,5.0,9.115155669716348,773.2329532387859,26.0,38H0,3
20.260416666666657,54.65625,-0.0,0.0,781.7857211704516,26.0,38H0,3
20.402083333333337,54.65625,1.0,9.115155669716142,796.0703020700397,26.0,38H0,5
20.82708333333332,54.65625,-0.0,0.0,823.4155929600923,26.0,38H0,5
10.060416666666669,54.73958333333334,22.0,9.096452138220288,324.20296935954576,22.0,38G0,0
10.20208333333332,54.73958333333334,24.0,18.192895006990987,324.2060566062125,22.0,38G0,0
10.34375,54.73958333333334,18.0,20.401276990171052,324.2098297807375,22.0,38G0,0
10.485416666666652,54.73958333333334,20.0,12.98025270806569,324.2142888069667,22.0,38G0,0
10.627083333333331,54.73958333333334,17.0,9.268861880922325,324.21943359491803,22.0,38G0,0
10.768750000000011,54.73958333333334,29.0,9.268861880922325,324.22526404079076,22.0,38G0,0
10.910416666666663,54.73958333333334,12.0,12.980252708064404,324.23178002697523,22.0,38G0,0
11.052083333333343,54.73958333333334,5.0,9.09645213821845,324.3948869679898,22.0,38G1,0
11.193749999999994,54.73958333333334,-0.0,0.0,325.34504523415023,22.0,38G1,3
12.043749999999989,54.73958333333334,5.0,9.096452138218552,334.3116351187699,24.0,38G2,0
12.185416666666669,54.73958333333334,17.0,12.98025270806569,335.7634543622014,24.0,38G2,0
12.32708333333332,54.73958333333334,20.0,20.401276990171052,337.8967532411804,24.0,38G2,0
12.46875,54.73958333333334,19.0,25.947368099457027,340.6747036158206,24.0,38G2,0
12.610416666666652,54.73958333333334,18.0,29.247913625015755,344.0531986184164,24.0,38G2,0
12.752083333333331,54.73958333333334,21.0,33.036586808854196,351.8977237618482,24.0,38G2,0
12.893750000000011,54.73958333333334,24.0,25.999797761553914,354.0010262261797,24.0,38G2,0
13.035416666666663,54.73958333333334,25.0,20.43462475814473,359.30736809945705,24.0,38G3,0
13.177083333333343,54.73958333333334,30.0,12.993360115185316,366.3037101036038,24.0,38G3,0
13.318749999999994,54.73958333333334,37.0,9.268861880925156,372.26131623108097,24.0,38G3,0
13.460416666666674,54.73958333333334,36.0,12.993360115186531,379.0650043373098,24.0,38G3,0
13.602083333333326,54.73958333333334,41.0,18.53772376185102,386.5487727946248,24.0,38G3,0
13.743750000000006,54.73958333333334,40.0,20.65751333305119,393.66945601872305,24.0,38G3,0
13.885416666666657,54.73958333333334,38.0,25.999797761553914,399.82509882495947,24.0,38G3,0
14.027083333333337,54.73958333333334,27.0,33.036586808854196,406.38510587619294,24.0,38G4,0
14.168749999999989,54.73958333333334,26.0,40.90245616437724,412.5436131619089,24.0,38G4,0
14.310416666666669,54.73958333333334,16.0,46.28613979574198,419.0945341050155,24.0,38G4,0
14.45208333333332,54.73958333333334,12.0,41.50224000984729,425.2518927288734,24.0,38G4,0
14.59375,54.73958333333334,41.0,38.29609536013498,431.8532191248131,24.0,38G4,0
14.735416666666652,54.73958333333334,48.0,37.0792767772317,438.8151467259472,24.0,38G4,0
14.877083333333331,54.73958333333334,55.0,37.08406278810137,446.0708485988646,24.0,38G4,0
15.018750000000011,54.73958333333334,56.0,37.0907621657886,453.5671128381023,25.0,38G5,0
15.160416666666663,54.73958333333334,63.0,37.927287949902,464.88127699017116,25.0,38G5,0
15.302083333333343,54.73958333333334,66.0,40.80883080878742,470.4273680994571,25.0,38G5,0
15.443749999999994,54.73958333333334,68.0,45.347196293495365,477.4237101036023,25.0,38G5,0
15.585416666666674,54.73958333333334,71.0,51.10283935351179,485.2490649031474,25.0,38G5,0
15.727083333333326,54.73958333333334,68.0,56.36124112905409,493.5080471596417,25.0,38G5,0
15.868750000000006,54.73958333333334,57.0,52.05178631267402,502.01419219728535,25.0,38G5,0
16.010416666666657,54.73958333333334,48.0,45.88342644436782,510.6722543897037,25.0,38G6,0
16.152083333333337,54.73958333333334,43.0,39.019283096864974,519.429575321639,25.0,38G6,0
16.29374999999999,54.73958333333334,39.0,33.26000920986937,528.2550029670296,25.0,38G6,0
16.43541666666667,54.73958333333334,40.0,29.265368468023976,537.1290456664835,25.0,38G6,0
16.57708333333332,54.73958333333334,33.0,25.999797761553843,546.0389290415045,25.0,38G6,0
16.71875,54.73958333333334,32.0,20.657513333050378,554.975951369966,25.0,38G6,0
16.86041666666665,54.73958333333334,28.0,18.53772376185102,563.9339891529196,25.0,38G6,0
17.00208333333333,54.73958333333334,19.0,12.993360115186531,573.7928950069911,25.0,38G7,0
17.14375000000001,54.73958333333334,19.0,9.268861880925156,582.8893193368395,25.0,38G7,3
17.285416666666663,54.73958333333334,2.0,9.268861880925156,591.9857158582292,25.0,38G7,3
17.427083333333343,54.73958333333334,2.0,9.09645213821845,601.0820753015463,25.0,38G7,3
18.41874999999999,54.73958333333334,4.0,9.096452138218654,664.7547745398391,26.0,38G8,3
18.70208333333332,54.73958333333334,25.0,9.09645213821845,684.9128950069909,26.0,38G8,3
18.84375,54.73958333333334,86.0,18.192895006991087,694.0093193368396,26.0,38G8,0
18.98541666666665,54.73958333333334,93.0,27.289319336837654,703.1057158582292,26.0,38G8,0
19.12708333333333,54.73958333333334,97.0,36.38571585822918,712.2020753015461,26.0,38G9,0
19.26875000000001,54.73958333333334,101.0,39.019283096864825,719.9087727946264,26.0,38G9,0
19.410416666666663,54.73958333333334,100.0,33.26000920986925,727.8232222408741,26.0,38G9,0
19.552083333333343,54.73958333333334,89.0,27.289319336837654,736.0209262087649,26.0,38G9,0
19.693749999999994,54.73958333333334,34.0,18.192895006991087,744.4122454039331,26.0,38G9,0
19.835416666666674,54.73958333333334,28.0,9.09645213821845,752.9406390155481,26.0,38G9,3
9.777083333333337,54.82291666666666,23.0,9.077729364118857,316.8606533867149,22.0,38F9,0
9.918749999999989,54.82291666666666,25.0,9.268861880922325,315.47080952826525,22.0,38F9,0
10.060416666666669,54.82291666666666,8.0,12.967145613947292,314.93464384054437,22.0,38G0,0
10.20208333333332,54.82291666666666,29.0,20.367909160264546,314.93803274853224,22.0,38G0,0
10.34375,54.82291666666666,21.0,18.15544945885263,314.9421745789162,22.0,38G0,0
10.485416666666652,54.82291666666666,14.0,9.07772936411896,314.94706923076774,22.0,38G0,0
10.910416666666663,54.82291666666666,7.0,9.077729364117125,314.9662688311062,22.0,38G0,0
11.052083333333343,54.82291666666666,1.0,9.077729364117024,315.14527373950006,22.0,38G1,0
11.760416666666657,54.82291666666666,-0.0,0.0,324.28489687851896,22.0,38G1,3
12.185416666666669,54.82291666666666,8.0,9.07772936411896,326.6935134614485,24.0,38G2,0
12.32708333333332,54.82291666666666,22.0,12.967145613946009,329.00345861811076,24.0,38G2,0
12.46875,54.82291666666666,21.0,18.537723761851726,332.0005885923213,24.0,38G2,0
12.610416666666652,54.82291666666666,16.0,20.632790534984867,335.6304137478467,24.0,38G2,0
12.752083333333331,54.82291666666666,19.0,25.921154263513543,339.8343455933309,24.0,38G2,0
12.893750000000011,54.82291666666666,21.0,32.897245688889505,346.3271456139474,24.0,38G2,0
13.035416666666663,54.82291666666666,31.0,25.97358267337463,353.7279091602646,24.0,38G3,0
13.177083333333343,54.82291666666666,43.0,20.64926718419806,359.28115426351354,24.0,38G3,0
13.318749999999994,54.82291666666666,44.0,18.53772376184748,366.25724568888796,24.0,38G3,0
13.460416666666674,54.82291666666666,45.0,20.649267184198823,374.06230917967207,24.0,38G3,0
13.602083333333326,54.82291666666666,45.0,25.97358267337456,380.74803384024415,24.0,38G3,0
13.743750000000006,54.82291666666666,44.0,29.25954536634988,386.847885769667,24.0,38G3,0
13.885416666666657,54.82291666666666,42.0,33.23951003301086,393.4488486025106,24.0,38G3,0
14.027083333333337,54.82291666666666,39.0,38.97996009251368,399.56436117920236,24.0,38G4,0
14.168749999999989,54.82291666666666,30.0,45.823968528237394,406.1499537837569,24.0,38G4,0
14.310416666666669,54.82291666666666,18.0,39.235721970818375,412.2718375929264,24.0,38G4,0
14.45208333333332,54.82291666666666,17.0,33.471428239303854,418.90841646170463,24.0,38G4,0
14.59375,54.82291666666666,15.0,29.411200687920708,425.9490556525363,24.0,38G4,0
14.735416666666652,54.82291666666666,41.0,27.811680589184576,433.30837647642363,24.0,38G4,0
14.877083333333331,54.82291666666666,49.0,27.818047959935164,440.9209591650432,24.0,38G4,0
15.018750000000011,54.82291666666666,56.0,27.826959831222943,448.73665562335106,25.0,38G5,0
15.160416666666663,54.82291666666666,64.0,28.93034579059313,457.4471456139462,25.0,38G5,0
15.302083333333343,54.82291666666666,68.0,32.60949049553829,464.8479091602647,25.0,38G5,0
15.443749999999994,54.82291666666666,72.0,38.12585283334799,473.22065702870015,25.0,38G5,0
15.585416666666674,54.82291666666666,76.0,44.80589984103072,481.9188316172536,25.0,38G5,0
15.727083333333326,54.82291666666666,75.0,52.20479498605041,490.75927839991436,25.0,38G5,0
15.868750000000006,54.82291666666666,67.0,58.75102278245121,499.6736484517248,25.0,38G5,0
16.010416666666657,54.82291666666666,51.0,51.999355195609574,508.6311034581047,25.0,38G6,0
16.152083333333337,54.82291666666666,39.0,46.06893375654186,517.6157845012575,25.0,38G6,0
16.29374999999999,54.82291666666666,36.0,41.31496331669023,526.6187270722165,25.0,38G6,0
16.43541666666667,54.82291666666666,28.0,38.179487159567984,535.6344891387517,25.0,38G6,0
16.57708333333332,54.82291666666666,28.0,33.2395100330108,544.6595777659994,25.0,38G6,0
16.71875,54.82291666666666,31.0,29.259545366349304,553.6916484522255,25.0,38G6,0
16.86041666666665,54.82291666666666,33.0,25.97358267337592,562.7290686025424,25.0,38G6,0
17.00208333333333,54.82291666666666,23.0,20.649267184198823,573.7554494588527,25.0,38G7,0
17.14375000000001,54.82291666666666,24.0,18.53772376184748,582.8331510147934,25.0,38G7,0
17.285416666666663,54.82291666666666,16.0,18.53772376184748,591.9108247624696,25.0,38G7,0
17.427083333333343,54.82291666666666,19.0,12.980252708064333,600.9884614323329,25.0,38G7,0
17.568749999999994,54.82291666666666,17.0,9.268861880922325,610.0660517547143,25.0,38G7,3
17.710416666666674,54.82291666666666,16.0,9.268861880922325,619.1435864598121,25.0,38G7,3
17.852083333333326,54.82291666666666,5.0,9.077729364118857,628.2210562776486,25.0,38G7,3
18.135416666666657,54.82291666666666,2.0,9.077729364117024,646.207906184602,26.0,38G8,3
18.41874999999999,54.82291666666666,13.0,9.077729364117227,663.5756186200618,26.0,38G8,3
18.56041666666667,54.82291666666666,20.0,9.268861880922325,672.3425599636007,26.0,38G8,3
18.70208333333332,54.82291666666666,59.0,12.980252708064333,684.8754494588526,26.0,38G8,0
18.84375,54.82291666666666,93.0,20.401276990171144,692.6411542635136,26.0,38G8,0
18.98541666666665,54.82291666666666,99.0,28.793857281980888,699.617245688888,26.0,38G8,0
19.12708333333333,54.82291666666666,103.0,37.511433173850214,707.4223091796721,26.0,38G9,0
19.26875000000001,54.82291666666666,106.0,45.38846143233079,715.6613065122941,26.0,38G9,0
19.410416666666663,54.82291666666666,106.0,36.310824762469544,724.1477483688644,26.0,38G9,0
19.552083333333343,54.82291666666666,91.0,27.233151014791556,732.7863202897928,26.0,38G9,0
19.693749999999994,54.82291666666666,51.0,18.155449458852733,741.5243066835911,26.0,38G9,0
19.835416666666674,54.82291666666666,25.0,9.077729364117024,750.3305143495976,26.0,38G9,3
10.060416666666669,54.90625,5.0,9.058987387019835,305.66643749092447,22.0,38G0,0
10.20208333333332,54.90625,33.0,18.117965504836867,305.6701950722813,22.0,38G0,0
10.34375,54.90625,10.0,20.077426538931505,305.6747874418756,22.0,38G0,0
10.485416666666652,54.90625,1.0,12.954038944849755,305.68021446185617,22.0,38G0,0
10.627083333333331,54.90625,1.0,9.058987387019835,305.6864759693568,22.0,38G0,0
10.910416666666663,54.90625,14.0,9.058987387018107,305.7015016705289,22.0,38G0,0
11.477083333333326,54.90625,-0.0,0.0,312.0444470780267,22.0,38G1,3
11.618750000000006,54.90625,3.0,9.058987387018107,315.7399709910521,22.0,38G1,0
12.043749999999989,54.90625,8.0,9.058987387018107,315.9371283464426,24.0,38G2,0
12.32708333333332,54.90625,21.0,9.058987387018004,320.1798276525937,24.0,38G2,0
12.46875,54.90625,21.0,9.268861880925863,323.431975571572,24.0,38G2,0
12.610416666666652,54.90625,20.0,12.954038944848476,327.35011706914923,24.0,38G2,0
12.752083333333331,54.90625,23.0,20.33452145269854,331.8628482979819,24.0,38G2,0
12.893750000000011,54.90625,33.0,28.68741374135606,336.8999685558776,24.0,38G2,0
13.035416666666663,54.90625,42.0,33.21901920914038,342.395526712998,24.0,38G3,0
13.177083333333343,54.90625,44.0,29.2537270679753,353.69452145269855,24.0,38G3,0
13.318749999999994,54.90625,46.0,27.806585642773346,361.1766271863236,24.0,38G3,0
13.460416666666674,54.90625,47.0,29.253727067975838,367.87801098285814,24.0,38G3,0
13.602083333333326,54.90625,47.0,33.21901920914032,373.8870606746348,24.0,38G3,0
13.743750000000006,54.90625,46.0,38.175026083372586,380.54529058945207,24.0,38G3,0
13.885416666666657,54.90625,46.0,41.2984709322799,386.5994460308372,24.0,38G3,0
14.027083333333337,54.90625,44.0,46.035649793381715,393.2300721360102,24.0,38G4,0
14.168749999999989,54.90625,41.0,41.10944312551508,399.30532130761554,24.0,38G4,0
14.310416666666669,54.90625,36.0,33.29113316177066,405.9930855901911,24.0,38G4,0
14.45208333333332,54.90625,22.0,26.268997041126752,413.1394515201715,24.0,38G4,0
14.59375,54.90625,20.0,20.863125471393687,420.6318064955454,24.0,38G4,0
14.735416666666652,54.90625,14.0,18.54534951962467,428.38832180799244,24.0,38G4,0
14.877083333333331,54.90625,41.0,18.554877309542174,436.34930176211725,24.0,38G4,0
15.018750000000011,54.90625,49.0,18.568208001968802,444.47077678969737,25.0,38G5,0
15.160416666666663,54.90625,51.0,20.181034553940165,452.7199602708853,25.0,38G5,0
15.302083333333343,54.90625,66.0,25.163868208765553,462.59796550483696,25.0,38G5,0
15.443749999999994,54.90625,72.0,31.978363692307113,471.6569250842238,25.0,38G5,0
15.585416666666674,54.90625,75.0,39.692052130148255,480.71585685589747,25.0,38G5,0
15.727083333333326,54.90625,75.0,47.872202471607274,489.7747515504852,25.0,38G5,0
15.868750000000006,54.90625,74.0,56.315886819677274,498.8335998985097,25.0,38G5,0
16.010416666666657,54.90625,67.0,58.94403082771327,507.8923926303471,25.0,38G6,0
16.152083333333337,54.90625,51.0,53.79601657602171,516.9511204762119,25.0,38G6,0
16.29374999999999,54.90625,30.0,49.794048878023816,526.0097741661164,25.0,38G6,0
16.43541666666667,54.90625,17.0,46.035649793380635,535.068344429856,25.0,38G6,0
16.57708333333332,54.90625,17.0,41.29847093227985,544.1268219969671,25.0,38G6,0
16.71875,54.90625,15.0,38.175026083372146,552.7082993682548,25.0,38G6,0
16.86041666666665,54.90625,13.0,33.219019209141386,560.9155959180268,25.0,38G6,0
17.00208333333333,54.90625,31.0,29.253727067975838,573.717965504837,25.0,38G7,0
17.14375000000001,54.90625,24.0,27.806585642773346,582.7769250842256,25.0,38G7,0
17.285416666666663,54.90625,31.0,25.947368099457098,591.8358568558973,25.0,38G7,0
17.427083333333343,54.90625,30.0,20.64102622617887,600.5474894871784,25.0,38G7,0
17.568749999999994,54.90625,24.0,18.537723761848188,608.9134402750426,25.0,38G7,0
17.710416666666674,54.90625,18.0,18.537723761848188,617.4692923045977,25.0,38G7,0
17.852083333333326,54.90625,21.0,12.967145613947292,626.145956782232,25.0,38G7,0
17.993750000000006,54.90625,27.0,9.268861880925863,634.9037594690527,25.0,38G7,3
18.135416666666657,54.90625,24.0,12.967145613946009,643.7184809817172,26.0,38G8,0
18.277083333333337,54.90625,20.0,9.268861880925863,652.5745700643818,26.0,38G8,3
18.41874999999999,54.90625,20.0,12.967145613946151,660.9629598695213,26.0,38G8,0
18.56041666666667,54.90625,33.0,18.537723761848188,669.1249901814132,26.0,38G8,0
18.70208333333332,54.90625,86.0,20.64102622617887,677.406724787072,26.0,38G8,0
18.84375,54.90625,97.0,25.947368099457098,687.0545214526986,26.0,38G8,0
18.98541666666665,54.90625,100.0,32.94371010360229,695.4074137413544,26.0,38G8,0
19.12708333333333,54.90625,103.0,40.769064903147225,704.0861649186381,26.0,38G9,0
19.26875000000001,54.90625,107.0,45.29475155048493,712.9074239885828,26.0,38G9,0
19.410416666666663,54.90625,105.0,36.23585685589729,721.8027400311765,26.0,38G9,0
19.552083333333343,54.90625,89.0,27.176925084223775,730.7412225268729,26.0,38G9,0
19.693749999999994,54.90625,60.0,18.11796550483697,739.7069839511875,26.0,38G9,0
19.835416666666674,54.90625,32.0,9.058987387018004,748.691043019697,26.0,38G9,3
20.96875,54.90625,1.0,9.058987387018206,824.0274239885825,26.0,38H0,3
21.11041666666665,54.90625,-0.0,0.0,832.9227400311765,26.0,38H1,5
9.777083333333337,54.98958333333334,4.0,9.04022624656826,298.7824298815802,22.0,38F9,0
10.060416666666669,54.98958333333334,34.0,9.040226246569986,296.3983949915428,22.0,38G0,0
10.20208333333332,54.98958333333334,14.0,9.363522532585227,296.4026133767882,22.0,38G0,0
10.34375,54.98958333333334,11.0,12.051740913492946,296.407768855121,22.0,38G0,0
10.485416666666652,54.98958333333334,3.0,9.040226246570088,296.4138612311237,22.0,38G0,0
10.627083333333331,54.98958333333334,-0.0,0.0,296.42089027393615,22.0,38G0,3
10.768750000000011,54.98958333333334,8.0,9.040226246569986,296.42885571729914,22.0,38G0,0
10.910416666666663,54.98958333333334,15.0,12.954038944848476,296.43775725960427,22.0,38G0,0
11.052083333333343,54.98958333333334,11.0,9.268861880925863,296.6604168206202,22.0,38G1,0
11.193749999999994,54.98958333333334,8.0,9.268861880925863,297.9514157383561,22.0,38G1,0
11.335416666666674,54.98958333333334,2.0,9.268861880925863,300.25773183722197,22.0,38G1,0
11.477083333333326,54.98958333333334,8.0,9.268861880925863,303.4929445470205,22.0,38G1,0
11.618750000000006,54.98958333333334,12.0,12.954038944848476,306.6928582931168,22.0,38G1,0
11.760416666666657,54.98958333333334,4.0,9.268861880925863,305.7661338222175,22.0,38G1,0
11.902083333333337,54.98958333333334,2.0,9.04022624656826,305.79436741683895,22.0,38G1,0
12.185416666666669,54.98958333333334,2.0,9.040226246568158,308.68031881004947,24.0,38G2,0
12.610416666666652,54.98958333333334,23.0,9.04022624656826,319.2488021720616,24.0,38G2,0
12.752083333333331,54.98958333333334,28.0,18.080443224237346,324.1111268831696,24.0,38G2,0
12.893750000000011,54.98958333333334,23.0,27.120641664076935,329.5019165160426,24.0,38G2,0
13.035416666666663,54.98958333333334,25.0,36.160812297100684,335.34561329676177,24.0,38G3,0
13.177083333333343,54.98958333333334,26.0,38.17056907424754,341.5756788050056,24.0,38G3,0
13.318749999999994,54.98958333333334,45.0,37.075447523699204,355.12746786163206,24.0,38G3,0
13.460416666666674,54.98958333333334,46.0,38.17056907424795,360.9474440977693,24.0,38G3,0
13.602083333333326,54.98958333333334,46.0,41.28198892960421,367.69664387300463,24.0,38G3,0
13.743750000000006,54.98958333333334,47.0,46.00237601418129,373.65023129005004,24.0,38G3,0
13.885416666666657,54.98958333333334,47.0,47.06408681612956,380.3445844194779,24.0,38G3,0
14.027083333333337,54.98958333333334,47.0,46.351102146883356,386.3528251445283,24.0,38G4,0
14.168749999999989,54.98958333333334,46.0,37.808216291208936,393.1179614970667,24.0,38G4,0
14.310416666666669,54.98958333333334,44.0,29.13725695850503,400.4112592605413,24.0,38G4,0
14.45208333333332,54.98958333333334,32.0,20.7751538463827,408.07819006515706,24.0,38G4,0
14.59375,54.98958333333334,17.0,13.317085094842076,416.01481934372106,24.0,38G4,0
14.735416666666652,54.98958333333334,17.0,9.28407244443237,424.1504175956564,24.0,38G4,0
14.877083333333331,54.98958333333334,15.0,9.303050676248183,432.4359527575768,24.0,38G4,0
15.018750000000011,54.98958333333334,6.0,9.329555343477683,440.8367237356534,25.0,38G5,3
15.160416666666663,54.98958333333334,34.0,12.22321216160196,449.3276591613209,25.0,38G5,0
15.302083333333343,54.98958333333334,60.0,19.361943356253825,462.5604432242375,25.0,38G5,0
15.443749999999994,54.98958333333334,68.0,27.631023907687148,471.6006416640751,25.0,38G5,0
15.585416666666674,54.98958333333334,78.0,36.26528939926229,480.640812297101,25.0,38G5,0
15.727083333333326,54.98958333333334,79.0,45.055252575730364,489.680945854243,25.0,38G5,0
15.868750000000006,54.98958333333334,73.0,53.92480186290777,498.7210330663266,25.0,38G5,0
16.010416666666657,54.98958333333334,74.0,62.84021821135948,507.7610646640299,25.0,38G6,0
16.152083333333337,54.98958333333334,68.0,61.94754780726915,516.4569144757847,25.0,38G6,0
16.29374999999999,54.98958333333334,49.0,58.513174089768015,524.3078471320691,25.0,38G6,0
16.43541666666667,54.98958333333334,32.0,53.767530696762115,532.3797472235597,25.0,38G6,0
16.57708333333332,54.98958333333334,16.0,49.78037269816286,540.6169429230096,25.0,38G6,0
16.71875,54.98958333333334,21.0,46.00237601418135,548.9803236000496,25.0,38G6,0
16.86041666666665,54.98958333333334,21.0,41.281988929605056,557.4418349937175,25.0,38G6,0
17.00208333333333,54.98958333333334,22.0,38.17056907424795,565.9809457342236,25.0,38G7,0
17.14375000000001,54.98958333333334,25.0,37.075447523699204,580.2515626751565,25.0,38G7,0
17.285416666666663,54.98958333333334,28.0,33.19853692727033,588.7938184209793,25.0,38G7,0
17.427083333333343,54.98958333333334,31.0,29.247913625015723,597.5412366613606,25.0,38G7,0
17.568749999999994,54.98958333333334,34.0,27.806585642774053,606.3878932231333,25.0,38G7,0
17.710416666666674,54.98958333333334,30.0,25.921154263513614,615.2896516119769,25.0,38G7,0
17.852083333333326,54.98958333333334,24.0,20.632790534985627,624.2250430214016,25.0,38G7,0
17.993750000000006,54.98958333333334,26.0,18.537723761851726,632.6281768491283,25.0,38G7,0
18.135416666666657,54.98958333333334,28.0,20.632790534984824,640.6295203806734,26.0,38G8,0
18.277083333333337,54.98958333333334,32.0,18.537723761851726,648.8135533926724,26.0,38G8,0
18.41874999999999,54.98958333333334,39.0,20.632790534984913,657.1360803901163,26.0,38G8,0
18.56041666666667,54.98958333333334,68.0,25.921154263513614,665.5656306118161,26.0,38G8,0
18.70208333333332,54.98958333333334,92.0,29.247913625015723,674.0793318605614,26.0,38G8,0
18.84375,54.98958333333334,97.0,33.19853692727033,684.8004432242375,26.0,38G8,0
18.98541666666665,54.98958333333334,99.0,38.901316231080955,693.8406416640752,26.0,38G8,0
19.12708333333333,54.98958333333334,102.0,45.70500433730975,702.8808122971008,26.0,38G9,0
19.26875000000001,54.98958333333334,105.0,46.18742398858064,711.9209458542449,26.0,38G9,0
19.410416666666663,54.98958333333334,102.0,37.36616491863804,720.9610330663265,26.0,38G9,0
19.552083333333343,54.98958333333334,85.0,28.68741374135433,730.0010646640316,26.0,38G9,0
19.693749999999994,54.98958333333334,68.0,20.334521452698624,739.0410313778717,26.0,38G9,0
19.835416666666674,54.98958333333334,45.0,12.954038944848406,748.0809239381713,26.0,38G9,0
19.977083333333326,54.98958333333334,25.0,9.268861880925863,757.0273027130834,26.0,38G9,3
20.118750000000006,54.98958333333334,26.0,9.268861880925863,765.3050922994437,26.0,38H0,3
20.260416666666657,54.98958333333334,22.0,9.268861880925863,773.69985588953,26.0,38H0,3
20.402083333333337,54.98958333333334,20.0,9.268861880925863,782.1860523432016,26.0,38H0,3
20.54374999999999,54.98958333333334,5.0,9.040226246570189,795.9204432242373,26.0,38H0,3
20.68541666666667,54.98958333333334,-0.0,0.0,804.960641664077,26.0,38H0,3
20.82708333333332,54.98958333333334,1.0,9.040226246568158,813.591969371593,26.0,38H0,3
20.96875,54.98958333333334,1.0,11.249385674394851,822.3755300664548,26.0,38H0,0
21.11041666666665,54.98958333333334,1.0,9.268861880925863,831.2415697864075,26.0,38H1,5
21.25208333333333,54.98958333333334,1.0,9.040226246569986,840.1548650095832,26.0,38H1,5
21.535416666666663,54.98958333333334,2.0,9.040226246568158,857.1992610285477,26.0,38H1,5
9.63958333333332,55.07291666666666,30.0,9.27266686094893,292.77035873642546,22.0,39F9,0
9.931250000000006,55.07291666666666,29.0,9.286782534083665,287.77367205945814,22.0,39F9,0
10.07708333333332,55.07291666666666,9.0,9.286782534083665,287.12203316647253,22.0,39G0,0
10.368750000000006,55.07291666666666,1.0,9.268861880925156,287.12203316647253,22.0,39G0,0
10.806250000000006,55.07291666666666,12.0,9.286782534083665,287.12203316647253,22.0,39G0,0
10.95208333333332,55.07291666666666,12.0,9.268861880925156,287.12203316647253,22.0,39G0,0
11.097916666666663,55.07291666666666,12.0,13.1139788173939,287.77367205945836,22.0,39G1,0
11.243750000000006,55.07291666666666,7.0,18.53772376185102,289.69082385126546,22.0,39G1,0
11.38958333333332,55.07291666666666,17.0,18.53772376185102,292.77035873642546,22.0,39G1,0
11.535416666666663,55.07291666666666,12.0,18.53772376185102,296.86850598655184,22.0,39G1,0
11.681250000000006,55.07291666666666,1.0,9.286782534081842,296.96053694082997,22.0,39G1,0
12.26458333333332,55.07291666666666,-0.0,0.0,301.3701689750741,24.0,39G2,3
12.410416666666663,55.07291666666666,10.0,9.286782534083665,305.0361488260941,24.0,39G2,0
12.556250000000006,55.07291666666666,20.0,10.817782172612159,309.52357079451394,24.0,39G2,0
12.70208333333332,55.07291666666666,26.0,17.525890984572722,314.7129079343083,24.0,39G2,0
12.847916666666663,55.07291666666666,29.0,25.886987703136523,320.49298508712417,24.0,39G2,0
12.993750000000006,55.07291666666666,19.0,34.7269443608092,326.7658246589965,24.0,39G2,0
13.13958333333332,55.07291666666666,31.0,37.075447523699204,333.4480480154202,24.0,39G3,0
13.285416666666663,55.07291666666666,42.0,37.075447523699204,340.4702352081302,24.0,39G3,0
13.431250000000006,55.07291666666666,44.0,37.075447523699204,354.0851545354594,24.0,39G3,0
13.57708333333332,55.07291666666666,45.0,37.075447523699204,359.5742354549786,24.0,39G3,0
13.722916666666663,55.07291666666666,46.0,38.21143348831584,366.76696650089946,24.0,39G3,0
13.868750000000006,55.07291666666666,46.0,38.2114334883154,372.66073808487647,24.0,39G3,0
14.01458333333332,55.07291666666666,46.0,37.075447523699204,379.66849854994075,24.0,39G4,0
14.160416666666663,55.07291666666666,48.0,37.075447523699204,387.35823943433957,24.0,39G4,0
14.306250000000006,55.07291666666666,47.0,27.86030715989949,395.4771724795807,24.0,39G4,0
14.45208333333332,55.07291666666666,42.0,18.573554957587895,403.8771800656507,24.0,39G4,0
14.597916666666663,55.07291666666666,32.0,9.286782534083565,412.4687460260835,24.0,39G4,0
15.181250000000006,55.07291666666666,49.0,9.286782534083768,447.8766741821774,25.0,39G5,3
15.32708333333332,55.07291666666666,75.0,18.573554957586076,466.21117063037775,25.0,39G5,0
15.472916666666663,55.07291666666666,73.0,27.860307159899598,474.8792622351911,25.0,39G5,0
15.618750000000006,55.07291666666666,77.0,37.14702903034688,483.7807380848764,25.0,39G5,0
15.76458333333332,55.07291666666666,87.0,46.433710458155446,490.78849854994075,25.0,39G5,0
15.910416666666663,55.07291666666666,84.0,55.7203413324298,498.47823943433946,25.0,39G5,0
16.056250000000006,55.07291666666666,76.0,65.00691154211003,506.59717247958065,25.0,39G6,0
16.20208333333332,55.07291666666666,77.0,69.19711156008526,514.9971800656506,25.0,39G6,0
16.347916666666663,55.07291666666666,61.0,64.58513128135144,523.5887460260834,25.0,39G6,0
16.493750000000006,55.07291666666666,48.0,60.37241249239906,532.3156450506298,25.0,39G6,0
16.63958333333332,55.07291666666666,41.0,56.473758213092815,541.1411962005926,25.0,39G6,0
16.785416666666663,55.07291666666666,28.0,51.709883203938446,550.0406248230281,25.0,39G6,0
16.931250000000006,55.07291666666666,28.0,48.29925782375141,558.9966741821773,25.0,39G6,0
17.07708333333332,55.07291666666666,35.0,46.54036635725435,574.173554957586,25.0,39G7,0
17.222916666666663,55.07291666666666,47.0,43.16981784256855,583.4603071598993,25.0,39G7,0
17.368750000000006,55.07291666666666,39.0,39.21923084966565,592.7470290303469,25.0,39G7,0
17.51458333333332,55.07291666666666,37.0,37.23689033601339,601.9084985499408,25.0,39G7,0
17.660416666666663,55.07291666666666,41.0,35.02285947876111,609.5982394343397,25.0,39G7,0
17.806250000000006,55.07291666666666,38.0,30.27644691779095,617.7171724795807,25.0,39G7,0
17.95208333333332,55.07291666666666,39.0,27.933680513951042,626.1171800656508,25.0,39G7,0
18.097916666666663,55.07291666666666,50.0,28.591661116652382,634.7087460260834,26.0,39G8,0
18.243750000000006,55.07291666666666,64.0,27.88799308668388,643.43564505063,26.0,39G8,0
18.38958333333332,55.07291666666666,73.0,28.72021512289203,652.2611962005926,26.0,39G8,0
18.535416666666663,55.07291666666666,79.0,32.33460175741447,661.1606248230281,26.0,39G8,0
18.681250000000006,55.07291666666666,91.0,37.872031950880384,670.1166741821773,26.0,39G8,0
18.82708333333332,55.07291666666666,96.0,40.80883080878665,685.293554957586,26.0,39G8,0
18.972916666666663,55.07291666666666,96.0,45.50113213655641,694.5803071598993,26.0,39G8,0
19.118750000000006,55.07291666666666,97.0,51.471022029391776,703.4991177189787,26.0,39G9,0
19.26458333333332,55.07291666666666,102.0,49.100606889928116,712.5553303076794,26.0,39G9,0
19.410416666666663,55.07291666666666,100.0,40.63551388626381,720.7182394343397,26.0,39G9,0
19.556250000000006,55.07291666666666,95.0,32.63160105829868,728.8371724795807,26.0,39G9,0
19.70208333333332,55.07291666666666,77.0,25.526483151004708,737.2371800656508,26.0,39G9,0
19.847916666666663,55.07291666666666,67.0,20.287598378075202,745.8287460260834,26.0,39G9,0
19.993750000000006,55.07291666666666,59.0,18.568208001968905,754.55564505063,26.0,39G9,0
20.13958333333332,55.07291666666666,49.0,18.585333413741353,763.3811962005926,26.0,39H0,0
20.285416666666663,55.07291666666666,40.0,18.606243066685145,772.2806248230281,26.0,39H0,0
20.431250000000006,55.07291666666666,31.0,18.57355495758628,781.2366741821774,26.0,39H0,0
20.57708333333332,55.07291666666666,25.0,9.286782534083768,796.413554957586,26.0,39H0,3
20.868750000000006,55.07291666666666,-0.0,0.0,814.9870290303469,26.0,39H0,3
21.01458333333332,55.07291666666666,1.0,9.286782534081945,824.148498549941,26.0,39H1,3
21.160416666666663,55.07291666666666,1.0,9.286782534083768,831.8382394343397,26.0,39H1,5
21.45208333333332,55.07291666666666,2.0,9.286782534081741,848.3571800656508,26.0,39H1,5
21.597916666666663,55.07291666666666,1.0,9.268861880925156,856.9487460260837,26.0,39H1,5
9.63958333333332,55.15625,21.0,9.267430264036774,284.3373490207023,22.0,39F9,0
9.785416666666663,55.15625,24.0,9.268861880925156,280.8237033734729,22.0,39F9,0
9.931250000000006,55.15625,16.0,9.268861880925863,278.610482379027,22.0,39F9,0
10.07708333333332,55.15625,9.0,9.267430264038593,277.85317128554743,22.0,39G0,0
10.806250000000006,55.15625,7.0,9.267430264036774,277.85317128554743,22.0,39G0,0
11.097916666666663,55.15625,14.0,9.267430264038593,278.6104823790273,22.0,39G1,0
11.243750000000006,55.15625,9.0,9.268861880925863,280.8237033734735,22.0,39G1,0
11.38958333333332,55.15625,11.0,9.268861880925863,284.3373490207023,22.0,39G1,0
11.535416666666663,55.15625,12.0,9.268861880925863,288.94622748581946,22.0,39G1,0
11.681250000000006,55.15625,1.0,9.267430264036774,287.7709428210164,22.0,39G1,0
12.118750000000006,55.15625,7.0,9.267430264038593,289.680216582515,24.0,39G2,0
12.26458333333332,55.15625,10.0,9.268861880925156,292.74753257036764,24.0,39G2,0
12.410416666666663,55.15625,13.0,13.100288813189348,296.83015093756353,24.0,39G2,0
12.556250000000006,55.15625,23.0,19.357040363712155,301.7718528172697,24.0,39G2,0
12.70208333333332,55.15625,29.0,23.75776606078369,307.42323654917516,24.0,39G2,0
12.847916666666663,55.15625,33.0,27.806585642774053,313.6527510539639,24.0,39G2,0
12.993750000000006,55.15625,32.0,27.806585642774053,320.35030820729935,24.0,39G2,0
13.13958333333332,55.15625,36.0,27.806585642774053,327.42651422204557,24.0,39G3,0
13.285416666666663,55.15625,38.0,27.806585642774053,334.8099574741186,24.0,39G3,0
13.431250000000006,55.15625,43.0,27.806585642774053,342.44400644238345,24.0,39G3,0
13.57708333333332,55.15625,44.0,27.806585642774053,354.06590475885355,24.0,39G3,0
13.722916666666663,55.15625,44.0,29.301068472185325,359.5468558707933,24.0,39G3,0
13.868750000000006,55.15625,44.0,29.301068472184753,366.72735366630315,24.0,39G3,0
14.01458333333332,55.15625,44.0,27.806585642774053,374.73702371310077,24.0,39G4,0
14.160416666666663,55.15625,45.0,27.806585642774053,383.1774889434335,24.0,39G4,0
14.306250000000006,55.15625,47.0,27.80225035210463,391.8625577630676,24.0,39G4,0
14.45208333333332,55.15625,45.0,18.534850418082787,400.6976206758876,24.0,39G4,0
14.597916666666663,55.15625,43.0,9.267430264038492,409.6305383712588,24.0,39G4,0
15.181250000000006,55.15625,56.0,9.267430264038694,445.87120295356516,25.0,39G5,3
15.32708333333332,55.15625,69.0,18.534850418080968,455.00161052288075,25.0,39G5,0
15.472916666666663,55.15625,64.0,27.80225035210473,470.6668558707933,25.0,39G5,0
15.618750000000006,55.15625,87.0,37.06961995601817,477.84735366630304,25.0,39G5,0
15.76458333333332,55.15625,88.0,46.33694911963508,485.8570237131008,25.0,39G5,0
15.910416666666663,55.15625,89.0,55.60422773264701,494.2974889434334,25.0,39G5,0
16.056250000000006,55.15625,81.0,64.87144568458214,502.98255776306763,25.0,39G6,0
16.20208333333332,55.15625,80.0,74.13859286477756,511.8176206758875,25.0,39G6,0
16.347916666666663,55.15625,64.0,72.7038531526126,520.7505383712587,25.0,39G6,0
16.493750000000006,55.15625,56.0,68.99662186300674,529.7505297903076,25.0,39G6,0
16.63958333333332,55.15625,64.0,64.28179282559262,538.798362382905,25.0,39G6,0
16.785416666666663,55.15625,56.0,60.14854539385073,547.8814439625723,25.0,39G6,0
16.931250000000006,55.15625,40.0,57.24913333503084,556.9912029535651,25.0,39G6,0
17.07708333333332,55.15625,51.0,55.776317815362304,566.1216105228808,25.0,39G7,0
17.222916666666663,55.15625,59.0,51.340255451819004,581.7868558707933,25.0,39G7,0
17.368750000000006,55.15625,55.0,48.07300654522041,588.9673536663032,25.0,39G7,0
17.51458333333332,55.15625,46.0,46.47329603801743,596.9770237131007,25.0,39G7,0
17.660416666666663,55.15625,45.0,42.74388376685708,605.4174889434337,25.0,39G7,0
17.806250000000006,55.15625,43.0,38.958275785117,614.1025577630677,25.0,39G7,0
17.95208333333332,55.15625,41.0,37.170665394233126,622.9376206758877,25.0,39G7,0
18.097916666666663,55.15625,59.0,37.66661030702228,631.8705383712587,26.0,39G8,0
18.243750000000006,55.15625,70.0,37.13641508629909,640.8705297903078,26.0,39G8,0
18.38958333333332,55.15625,77.0,37.764081722364374,649.918362382905,26.0,39G8,0
18.535416666666663,55.15625,84.0,40.57514350460075,659.0014439625724,26.0,39G8,0
18.681250000000006,55.15625,91.0,45.16371967247658,668.1112029535651,26.0,39G8,0
18.82708333333332,55.15625,92.0,49.37572148698127,677.2416105228808,26.0,39G8,0
18.972916666666663,55.15625,89.0,53.311458086114314,692.9068558707933,26.0,39G8,0
19.118750000000006,55.15625,91.0,58.479227989519856,700.0873536663032,26.0,39G9,0
19.26458333333332,55.15625,98.0,53.255276130138746,708.0970237131007,26.0,39G9,0
19.410416666666663,55.15625,98.0,45.585978615120574,716.5374889434337,26.0,39G9,0
19.556250000000006,55.15625,99.0,38.637790279844836,725.2225577630677,26.0,39G9,0
19.70208333333332,55.15625,84.0,32.87125120586245,734.0576206758877,26.0,39G9,0
19.847916666666663,55.15625,68.0,29.00007232121763,742.9905383712587,26.0,39G9,0
19.993750000000006,55.15625,61.0,27.826875428137495,751.9905297903078,26.0,39G9,0
20.13958333333332,55.15625,52.0,27.838281933642875,761.038362382905,26.0,39H0,0
20.285416666666663,55.15625,46.0,27.85221687421467,770.1214439625724,26.0,39H0,0
20.431250000000006,55.15625,35.0,20.740539646113497,779.2312029535651,26.0,39H0,0
20.57708333333332,55.15625,29.0,13.11397881739397,788.3616105228808,26.0,39H0,0
20.722916666666663,55.15625,18.0,9.267430264038492,804.0268558707934,26.0,39H0,3
20.868750000000006,55.15625,-0.0,0.0,811.2073536663032,26.0,39H0,3
21.01458333333332,55.15625,1.0,9.267430264036877,819.217023713101,26.0,39H1,3
21.160416666666663,55.15625,1.0,13.11397881739397,827.6574889434337,26.0,39H1,0
21.306250000000006,55.15625,1.0,9.268861880925156,836.3425577630678,26.0,39H1,5
21.45208333333332,55.15625,1.0,9.267430264038694,845.1776206758877,26.0,39H1,5
21.743750000000006,55.15625,-0.0,0.0,863.1105297903079,26.0,39H1,5
9.785416666666663,55.23958333333334,15.0,9.248058389704527,272.1029129958668,22.0,39F9,0
10.95208333333332,55.23958333333334,22.0,9.248058389702711,268.58430940462154,22.0,39G0,0
11.097916666666663,55.23958333333334,37.0,9.248058389704527,269.48853306431016,22.0,39G1,0
12.410416666666663,55.23958333333334,15.0,9.248058389704527,288.90333844753115,24.0,39G2,0
12.556250000000006,55.23958333333334,24.0,13.08659930959792,294.3789641994296,24.0,39G2,0
12.70208333333332,55.23958333333334,21.0,20.67124937441923,300.5531422176997,24.0,39G2,0
12.847916666666663,55.23958333333334,26.0,18.537723761848188,307.2738219254081,24.0,39G2,0
12.993750000000006,55.23958333333334,27.0,18.537723761848188,314.4215231377509,24.0,39G2,0
13.13958333333332,55.23958333333334,37.0,18.537723761848188,321.90438522252464,24.0,39G3,0
13.285416666666663,55.23958333333334,40.0,18.537723761848188,329.65235486242227,24.0,39G3,0
13.431250000000006,55.23958333333334,41.0,18.537723761848188,337.61200282286944,24.0,39G3,0
13.57708333333332,55.23958333333334,40.0,18.537723761848188,346.44659930959665,24.0,39G3,0
13.722916666666663,55.23958333333334,42.0,20.707850190705244,354.03124937441925,24.0,39G3,0
13.868750000000006,55.23958333333334,41.0,20.707850190704434,362.58387872139434,24.0,39G3,0
14.01458333333332,55.23958333333334,38.0,18.537723761848188,371.45804226162454,24.0,39G4,0
14.160416666666663,55.23958333333334,37.0,18.537723761848188,380.4723672269196,24.0,39G4,0
14.306250000000006,55.23958333333334,45.0,20.707850190705244,389.55941894850895,24.0,39G4,0
14.45208333333332,55.23958333333334,41.0,18.496106670128665,398.6888247887064,24.0,39G4,0
14.597916666666663,55.23958333333334,42.0,9.248058389704426,407.8449801220455,24.0,39G4,0
14.88958333333332,55.23958333333334,28.0,9.248058389702813,426.20574145287236,25.0,39G4,3
15.035416666666663,55.23958333333334,63.0,9.268861880925863,435.401564002884,25.0,39G5,3
15.181250000000006,55.23958333333334,58.0,13.100288813189422,444.60423231290446,25.0,39G5,0
15.32708333333332,55.23958333333334,63.0,20.70590475885349,453.81214165777163,25.0,39G5,0
15.472916666666663,55.23958333333334,70.0,29.27902751352986,465.15124937441925,25.0,39G5,0
15.618750000000006,55.23958333333334,90.0,38.17324424123332,473.70387872139423,25.0,39G5,0
15.76458333333332,55.23958333333334,95.0,47.207385466367384,482.5780422616245,25.0,39G5,0
15.910416666666663,55.23958333333334,93.0,56.3141197462378,491.5923672269195,25.0,39G5,0
16.056250000000006,55.23958333333334,86.0,65.46312686130842,500.6794189485089,25.0,39G6,0
16.20208333333332,55.23958333333334,74.0,74.63883079664686,509.8088247887064,25.0,39G6,0
16.347916666666663,55.23958333333334,66.0,81.0696207290637,518.9649801220454,25.0,39G6,0
16.493750000000006,55.23958333333334,57.0,77.02996399467823,528.1390690434096,25.0,39G6,0
16.63958333333332,55.23958333333334,66.0,72.43503660604209,537.3257414528722,25.0,39G6,0
16.785416666666663,55.23958333333334,77.0,68.8012053417576,546.5215640028841,25.0,39G6,0
16.931250000000006,55.23958333333334,85.0,66.28673748486068,555.7242323129044,25.0,39G6,0
17.07708333333332,55.23958333333334,88.0,63.85265218642622,564.9321416577717,25.0,39G7,0
17.222916666666663,55.23958333333334,91.0,59.83170892484195,576.2712493744192,25.0,39G7,0
17.368750000000006,55.23958333333334,90.0,57.058769849223204,584.8238787213944,25.0,39G7,0
17.51458333333332,55.23958333333334,84.0,55.50485468083693,593.6980422616246,25.0,39G7,0
17.660416666666663,55.23958333333334,57.0,50.98334503164778,602.7123672269197,25.0,39G7,0
17.806250000000006,55.23958333333334,67.0,47.860784196369856,611.7994189485089,25.0,39G7,0
17.95208333333332,55.23958333333334,63.0,46.420359926726206,620.9288247887066,25.0,39G7,0
18.097916666666663,55.23958333333334,68.0,46.817598367875455,630.0849801220454,26.0,39G8,0
18.243750000000006,55.23958333333334,64.0,46.39299610094437,639.2590690434098,26.0,39G8,0
18.38958333333332,55.23958333333334,80.0,46.89589009507516,648.4457414528722,26.0,39G8,0
18.535416666666663,55.23958333333334,82.0,49.18314024866478,657.6415640028841,26.0,39G8,0
18.681250000000006,55.23958333333334,82.0,53.024328962366454,666.8442323129044,26.0,39G8,0
18.82708333333332,55.23958333333334,85.0,58.11211002352356,676.0521416577717,26.0,39G8,0
18.972916666666663,55.23958333333334,78.0,61.52798316687758,687.3912493744192,26.0,39G8,0
19.118750000000006,55.23958333333334,83.0,66.04647195820992,695.9438787213944,26.0,39G9,0
19.26458333333332,55.23958333333334,93.0,58.59351455710336,704.8180422616246,26.0,39G9,0
19.410416666666663,55.23958333333334,95.0,51.73721729288837,713.8323672269197,26.0,39G9,0
19.556250000000006,55.23958333333334,99.0,45.74668149328357,722.9194189485089,26.0,39G9,0
19.70208333333332,55.23958333333334,95.0,41.00317225104568,732.0488247887066,26.0,39G9,0
19.847916666666663,55.23958333333334,60.0,37.97690411612148,741.2049801220454,26.0,39G9,0
19.993750000000006,55.23958333333334,64.0,37.09063552050982,750.3790690434098,26.0,39G9,0
20.13958333333332,55.23958333333334,53.0,37.09917603622104,759.5657414528722,26.0,39H0,0
20.285416666666663,55.23958333333334,45.0,33.41569104269342,768.7615640028841,26.0,39H0,0
20.431250000000006,55.23958333333334,34.0,26.21423545497874,777.9642323129044,26.0,39H0,0
20.57708333333332,55.23958333333334,26.0,20.705904758855116,787.1721416577717,26.0,39H0,0
20.722916666666663,55.23958333333334,25.0,13.100288813189279,798.5112493744194,26.0,39H0,0
20.868750000000006,55.23958333333334,18.0,9.268861880925863,807.0638787213944,26.0,39H0,3
21.01458333333332,55.23958333333334,1.0,9.268861880922325,815.9380422616247,26.0,39H1,3
21.160416666666663,55.23958333333334,3.0,13.08659930959785,824.9523672269197,26.0,39H1,0
21.306250000000006,55.23958333333334,2.0,9.24805838970261,834.0394189485091,26.0,39H1,3
9.785416666666663,55.32291666666666,3.0,9.228666952060722,263.62107070468454,22.0,39F9,0
10.95208333333332,55.32291666666666,5.0,9.22866695205891,259.3154475236992,22.0,39G0,0
11.097916666666663,55.32291666666666,9.0,9.228666952060722,260.4373814921003,22.0,39G1,0
12.556250000000006,55.32291666666666,21.0,9.228666952060722,287.4670293691967,24.0,39G2,0
12.70208333333332,55.32291666666666,9.0,13.072910424217145,294.22285953562226,24.0,39G2,0
12.847916666666663,55.32291666666666,7.0,9.268861880925863,301.4677005002609,24.0,39G2,0
12.993750000000006,55.32291666666666,22.0,9.268861880925863,309.07921876157496,24.0,39G2,0
13.13958333333332,55.32291666666666,21.0,9.268861880925863,316.9690381366989,24.0,39G3,0
13.285416666666663,55.32291666666666,6.0,9.268861880925863,325.0730903532505,24.0,39G3,0
13.431250000000006,55.32291666666666,15.0,9.268861880925863,333.34447461862567,24.0,39G3,0
13.57708333333332,55.32291666666666,25.0,9.268861880925863,341.74841936613257,24.0,39G3,0
13.722916666666663,55.32291666666666,35.0,13.072910424217145,351.81732379568234,24.0,39G3,0
13.868750000000006,55.32291666666666,36.0,13.072910424215868,361.04596042239996,24.0,39G3,0
14.01458333333332,55.32291666666666,16.0,9.268861880925863,370.27456672367856,24.0,39G4,0
14.160416666666663,55.32291666666666,17.0,9.268861880925863,379.50313259089666,24.0,39G4,0
14.306250000000006,55.32291666666666,38.0,13.072910424217145,388.7316479153019,24.0,39G4,0
14.45208333333332,55.32291666666666,51.0,20.636573683529647,397.9601025879854,24.0,39G4,0
14.597916666666663,55.32291666666666,54.0,13.08659930959785,407.18848649985557,25.0,39G4,0
14.743750000000006,55.32291666666666,44.0,9.268861880922325,416.4167895415962,25.0,39G4,3
14.88958333333332,55.32291666666666,70.0,13.086599309596712,425.64500160364076,25.0,39G4,0
15.035416666666663,55.32291666666666,74.0,18.537723761848188,434.8731125761458,25.0,39G5,0
15.181250000000006,55.32291666666666,17.0,20.716499470067436,444.10111234894975,25.0,39G5,0
15.32708333333332,55.32291666666666,79.0,26.186855870793277,453.3289908115458,25.0,39G5,0
15.472916666666663,55.32291666666666,75.0,33.367353666303174,462.93732379568235,25.0,39G5,0
15.618750000000006,55.32291666666666,88.0,41.37702371310237,472.16596042239985,25.0,39G5,0
15.76458333333332,55.32291666666666,97.0,49.81748894343361,481.3945667236786,25.0,39G5,0
15.910416666666663,55.32291666666666,96.0,58.50255776306759,490.62313259089655,25.0,39G5,0
16.056250000000006,55.32291666666666,88.0,67.33762067588941,499.85164791530195,25.0,39G6,0
16.20208333333332,55.32291666666666,74.0,76.2705383712587,509.08010258798527,25.0,39G6,0
16.347916666666663,55.32291666666666,68.0,85.27052979030785,518.3084864998555,25.0,39G6,0
16.493750000000006,55.32291666666666,58.0,84.96285468262684,527.536789541596,25.0,39G6,0
16.63958333333332,55.32291666666666,69.0,80.82909305709623,536.7650016036407,25.0,39G6,0
16.785416666666663,55.32291666666666,68.0,77.59630823308441,545.9931125761459,25.0,39G6,0
16.931250000000006,55.32291666666666,69.0,75.38052270079989,555.2211123489496,25.0,39G6,0
17.07708333333332,55.32291666666666,72.0,72.05522277322414,564.448990811546,25.0,39G7,0
17.222916666666663,55.32291666666666,74.0,68.52494335335503,574.0573237956825,25.0,39G7,0
17.368750000000006,55.32291666666666,77.0,66.1227331835742,583.2859604224001,25.0,39G7,0
17.51458333333332,55.32291666666666,80.0,63.43394985540257,592.5145667236786,25.0,39G7,0
17.660416666666663,55.32291666666666,78.0,59.52634962340699,601.7431325908967,25.0,39G7,0
17.806250000000006,55.32291666666666,79.0,56.88044895384168,610.9716479153019,25.0,39G7,0
17.95208333333332,55.32291666666666,73.0,55.67642999228024,620.2001025879855,25.0,39G7,0
18.097916666666663,55.32291666666666,77.0,56.007365945493575,629.4284864998555,26.0,39G8,0
18.243750000000006,55.32291666666666,77.0,55.65366514151118,638.6567895415963,26.0,39G8,0
18.38958333333332,55.32291666666666,80.0,56.07269099242577,647.8850016036407,26.0,39G8,0
18.535416666666663,55.32291666666666,80.0,57.995202505982085,657.1131125761459,26.0,39G8,0
18.681250000000006,55.32291666666666,83.0,61.27984990514825,666.3411123489497,26.0,39G8,0
18.82708333333332,55.32291666666666,91.0,65.7227087165053,675.568990811546,26.0,39G8,0
18.972916666666663,55.32291666666666,84.0,70.00783151652965,685.1773237956825,26.0,39G8,0
19.118750000000006,55.32291666666666,85.0,71.617649786738,694.4059604224001,26.0,39G9,0
19.26458333333332,55.32291666666666,89.0,64.82357699410116,703.6345667236786,26.0,39G9,0
19.410416666666663,55.32291666666666,92.0,58.713027596347125,712.8631325908967,26.0,39G9,0
19.556250000000006,55.32291666666666,98.0,53.52066402276374,722.0916479153019,26.0,39G9,0
19.70208333333332,55.32291666666666,99.0,49.53609066615592,731.3201025879855,26.0,39G9,0
19.847916666666663,55.32291666666666,87.0,47.06707769531536,740.5484864998555,26.0,39G9,0
19.993750000000006,55.32291666666666,66.0,46.356435260605245,749.7767895415963,26.0,39G9,0
20.13958333333332,55.32291666666666,51.0,46.308498549942364,759.0050016036407,26.0,39H0,0
20.285416666666663,55.32291666666666,38.0,39.30073808487649,768.2331125761459,26.0,39H0,0
20.431250000000006,55.32291666666666,33.0,33.367353666303174,777.4611123489497,26.0,39H0,0
20.57708333333332,55.32291666666666,29.0,26.18685587079456,786.688990811546,26.0,39H0,0
20.722916666666663,55.32291666666666,27.0,18.457323795682356,796.2973237956826,26.0,39H0,0
20.868750000000006,55.32291666666666,24.0,9.228666952059013,805.5259604224001,26.0,39H0,3
21.160416666666663,55.32291666666666,4.0,9.228666952060621,823.9831325908967,26.0,39H1,3
21.306250000000006,55.32291666666666,2.0,13.072910424215797,833.2116479153021,26.0,39H1,0
21.45208333333332,55.32291666666666,2.0,9.228666952060824,842.4401025879855,26.0,39H1,3
9.63958333333332,55.40625,9.0,9.209255992125993,261.3764758347156,22.0,39F9,0
9.785416666666663,55.40625,6.0,9.209255992127801,255.56115036507936,22.0,39F9,0
10.806250000000006,55.40625,19.0,9.209255992127801,250.04658564277338,22.0,39G0,0
10.95208333333332,55.40625,25.0,13.072910424215868,250.04658564277338,22.0,39G0,0
11.097916666666663,55.40625,13.0,9.209255992127801,251.5227511005377,22.0,39G1,0
12.410416666666663,55.40625,13.0,9.209255992127801,274.3944437616879,23.0,39G2,0
12.556250000000006,55.40625,17.0,13.072910424217145,281.20542398952966,23.0,39G2,0
12.70208333333332,55.40625,12.0,9.209255992127801,288.5870817578139,23.0,39G2,0
13.722916666666663,55.40625,13.0,9.209255992127801,342.2377100877523,24.0,39G3,0
13.868750000000006,55.40625,8.0,9.209255992125993,362.5286859775481,24.0,39G3,0
14.306250000000006,55.40625,25.0,9.209255992127801,389.44460905581246,25.0,39G4,3
14.45208333333332,55.40625,51.0,13.059222274994035,398.55439298443787,25.0,39G4,0
14.597916666666663,55.40625,71.0,20.601877877796525,407.69097933353555,25.0,39G4,0
14.743750000000006,55.40625,69.0,18.537723761848188,416.84553538170786,25.0,39G4,0
14.88958333333332,55.40625,68.0,20.707850190704484,426.0127005961309,25.0,39G4,0
15.035416666666663,55.40625,67.0,26.159477405378745,435.18903483676945,25.0,39G5,0
15.181250000000006,55.40625,75.0,29.301068472185356,444.3722291203227,25.0,39G5,0
15.32708333333332,55.40625,75.0,33.38549783310969,453.5606754964962,25.0,39G5,0
15.472916666666663,55.40625,75.0,39.25966938603667,462.8985018767888,25.0,39G5,0
15.618750000000006,55.40625,87.0,46.24652711329036,472.1077275464906,25.0,39G5,0
15.76458333333332,55.40625,94.0,53.91519025177501,481.3169228936714,25.0,39G5,0
15.910416666666663,55.40625,93.0,62.01320575341854,490.52607781068275,25.0,39G5,0
16.056250000000006,55.40625,87.0,70.39252094281007,499.7351821897471,25.0,39G6,0
16.20208333333332,55.40625,77.0,78.963604490956,508.9442259229305,25.0,39G6,0
16.347916666666663,55.40625,68.0,87.67019774670224,518.1531989021186,25.0,39G6,0
16.493750000000006,55.40625,53.0,93.14278894773426,527.3620910189726,25.0,39G6,0
16.63958333333332,55.40625,52.0,89.39615292503804,536.570892164906,25.0,39G6,0
16.785416666666663,55.40625,55.0,86.49041043816968,545.7795922310569,25.0,39G6,0
16.931250000000006,55.40625,56.0,84.51235517003829,554.9881811082464,25.0,39G6,0
17.07708333333332,55.40625,56.0,80.48957238107866,564.1966486869546,25.0,39G7,0
17.222916666666663,55.40625,55.0,77.35195689826953,574.0185018767888,25.0,39G7,0
17.368750000000006,55.40625,56.0,75.23663894123438,583.2277275464908,25.0,39G7,0
17.51458333333332,55.40625,63.0,71.68518233898011,592.4369228936714,25.0,39G7,0
17.660416666666663,55.40625,74.0,68.25902201237177,601.646077810683,25.0,39G7,0
17.806250000000006,55.40625,73.0,65.96923282898906,610.8551821897471,25.0,39G7,0
17.95208333333332,55.40625,71.0,64.93614932166899,620.0642259229307,25.0,39G7,0
18.097916666666663,55.40625,78.0,65.21952239683628,629.2731989021186,26.0,39G8,0
18.243750000000006,55.40625,83.0,64.91667270313702,638.4820910189728,26.0,39G8,0
18.38958333333332,55.40625,85.0,65.27551126036123,647.690892164906,26.0,39G8,0
18.535416666666663,55.40625,83.0,66.93077735531087,656.8995922310569,26.0,39G8,0
18.681250000000006,55.40625,82.0,69.79028014065214,666.1081811082464,26.0,39G8,0
18.82708333333332,55.40625,88.0,73.71399731499247,675.3166486869546,26.0,39G8,0
18.972916666666663,55.40625,89.0,78.54258142475315,685.1385018767888,26.0,39G8,0
19.118750000000006,55.40625,85.0,77.89645958931231,694.3477275464908,26.0,39G9,0
19.26458333333332,55.40625,86.0,71.7134087472195,703.5569228936714,26.0,39G9,0
19.410416666666663,55.40625,90.0,66.25346266602509,712.766077810683,26.0,39G9,0
19.556250000000006,55.40625,96.0,61.70888645139345,721.9751821897471,26.0,39G9,0
19.70208333333332,55.40625,97.0,58.29418141930015,731.1842259229308,26.0,39G9,0
19.847916666666663,55.40625,92.0,56.21563718602693,740.3931989021186,26.0,39G9,0
19.993750000000006,55.40625,70.0,55.62325535564961,749.6020910189728,26.0,39G9,0
20.13958333333332,55.40625,48.0,52.373454843644105,758.810892164906,26.0,39H0,0
20.285416666666663,55.40625,42.0,46.24652711329036,768.0195922310569,26.0,39H0,0
20.431250000000006,55.40625,39.0,38.02277380782857,777.2281811082464,26.0,39H0,0
20.57708333333332,55.40625,35.0,29.168685977548204,786.4366486869546,26.0,39H0,0
20.722916666666663,55.40625,34.0,20.636573683529647,796.2585018767891,26.0,39H0,0
20.868750000000006,55.40625,29.0,13.072910424215937,805.4677275464908,26.0,39H0,0
21.01458333333332,55.40625,17.0,9.268861880925863,814.6769228936716,26.0,39H1,3
21.160416666666663,55.40625,3.0,13.059222274995378,823.886077810683,26.0,39H1,0
21.306250000000006,55.40625,2.0,9.209255992125893,833.0951821897473,26.0,39H1,3
21.45208333333332,55.40625,-0.0,0.0,842.3042259229308,26.0,39H1,3
10.51458333333332,55.48958333333334,-0.0,0.0,232.12845314761398,22.0,39G0,3
10.806250000000006,55.48958333333334,16.0,9.189825550967706,231.63773436679696,22.0,39G0,0
10.95208333333332,55.48958333333334,19.0,18.379640995570313,231.80310293041006,22.0,39G0,0
11.097916666666663,55.48958333333334,8.0,9.189825550967706,232.64587740956713,22.0,39G1,0
12.26458333333332,55.48958333333334,8.0,9.189825550965903,261.3354166825765,23.0,39G2,0
12.410416666666663,55.48958333333334,13.0,13.045534980255395,268.23849170529485,23.0,39G2,0
12.556250000000006,55.48958333333334,13.0,9.268861880922325,275.82262548246734,23.0,39G2,0
12.70208333333332,55.48958333333334,12.0,13.045534980254127,283.83673543785693,23.0,39G2,0
12.847916666666663,55.48958333333334,6.0,9.189825550967706,292.1330422530389,23.0,39G2,0
14.45208333333332,55.48958333333334,44.0,9.189825550965903,400.436539974587,25.0,39G4,3
14.597916666666663,55.48958333333334,55.0,18.379640995570412,409.3294640842316,25.0,39G4,0
14.743750000000006,55.48958333333334,67.0,27.5694362274172,418.28969339543954,25.0,39G4,0
14.88958333333332,55.48958333333334,70.0,29.294957212312394,427.2979365658121,25.0,39G4,0
15.035416666666663,55.48958333333334,75.0,33.3640387876044,436.3415600814914,25.0,39G5,0
15.181250000000006,55.48958333333334,79.0,38.2067449142631,445.4119628244781,25.0,39G5,0
15.32708333333332,55.48958333333334,75.0,41.41563264494718,454.5030944393964,25.0,39G5,0
15.472916666666663,55.48958333333334,75.0,46.27186511217834,465.08187787779644,25.0,39G5,0
15.618750000000006,55.48958333333334,84.0,52.31869753682367,473.5934495003638,25.0,39G5,0
15.76458333333332,55.48958333333334,86.0,59.192346197167694,482.4274391230683,25.0,39G5,0
15.910416666666663,55.48958333333334,84.0,66.63741705498242,491.40206678349836,25.0,39G5,0
16.056250000000006,55.48958333333334,80.0,74.48272630360049,500.44969037123644,25.0,39G6,0
16.20208333333332,55.48958333333334,76.0,78.41702212684731,509.5398317853161,25.0,39G6,0
16.347916666666663,55.48958333333334,71.0,81.83615449119073,518.6568288032518,25.0,39G6,0
16.493750000000006,55.48958333333334,60.0,86.08784714198923,527.7918318099668,25.0,39G6,0
16.63958333333332,55.48958333333334,43.0,91.055532090284,536.9394697902444,25.0,39G6,0
16.785416666666663,55.48958333333334,36.0,95.45584317130655,546.096295778708,25.0,39G6,0
16.931250000000006,55.48958333333334,36.0,92.75409032952408,555.2599961667464,25.0,39G6,0
17.07708333333332,55.48958333333334,38.0,89.08989612067322,564.4289597630026,25.0,39G7,0
17.222916666666663,55.48958333333334,37.0,86.27169591523919,573.9796409955703,25.0,39G7,0
17.368750000000006,55.48958333333334,34.0,84.11719050899133,583.1694362274173,25.0,39G7,0
17.51458333333332,55.48958333333334,43.0,80.15913554468507,592.3592011400488,25.0,39G7,0
17.660416666666663,55.48958333333334,58.0,77.11695553119786,601.5489256269198,25.0,39G7,0
17.806250000000006,55.48958333333334,71.0,75.10204580737634,610.7385995813557,25.0,39G7,0
17.95208333333332,55.48958333333334,68.0,74.19815167407339,619.9282128965283,25.0,39G7,0
18.097916666666663,55.48958333333334,74.0,74.44575677291262,629.1177554654279,26.0,39G8,0
18.243750000000006,55.48958333333334,83.0,74.18114275683625,638.3072171808242,26.0,39G8,0
18.38958333333332,55.48958333333334,87.0,74.49470849205785,647.4965879352387,26.0,39G8,0
18.535416666666663,55.48958333333334,86.0,75.94628111859215,656.6858576209211,26.0,39G8,0
18.681250000000006,55.48958333333334,80.0,78.4727280973343,665.8750161298052,26.0,39G8,0
18.82708333333332,55.48958333333334,87.0,81.97471688714096,675.064053353486,26.0,39G8,0
18.972916666666663,55.48958333333334,87.0,86.33360078682571,685.0996409955703,26.0,39G8,0
19.118750000000006,55.48958333333334,87.0,84.72572469331617,694.2894362274174,26.0,39G9,0
19.26458333333332,55.48958333333334,80.0,79.09077397290375,703.4792011400488,26.0,39G9,0
19.410416666666663,55.48958333333334,87.0,74.18655383774734,712.6689256269198,26.0,39G9,0
19.556250000000006,55.48958333333334,94.0,70.16647658631874,721.8585995813557,26.0,39G9,0
19.70208333333332,55.48958333333334,92.0,67.18944903202122,731.0482128965283,26.0,39G9,0
19.847916666666663,55.48958333333334,89.0,65.398084303796,740.2377554654279,26.0,39G9,0
19.993750000000006,55.48958333333334,81.0,64.89065866657835,749.4272171808242,26.0,39G9,0
20.13958333333332,55.48958333333334,62.0,58.281786438030664,758.6165879352387,26.0,39H0,0
20.285416666666663,55.48958333333334,52.0,49.63746125565113,767.8058576209211,26.0,39H0,0
20.431250000000006,55.48958333333334,41.0,41.238320759945196,776.9950161298052,26.0,39H0,0
20.57708333333332,55.48958333333334,57.0,33.270626669185035,786.184053353486,26.0,39H0,0
20.722916666666663,55.48958333333334,54.0,26.13210029428076,796.2196409955706,26.0,39H0,0
20.868750000000006,55.48958333333334,31.0,20.69920677785852,805.4094362274174,26.0,39H0,0
21.01458333333332,55.48958333333334,21.0,18.379640995572114,814.599201140049,26.0,39H1,0
21.160416666666663,55.48958333333334,2.0,9.189825550967809,823.7889256269198,26.0,39H1,3
9.785416666666663,55.57291666666666,6.0,9.170375669683589,242.77242669282347,22.0,40F9,0
9.931250000000006,55.57291666666666,13.0,9.268861880922325,231.99807536872535,22.0,40F9,0
10.07708333333332,55.57291666666666,2.0,9.170375669683589,228.74885879853662,22.0,40G0,0
10.51458333333332,55.57291666666666,12.0,9.170375669681789,222.90097910959588,22.0,40G0,0
10.806250000000006,55.57291666666666,25.0,9.170375669683589,222.37069771730197,22.0,40G0,0
10.95208333333332,55.57291666666666,9.0,13.031848658695473,222.54943959530004,22.0,40G0,0
11.097916666666663,55.57291666666666,10.0,9.170375669683589,223.45972464243454,22.0,40G1,0
12.410416666666663,55.57291666666666,7.0,9.170375669683589,263.2699670231774,23.0,40G2,0
12.556250000000006,55.57291666666666,-0.0,0.0,271.60694179646725,23.0,40G2,3
12.70208333333332,55.57291666666666,8.0,9.170375669681789,280.18997621587494,23.0,40G2,0
12.847916666666663,55.57291666666666,8.0,9.170375669683589,288.9240950225286,23.0,40G2,0
14.45208333333332,55.57291666666666,41.0,9.170375669681789,403.5029488218364,25.0,40G4,3
14.597916666666663,55.57291666666666,64.0,18.34074123423327,412.0329964633934,25.0,40G4,0
14.743750000000006,55.57291666666666,73.0,27.511086588489412,420.698908258304,25.0,40G4,0
14.88958333333332,55.57291666666666,76.0,36.681401627224474,429.46390479275135,25.0,40G4,0
15.035416666666663,55.57291666666666,79.0,41.398345727720546,438.3031282550351,25.0,40G5,0
15.181250000000006,55.57291666666666,76.0,46.23704583622979,447.19925526771783,25.0,40G5,0
15.32708333333332,55.57291666666666,72.0,49.87725840344911,462.8207412342332,25.0,40G5,0
15.472916666666663,55.57291666666666,71.0,53.969175208275665,470.5847247737705,25.0,40G5,0
15.618750000000006,55.57291666666666,70.0,59.22476354592645,477.70223771718486,25.0,40G5,0
15.76458333333332,55.57291666666666,73.0,64.90756487404644,485.6489090359903,25.0,40G5,0
15.910416666666663,55.57291666666666,79.0,65.28934229306905,494.027351410776,25.0,40G5,0
16.056250000000006,55.57291666666666,76.0,66.91854500245361,502.65126968899347,25.0,40G6,0
16.20208333333332,55.57291666666666,76.0,69.70775685958907,511.42583438032364,25.0,40G6,0
16.347916666666663,55.57291666666666,69.0,73.5250680316918,520.2987283801577,25.0,40G6,0
16.493750000000006,55.57291666666666,67.0,78.22008710293204,529.2390440102308,25.0,40G6,0
16.63958333333332,55.57291666666666,54.0,83.64512774865459,538.2274603935617,25.0,40G6,0
16.785416666666663,55.57291666666666,38.0,89.66776366372022,547.2513232404898,25.0,40G6,0
16.931250000000006,55.57291666666666,32.0,95.77206306447198,556.3020165745847,25.0,40G6,0
17.07708333333332,55.57291666666666,31.0,97.81242311173177,565.3734792119695,25.0,40G7,0
17.222916666666663,55.57291666666666,27.0,95.25811619945625,576.1671621497455,25.0,40G7,0
17.368750000000006,55.57291666666666,20.0,92.37355349276744,584.6581695091639,25.0,40G7,0
17.51458333333332,55.57291666666666,18.0,88.79206567669992,593.4720384514548,25.0,40G7,0
17.660416666666663,55.57291666666666,43.0,86.06148111916978,602.4267851235611,25.0,40G7,0
17.806250000000006,55.57291666666666,63.0,84.26457313967168,611.4546631986537,25.0,40G7,0
17.95208333333332,55.57291666666666,69.0,83.46167699041686,620.5251415289176,25.0,40G7,0
18.097916666666663,55.57291666666666,72.0,83.68141274866093,629.6225289040784,26.0,40G8,0
18.243750000000006,55.57291666666666,85.0,83.44658819433236,638.7379587375358,26.0,40G8,0
18.38958333333332,55.57291666666666,91.0,83.72487291227101,647.8660494818788,26.0,40G8,0
18.535416666666663,55.57291666666666,92.0,85.01628954958261,657.003347313325,26.0,40G8,0
18.681250000000006,55.57291666666666,84.0,87.27587045207443,666.1475339752559,26.0,40G8,0
18.82708333333332,55.57291666666666,85.0,90.43106140441125,675.2969950192141,26.0,40G8,0
18.972916666666663,55.57291666666666,86.0,94.39208097158269,685.0607412342332,26.0,40G8,0
19.118750000000006,55.57291666666666,88.0,91.98292116313537,694.2310865884896,26.0,40G9,0
19.26458333333332,55.57291666666666,81.0,86.83149621386858,703.4014016272243,26.0,40G9,0
19.410416666666663,55.57291666666666,87.0,82.39896828696574,712.5716762451252,26.0,40G9,0
19.556250000000006,55.57291666666666,88.0,78.80675596564139,721.7419003367506,26.0,40G9,0
19.70208333333332,55.57291666666666,87.0,76.17385181360595,730.9120637965061,26.0,40G9,0
19.847916666666663,55.57291666666666,87.0,74.60190682483564,740.0821565186179,26.0,40G9,0
19.993750000000006,55.57291666666666,82.0,70.14294882183647,749.2521683970922,26.0,40G9,0
20.13958333333332,55.57291666666666,76.0,61.805090124033555,758.4220893256891,26.0,40H0,0
20.285416666666663,55.57291666666666,64.0,53.748980408231795,767.5919091978981,26.0,40H0,0
20.431250000000006,55.57291666666666,67.0,46.12253841202162,776.7616179068957,26.0,40H0,0
20.57708333333332,55.57291666666666,64.0,37.79657203799267,785.9312053455213,26.0,40H0,0
20.722916666666663,55.57291666666666,54.0,29.002846224227316,796.1807412342334,26.0,40H0,0
20.868750000000006,55.57291666666666,41.0,20.532426692823474,805.3510865884896,26.0,40H0,0
21.01458333333332,55.57291666666666,29.0,13.031848658695404,814.5214016272246,26.0,40H1,0
21.160416666666663,55.57291666666666,2.0,9.170375669683688,823.6916762451252,26.0,40H1,3
9.785416666666663,55.65625,13.0,9.150906389419696,227.60006244647016,22.0,40F9,0
9.931250000000006,55.65625,13.0,9.268861880925863,223.50666930597637,22.0,40F9,0
10.07708333333332,55.65625,18.0,13.018163429368204,220.01193876597412,22.0,40G0,0
10.222916666666663,55.65625,18.0,9.268861880925156,217.17508508293076,22.0,40G0,0
10.368750000000006,55.65625,22.0,9.268861880925156,215.05000717564377,22.0,40G0,0
10.51458333333332,55.65625,18.0,13.03184865869421,213.6809685961451,22.0,40G0,0
10.660416666666663,55.65625,25.0,9.268861880925156,213.09842908042478,22.0,40G0,0
10.806250000000006,55.65625,20.0,13.018163429368204,213.10399277315798,22.0,40G0,0
10.95208333333332,55.65625,1.0,9.150906389419696,213.29853112627845,22.0,40G0,0
12.70208333333332,55.65625,8.0,9.1509063894179,277.8642846089126,23.0,40G2,0
12.847916666666663,55.65625,11.0,13.018163429369464,286.1215216614415,23.0,40G2,0
12.993750000000006,55.65625,12.0,9.1509063894179,291.0520283766971,23.0,40G2,0
14.306250000000006,55.65625,21.0,9.150906389419696,399.8038934547085,25.0,40G4,3
14.45208333333332,55.65625,49.0,13.03184865869421,407.60703387992254,25.0,40G4,0
14.597916666666663,55.65625,54.0,20.532426692823563,415.69673048222376,25.0,40G4,0
14.743750000000006,55.65625,60.0,29.00284622422741,423.9962556842356,25.0,40G4,0
14.88958333333332,55.65625,65.0,37.79657203799102,432.4528690583882,25.0,40G4,0
15.035416666666663,55.65625,75.0,46.73141620221203,441.02952999402675,25.0,40G5,0
15.181250000000006,55.65625,70.0,53.939341352806835,449.6996579652257,25.0,40G5,0
15.32708333333332,55.65625,69.0,55.62287801880294,462.78180267506605,25.0,40G5,0
15.472916666666663,55.65625,66.0,55.62833731189282,471.93267875314064,25.0,40G5,0
15.618750000000006,55.65625,67.0,56.156567770627184,481.0835245197782,25.0,40G5,0
15.76458333333332,55.65625,66.0,55.6428928080292,490.23432987102285,25.0,40G5,0
15.910416666666663,55.65625,71.0,56.086825569341364,498.14582081272664,25.0,40G5,0
16.056250000000006,55.65625,71.0,57.971261600293424,506.1809423732267,25.0,40G6,0
16.20208333333332,55.65625,70.0,61.16319213680311,514.4980370380425,25.0,40G6,0
16.347916666666663,55.65625,73.0,65.4716504713839,523.0075312364037,25.0,40G6,0
16.493750000000006,55.65625,62.0,70.69276891387688,531.6530673869078,25.0,40G6,0
16.63958333333332,55.65625,61.0,76.6402283237198,540.3978333197126,25.0,40G6,0
16.785416666666663,55.65625,45.0,83.15830797118014,549.2169434564086,25.0,40G6,0
16.931250000000006,55.65625,30.0,86.8258385419349,558.0930521204358,25.0,40G6,0
17.07708333333332,55.65625,32.0,89.7625485207391,573.901802675066,25.0,40G7,0
17.222916666666663,55.65625,24.0,93.48881861875745,581.677351080869,25.0,40G7,0
17.368750000000006,55.65625,16.0,97.91453142925377,588.7738322445027,25.0,40G7,0
17.51458333333332,55.65625,29.0,97.54177112677061,596.699457661132,25.0,40G7,0
17.660416666666663,55.65625,47.0,95.06816076978977,605.0571781185766,25.0,40G7,0
17.806250000000006,55.65625,52.0,93.44807481118534,613.6606661344379,25.0,40G7,0
17.95208333333332,55.65625,63.0,92.7262688311062,622.4150192411557,25.0,40G7,0
18.097916666666663,55.65625,69.0,92.92368113689732,631.2678609539311,26.0,40G8,0
18.243750000000006,55.65625,85.0,92.71271658483654,640.1882411879456,26.0,40G8,0
18.38958333333332,55.65625,97.0,92.96273781940401,649.1568094392144,26.0,40G8,0
18.535416666666663,55.65625,97.0,94.12504755103369,658.1608905672422,26.0,40G8,0
18.681250000000006,55.65625,86.0,96.16656761310266,667.1918536786574,26.0,40G8,0
18.82708333333332,55.65625,82.0,99.03293075606219,676.2436267159236,26.0,40G8,0
18.972916666666663,55.65625,85.0,102.65505381034694,687.2524266928235,26.0,40G8,0
19.118750000000006,55.65625,87.0,99.57452736109008,695.7228462242276,26.0,40G9,0
19.26458333333332,55.65625,78.0,94.84665315881198,704.516572037991,26.0,40G9,0
19.410416666666663,55.65625,80.0,90.81495982778387,713.4514162022122,26.0,40G9,0
19.556250000000006,55.65625,80.0,87.57566850974135,722.4595278427277,26.0,40G9,0
19.70208333333332,55.65625,81.0,85.21920267184781,731.5103225535829,26.0,40G9,0
19.847916666666663,55.65625,81.0,82.33673048222384,740.5880800096529,26.0,40G9,0
19.993750000000006,55.65625,79.0,73.20640239085195,749.6839165745146,26.0,40G9,0
20.13958333333332,55.65625,73.0,64.0557789108823,758.7924401184571,26.0,40H0,0
20.285416666666663,55.65625,70.0,54.90508470280113,767.9101899260144,26.0,40H0,0
20.431250000000006,55.65625,62.0,45.7543298710229,777.0348430697156,26.0,40H0,0
20.57708333333332,55.65625,53.0,36.60352451977825,786.164781827858,26.0,40H0,0
20.722916666666663,55.65625,48.0,27.4526787531404,796.1418026750663,26.0,40H0,0
20.868750000000006,55.65625,40.0,18.30180267506603,805.2926787531406,26.0,40H0,0
21.01458333333332,55.65625,27.0,9.150906389419596,814.4435245197767,26.0,40H1,3
10.07708333333332,55.73958333333334,8.0,9.131417751359546,211.3705951193586,22.0,40G0,0
10.222916666666663,55.73958333333334,8.0,13.00447941170558,208.2884707483445,22.0,40G0,0
10.368750000000006,55.73958333333334,10.0,18.53772376185102,205.9695159187585,22.0,40G0,0
10.51458333333332,55.73958333333334,19.0,20.65608053171102,204.4706330949117,22.0,40G0,0
10.660416666666663,55.73958333333334,23.0,18.26282540043961,203.83161230340656,22.0,40G0,0
10.806250000000006,55.73958333333334,35.0,9.131417751359546,203.83771899164518,22.0,40G0,0
11.243750000000006,55.73958333333334,3.0,9.131417751359646,207.06295296511607,22.0,40G1,0
11.82708333333332,55.73958333333334,4.0,9.131417751359546,222.02983862171624,21.0,40G1,0
12.70208333333332,55.73958333333334,13.0,9.131417751359546,273.6777119990311,23.0,40G2,0
12.847916666666663,55.73958333333334,16.0,9.131417751361338,278.2195586478711,23.0,40G2,0
14.306250000000006,55.73958333333334,24.0,9.131417751361338,344.236913917052,25.0,40G4,3
14.45208333333332,55.73958333333334,34.0,18.26282540043961,412.5877005002595,25.0,40G4,0
14.597916666666663,55.73958333333334,43.0,26.049979453328053,420.1992187615735,25.0,40G4,0
14.743750000000006,55.73958333333334,55.0,33.12541058919798,428.0890381366989,25.0,40G4,0
14.88958333333332,55.73958333333334,49.0,41.02996702317585,436.19309035324903,25.0,40G4,0
15.035416666666663,55.73958333333334,52.0,46.1828202837087,444.4644746186241,25.0,40G5,0
15.181250000000006,55.73958333333334,59.0,46.35084757975302,452.8684193661326,25.0,40G5,0
15.32708333333332,55.73958333333334,60.0,46.355932189508025,462.74282540043964,25.0,40G5,0
15.472916666666663,55.73958333333334,63.0,46.362468725496115,471.87421284492694,25.0,40G5,0
15.618750000000006,55.73958333333334,61.0,46.99362419387566,481.005569982449,25.0,40G5,0
15.76458333333332,55.73958333333334,47.0,46.37989498419229,490.13688671054143,25.0,40G5,0
15.910416666666663,55.73958333333334,65.0,46.91043929986686,499.2681529266228,25.0,40G5,0
16.056250000000006,55.73958333333334,65.0,49.14332005525635,508.39935852795617,25.0,40G6,0
16.20208333333332,55.73958333333334,64.0,52.86325261612714,517.5304934116216,25.0,40G6,0
16.347916666666663,55.73958333333334,63.0,57.78373768692339,526.6615474744931,25.0,40G6,0
16.493750000000006,55.73958333333334,61.0,63.62683456320687,534.9565479438454,25.0,40G6,0
16.63958333333332,55.73958333333334,57.0,70.1623939768119,543.3925209938654,25.0,40G6,0
16.785416666666663,55.73958333333334,45.0,75.6532391528444,551.9486879965364,25.0,40G6,0
16.931250000000006,55.73958333333334,38.0,77.95503327219194,560.5984490706726,25.0,40G6,0
17.07708333333332,55.73958333333334,39.0,81.20633318644363,573.8628254004395,25.0,40G7,0
17.222916666666663,55.73958333333334,28.0,85.29861837956682,582.9942128449268,25.0,40G7,0
17.368750000000006,55.73958333333334,25.0,90.11737577608673,592.1255699824491,25.0,40G7,0
17.51458333333332,55.73958333333334,32.0,95.55274008137715,601.2568867105412,25.0,40G7,0
17.660416666666663,55.73958333333334,55.0,101.50568435691956,609.1826254824659,25.0,40G7,0
17.806250000000006,55.73958333333334,61.0,102.6469214490486,617.1967354378569,25.0,40G7,0
17.95208333333332,55.73958333333334,61.0,101.99163655764161,625.4930422530374,25.0,40G7,0
18.097916666666663,55.73958333333334,66.0,102.17076749614066,633.981959382379,26.0,40G8,0
18.243750000000006,55.73958333333334,86.0,101.979341763452,642.6070966441846,26.0,40G8,0
18.38958333333332,55.73958333333334,100.0,102.20621521915959,651.3316091501124,26.0,40G8,0
18.535416666666663,55.73958333333334,106.0,103.26230134398222,660.1305835328621,26.0,40G8,0
18.681250000000006,55.73958333333334,102.0,105.12260720214846,668.9866517746917,26.0,40G8,0
18.82708333333332,55.73958333333334,84.0,107.74547661465124,684.9828254004395,26.0,40G8,0
18.972916666666663,55.73958333333334,85.0,111.07689225375354,692.769979453328,26.0,40G8,0
19.118750000000006,55.73958333333334,82.0,107.42967264768716,699.8454105891981,26.0,40G9,0
19.26458333333332,55.73958333333334,71.0,103.0722424790372,707.7499670231758,26.0,40G9,0
19.410416666666663,55.73958333333334,72.0,99.38282362456299,716.0869417964658,26.0,40G9,0
19.556250000000006,55.73958333333334,72.0,96.43813158612804,724.669976215875,26.0,40G9,0
19.70208333333332,55.73958333333334,74.0,91.31251061319622,733.4040950225269,26.0,40G9,0
19.847916666666663,55.73958333333334,74.0,82.18154747449304,742.2368622964472,26.0,40G9,0
19.993750000000006,55.73958333333334,68.0,73.05049341162156,751.1372854468125,26.0,40G9,0
20.13958333333332,55.73958333333334,67.0,63.91935852795619,760.0859842501286,26.0,40H0,0
20.285416666666663,55.73958333333334,61.0,54.78815292662285,769.0702626398165,26.0,40H0,0
20.431250000000006,55.73958333333334,51.0,45.65688671054137,778.0814747468199,26.0,40H0,0
20.57708333333332,55.73958333333334,45.0,36.52556998244903,787.1135375945755,26.0,40H0,0
20.722916666666663,55.73958333333334,43.0,27.39421284492673,798.3376717013928,26.0,40H0,0
20.868750000000006,55.73958333333334,39.0,18.26282540043961,806.7874798667914,26.0,40H0,0
21.01458333333332,55.73958333333334,21.0,9.131417751361237,815.5610401285738,26.0,40H1,3
10.222916666666663,55.82291666666666,6.0,9.111909796734773,199.48042536423523,22.0,40G0,0
10.368750000000006,55.82291666666666,1.0,12.990796725512267,196.9293117929498,22.0,40G0,0
10.51458333333332,55.82291666666666,16.0,12.990796725512267,195.27314937795114,22.0,40G0,0
10.660416666666663,55.82291666666666,11.0,9.268861880925863,194.56524977094747,22.0,40G0,0
10.806250000000006,55.82291666666666,27.0,12.990796725512267,194.57201999809098,22.0,40G0,0
10.95208333333332,55.82291666666666,21.0,9.268861880922325,194.8086328559929,22.0,40G0,0
11.097916666666663,55.82291666666666,18.0,9.268861880922325,196.00920923704308,22.0,40G1,0
11.243750000000006,55.82291666666666,11.0,9.111909796733084,198.1338521335073,22.0,40G1,0
11.82708333333332,55.82291666666666,6.0,9.111909796732986,214.37075184747033,21.0,40G1,0
12.70208333333332,55.82291666666666,22.0,9.111909796732986,265.501604632482,23.0,40G2,0
12.847916666666663,55.82291666666666,8.0,9.111909796734773,270.8033131968138,23.0,40G2,0
14.306250000000006,55.82291666666666,18.0,9.111909796734773,339.4728526820165,25.0,40G4,3
14.45208333333332,55.82291666666666,16.0,18.22380949280655,418.29087029552534,25.0,40G4,0
14.597916666666663,55.82291666666666,29.0,25.967879351442928,425.4174742121747,25.0,40G4,0
14.743750000000006,55.82291666666666,39.0,29.333943932653373,432.87916579844,25.0,40G4,0
14.88958333333332,55.82291666666666,46.0,33.35674279348379,440.6059968318363,25.0,40G4,0
15.035416666666663,55.82291666666666,42.0,38.10861986838802,448.5445907284579,25.0,40G5,0
15.181250000000006,55.82291666666666,47.0,37.08360243531431,457.4844794117057,25.0,40G5,0
15.32708333333332,55.82291666666666,54.0,37.08994390470684,464.9428973707486,25.0,40G5,0
15.472916666666663,55.82291666666666,48.0,37.09809562964542,473.37207065906546,25.0,40G5,0
15.618750000000006,55.82291666666666,34.0,37.88224970289704,482.125442970009,25.0,40G5,0
15.76458333333332,55.82291666666666,50.0,37.11982481068004,491.02041767251006,25.0,40G5,0
15.910416666666663,55.82291666666666,57.0,37.77922915630866,499.98893380346453,25.0,40G5,0
16.056250000000006,55.82291666666666,59.0,40.512811169065486,509.00029980331203,25.0,40G6,0
16.20208333333332,55.82291666666666,57.0,44.943671198326534,518.038736733374,25.0,40G6,0
16.347916666666663,55.82291666666666,55.0,50.628110827415846,527.0953266208701,25.0,40G6,0
16.493750000000006,55.82291666666666,55.0,57.193544442394185,536.1646560199318,25.0,40G6,0
16.63958333333332,55.82291666666666,50.0,63.38561940047782,545.2432503310359,25.0,40G6,0
16.785416666666663,55.82291666666666,42.0,66.59019143580446,554.3287772158725,25.0,40G6,0
16.931250000000006,55.82291666666666,43.0,69.18866226133117,563.4196123573778,25.0,40G6,0
17.07708333333332,55.82291666666666,45.0,72.82474898030146,573.8238094928066,25.0,40G7,0
17.222916666666663,55.82291666666666,33.0,77.35224964762689,582.9356889875276,25.0,40G7,0
17.368750000000006,55.82291666666666,35.0,82.62473802844436,592.0475381801447,25.0,40G7,0
17.51458333333332,55.82291666666666,41.0,88.5091561601741,601.1593469698139,25.0,40G7,0
17.660416666666663,55.82291666666666,56.0,94.89170774633422,610.271105255577,25.0,40G7,0
17.806250000000006,55.82291666666666,61.0,101.67860410233695,619.3828029363192,25.0,40G7,0
17.95208333333332,55.82291666666666,58.0,108.7941715667644,628.4944299107456,25.0,40G7,0
18.097916666666663,55.82291666666666,62.0,111.42147227426906,637.6059760773554,26.0,40G8,0
18.243750000000006,55.82291666666666,77.0,111.2463395855056,645.9167378759098,26.0,40G8,0
18.38958333333332,55.82291666666666,103.0,111.45390869687559,654.332046879507,26.0,40G8,0
18.535416666666663,55.82291666666666,107.0,112.42110298286444,662.8676964682903,26.0,40G8,0
18.681250000000006,55.82291666666666,104.0,114.12860736303071,671.4970674678653,26.0,40G8,0
18.82708333333332,55.82291666666666,101.0,116.54387987812332,684.9438094928066,26.0,40G8,0
18.972916666666663,55.82291666666666,84.0,119.62404737315758,694.0556889875276,26.0,40G8,0
19.118750000000006,55.82291666666666,83.0,115.49459720544912,703.1675381801447,26.0,40G9,0
19.26458333333332,55.82291666666666,65.0,111.46168578206455,712.2793469698139,26.0,40G9,0
19.410416666666663,55.82291666666666,63.0,108.06644291329677,720.2193949563355,26.0,40G9,0
19.556250000000006,55.82291666666666,63.0,99.6908807831582,728.2124699010158,26.0,40G9,0
19.70208333333332,55.82291666666666,69.0,91.11743133440226,736.4879650811787,26.0,40G9,0
19.847916666666663,55.82291666666666,68.0,82.00597607735556,744.9562815412887,26.0,40G9,0
19.993750000000006,55.82291666666666,58.0,72.89442991074559,753.5609966938404,26.0,40G9,0
20.13958333333332,55.82291666666666,60.0,63.782802936319385,762.2652329713717,26.0,40H0,0
20.285416666666663,55.82291666666666,48.0,54.67110525557703,771.0440491963626,26.0,40H0,0
20.431250000000006,55.82291666666666,42.0,45.55934696981406,779.8800549681728,26.0,40H0,0
20.57708333333332,55.82291666666666,42.0,36.447538180144605,788.7607941869544,26.0,40H0,0
20.722916666666663,55.82291666666666,39.0,27.335688987527497,803.8626101296298,26.0,40H0,0
20.868750000000006,55.82291666666666,32.0,18.22380949280655,810.9169730908174,26.0,40H0,0
21.01458333333332,55.82291666666666,17.0,9.111909796734674,818.8004375117765,26.0,40H1,3
10.368750000000006,55.90625,11.0,9.092382566807103,187.94361845557432,22.0,40G0,0
10.51458333333332,55.90625,21.0,9.092382566807103,186.09324744468347,22.0,40G0,0
10.660416666666663,55.90625,-0.0,0.0,185.29951171331615,22.0,40G0,3
10.806250000000006,55.90625,5.0,9.092382566807103,185.3071111595452,22.0,40G0,0
10.95208333333332,55.90625,26.0,9.092382566807103,185.5726030497716,22.0,40G0,0
11.243750000000006,55.90625,14.0,9.092382566807103,189.28388844297885,22.0,40G1,0
11.38958333333332,55.90625,11.0,9.092382566807103,192.58491046574065,22.0,40G1,0
11.681250000000006,55.90625,4.0,9.092382566807103,201.55157195524325,21.0,40G1,0
11.82708333333332,55.90625,10.0,9.092382566807103,206.99628326482264,21.0,40G1,0
12.556250000000006,55.90625,6.0,9.092382566805318,253.0232238288925,23.0,40G2,0
14.306250000000006,55.90625,4.0,9.092382566807103,335.2694000102122,25.0,40G4,3
14.45208333333332,55.90625,14.0,12.977115490952066,343.5736181952735,25.0,40G4,0
14.597916666666663,55.90625,21.0,18.53953610423864,431.23708166903396,25.0,40G4,0
14.743750000000006,55.90625,27.0,20.754133999515,438.27116208063563,25.0,40G4,0
14.88958333333332,55.90625,21.0,26.12250367861433,445.6122819041032,25.0,40G4,0
15.035416666666663,55.90625,32.0,29.16706439405695,453.2040014018589,25.0,40G5,0
15.181250000000006,55.90625,46.0,27.817434606535482,464.90810389713295,25.0,40G5,0
15.32708333333332,55.90625,44.0,27.825869765061302,470.47524334901055,25.0,40G5,0
15.472916666666663,55.90625,47.0,27.836711213005916,477.5085200904202,25.0,40G5,0
15.618750000000006,55.90625,49.0,28.871309059503627,485.37086951846766,25.0,40G5,0
15.76458333333332,55.90625,36.0,27.865601119263317,493.66628174193005,25.0,40G5,0
15.910416666666663,55.90625,45.0,28.736292792579615,502.2083390624503,25.0,40G5,0
16.056250000000006,55.90625,51.0,32.23868886652949,510.90192121804296,25.0,40G6,0
16.20208333333332,55.90625,50.0,37.64527039682715,519.6944732603189,25.0,40G6,0
16.347916666666663,55.90625,47.0,44.26367370773645,528.5549172896178,25.0,40G6,0
16.493750000000006,55.90625,50.0,50.40192981789688,537.4638133655877,25.0,40G6,0
16.63958333333332,55.90625,41.0,55.929099922126184,546.4084233428721,25.0,40G6,0
16.785416666666663,55.90625,38.0,57.59268951680314,555.380071223889,25.0,40G6,0
16.931250000000006,55.90625,43.0,60.57208563068762,564.3726520570682,25.0,40G6,0
17.07708333333332,55.90625,47.0,64.6857144996099,573.7847550347012,25.0,40G7,0
17.222916666666663,55.90625,45.0,69.73311903979895,582.8771073047444,25.0,40G7,0
17.368750000000006,55.90625,37.0,75.5273011404326,591.9694292779344,25.0,40G7,0
17.51458333333332,55.90625,42.0,81.90991318740436,601.0617108551784,25.0,40G7,0
17.660416666666663,55.90625,61.0,88.75407248387837,610.1539419372699,25.0,40G7,0
17.806250000000006,55.90625,61.0,95.96104683404222,619.2461124248471,25.0,40G7,0
17.95208333333332,55.90625,50.0,103.45501104149275,628.3382122183694,25.0,40G7,0
18.097916666666663,55.90625,52.0,111.17791643833029,637.4302312180918,26.0,40G8,0
18.243750000000006,55.90625,71.0,111.26888977454558,646.5221593240251,26.0,40G8,0
18.38958333333332,55.90625,101.0,111.87724833658778,655.6139864359104,26.0,40G8,0
18.535416666666663,55.90625,108.0,113.19599675543935,664.7057024531963,26.0,40G8,0
18.681250000000006,55.90625,111.0,115.20073548207338,673.797297274996,26.0,40G8,0
18.82708333333332,55.90625,120.0,117.85645489090089,684.9047550347012,26.0,40G8,0
18.972916666666663,55.90625,109.0,121.12033029408205,693.9971073047444,26.0,40G8,0
19.118750000000006,55.90625,101.0,122.81697072832605,703.0894292779344,26.0,40G9,0
19.26458333333332,55.90625,72.0,114.00856530373002,712.1817108551784,26.0,40G9,0
19.410416666666663,55.90625,53.0,105.24314287651994,721.2739419372699,26.0,40G9,0
19.556250000000006,55.90625,56.0,96.53245746050838,730.3661124248471,26.0,40G9,0
19.70208333333332,55.90625,62.0,87.89282938780714,739.4582122183695,26.0,40G9,0
19.847916666666663,55.90625,63.0,79.34751770798104,748.5502312180918,26.0,40G9,0
19.993750000000006,55.90625,58.0,70.93066359331945,756.8768262920619,26.0,40G9,0
20.13958333333332,55.90625,54.0,62.694070759634805,765.271447554028,26.0,40H0,0
20.285416666666663,55.90625,42.0,54.553941937269876,773.7865562725475,26.0,40H0,0
20.431250000000006,55.90625,37.0,45.46171085517854,782.3955140436739,26.0,40H0,0
20.57708333333332,55.90625,37.0,36.36942927793442,796.0247550347012,26.0,40H0,0
20.722916666666663,55.90625,32.0,27.277107304744394,805.1171073047446,26.0,40H0,0
20.868750000000006,55.90625,29.0,18.18475503470114,814.2094292779344,26.0,40H0,0
21.01458333333332,55.90625,8.0,9.092382566807006,823.3017108551785,26.0,40H1,3
10.368750000000006,55.98958333333334,13.0,9.072836102886223,179.0340762781589,22.0,40G0,0
10.51458333333332,55.98958333333334,24.0,12.977115490953311,176.93828428139074,22.0,40G0,0
10.660416666666663,55.98958333333334,13.0,9.268861880925156,176.03466553844814,22.0,40G0,0
10.806250000000006,55.98958333333334,18.0,12.977115490953311,176.0433307550171,22.0,40G0,0
10.95208333333332,55.98958333333334,22.0,12.977115490953311,176.3458880465734,22.0,40G0,0
11.097916666666663,55.98958333333334,20.0,9.268861880925156,177.87280429875113,22.0,40G1,0
11.243750000000006,55.98958333333334,11.0,12.977115490953311,180.54333328156406,21.0,40G1,0
11.38958333333332,55.98958333333334,16.0,12.977115490953311,184.23225484132865,21.0,40G1,0
11.535416666666663,55.98958333333334,14.0,9.268861880925156,188.7945926102104,21.0,40G1,0
11.681250000000006,55.98958333333334,11.0,12.977115490953311,194.08636491935286,21.0,40G1,0
11.82708333333332,55.98958333333334,6.0,9.072836102886223,199.97732445890858,21.0,40G1,0
12.70208333333332,55.98958333333334,29.0,9.072836102884443,251.19671931668026,23.0,40G2,0
14.45208333333332,55.98958333333334,3.0,9.072836102884443,338.8533338815189,25.0,40G4,3
14.597916666666663,55.98958333333334,10.0,9.27247824098706,437.5573300435329,25.0,40G4,3
14.743750000000006,55.98958333333334,20.0,13.145773782607924,444.17720701170083,25.0,40G4,0
14.88958333333332,55.98958333333334,23.0,18.539528296328655,451.13630211609245,25.0,40G4,0
15.035416666666663,55.98958333333334,33.0,20.518086533343205,462.6256621087393,25.0,40G5,0
15.181250000000006,55.98958333333334,34.0,18.553958253891278,470.44787935144416,25.0,40G5,0
15.32708333333332,55.98958333333334,43.0,18.566575266919497,477.4600519305725,25.0,40G5,0
15.472916666666663,55.98958333333334,46.0,18.582784553260325,483.4522603216061,25.0,40G5,0
15.618750000000006,55.98958333333334,42.0,20.096359064424377,490.2923210855169,25.0,40G5,0
15.76458333333332,55.98958333333334,30.0,18.625940352959933,497.8128304844805,25.0,40G5,0
15.910416666666663,55.98958333333334,30.0,19.90232194381412,505.76376536927177,25.0,40G5,0
16.056250000000006,55.98958333333334,35.0,24.68200719336929,513.9975660489572,25.0,40G6,0
16.20208333333332,55.98958333333334,41.0,31.404169859479094,522.4246104725354,25.0,40G6,0
16.347916666666663,55.98958333333334,38.0,37.43486390841341,530.9884118397084,25.0,40G6,0
16.493750000000006,55.98958333333334,48.0,44.005260246972114,539.6520273504614,25.0,40G6,0
16.63958333333332,55.98958333333334,37.0,46.72214163702573,548.390460146332,25.0,40G6,0
16.785416666666663,55.98958333333334,35.0,48.69707861142084,557.186274937167,25.0,40G6,0
16.931250000000006,55.98958333333334,40.0,52.17956428425187,566.026980132639,25.0,40G6,0
17.07708333333332,55.98958333333334,35.0,56.893420871383775,575.9932914777161,25.0,40G7,0
17.222916666666663,55.98958333333334,44.0,62.56090147928402,584.3811245865021,25.0,40G7,0
17.368750000000006,55.98958333333334,35.0,68.94721942670932,593.094053897231,25.0,40G7,0
17.51458333333332,55.98958333333334,40.0,75.87104585849384,601.949073397345,25.0,40G7,0
17.660416666666663,55.98958333333334,62.0,83.19826625125427,610.8779107067364,25.0,40G7,0
17.806250000000006,55.98958333333334,60.0,90.83128081856475,619.8497662566898,25.0,40G7,0
17.95208333333332,55.98958333333334,52.0,98.69913809499529,628.8488019787164,25.0,40G7,0
18.097916666666663,55.98958333333334,44.0,102.12751463300398,637.866065244981,26.0,40G8,0
18.243750000000006,55.98958333333334,59.0,102.00379400380795,646.896121089291,26.0,40G8,0
18.38958333333332,55.98958333333334,97.0,102.66564137983369,655.9354808923816,26.0,40G8,0
18.535416666666663,55.98958333333334,103.0,104.09807117263965,664.981802811896,26.0,40G8,0
18.681250000000006,55.98958333333334,115.0,106.26992125833789,674.0334558695191,26.0,40G8,0
18.82708333333332,55.98958333333334,120.0,109.13704729013592,684.8656621087393,26.0,40G8,0
18.972916666666663,55.98958333333334,118.0,112.6463600106932,693.9384679205015,26.0,40G8,0
19.118750000000006,55.98958333333334,117.0,116.73994457486022,703.0112434410511,26.0,40G9,0
19.26458333333332,55.98958333333334,79.0,111.99147957997225,712.0839785731761,26.0,40G9,0
19.410416666666663,55.98958333333334,69.0,103.07469483633906,721.1566632195522,26.0,40G9,0
19.556250000000006,55.98958333333334,50.0,94.18370668193229,730.2292872827006,26.0,40G9,0
19.70208333333332,55.98958333333334,53.0,85.32662531818855,739.3018406649649,26.0,40G9,0
19.847916666666663,55.98958333333334,61.0,76.51527271974155,748.3743132684853,26.0,40G9,0
19.993750000000006,55.98958333333334,57.0,67.7675355827663,757.4466949951602,26.0,40G9,0
20.13958333333332,55.98958333333334,48.0,59.111710995546304,766.5189757466198,26.0,40H0,0
20.285416666666663,55.98958333333334,37.0,50.595042757745446,775.5911454242037,26.0,40H0,0
20.431250000000006,55.98958333333334,31.0,42.30171357064864,784.6631939289184,26.0,40H0,0
20.57708333333332,55.98958333333334,26.0,34.39371557813481,795.9856621087393,26.0,40H0,0
20.722916666666663,55.98958333333334,31.0,27.209174145111596,805.0584679205017,26.0,40H0,0
20.868750000000006,55.98958333333334,21.0,18.14566210873928,814.1312434410511,26.0,40H0,0
21.01458333333332,55.98958333333334,10.0,9.072836102886123,823.2039785731763,26.0,40H1,3
10.393750000000011,56.07291666666666,15.0,9.311935215912712,169.73027524638164,22.0,41G0,0
10.543749999999989,56.07291666666666,34.0,13.131503548164206,167.49738738181173,22.0,41G0,0
10.693749999999994,56.07291666666666,26.0,9.268861880925156,166.73317128554743,22.0,41G0,0
10.84375,56.07291666666666,8.0,13.131503548164138,166.73317128554743,22.0,41G0,0
10.993750000000006,56.07291666666666,12.0,19.637849308039023,167.49738738181173,21.0,41G0,0
11.143750000000011,56.07291666666666,35.0,18.755745824631223,169.73027524638218,21.0,41G1,0
11.293749999999989,56.07291666666666,20.0,22.18297975333891,173.27373899543562,21.0,41G1,0
11.443749999999994,56.07291666666666,21.0,19.39511266700319,177.91952467499019,21.0,41G1,0
11.59375,56.07291666666666,19.0,18.88962023676464,183.45553205652274,21.0,41G1,0
11.743750000000006,56.07291666666666,19.0,16.99248082365488,189.69379791185798,21.0,41G1,0
11.893750000000011,56.07291666666666,14.0,10.493694696830937,196.48046854017758,21.0,41G1,0
12.043749999999989,56.07291666666666,11.0,9.311935215912712,203.69498328459403,21.0,41G2,0
12.643750000000011,56.07291666666666,25.0,9.268861880925156,242.9760582622095,23.0,41G2,0
14.743750000000006,56.07291666666666,4.0,9.268861880925156,450.51958639133744,25.0,41G4,3
14.893750000000011,56.07291666666666,36.0,9.268861880925156,457.6257737826079,25.0,41G4,3
15.043749999999989,56.07291666666666,31.0,13.13150354816295,465.3008948417549,25.0,41G5,0
15.193749999999994,56.07291666666666,31.0,9.268861880925156,473.9419322616801,25.0,41G5,3
15.34375,56.07291666666666,29.0,9.268861880925156,482.9026065198994,25.0,41G5,3
15.493750000000006,56.07291666666666,13.0,9.268861880925156,491.2672238544895,25.0,41G5,3
15.643750000000011,56.07291666666666,11.0,13.131503548162812,497.51866191344243,25.0,41G5,0
15.793749999999989,56.07291666666666,1.0,9.268861880925156,504.56290011260035,25.0,41G5,3
15.943749999999994,56.07291666666666,22.0,13.131503548164206,512.1684174519952,25.0,41G5,0
16.09375,56.07291666666666,37.0,20.736058262209472,520.1661678474037,25.0,41G6,0
16.243750000000006,56.07291666666666,36.0,26.24870347273676,528.4441109923855,25.0,41G6,0
16.39375000000001,56.07291666666666,25.0,33.47651330258376,536.9269763641062,25.0,41G6,0
16.54374999999999,56.07291666666666,53.0,37.075447523699204,545.5631513226452,25.0,41G6,0
16.693749999999994,56.07291666666666,37.0,38.217142782176126,554.3164429748255,25.0,41G6,0
16.84375,56.07291666666666,39.0,41.45398865324607,563.1609038219702,25.0,41G6,0
16.993750000000006,56.07291666666666,38.0,46.349078803221545,574.2238594465579,25.0,41G6,0
17.14375000000001,56.07291666666666,36.0,52.44005871709596,583.5357617066344,25.0,41G7,0
17.29374999999999,56.07291666666666,37.0,59.35990466415338,592.2578535275056,25.0,41G7,0
17.443749999999994,56.07291666666666,41.0,66.85169415464787,600.5570092964248,25.0,41G7,0
17.59375,56.07291666666666,42.0,74.74361155044879,609.1969495010233,25.0,41G7,0
17.743750000000006,56.07291666666666,64.0,82.92145896309334,618.0363287498496,25.0,41G7,0
17.89375000000001,56.07291666666666,60.0,91.30840908601384,627.001080594867,25.0,41G7,0
18.04374999999999,56.07291666666666,54.0,93.1451081123031,636.0492686851411,26.0,41G8,0
18.193749999999994,56.07291666666666,57.0,92.6886188092466,645.1555706927855,26.0,41G8,0
18.34375,56.07291666666666,77.0,93.1451081123031,654.3038664337159,26.0,41G8,0
18.493750000000006,56.07291666666666,105.0,94.5013443633814,663.4834358955717,26.0,41G8,0
18.64375000000001,56.07291666666666,100.0,96.71947894703797,672.6868856228419,26.0,41G8,0
18.79374999999999,56.07291666666666,118.0,99.74201576074427,685.2580692320812,26.0,41G8,0
18.943749999999994,56.07291666666666,123.0,103.49849060533012,693.7362708273316,26.0,41G8,0
19.09375,56.07291666666666,119.0,107.91226769197009,702.6350924786051,26.0,41G9,0
19.243750000000006,56.07291666666666,115.0,112.0033513009748,711.7055788648993,26.0,41G9,0
19.39375000000001,56.07291666666666,80.0,102.73700428997874,720.8614881975029,26.0,41G9,0
19.54374999999999,56.07291666666666,55.0,93.47744709625202,730.0657567982031,26.0,41G9,0
19.693749999999994,56.07291666666666,52.0,84.22697003263643,739.2999537617538,26.0,41G9,0
19.84375,56.07291666666666,59.0,74.98898526808482,748.5539121514464,26.0,41G9,0
19.993750000000006,56.07291666666666,58.0,65.76880989869403,757.8215731886114,26.0,41G9,0
20.14375000000001,56.07291666666666,45.0,56.57520608178684,767.0991039520654,26.0,41H0,0
20.29374999999999,56.07291666666666,33.0,47.423685935384576,776.3839613584939,26.0,41H0,0
20.443749999999994,56.07291666666666,28.0,38.34445181027504,785.6743911521658,26.0,41H0,0
20.59375,56.07291666666666,34.0,29.404601888685555,796.4638594465581,26.0,41H0,0
20.743750000000006,56.07291666666666,35.0,20.78484378935568,805.7757617066346,26.0,41H0,0
20.89375000000001,56.07291666666666,25.0,13.13150354816295,815.087631010773,26.0,41H0,0
21.04374999999999,56.07291666666666,10.0,9.268861880925156,824.3994563735006,26.0,41H1,3
10.243750000000006,56.15625,9.0,9.268861880925156,165.12359417849413,22.0,41G0,0
10.393750000000011,56.15625,4.0,13.117234771505178,161.01381379363806,22.0,41G0,0
10.543749999999989,56.15625,4.0,9.268861880925863,158.37668763040364,22.0,41G0,0
10.84375,56.15625,16.0,9.291790842175157,157.46430940462224,21.0,41G0,0
10.993750000000006,56.15625,23.0,18.58357070141186,158.37668763040364,21.0,41G0,0
11.143750000000011,56.15625,13.0,26.220167422356933,161.01381379363872,21.0,41G1,0
11.293749999999989,56.15625,19.0,30.353298703770847,165.12359417849413,21.0,41G1,0
11.443749999999994,56.15625,22.0,28.384134626076488,170.40051184874432,21.0,41G1,0
11.59375,56.15625,22.0,28.041902343444708,176.56281868344064,21.0,41G1,0
11.743750000000006,56.15625,25.0,23.36752523047601,183.3843399544618,21.0,41G1,0
11.893750000000011,56.15625,24.0,19.17813055364194,190.69569702689134,21.0,41G1,0
12.043749999999989,56.15625,18.0,13.131503548164206,198.37381038852843,21.0,41G2,0
12.193749999999994,56.15625,17.0,9.268861880925156,206.3299593154207,21.0,41G2,0
12.34375,56.15625,21.0,9.268861880925156,214.499937300021,23.0,41G2,0
12.493750000000006,56.15625,24.0,9.268861880925156,222.3395970787744,23.0,41G2,0
15.043749999999989,56.15625,9.0,9.268861880925863,470.75724256432363,25.0,41G5,3
15.643750000000011,56.15625,8.0,9.268861880925863,503.34615659290677,25.0,41G5,3
15.943749999999994,56.15625,5.0,9.268861880925863,517.610022756916,25.0,41G5,3
16.09375,56.15625,22.0,13.1172347715065,525.0541731822261,25.0,41G6,0
16.243750000000006,56.15625,34.0,20.748773042858037,532.8594008563116,25.0,41G6,0
16.39375000000001,56.15625,9.0,29.30838153451329,540.9380601019991,25.0,41G6,0
16.54374999999999,56.15625,42.0,27.806585642774053,549.2268708197707,25.0,41G6,0
16.693749999999994,56.15625,46.0,29.308381534513856,557.6796440448699,25.0,41G6,0
16.84375,56.15625,33.0,33.41116416155741,566.2622075915789,25.0,41G6,0
16.993750000000006,56.15625,25.0,39.30876457334112,576.3848437893573,25.0,41G6,0
17.14375000000001,56.15625,25.0,46.32060491248819,585.0046018886873,25.0,41G7,0
17.29374999999999,56.15625,18.0,54.01445588931012,593.944451810275,25.0,41G7,0
17.443749999999994,56.15625,27.0,62.13746316307505,603.0236859353844,25.0,41G7,0
17.59375,56.15625,42.0,70.5414956981394,612.1752060817887,25.0,41G7,0
17.743750000000006,56.15625,38.0,79.13703948462961,621.3280049192751,25.0,41G7,0
17.89375000000001,56.15625,58.0,85.42507566537707,629.8791781630428,25.0,41G7,0
18.04374999999999,56.15625,47.0,83.92557937558404,638.5963667352172,26.0,41G8,0
18.193749999999994,56.15625,47.0,83.41975692832145,647.4322705539083,26.0,41G8,0
18.34375,56.15625,74.0,83.92557937558404,656.3556256352012,26.0,41G8,0
18.493750000000006,56.15625,100.0,85.42507566537749,665.345065196938,26.0,41G8,0
18.64375000000001,56.15625,100.0,87.86738115764412,674.3855492355219,26.0,41G8,0
18.79374999999999,56.15625,102.0,91.17675258561161,685.30357070141,26.0,41G8,0
18.943749999999994,56.15625,124.0,95.26285397759777,694.5953285947359,26.0,41G8,0
19.09375,56.15625,125.0,100.03052756823614,703.8870535391112,26.0,41G9,0
19.243750000000006,56.15625,128.0,105.38729080786884,713.178734551395,26.0,41G9,0
19.39375000000001,56.15625,98.0,102.20728297404901,722.470360648312,26.0,41G9,0
19.54374999999999,56.15625,72.0,92.91609621018469,731.7619208464157,26.0,41G9,0
19.693749999999994,56.15625,53.0,83.62479961137042,740.9788744276665,26.0,41G9,0
19.84375,56.15625,57.0,74.33340416206325,750.0280437372206,26.0,41G9,0
19.993750000000006,56.15625,60.0,65.04192084641562,759.129264059552,26.0,41G9,0
20.14375000000001,56.15625,48.0,55.75036064831008,768.2685040864476,26.0,41H0,0
20.29374999999999,56.15625,37.0,46.45873455139517,777.4363112654324,26.0,41H0,0
20.443749999999994,56.15625,31.0,37.1670535391112,786.6260948996602,26.0,41H0,0
20.59375,56.15625,37.0,27.875328594735855,796.423570701412,26.0,41H0,0
20.743750000000006,56.15625,28.0,18.583570701409982,805.7153285947378,26.0,41H0,0
20.89375000000001,56.15625,19.0,9.291790842173482,815.007053539113,26.0,41H0,3
21.04374999999999,56.15625,-0.0,0.0,824.2987345513952,26.0,41H1,3
10.393750000000011,56.23958333333334,8.0,9.268861880922325,152.5379196715259,22.0,41G0,0
10.84375,56.23958333333334,29.0,9.268861880922325,148.19544752369637,21.0,41G0,0
10.993750000000006,56.23958333333334,21.0,13.102967578328924,149.32736480841683,21.0,41G0,0
11.143750000000011,56.23958333333334,20.0,20.712682805378773,152.5379196715267,21.0,41G1,0
11.293749999999989,56.23958333333334,19.0,29.28981033178151,157.3964694663867,21.0,41G1,0
11.443749999999994,56.23958333333334,22.0,37.509616855512306,163.44593399473445,21.0,41G1,0
11.59375,56.23958333333334,24.0,36.41513131136837,170.32233491682794,21.0,41G1,0
11.743750000000006,56.23958333333334,23.0,31.227574044755006,177.77018569033837,21.0,41G1,0
11.893750000000011,56.23958333333334,26.0,26.248703472735507,185.6182636676699,21.0,41G1,0
12.043749999999989,56.23958333333334,27.0,20.736058262209472,193.75258014926604,21.0,41G2,0
12.193749999999994,56.23958333333334,26.0,18.53772376185102,202.09635523368928,21.0,41G2,0
12.34375,56.23958333333334,25.0,18.53772376185102,209.23825870566202,21.0,41G2,0
12.493750000000006,56.23958333333334,15.0,9.271626812618292,216.31588224271763,23.0,41G2,0
12.793749999999989,56.23958333333334,6.0,9.268861880922325,231.3361988101224,23.0,41G2,0
16.09375,56.23958333333334,12.0,9.271626812618292,530.6647792414911,25.0,41G6,3
16.243750000000006,56.23958333333334,29.0,18.54324264476862,537.9876498761613,25.0,41G6,0
16.39375000000001,56.23958333333334,8.0,20.718009915761193,545.6416759387145,25.0,41G6,0
16.54374999999999,56.23958333333334,18.0,18.537723761848188,553.5571352533091,25.0,41G6,0
16.693749999999994,56.23958333333334,58.0,20.718009915761982,561.6810367536327,25.0,41G6,0
16.84375,56.23958333333334,47.0,26.191634664986175,574.1432426447686,25.0,41G6,0
16.993750000000006,56.23958333333334,38.0,33.37579000122264,581.8487034727366,25.0,41G6,0
17.14375000000001,56.23958333333334,31.0,41.38911449884387,589.0765133025837,25.0,41G7,0
17.29374999999999,56.23958333333334,26.0,49.83317374094362,597.133475630259,25.0,41G7,0
17.443749999999994,56.23958333333334,25.0,58.521781588513306,605.6204912177157,25.0,41G7,0
17.59375,56.23958333333334,28.0,67.36034052683075,614.3514518990422,25.0,41G7,0
17.743750000000006,56.23958333333334,38.0,76.29672070721145,623.2319139416328,25.0,41G7,0
17.89375000000001,56.23958333333334,47.0,76.39506627633915,632.2098706724345,25.0,41G7,0
18.04374999999999,56.23958333333334,43.0,74.71825791530901,641.2546349021377,26.0,41G8,0
18.193749999999994,56.23958333333334,39.0,74.15089504739558,650.34703916815,26.0,41G8,0
18.34375,56.23958333333334,50.0,74.71825791530901,659.198982793162,26.0,41G8,0
18.493750000000006,56.23958333333334,80.0,76.39506627633962,667.9429149286884,26.0,41G8,0
18.64375000000001,56.23958333333334,108.0,79.11079751220132,676.7712808504075,26.0,41G8,0
18.79374999999999,56.23958333333334,94.0,82.76323123617851,687.4687730428562,26.0,41G8,0
18.943749999999994,56.23958333333334,118.0,87.23477410756543,696.0672278353159,26.0,41G8,0
19.09375,56.23958333333334,126.0,92.40657314653386,704.9862306213766,26.0,41G9,0
19.243750000000006,56.23958333333334,129.0,98.16799300311308,714.0448624066942,26.0,41G9,0
19.39375000000001,56.23958333333334,118.0,101.98547919275462,723.1759181989333,26.0,41G9,0
19.54374999999999,56.23958333333334,93.0,92.71445632244847,732.3491415048962,26.0,41G9,0
19.693749999999994,56.23958333333334,64.0,83.44332364193704,741.5489906813991,26.0,41G9,0
19.84375,56.23958333333334,58.0,74.17209213319624,750.7666863060645,26.0,41G9,0
19.993750000000006,56.23958333333334,56.0,64.90077277789946,759.996900577034,26.0,41G9,0
20.14375000000001,56.23958333333334,50.0,55.629376557452076,769.2362143579403,26.0,41H0,0
20.29374999999999,56.23958333333334,40.0,46.35791445302706,778.4823326161779,26.0,41H0,0
20.443749999999994,56.23958333333334,32.0,37.08639744559064,787.7336569153572,26.0,41H0,0
20.59375,56.23958333333334,33.0,27.814836515947555,798.5887730428581,26.0,41H0,0
20.743750000000006,56.23958333333334,28.0,18.54324264476665,807.1872278353178,26.0,41H0,0
20.89375000000001,56.23958333333334,12.0,9.271626812616523,816.1062306213784,26.0,41H0,3
10.993750000000006,56.32291666666666,17.0,9.251443169896808,140.41563802714953,21.0,41G0,0
11.143750000000011,56.32291666666666,21.0,18.502875361937974,144.48642938027416,21.0,41G1,0
11.293749999999989,56.32291666666666,15.0,27.75428559823315,150.3431767881567,21.0,41G1,0
11.443749999999994,56.32291666666666,20.0,37.005662900830394,157.3114423560906,21.0,41G1,0
11.59375,56.32291666666666,21.0,43.888976146426536,164.96135051273373,21.0,41G1,0
11.743750000000006,56.32291666666666,19.0,39.35156634905945,173.04074764434282,21.0,41G1,0
11.893750000000011,56.32291666666666,28.0,33.433549746305204,181.40163903887054,21.0,41G1,0
12.043749999999989,56.32291666666666,31.0,29.3147627982854,189.4370652614795,21.0,41G2,0
12.193749999999994,56.32291666666666,32.0,27.806585642773346,196.1587296686169,21.0,41G2,0
12.34375,56.32291666666666,28.0,20.6765732810422,203.3074224173841,21.0,41G2,0
12.493750000000006,56.32291666666666,24.0,13.088702094738077,210.79127262804025,23.0,41G2,0
12.643750000000011,56.32291666666666,20.0,9.251443169894944,218.54022106804985,23.0,41G2,0
16.09375,56.32291666666666,9.0,9.251443169896808,535.9542837657749,25.0,41G6,3
16.243750000000006,56.32291666666666,24.0,13.088702094738077,543.7183907749084,25.0,41G6,0
16.39375000000001,56.32291666666666,8.0,13.088702094736833,550.9460762827179,25.0,41G6,0
16.54374999999999,56.32291666666666,1.0,9.268861880925863,558.4780129072716,25.0,41G6,3
16.693749999999994,56.32291666666666,50.0,13.088702094738077,566.2577279224197,25.0,41G6,0
16.84375,56.32291666666666,57.0,20.676573281042284,576.3126828053788,25.0,41G6,0
16.993750000000006,56.32291666666666,48.0,29.2323496093287,584.8898103317831,25.0,41G6,0
17.14375000000001,56.32291666666666,40.0,38.109589828277244,593.7879432085956,25.0,41G7,0
17.29374999999999,56.32291666666666,39.0,47.12695154559523,601.9851684895712,25.0,41G7,0
17.443749999999994,56.32291666666666,29.0,56.21701510413663,609.7009578443751,25.0,41G7,0
17.59375,56.32291666666666,29.0,65.34941506478748,617.8457344426217,25.0,41G7,0
17.743750000000006,56.32291666666666,48.0,70.48533494524662,626.2713012529681,25.0,41G7,0
17.89375000000001,56.32291666666666,34.0,67.42990347973378,634.8881607353917,25.0,41G7,0
18.04374999999999,56.32291666666666,38.0,65.5282896340844,643.640128217451,26.0,41G8,0
18.193749999999994,56.32291666666666,28.0,64.88203316647326,652.4905625990168,26.0,41G8,0
18.34375,56.32291666666666,32.0,65.5282896340844,661.4147225988916,26.0,41G8,0
18.493750000000006,56.32291666666666,61.0,67.4299034797343,670.3953779909439,26.0,41G8,0
18.64375000000001,56.32291666666666,103.0,70.48533494524732,685.2228753619379,26.0,41G8,0
18.79374999999999,56.32291666666666,104.0,74.55284304324087,692.9401674223557,26.0,41G8,0
18.943749999999994,56.32291666666666,108.0,79.47717253744607,700.1461592811885,26.0,41G8,0
19.09375,56.32291666666666,125.0,85.10970839923664,708.1813144533124,26.0,41G9,0
19.243750000000006,56.32291666666666,131.0,91.31947494050621,716.6468639590158,26.0,41G9,0
19.39375000000001,56.32291666666666,132.0,97.99677462893497,725.3566600770947,26.0,41G9,0
19.54374999999999,56.32291666666666,118.0,92.5126203264705,734.2161820944033,26.0,41G9,0
19.693749999999994,56.32291666666666,88.0,83.26167117104369,743.1733617819393,26.0,41G9,0
19.84375,56.32291666666666,74.0,74.01062321092758,752.1974683050228,26.0,41G9,0
19.993750000000006,56.32291666666666,67.0,64.75948742517465,761.2693038291512,26.0,41G9,0
20.14375000000001,56.32291666666666,56.0,55.5082747925713,770.3763002933571,26.0,41H0,0
20.29374999999999,56.32291666666666,41.0,46.25699629167312,779.509903110298,26.0,41H0,0
20.443749999999994,56.32291666666666,32.0,37.005662900830394,788.6640955824628,26.0,41H0,0
20.59375,56.32291666666666,34.0,27.754285598233057,804.060167422357,26.0,41H0,0
20.743750000000006,56.32291666666666,26.0,18.502875361936113,811.2661592811901,26.0,41H0,0
20.89375000000001,56.32291666666666,15.0,9.251443169895044,819.301314453314,26.0,41H0,3
21.04374999999999,56.32291666666666,-0.0,0.0,827.7668639590161,26.0,41H1,3
10.993750000000006,56.40625,14.0,9.231239956707247,131.8199896434937,21.0,41G0,0
11.143750000000011,56.40625,19.0,18.46246893831322,137.25458004047536,21.0,41G1,0
11.293749999999989,56.40625,21.0,27.693675969682154,144.39500709911445,21.0,41G1,0
11.443749999999994,56.40625,21.0,36.924850075617194,152.36459989627977,21.0,41G1,0
11.59375,56.40625,25.0,46.155980280817516,160.76560618567743,21.0,41G1,0
11.743750000000006,56.40625,25.0,46.34907880322054,169.41176646759513,21.0,41G1,0
11.893750000000011,56.40625,31.0,41.453988653245275,176.34889111704965,21.0,41G1,0
12.043749999999989,56.40625,33.0,36.92485007561895,183.10528157434,21.0,41G2,0
12.193749999999994,56.40625,29.0,27.693675969683817,190.35068509130087,21.0,41G2,0
12.34375,56.40625,29.0,18.46246893831322,197.9627607268439,21.0,41G2,0
12.493750000000006,56.40625,25.0,9.231239956707247,205.85312838642258,21.0,41G2,0
16.243750000000006,56.40625,20.0,9.231239956707247,548.2209417686083,25.0,41G6,3
16.39375000000001,56.40625,3.0,9.231239956705487,556.6009977774794,25.0,41G6,3
16.693749999999994,56.40625,24.0,9.231239956707247,576.2765732810408,25.0,41G6,3
16.84375,56.40625,58.0,18.462468938313314,581.7916346649862,25.0,41G6,0
16.993750000000006,56.40625,65.0,27.693675969683817,588.9757900012227,25.0,41G6,0
17.14375000000001,56.40625,41.0,36.92485007561895,596.9891144988438,25.0,41G7,0
17.29374999999999,56.40625,48.0,46.12684437361638,605.4331737409436,25.0,41G7,0
17.443749999999994,56.40625,45.0,53.75474823391241,614.1217815885134,25.0,41G7,0
17.59375,56.40625,38.0,61.81230463890159,622.451694154648,25.0,41G7,0
17.743750000000006,56.40625,49.0,62.04570210334126,630.3436115504488,25.0,41G7,0
17.89375000000001,56.40625,44.0,58.55937796971762,638.5214589630934,25.0,41G7,0
18.04374999999999,56.40625,40.0,56.364163286057945,646.908409086012,26.0,41G8,0
18.193749999999994,56.40625,24.0,55.613171285547395,655.4517510334825,26.0,41G8,0
18.34375,56.40625,29.0,56.364163286057945,664.114517291785,26.0,41G8,0
18.493750000000006,56.40625,34.0,58.559377969718234,672.8702087222415,26.0,41G8,0
18.64375000000001,56.40625,84.0,62.04570210334205,685.1824689383131,26.0,41G8,0
18.79374999999999,56.40625,111.0,66.62073322631272,694.4136759696821,26.0,41G8,0
18.943749999999994,56.40625,114.0,72.07743593414247,703.6448500756172,26.0,41G8,0
19.09375,56.40625,116.0,78.23151254439951,712.8759802808175,26.0,41G9,0
19.243750000000006,56.40625,130.0,84.93147840080302,720.73445588931,26.0,41G9,0
19.39375000000001,56.40625,135.0,91.21967057251952,728.8574631630751,26.0,41G9,0
19.54374999999999,56.40625,144.0,92.31058864923115,737.2614956981379,26.0,41G9,0
19.693749999999994,56.40625,126.0,83.07984258296989,745.8570394846278,26.0,41G9,0
19.84375,56.40625,97.0,73.84899773683686,754.5878748828997,26.0,41G9,0
19.993750000000006,56.40625,80.0,64.6180650871217,763.4173265135581,26.0,41G9,0
20.14375000000001,56.40625,73.0,55.38705560984982,772.3206242669714,26.0,41H0,0
20.29374999999999,56.40625,57.0,46.155980280817516,781.2805148683559,26.0,41H0,0
20.443749999999994,56.40625,35.0,36.924850075617194,796.3024689383114,26.0,41H0,0
20.59375,56.40625,30.0,27.693675969682058,805.5336759696821,26.0,41H0,0
20.743750000000006,56.40625,21.0,18.462468938311357,814.7648500756172,26.0,41H0,0
20.89375000000001,56.40625,13.0,9.231239956705487,823.9959802808174,26.0,41H0,3
10.243750000000006,56.48958333333334,-0.0,0.0,95.06762991822356,21.0,41G0,5
10.993750000000006,56.48958333333334,12.0,9.21101721578748,124.18017676270736,21.0,41G0,0
11.143750000000011,56.48958333333334,18.0,18.422023459370077,131.72429719327755,21.0,41G1,0
11.293749999999989,56.48958333333334,19.0,27.633007758508665,140.23729943781902,21.0,41G1,0
11.443749999999994,56.48958333333334,21.0,36.843959140903465,149.07268619523776,21.0,41G1,0
11.59375,56.48958333333334,26.0,46.05486663415147,157.18223592304412,21.0,41G1,0
11.743750000000006,56.48958333333334,29.0,54.03471974794943,163.27480517416834,21.0,41G1,0
11.893750000000011,56.48958333333334,32.0,47.02786478466652,170.08591844667743,21.0,41G1,0
12.043749999999989,56.48958333333334,29.0,38.0311707377307,177.46770670368056,21.0,41G2,0
12.193749999999994,56.48958333333334,39.0,29.17484590023116,185.24985375484465,21.0,41G2,0
12.34375,56.48958333333334,31.0,20.640444674963934,193.31869468305794,21.0,41G2,0
12.493750000000006,56.48958333333334,25.0,13.074438447228026,201.59752605299377,21.0,41G2,0
12.643750000000011,56.48958333333334,21.0,9.268861880925156,210.03360027101908,23.0,41G2,0
12.793749999999989,56.48958333333334,15.0,9.21101721578748,218.58985883685241,23.0,41G2,0
16.243750000000006,56.48958333333334,15.0,9.211017215787285,552.5927855516151,25.0,41G6,3
16.693749999999994,56.48958333333334,22.0,9.21101721578748,581.7631054532236,25.0,41G6,3
16.84375,56.48958333333334,66.0,18.422023459370173,588.9254058206616,25.0,41G6,0
16.993750000000006,56.48958333333334,70.0,26.106058680962388,594.8659679265372,25.0,41G6,0
17.14375000000001,56.48958333333334,59.0,33.2245941978352,601.8560293688727,25.0,41G7,0
17.29374999999999,56.48958333333334,53.0,41.17228607271704,609.5279199220996,25.0,41G7,0
17.443749999999994,56.48958333333334,55.0,49.55172973328742,617.6291340251965,25.0,41G7,0
17.59375,56.48958333333334,44.0,58.17663076857169,626.0116080777493,25.0,41G7,0
17.743750000000006,56.48958333333334,51.0,53.87929476605556,634.5858121746559,25.0,41G7,0
17.89375000000001,56.48958333333334,57.0,49.83405207399961,642.9907320927199,25.0,41G7,0
18.04374999999999,56.48958333333334,43.0,47.240920266304755,650.9687614472431,26.0,41G8,0
18.193749999999994,56.48958333333334,32.0,46.34430940462224,659.1604877458404,26.0,41G8,0
18.34375,56.48958333333334,19.0,47.240920266304755,667.5189627105814,26.0,41G8,0
18.493750000000006,56.48958333333334,22.0,49.83405207400031,676.0094302561661,26.0,41G8,0
18.64375000000001,56.48958333333334,57.0,53.879294766056454,687.3604446749639,26.0,41G8,0
18.79374999999999,56.48958333333334,87.0,59.079095406231964,695.8948459002295,26.0,41G8,0
18.943749999999994,56.48958333333334,132.0,65.157603259414,704.751170737729,26.0,41G8,0
19.09375,56.48958333333334,114.0,71.89225295035114,713.7478647846666,26.0,41G9,0
19.243750000000006,56.48958333333334,128.0,78.1459735210347,722.8174005282591,26.0,41G9,0
19.39375000000001,56.48958333333334,134.0,84.82422614489428,731.9293577240092,26.0,41G9,0
19.54374999999999,56.48958333333334,142.0,91.92894468665726,741.0681053594648,26.0,41G9,0
19.693749999999994,56.48958333333334,137.0,82.89783826236781,749.4970579222229,26.0,41G9,0
19.84375,56.48958333333334,116.0,73.687216052835,757.8624326249409,26.0,41G9,0
19.993750000000006,56.48958333333334,100.0,64.47650606291096,766.3843691701605,26.0,41G9,0
20.14375000000001,56.48958333333334,88.0,55.265719265718126,775.0258815181636,26.0,41H0,0
20.29374999999999,56.48958333333334,74.0,46.05486663415147,783.7604501083139,26.0,41H0,0
20.443749999999994,56.48958333333334,52.0,36.843959140903465,796.2620234593683,26.0,41H0,0
20.59375,56.48958333333334,34.0,27.63300775850857,805.4730077585086,26.0,41H0,0
20.743750000000006,56.48958333333334,22.0,18.42202345936822,814.6839591409035,26.0,41H0,0
20.89375000000001,56.48958333333334,15.0,9.211017215785724,823.8948666341513,26.0,41H0,3
21.04374999999999,56.48958333333334,-0.0,0.0,833.1057192657181,26.0,41H1,3
10.243750000000006,56.57291666666666,-0.0,0.0,87.02167757639774,21.0,42G0,5
10.393750000000011,56.57291666666666,6.0,9.190774989916681,92.11678855233205,21.0,42G0,5
10.543749999999989,56.57291666666666,10.0,9.268861880923033,97.79659347261399,21.0,42G0,0
10.693749999999994,56.57291666666666,5.0,9.268861880923033,103.96528297346833,21.0,42G0,0
10.84375,56.57291666666666,6.0,9.268861880923033,110.54101434357302,21.0,42G0,0
10.993750000000006,56.57291666666666,13.0,13.060176762707352,117.4554139820815,21.0,42G0,0
11.143750000000011,56.57291666666666,17.0,20.604297193277546,129.50153901066702,21.0,42G1,0
11.293749999999989,56.57291666666666,17.0,29.117299437819007,137.19754162971532,21.0,42G1,0
11.443749999999994,56.57291666666666,22.0,37.95268619523776,144.29416747971845,21.0,42G1,0
11.59375,56.57291666666666,31.0,46.92869085263546,150.21484023684374,21.0,42G1,0
11.743750000000006,56.57291666666666,33.0,55.97767769218444,157.11761750809774,21.0,42G1,0
11.893750000000011,56.57291666666666,31.0,49.45779209117133,164.7014473723953,21.0,42G1,0
12.043749999999989,56.57291666666666,23.0,41.099935120724396,172.7152512431373,21.0,42G2,0
12.193749999999994,56.57291666666666,48.0,33.17416747971991,181.0112499296574,21.0,42G2,0
12.34375,56.57291666666666,37.0,26.077541629716556,189.4998558485251,21.0,42G2,0
12.493750000000006,56.57291666666666,25.0,20.568131043136074,198.12467750496123,21.0,42G2,0
12.643750000000011,56.57291666666666,21.0,13.045917168490838,206.84886869508193,21.0,42G2,0
12.793749999999989,56.57291666666666,17.0,9.190774989916681,215.64751480437982,23.0,42G2,0
16.243750000000006,56.57291666666666,7.0,9.190774989916681,557.5568637755375,27.0,42G6,3
16.39375000000001,56.57291666666666,2.0,9.190774989914928,565.2583000585062,27.0,42G6,3
16.693749999999994,56.57291666666666,7.0,9.190774989916681,584.717299437819,27.0,42G6,3
16.84375,56.57291666666666,59.0,13.04591716849214,593.5526861952378,27.0,42G6,0
16.993750000000006,56.57291666666666,74.0,20.56813104313755,601.7914423560906,27.0,42G6,0
17.14375000000001,56.57291666666666,75.0,29.059710456486414,607.9259339947357,27.0,42G7,0
17.29374999999999,56.57291666666666,55.0,37.87413646006776,614.8023349168279,27.0,42G7,0
17.443749999999994,56.57291666666666,71.0,45.99761750809758,622.2501856903383,27.0,42G7,0
17.59375,56.57291666666666,58.0,52.097779809403086,630.0982636676699,27.0,42G7,0
17.743750000000006,56.57291666666666,54.0,46.13144488660958,638.2325801492676,27.0,42G7,0
17.89375000000001,56.57291666666666,60.0,41.345953575074304,646.5763552336908,27.0,42G7,0
18.04374999999999,56.57291666666666,50.0,38.18787342049166,655.0768622774691,28.0,42G8,0
18.193749999999994,56.57291666666666,26.0,37.075447523699204,663.5397444585373,28.0,42G8,0
18.34375,56.57291666666666,26.0,38.18787342049166,671.5660155907801,28.0,42G8,0
18.493750000000006,56.57291666666666,23.0,41.345953575075164,685.1015390106671,28.0,42G8,0
18.64375000000001,56.57291666666666,30.0,46.131444886610616,692.8545800404753,28.0,42G8,0
18.79374999999999,56.57291666666666,61.0,52.097779809403086,699.9950070991143,28.0,42G8,0
18.943749999999994,56.57291666666666,126.0,58.887099008074436,707.9645998962799,28.0,42G8,0
19.09375,56.57291666666666,139.0,65.08632713338335,716.3656061856775,28.0,42G9,0
19.243750000000006,56.57291666666666,129.0,71.79922102999107,725.0117664675951,28.0,42G9,0
19.39375000000001,56.57291666666666,130.0,79.00055870201025,733.8083301836282,28.0,42G9,0
19.54374999999999,56.57291666666666,141.0,86.56849989666651,742.7030440615731,28.0,42G9,0
19.693749999999994,56.57291666666666,145.0,82.71565859426097,751.6650456945342,28.0,42G9,0
19.84375,56.57291666666666,135.0,73.52527850116304,760.6750455475802,28.0,42G9,0
19.993750000000006,56.57291666666666,123.0,64.33481065200178,769.7204111213604,28.0,42G9,0
20.14375000000001,56.57291666666666,120.0,55.14426601685449,778.4368070076284,28.0,42H0,0
20.29374999999999,56.57291666666666,94.0,45.95365556557269,786.905807928777,28.0,42H0,0
20.443749999999994,56.57291666666666,72.0,36.762990267806806,798.4442971932759,28.0,42H0,0
20.59375,56.57291666666666,43.0,27.572281093050464,806.957299437819,28.0,42H0,0
20.743750000000006,56.57291666666666,33.0,18.38153901066514,815.7926861952378,28.0,42H0,0
20.89375000000001,56.57291666666666,17.0,9.190774989914928,824.7686908526352,28.0,42H0,3
10.393750000000011,56.65625,3.0,9.170513321915228,84.79519184180883,21.0,42G0,5
10.543749999999989,56.65625,9.0,18.34101567784306,90.92035962318887,21.0,42G0,0
10.693749999999994,56.65625,9.0,18.537723761848188,97.51085953016903,21.0,42G0,0
10.84375,56.65625,9.0,18.537723761848188,104.47864076552075,21.0,42G0,0
10.993750000000006,56.65625,12.0,20.690990248926603,111.7531250844392,21.0,42G0,0
11.143750000000011,56.65625,16.0,26.10605868096246,119.27817872996667,21.0,42G1,0
11.293749999999989,56.65625,19.0,33.224594197833824,131.65194643272014,21.0,42G1,0
11.443749999999994,56.65625,5.0,41.17228607271704,137.16902914257486,21.0,42G1,0
11.59375,56.65625,25.0,49.5517297332876,144.24372730932274,21.0,42G1,0
11.743750000000006,56.65625,39.0,53.49474994884219,152.1475474576858,21.0,42G1,0
11.893750000000011,56.65625,32.0,45.93298963464775,160.48379370711746,21.0,42G1,0
12.043749999999989,56.65625,29.0,37.795521792474624,169.0661054425992,21.0,42G2,0
12.193749999999994,56.65625,43.0,29.002079191682796,177.79950402572578,21.0,42G2,0
12.34375,56.65625,33.0,20.53194643272169,186.63155061588924,21.0,42G2,0
12.493750000000006,56.65625,22.0,13.03165979229693,195.5312502878162,21.0,42G2,0
12.643750000000011,56.65625,18.0,9.170513321913381,204.4792209269962,21.0,42G2,0
16.39375000000001,56.65625,9.0,9.170513321913479,576.2909902489266,27.0,42G6,3
16.84375,56.65625,41.0,9.170513321915228,596.7722860727171,27.0,42G6,3
16.993750000000006,56.65625,66.0,18.341015677844712,605.1517297332874,27.0,42G6,0
17.14375000000001,56.65625,75.0,26.04902914257602,613.7766307685717,27.0,42G7,0
17.29374999999999,56.65625,77.0,33.123727309322646,620.9714994666418,27.0,42G7,0
17.443749999999994,56.65625,76.0,41.02754745768562,627.771325844761,27.0,42G7,0
17.59375,56.65625,78.0,45.93298963464775,635.0607178929658,27.0,42G7,0
17.743750000000006,56.65625,60.0,39.05207495153921,642.7168406356361,27.0,42G7,0
17.89375000000001,56.65625,57.0,33.27711136739114,650.6510857679259,27.0,42G7,0
18.04374999999999,56.65625,49.0,29.27022871885918,658.7992914567196,28.0,42G8,0
18.193749999999994,56.65625,26.0,27.806585642774053,667.1145317276232,28.0,42G8,0
18.34375,56.65625,30.0,29.27022871885918,675.5620418860046,28.0,42G8,0
18.493750000000006,56.65625,24.0,33.2771113673922,687.2881310431377,28.0,42G8,0
18.64375000000001,56.65625,20.0,39.05207495154044,695.7797104564864,28.0,42G8,0
18.79374999999999,56.65625,54.0,45.93298963464775,704.5941364600677,28.0,42G8,0
18.943749999999994,56.65625,123.0,52.040764086523545,712.8468443736164,28.0,42G8,0
19.09375,56.65625,149.0,58.80827366293335,720.4747482339127,28.0,42G9,0
19.243750000000006,56.65625,139.0,66.14591832017605,728.5323046389017,28.0,42G9,0
19.39375000000001,56.65625,127.0,73.88399760341201,736.8715892317388,28.0,42G9,0
19.54374999999999,56.65625,135.0,81.90906923298512,745.4030420718439,28.0,42G9,0
19.693749999999994,56.65625,147.0,83.14271345480752,754.0703397940715,28.0,42G9,0
19.84375,56.65625,150.0,74.02676774163298,762.8367044020376,28.0,42G9,0
19.993750000000006,56.65625,139.0,64.92885657097196,771.6772791520962,28.0,42G9,0
20.14375000000001,56.65625,136.0,55.85784691607362,780.5747413536014,28.0,42H0,0
20.29374999999999,56.65625,109.0,46.82943003750058,796.181015677843,28.0,42H0,0
20.443749999999994,56.65625,70.0,37.87413646006776,803.9460586809612,28.0,42H0,0
20.59375,56.65625,52.0,29.059710456484755,811.0645941978338,28.0,42H0,0
20.743750000000006,56.65625,42.0,20.568131043135985,819.0122860727171,28.0,42H0,0
20.89375000000001,56.65625,25.0,13.045917168490908,827.3917297332874,28.0,42H0,0
21.04374999999999,56.65625,2.0,9.170513321915228,836.01663076857,28.0,42H1,3
10.393750000000011,56.73958333333334,4.0,9.150232254644639,77.88944632536293,21.0,42G0,5
10.543749999999989,56.73958333333334,9.0,18.3004535466249,84.50247252047386,21.0,42G0,0
10.693749999999994,56.73958333333334,13.0,27.450652913249872,91.54109259661139,21.0,42G0,0
10.84375,56.73958333333334,10.0,27.806585642774053,98.91446401543446,21.0,42G0,0
10.993750000000006,56.73958333333334,12.0,29.28292026716791,106.5530842642096,21.0,42G0,0
11.143750000000011,56.73958333333334,14.0,33.32174454333476,114.40380147871488,21.0,42G1,0
11.293749999999989,56.73958333333334,15.0,39.13761256076407,124.13740476224454,21.0,42G1,0
11.443749999999994,56.73958333333334,4.0,46.06223592304412,131.6157435712433,21.0,42G1,0
11.59375,56.73958333333334,5.0,53.66811366107165,140.06440587994143,21.0,42G1,0
11.743750000000006,56.73958333333334,9.0,48.899159036412854,148.8368424537078,21.0,42G1,0
11.893750000000011,56.73958333333334,34.0,40.95512350308324,157.75064891449796,21.0,42G1,0
12.043749999999989,56.73958333333334,34.0,33.073274052882056,166.73786282872447,21.0,42G2,0
12.193749999999994,56.73958333333334,39.0,26.02052147620744,175.76784249223257,21.0,42G2,0
12.34375,56.73958333333334,30.0,18.30045354662665,184.82483585473017,21.0,42G2,0
12.493750000000006,56.73958333333334,20.0,9.150232254644639,193.89994034149908,21.0,42G2,0
16.39375000000001,56.73958333333334,5.0,9.150232254642894,584.8829202671678,27.0,42G6,3
16.84375,56.73958333333334,23.0,9.150232254644639,601.6622359230441,27.0,42G6,3
16.993750000000006,56.73958333333334,60.0,13.017404762245624,609.2681136610715,27.0,42G6,0
17.14375000000001,56.73958333333334,88.0,20.495743571244763,617.3038056303233,27.0,42G7,0
17.29374999999999,56.73958333333334,83.0,28.94440587994132,625.6214593097835,27.0,42G7,0
17.443749999999994,56.73958333333334,81.0,37.71684245370762,634.0026309047414,27.0,42G7,0
17.59375,56.73958333333334,84.0,40.95512350308324,640.7459790463022,27.0,42G7,0
17.743750000000006,56.73958333333334,66.0,33.07327405288061,647.916631142286,27.0,42G7,0
17.89375000000001,56.73958333333334,53.0,26.020521476206216,655.4225144048052,27.0,42G7,0
18.04374999999999,56.73958333333334,40.0,20.664036058639,663.1934610713733,28.0,42G8,0
18.193749999999994,56.73958333333334,29.0,18.537723761848188,671.1759843316454,28.0,42G8,0
18.34375,56.73958333333334,45.0,20.664036058639,685.0204535466268,28.0,42G8,0
18.493750000000006,56.73958333333334,22.0,26.020521476207577,692.7975416297166,28.0,42G8,0
18.64375000000001,56.73958333333334,25.0,33.073274052882056,699.89416747972,28.0,42G8,0
18.79374999999999,56.73958333333334,73.0,39.009317090452676,707.8199351207229,28.0,42G8,0
18.943749999999994,56.73958333333334,116.0,45.86835281071616,716.1777920911713,28.0,42G8,0
19.09375,56.73958333333334,153.0,53.408021974158956,724.7814102695803,28.0,42G9,0
19.243750000000006,56.73958333333334,156.0,61.377978846654244,733.1685609068331,28.0,42G9,0
19.39375000000001,56.73958333333334,114.0,69.6305954377673,740.9727077586178,28.0,42G9,0
19.54374999999999,56.73958333333334,131.0,78.07625897816024,749.0633977010917,28.0,42G9,0
19.693749999999994,56.73958333333334,145.0,84.58933371091165,757.3639010860774,28.0,42G9,0
19.84375,56.73958333333334,155.0,75.66884486806454,765.8214769388358,28.0,42G9,0
19.993750000000006,56.73958333333334,148.0,66.81588683827854,774.399084621923,28.0,42G9,0
20.14375000000001,56.73958333333334,145.0,58.061410269578424,783.0701436878808,28.0,42H0,0
20.29374999999999,56.73958333333334,101.0,49.45779209117133,796.1404535466248,28.0,42H0,0
20.443749999999994,56.73958333333334,63.0,41.09993512072283,805.2906529132498,28.0,42H0,0
20.59375,56.73958333333334,51.0,33.174167479718456,814.440819391759,28.0,42H0,0
20.743750000000006,56.73958333333334,44.0,26.07754162971526,823.5909420192972,28.0,42H0,0
20.89375000000001,56.73958333333334,26.0,18.300453546625,831.5081136610715,28.0,42H0,0
21.04374999999999,56.73958333333334,8.0,9.150232254644639,839.5438056303217,28.0,42H1,3
10.393750000000011,56.82291666666666,6.0,9.129931831007474,71.52011326465147,21.0,42G0,5
10.543749999999989,56.82291666666666,11.0,18.259852702815973,78.65520897627157,21.0,42G0,0
10.693749999999994,56.82291666666666,12.0,27.389751656200215,86.1567860719202,21.0,42G0,0
10.84375,56.82291666666666,13.0,36.51961773186564,93.93705497810787,21.0,42G0,0
10.993750000000006,56.82291666666666,13.0,38.1927380891812,101.93218664417736,21.0,42G0,0
11.143750000000011,56.82291666666666,13.0,41.36392318795236,110.09534667286196,21.0,42G1,0
11.293749999999989,56.82291666666666,13.0,46.16767590624458,118.3917480314099,21.0,42G1,0
11.443749999999994,56.82291666666666,10.0,52.15480517416833,129.37985270281598,21.0,42G1,0
11.59375,56.82291666666666,18.0,49.49615849051942,138.50975165620022,21.0,42G1,0
11.743750000000006,56.82291666666666,37.0,42.278687076903,147.63961773186563,21.0,42G1,0
11.893750000000011,56.82291666666666,30.0,35.92628351007059,156.76943997042423,21.0,42G1,0
12.043749999999989,56.82291666666666,41.0,28.886690758892996,165.89920741235883,21.0,42G2,0
12.193749999999994,56.82291666666666,40.0,20.45952266897335,175.02890909799834,21.0,42G2,0
12.34375,56.82291666666666,24.0,13.00315220688114,184.15853406747522,21.0,42G2,0
12.493750000000006,56.82291666666666,14.0,9.129931831007474,193.2880713607013,21.0,42G2,0
16.54374999999999,56.82291666666666,16.0,9.129931831005731,596.9639231879515,27.0,42G6,3
16.993750000000006,56.82291666666666,44.0,9.12993183100728,614.5659184466774,27.0,42G6,3
17.14375000000001,56.82291666666666,78.0,18.25985270281762,621.947706703682,27.0,42G7,0
17.29374999999999,56.82291666666666,94.0,27.389751656200115,629.7298537548446,27.0,42G7,0
17.443749999999994,56.82291666666666,90.0,36.519617731865445,637.7986946830578,27.0,42G7,0
17.59375,56.82291666666666,84.0,37.63809870603956,646.0775260529937,27.0,42G7,0
17.743750000000006,56.82291666666666,84.0,28.886690758891344,653.7182587056634,27.0,42G7,0
17.89375000000001,56.82291666666666,60.0,20.459522668971797,660.7958822427191,27.0,42G7,0
18.04374999999999,56.82291666666666,25.0,13.003152206881209,668.1807419273117,28.0,42G8,0
18.193749999999994,56.82291666666666,25.0,9.268861880925863,675.8161988101239,28.0,42G8,3
18.34375,56.82291666666666,35.0,13.003152206881209,687.215743571245,28.0,42G8,0
18.493750000000006,56.82291666666666,45.0,20.45952266897352,695.6644058799432,28.0,42G8,0
18.64375000000001,56.82291666666666,29.0,25.992018888089113,704.4368424537095,28.0,42G8,0
18.79374999999999,56.82291666666666,85.0,33.02280807830323,712.7176175080978,28.0,42G8,0
18.943749999999994,56.82291666666666,137.0,40.88266367848683,720.3014473723954,28.0,42G8,0
19.09375,56.82291666666666,157.0,49.175616515349624,728.315251243139,28.0,42G9,0
19.243750000000006,56.82291666666666,149.0,57.71524470347182,736.611249929659,28.0,42G9,0
19.39375000000001,56.82291666666666,154.0,66.40641861096994,745.0998558485267,28.0,42G9,0
19.54374999999999,56.82291666666666,138.0,74.04760532523474,753.5627607268439,28.0,42G9,0
19.693749999999994,56.82291666666666,151.0,80.74283885346918,761.4531283864225,28.0,42G9,0
19.84375,56.82291666666666,161.0,78.37985584852508,769.5577177052677,28.0,42G9,0
19.993750000000006,56.82291666666666,155.0,69.8912499296573,777.8296266985838,28.0,42G9,0
20.14375000000001,56.82291666666666,155.0,61.595251243137184,786.2340830309163,28.0,42H0,0
20.29374999999999,56.82291666666666,99.0,53.58144737239538,796.0998527028158,28.0,42H0,0
20.443749999999994,56.82291666666666,57.0,45.64943997042432,805.2297516562002,28.0,42H0,0
20.59375,56.82291666666666,46.0,36.51961773186564,814.3596177318657,28.0,42H0,0
20.743750000000006,56.82291666666666,52.0,27.389751656200115,823.4894399704243,28.0,42H0,0
20.89375000000001,56.82291666666666,31.0,18.25985270281607,832.6192074123604,28.0,42H0,0
21.04374999999999,56.82291666666666,4.0,9.129931831007474,841.7489090979983,28.0,42H1,3
10.393750000000011,56.90625,6.0,9.109612093947215,65.84304683926892,21.0,42G0,5
10.543749999999989,56.90625,9.0,18.21921323230332,73.51485499642045,21.0,42G0,0
10.693749999999994,56.90625,9.0,27.32879245945112,81.474095169966,21.0,42G0,0
10.84375,56.90625,13.0,36.43833881970462,89.64420614739231,21.0,42G0,0
10.993750000000006,56.90625,10.0,37.160930384293835,97.97241290174298,21.0,42G0,0
11.143750000000011,56.90625,14.0,37.64953309020212,106.42157027585608,21.0,42G1,0
11.293749999999989,56.90625,14.0,40.230913239258186,114.96497791184984,21.0,42G1,0
11.443749999999994,56.90625,13.0,44.542686164032354,129.3392132323033,21.0,42G1,0
11.59375,56.90625,15.0,44.90630389357686,138.44879245945114,21.0,42G1,0
11.743750000000006,56.90625,31.0,36.819413190947486,147.55833881970463,21.0,42G1,0
11.893750000000011,56.90625,30.0,29.325521210216717,156.66784135728508,21.0,42G1,0
12.043749999999989,56.90625,40.0,23.01150881657201,165.7772891162856,21.0,42G2,0
12.193749999999994,56.90625,33.0,18.219213232304963,174.72813948185987,21.0,42G2,0
12.34375,56.90625,12.0,9.109612093947119,183.47105963426066,21.0,42G2,0
16.54374999999999,56.90625,13.0,9.109612093945476,605.4340520739996,27.0,42G6,3
16.693749999999994,56.90625,8.0,9.109612093947215,609.4792947660555,27.0,42G6,3
16.993750000000006,56.90625,28.0,9.109612093947023,620.7576032594139,27.0,42G6,3
17.14375000000001,56.90625,72.0,18.219213232304963,627.492252950351,27.0,42G7,0
17.29374999999999,56.90625,80.0,27.328792459451023,634.715633158891,27.0,42G7,0
17.443749999999994,56.90625,96.0,36.438338819704434,642.3056524535118,27.0,42G7,0
17.59375,56.90625,93.0,36.43833881970462,650.1740465447612,27.0,42G7,0
17.743750000000006,56.90625,92.0,27.328792459451023,658.2567918737017,27.0,42G7,0
17.89375000000001,56.90625,68.0,18.219213232303222,666.5069990938099,27.0,42G7,0
18.04374999999999,56.90625,32.0,9.109612093947215,673.6860089925948,28.0,42G8,3
18.34375,56.90625,23.0,9.109612093947215,692.7405214762076,28.0,42G8,3
18.493750000000006,56.90625,42.0,12.98890225513917,699.7932740528822,28.0,42G8,0
18.64375000000001,56.90625,44.0,20.423283937216766,707.6751235030848,28.0,42G8,0
18.79374999999999,56.90625,68.0,28.828934067248454,715.9897350311124,28.0,42G8,0
18.943749999999994,56.90625,136.0,37.5592908127484,724.5507167617861,28.0,42G8,0
19.09375,56.90625,160.0,46.43152373812462,732.9668255973135,28.0,42G9,0
19.243750000000006,56.90625,171.0,54.21058134617465,740.7269501048568,28.0,42G9,0
19.39375000000001,56.90625,167.0,61.14212924254881,748.7739182473815,28.0,42G9,0
19.54374999999999,56.90625,144.0,67.90093727624885,757.0310535363652,28.0,42G9,0
19.693749999999994,56.90625,163.0,73.4670093414175,765.4456021301687,28.0,42G9,0
19.84375,56.90625,168.0,79.67432478085816,773.966917061187,28.0,42G9,0
19.993750000000006,56.90625,163.0,73.54364804306513,781.9055984364119,28.0,42G9,0
20.14375000000001,56.90625,153.0,64.50714399746117,790.8431522068813,28.0,42H0,0
20.29374999999999,56.90625,108.0,55.49771016215952,798.2995226689719,28.0,42H0,0
20.443749999999994,56.90625,64.0,46.53112918724401,806.7266907588913,28.0,42H0,0
20.59375,56.90625,51.0,37.63809870603956,815.4780987060395,28.0,42H0,0
20.743750000000006,56.90625,55.0,28.886690758891344,824.3711291872442,28.0,42H0,0
20.89375000000001,56.90625,32.0,20.459522668971967,833.3377101621593,28.0,42H0,0
21.04374999999999,56.90625,23.0,13.003152206881209,842.3471439974612,28.0,42H1,0
21.193749999999994,56.90625,6.0,9.109612093947215,851.3836480430653,28.0,42H1,3
10.393750000000011,56.98958333333334,8.0,9.089273086448227,61.05167070582568,21.0,42G0,5
10.543749999999989,56.98958333333334,9.0,18.17853522105575,69.23903436825637,21.0,42G0,5
10.693749999999994,56.98958333333334,11.0,24.901418868192543,77.62010581289394,21.0,42G0,0
10.84375,56.98958333333334,12.0,30.11952905885694,86.13832703879099,21.0,42G0,0
10.993750000000006,56.98958333333334,8.0,27.920206999035347,94.75668215743106,21.0,42G0,0
11.143750000000011,56.98958333333334,8.0,28.565868669877787,103.45011153099131,21.0,42G1,0
11.293749999999989,56.98958333333334,11.0,31.88414239771816,112.20112897230807,21.0,42G1,0
11.443749999999994,56.98958333333334,11.0,37.16592579323095,120.99720241224044,21.0,42G1,0
11.59375,56.98958333333334,21.0,41.89395906205052,137.2801550980913,21.0,42G1,0
11.743750000000006,56.98958333333334,50.0,33.100954288537,145.91920685556016,21.0,42G1,0
11.893750000000011,56.98958333333334,28.0,24.517288142703404,154.7373153534301,21.0,42G1,0
12.043749999999989,56.98958333333334,48.0,16.473582519989783,163.64434275082388,21.0,42G2,0
12.193749999999994,56.98958333333334,31.0,10.320817553246535,172.60162176453056,21.0,42G2,0
12.34375,56.98958333333334,3.0,9.089273086448129,181.58995794094878,21.0,42G2,0
16.54374999999999,56.98958333333334,7.0,9.089273086446491,614.1466862704741,27.0,42G6,3
16.693749999999994,56.98958333333334,18.0,9.089273086448227,617.6187474450946,27.0,42G6,3
16.993750000000006,56.98958333333334,14.0,9.089273086448033,627.6129682534175,27.0,42G6,3
17.14375000000001,56.98958333333334,60.0,17.744957189530215,633.7459735210347,27.0,42G7,0
17.29374999999999,56.98958333333334,60.0,25.924473850900508,640.4242261448929,27.0,42G7,0
17.443749999999994,56.98958333333334,102.0,34.556187592287216,647.528944686657,27.0,42G7,0
17.59375,56.98958333333334,103.0,37.5592908127484,654.9686658327136,27.0,42G7,0
17.743750000000006,56.98958333333334,99.0,28.828934067248454,662.6735502098952,27.0,42G7,0
17.89375000000001,56.98958333333334,84.0,20.423283937215217,670.5902755157383,27.0,42G7,0
18.04374999999999,56.98958333333334,36.0,12.98890225513917,679.7089022551379,28.0,42G8,0
18.193749999999994,56.98958333333334,1.0,9.089273086448227,687.1432839372152,28.0,42G8,3
18.493750000000006,56.98958333333334,27.0,9.089273086448227,704.2792908127484,28.0,42G8,3
18.64375000000001,56.98958333333334,38.0,18.178535221057388,712.5883528107175,28.0,42G8,0
18.79374999999999,56.98958333333334,70.0,27.267775451955895,720.128021974159,28.0,42G8,0
18.943749999999994,56.98958333333334,125.0,35.08096921801822,728.0979788466544,28.0,42G8,0
19.09375,56.98958333333334,153.0,41.233894840641824,736.3505954377674,28.0,42G9,0
19.243750000000006,56.98958333333334,165.0,48.31054007117856,744.7962589781619,28.0,42G9,0
19.39375000000001,56.98958333333334,174.0,55.139629058855476,753.2884998966681,28.0,42G9,0
19.54374999999999,56.98958333333334,164.0,60.515394745012074,761.1348972721876,28.0,42G9,0
19.693749999999994,56.98958333333334,180.0,66.6874597790091,769.1957747979066,28.0,42G9,0
19.84375,56.98958333333334,182.0,73.45534536512905,777.4242562005951,28.0,42G9,0
19.993750000000006,56.98958333333334,177.0,75.196575418278,785.7855624978217,28.0,42G9,0
20.14375000000001,56.98958333333334,161.0,66.40641861096827,796.0185352210576,28.0,42H0,0
20.29374999999999,56.98958333333334,121.0,57.71524470347201,803.832018888088,28.0,42H0,0
20.443749999999994,56.98958333333334,84.0,49.175616515349624,810.8628080783033,28.0,42H0,0
20.59375,56.98958333333334,58.0,40.88266367848683,818.7226636784869,28.0,42H0,0
20.743750000000006,56.98958333333334,53.0,33.02280807830323,827.0156165153497,28.0,42H0,0
20.89375000000001,56.98958333333334,35.0,25.992018888088037,835.5552447034719,28.0,42H0,0
21.04374999999999,56.98958333333334,25.0,20.423283937216937,844.2464186109682,28.0,42H1,0
21.193749999999994,56.98958333333334,20.0,12.98890225513917,853.0365754182781,28.0,42H1,0
21.34375,56.98958333333334,4.0,9.089273086448033,861.8946313344201,28.0,42H1,3
23.443749999999994,56.98958333333334,-0.0,0.0,1031.1402894744301,,42H3,5
23.59375,56.98958333333334,7.0,9.089273086448227,1036.101346460704,,42H3,5
23.743750000000006,56.98958333333334,13.0,9.089273086448227,1042.4409452399793,,42H3,5
10.418749999999989,57.07291666666666,6.0,9.268861880925863,58.79750150844828,21.0,43G0,5
10.572916666666657,57.07291666666666,8.0,13.137521640742785,67.68634868421023,21.0,43G0,5
10.727083333333326,57.07291666666666,14.0,20.800049403211933,76.67261896748396,21.0,43G0,0
10.881249999999994,57.07291666666666,12.0,20.73968597175113,85.7256417718832,21.0,43G0,0
11.035416666666663,57.07291666666666,6.0,18.537723761851726,94.82626090893726,21.0,43G1,0
11.189583333333331,57.07291666666666,7.0,20.73968597175113,103.96193728375066,21.0,43G1,0
11.34375,57.07291666666666,10.0,26.260164661168716,113.12413673832572,21.0,43G1,0
11.497916666666669,57.07291666666666,43.0,33.442092517366554,129.76164620881616,21.0,43G1,0
11.652083333333337,57.07291666666666,36.0,33.496729658192855,139.08243959855787,21.0,43G1,0
11.806250000000006,57.07291666666666,62.0,26.260164661168716,148.40319733059985,21.0,43G1,0
11.960416666666674,57.07291666666666,54.0,18.64164620881615,157.52978916166447,21.0,43G1,0
12.114583333333343,57.07291666666666,36.0,9.320829047334211,165.25393401127295,21.0,43G2,0
16.585416666666674,57.07291666666666,2.0,9.320829047334211,623.740162245745,27.0,43G6,3
16.739583333333343,57.07291666666666,35.0,9.320829047334211,627.1712258530221,27.0,43G6,3
17.04791666666665,57.07291666666666,25.0,9.32082904733248,636.9055015607931,27.0,43G7,3
17.20208333333332,57.07291666666666,30.0,18.641646208814418,642.8889603438063,27.0,43G7,0
17.35624999999999,57.07291666666666,73.0,26.260164661168716,649.4328551128144,27.0,43G7,0
17.510416666666657,57.07291666666666,99.0,33.49672965819294,656.4280956879765,27.0,43G7,0
17.664583333333326,57.07291666666666,109.0,37.03777387413301,663.7871352877918,27.0,43G7,0
17.818749999999994,57.07291666666666,90.0,29.325521210216646,671.4406275406468,27.0,43G7,0
17.972916666666663,57.07291666666666,62.0,20.800049403211933,683.4026757569815,27.0,43G7,0
18.12708333333333,57.07291666666666,15.0,13.137521640742785,690.034235327809,27.0,43G8,0
18.28125,57.07291666666666,1.0,9.268861880925863,696.6362566158136,27.0,43G8,3
18.43541666666667,57.07291666666666,10.0,9.268861880925863,704.4154126707665,28.0,43G8,3
18.589583333333337,57.07291666666666,23.0,13.137521640742785,712.7790498239564,28.0,43G8,0
18.743750000000006,57.07291666666666,34.0,20.73968597175104,721.4598816798268,28.0,43G8,0
18.897916666666674,57.07291666666666,87.0,26.260164661168577,730.3281394818597,28.0,43G8,0
19.052083333333343,57.07291666666666,118.0,33.496729658192784,738.3048258434204,28.0,43G9,0
19.20625000000001,57.07291666666666,156.0,41.460510933894795,746.461118390685,28.0,43G9,0
19.36041666666665,57.07291666666666,176.0,46.36220185795282,754.8573587208665,28.0,43G9,0
19.51458333333332,57.07291666666666,169.0,52.460674674668155,763.431034779378,28.0,43G9,0
19.66874999999999,57.07291666666666,183.0,59.38835542263263,772.138824910375,28.0,43G9,0
19.822916666666657,57.07291666666666,207.0,66.88806254650673,780.4073286717448,28.0,43G9,0
19.977083333333326,57.07291666666666,188.0,74.7878732990724,788.6770637158909,28.0,43G9,0
20.131249999999994,57.07291666666666,182.0,70.19573268630734,797.5561550889977,28.0,43H0,0
20.285416666666663,57.07291666666666,139.0,61.72013982844655,806.1341025777689,28.0,43H0,0
20.43958333333333,57.07291666666666,107.0,53.537092816051576,815.076110040417,28.0,43H0,0
20.59375,57.07291666666666,88.0,45.80370754649438,823.6437075464944,28.0,43H0,0
20.74791666666667,57.07291666666666,56.0,38.78991520366561,831.3770928160516,28.0,43H0,0
20.902083333333337,57.07291666666666,24.0,32.55597575359713,839.5601398284466,28.0,43H0,0
21.056250000000006,57.07291666666666,25.0,25.43894851612682,848.0357326863074,28.0,43H1,0
21.210416666666674,57.07291666666666,20.0,19.49392576384747,856.7095777903617,28.0,43H1,0
21.364583333333343,57.07291666666666,15.0,12.125781426889985,865.5228222853754,28.0,43H1,0
23.368750000000006,57.07291666666666,12.0,9.320829047334211,1006.312945930259,,43H3,5
23.522916666666674,57.07291666666666,27.0,10.434203246902577,1026.3401646611687,,43H3,5
23.677083333333343,57.07291666666666,32.0,16.059110815738208,1033.576729658193,,43H3,5
23.83125000000001,57.07291666666666,29.0,10.011121171879378,1041.6424387346729,,43H3,5
23.98541666666665,57.07291666666666,8.0,9.320829047334211,1050.1380603047792,,43H3,5
10.572916666666657,57.15625,8.0,9.299885588688824,65.68241561325709,21.0,43G0,5
10.727083333333326,57.15625,17.0,18.599759295906814,74.89000026079624,21.0,43G0,0
10.881249999999994,57.15625,4.0,13.122680679991065,84.11541001900954,21.0,43G0,0
11.035416666666663,57.15625,3.0,9.268861880925863,93.35332028180835,21.0,43G1,0
11.189583333333331,57.15625,4.0,13.122680679991065,102.60031367963424,21.0,43G1,0
11.34375,57.15625,15.0,20.73029434570698,111.8540960874946,21.0,43G1,0
11.497916666666669,57.15625,33.0,26.230485451246256,121.11306943620016,21.0,43G1,0
11.652083333333337,57.15625,49.0,29.369128027577123,137.35048545124627,21.0,43G1,0
11.806250000000006,57.15625,23.0,20.76254198815394,144.5643667881242,21.0,43G1,0
11.960416666666674,57.15625,57.0,13.122680679991065,152.60740541555012,21.0,43G1,0
12.114583333333343,57.15625,16.0,9.268861880925863,161.08071152450907,21.0,43G2,0
16.585416666666674,57.15625,14.0,9.299885588688824,632.6116041169092,27.0,43G6,3
16.739583333333343,57.15625,37.0,13.137521640742785,635.656675289922,27.0,43G6,0
16.89375000000001,57.15625,27.0,9.268861880925863,639.6442531041981,27.0,43G6,3
17.04791666666665,57.15625,3.0,9.268861880925863,644.447507076611,27.0,43G7,3
17.20208333333332,57.15625,46.0,13.122680679991065,649.9419108772674,27.0,43G7,0
17.35624999999999,57.15625,73.0,20.76254198815394,656.0140492027116,27.0,43G7,0
17.510416666666657,57.15625,93.0,29.369128027577215,662.5655500767482,27.0,43G7,0
17.664583333333326,57.15625,112.0,37.19942353983445,669.5137047689839,27.0,43G7,0
17.818749999999994,57.15625,90.0,27.89960924014772,676.7902767777008,27.0,43G7,0
17.972916666666663,57.15625,59.0,18.599759295906814,687.5200494032119,27.0,43G7,0
18.12708333333333,57.15625,8.0,9.299885588688824,696.1487820648052,27.0,43G8,3
18.589583333333337,57.15625,9.0,9.268861880925863,717.1878469895313,28.0,43G8,3
18.743750000000006,57.15625,29.0,13.122680679990927,725.2012581254888,28.0,43G8,0
18.897916666666674,57.15625,55.0,20.76254198815377,733.5574285985767,28.0,43G8,0
19.052083333333343,57.15625,91.0,29.310560183226603,742.1424845275216,28.0,43G9,0
19.20625000000001,57.15625,134.0,33.41880754095261,750.8863784402022,28.0,43G9,0
19.36041666666665,57.15625,164.0,39.32337933119953,759.0620496748882,28.0,43G9,0
19.51458333333332,57.15625,164.0,46.34264915592407,767.2601823130325,28.0,43G9,0
19.66874999999999,57.15625,142.0,54.0439869191434,775.6442085866014,28.0,43G9,0
19.822916666666657,57.15625,224.0,62.174418967136496,784.1742892988831,28.0,43G9,0
19.977083333333326,57.15625,225.0,70.58579066326087,796.4397592959069,28.0,43G9,0
20.131249999999994,57.15625,216.0,74.29333264761442,803.2522427513948,28.0,43H0,0
20.285416666666663,57.15625,157.0,66.36221493869128,810.3467165752778,28.0,43H0,0
20.43958333333333,57.15625,115.0,58.84645395299034,818.3534821459473,28.0,43H0,0
20.59375,57.15625,94.0,51.92676362789758,826.8272017844919,28.0,43H0,0
20.74791666666667,57.15625,62.0,45.53907533320164,835.5625593960536,28.0,43H0,0
20.902083333333337,57.15625,30.0,38.57256085470107,844.2022149386913,28.0,43H0,0
21.056250000000006,57.15625,19.0,32.30010146470626,852.1333326476145,28.0,43H1,0
21.210416666666674,57.15625,33.0,25.24060264305162,860.3600980127791,28.0,43H1,0
21.364583333333343,57.15625,12.0,20.11548412208029,868.8022938565525,28.0,43H1,0
23.368750000000006,57.15625,27.0,9.299885588688824,1003.6005004139377,,43H3,5
23.522916666666674,57.15625,38.0,18.599759295906814,1020.842541988154,,43H3,5
23.677083333333343,57.15625,40.0,22.69899084062916,1029.4491280275772,,43H3,5
23.83125000000001,57.15625,38.0,18.91892725190332,1038.3760851142988,,43H3,5
23.98541666666665,57.15625,35.0,13.137521640742785,1046.422649155924,,43H3,5
24.13958333333332,57.15625,23.0,9.268861880925863,1054.1239869191436,,43H4,5
9.493750000000006,57.23958333333334,12.0,9.278922457102208,0.0,,43F9,5
10.572916666666657,57.23958333333334,6.0,9.278922457102208,64.95179208695805,21.0,43G0,0
10.727083333333326,57.23958333333334,17.0,18.557833037270022,74.23038198546769,21.0,43G0,0
10.881249999999994,57.23958333333334,3.0,9.278922457102208,83.5088768655492,21.0,43G0,0
11.189583333333331,57.23958333333334,4.0,9.268861880921618,102.06553405731155,21.0,43G1,0
11.34375,57.23958333333334,52.0,13.107842515631232,111.34367261160827,21.0,43G1,0
11.497916666666669,57.23958333333334,56.0,20.725016277919682,120.62166863263828,21.0,43G1,0
11.652083333333337,57.23958333333334,70.0,26.200811969327557,131.8450162779197,21.0,43G1,0
11.806250000000006,57.23958333333334,25.0,18.557833037270022,140.42943146457887,21.0,43G1,0
11.960416666666674,57.23958333333334,55.0,9.278922457102208,149.3346928995217,21.0,43G1,0
16.585416666666674,57.23958333333334,25.0,9.268861880921618,641.566944849559,27.0,43G6,3
16.739583333333343,57.23958333333334,34.0,13.107842515631232,644.2990667399757,27.0,43G6,0
16.89375000000001,57.23958333333334,27.0,9.278922457100485,647.9061132593713,27.0,43G6,3
17.20208333333332,57.23958333333334,35.0,9.278922457102208,657.3509135846216,27.0,43G7,3
17.35624999999999,57.23958333333334,69.0,18.557833037270022,662.9926202102293,27.0,43G7,0
17.510416666666657,57.23958333333334,85.0,27.836719863533897,669.1287100067249,27.0,43G7,0
17.664583333333326,57.23958333333334,110.0,37.11557105885397,675.6833914124998,27.0,43G7,0
17.818749999999994,57.23958333333334,89.0,27.836719863533897,687.4596859717512,27.0,43G7,0
17.972916666666663,57.23958333333334,36.0,18.557833037270022,692.9801646611687,27.0,43G7,0
18.12708333333333,57.23958333333334,4.0,9.278922457102208,700.216729658193,27.0,43G8,3
18.743750000000006,57.23958333333334,16.0,9.278922457102016,730.087817548398,28.0,43G8,3
18.897916666666674,57.23958333333334,47.0,18.53772376184748,737.8558325432674,28.0,43G8,0
19.052083333333343,57.23958333333334,80.0,20.720910901261284,745.9592955184781,28.0,43G9,0
19.20625000000001,57.23958333333334,119.0,26.20081196932762,754.3051125066427,28.0,43G9,0
19.36041666666665,57.23958333333334,147.0,33.39199127256807,762.8301321659509,28.0,43G9,0
19.51458333333332,57.23958333333334,144.0,41.4123357252369,771.4905811864065,28.0,43G9,0
19.66874999999999,57.23958333333334,151.0,49.86330191156679,779.8024811035275,28.0,43G9,0
19.822916666666657,57.23958333333334,214.0,58.55871503209308,788.0226334935217,28.0,43G9,0
19.977083333333326,57.23958333333334,232.0,67.40400136577264,798.6025419881539,28.0,43G9,0
20.131249999999994,57.23958333333334,235.0,76.34705000044174,807.2091280275772,28.0,43H0,0
20.285416666666663,57.23958333333334,182.0,71.9050121572873,816.1360851142986,28.0,43H0,0
20.43958333333333,57.23958333333334,141.0,65.04929367877115,823.3150298852746,28.0,43H0,0
20.59375,57.23958333333334,105.0,56.377300664980865,830.9876606230962,28.0,43H0,0
20.74791666666667,57.23958333333334,54.0,47.25974142912359,839.1157879739969,28.0,43H0,0
20.902083333333337,57.23958333333334,38.0,38.21469289952178,847.5402057446718,28.0,43H0,0
21.056250000000006,57.23958333333334,52.0,29.309431464578953,856.1653321921741,28.0,43H1,0
21.210416666666674,57.23958333333334,24.0,20.725016277919682,864.8488427641371,28.0,43H1,0
21.364583333333343,57.23958333333334,12.0,13.107842515631232,872.8758577988872,28.0,43H1,0
23.214583333333337,57.23958333333334,7.0,9.268861880925863,992.4679597352807,,43H3,5
23.368750000000006,57.23958333333334,33.0,13.122680679991065,1001.5876210787801,,43H3,5
23.522916666666674,57.23958333333334,40.0,20.76254198815394,1010.7278895009949,,43H3,5
23.677083333333343,57.23958333333334,42.0,29.369128027577215,1026.2808119693277,,43H3,5
23.83125000000001,57.23958333333334,42.0,26.26016466116749,1033.4719912725695,,43H3,5
23.98541666666665,57.23958333333334,40.0,20.73968597175113,1041.492335725237,,43H3,5
24.13958333333332,57.23958333333334,33.0,13.122680679991065,1049.9433019115668,,43H4,5
24.29374999999999,57.23958333333334,20.0,9.268861880925863,1058.6387150320932,,43H4,5
9.493750000000006,57.32291666666666,11.0,13.107842515631232,0.0,,43F9,5
9.647916666666674,57.32291666666666,4.0,9.257939696919765,9.257939696919765,,43F9,5
10.572916666666657,57.32291666666666,5.0,9.257939696919765,64.80491302843899,21.0,43G0,0
10.727083333333326,57.32291666666666,21.0,18.515867521596636,74.06252029816217,21.0,43G0,0
10.881249999999994,57.32291666666666,7.0,13.107842515631232,83.32003258701187,21.0,43G0,0
11.035416666666663,57.32291666666666,5.0,9.257939696919765,92.57743802148937,21.0,43G1,0
11.34375,57.32291666666666,42.0,9.257939696919765,111.0918808317281,21.0,43G1,0
11.497916666666669,57.32291666666666,56.0,18.515867521596636,120.34889445878268,21.0,43G1,0
11.652083333333337,57.32291666666666,63.0,20.68747249134645,129.63586752159665,21.0,43G1,0
11.806250000000006,57.32291666666666,39.0,13.093007282947413,138.89377160175275,21.0,43G1,0
11.960416666666674,57.32291666666666,32.0,9.268861880925863,148.15164006504074,21.0,43G1,0
12.114583333333343,57.32291666666666,13.0,9.257939696919765,157.40946103900828,21.0,43G2,0
16.739583333333343,57.32291666666666,26.0,9.257939696919765,653.0566566032549,27.0,43G6,3
16.89375000000001,57.32291666666666,20.0,9.257939696918045,656.3433469988139,27.0,43G6,3
17.20208333333332,57.32291666666666,21.0,9.257939696919765,665.0436814065777,27.0,43G7,3
17.35624999999999,57.32291666666666,55.0,18.515867521596636,670.2960570095137,27.0,43G7,0
17.510416666666657,57.32291666666666,86.0,27.773771601752845,676.0480060343484,27.0,43G7,0
17.664583333333326,57.32291666666666,100.0,33.33960349615321,687.4450162779198,27.0,43G7,0
17.818749999999994,57.32291666666666,103.0,26.171144486407478,692.9504854512463,27.0,43G7,0
17.972916666666663,57.32291666666666,48.0,18.515867521596636,700.1620925173667,27.0,43G7,0
18.12708333333333,57.32291666666666,10.0,9.257939696919765,706.0878940283675,27.0,43G8,3
18.743750000000006,57.32291666666666,13.0,9.257939696919575,735.8772331214894,28.0,43G8,3
18.897916666666674,57.32291666666666,28.0,9.268861880925863,743.0429312734682,28.0,43G8,3
19.052083333333343,57.32291666666666,61.0,13.093007282947413,750.6306510462279,28.0,43G9,0
19.20625000000001,57.32291666666666,100.0,20.687472491346536,758.5357897515509,28.0,43G9,0
19.36041666666665,57.32291666666666,134.0,29.249692622107986,766.683035224666,28.0,43G9,0
19.51458333333332,57.32291666666666,129.0,38.13323544654503,775.0177232991845,28.0,43G9,0
19.66874999999999,57.32291666666666,88.0,47.15682162784557,783.49968901234,28.0,43G9,0
19.822916666666657,57.32291666666666,206.0,56.25306310033868,796.3558675215967,28.0,43G9,0
19.977083333333326,57.32291666666666,231.0,65.391610029895,804.0704854512463,28.0,43G9,0
20.131249999999994,57.32291666666666,240.0,74.55686943924621,811.2843667881243,28.0,43H0,0
20.285416666666663,57.32291666666666,229.0,74.06252029816397,819.3274054155502,28.0,43H0,0
20.43958333333333,57.32291666666666,164.0,64.8049130284408,827.8007115245092,28.0,43H0,0
20.59375,57.32291666666666,97.0,55.54722265106374,836.3329261469806,28.0,43H0,0
20.74791666666667,57.32291666666666,60.0,46.28946103900838,843.7897527555391,28.0,43H0,0
20.902083333333337,57.32291666666666,63.0,37.03164006504082,851.6659704227735,28.0,43H0,0
21.056250000000006,57.32291666666666,66.0,27.773771601752845,859.8407856301404,28.0,43H1,0
21.210416666666674,57.32291666666666,52.0,18.515867521596636,868.2331865988929,28.0,43H1,0
21.364583333333343,57.32291666666666,13.0,9.257939696919765,876.7877869039792,28.0,43H1,3
23.214583333333337,57.32291666666666,11.0,9.257939696919765,991.100590704594,,43H3,5
23.368750000000006,57.32291666666666,40.0,18.515867521596636,1000.312251897796,,43H3,5
23.522916666666674,57.32291666666666,41.0,26.230485451246256,1009.529127841278,,43H3,5
23.677083333333343,57.32291666666666,43.0,33.44436678812426,1020.7674724913466,,43H3,5
23.83125000000001,57.32291666666666,44.0,33.44209251736559,1029.3296926221096,,43H3,5
23.98541666666665,57.32291666666666,42.0,26.230485451246256,1038.213235446545,,43H3,5
24.13958333333332,57.32291666666666,38.0,18.515867521596636,1047.2368216278458,,43H4,5
24.29374999999999,57.32291666666666,24.0,9.257939696919765,1056.3330631003387,,43H4,5
9.493750000000006,57.40625,19.0,18.47386283766052,0.0,,43F9,5
9.647916666666674,57.40625,14.0,9.236937352528388,9.236937352528388,,43F9,5
10.572916666666657,57.40625,9.0,9.236937352528388,64.65789688914495,21.0,43G0,0
10.727083333333326,57.40625,26.0,18.47386283766052,73.89450195021655,21.0,43G0,0
10.881249999999994,57.40625,15.0,20.687472491346536,83.13101206921043,21.0,43G0,0
11.035416666666663,57.40625,9.0,13.093007282947413,92.36741537748414,21.0,43G1,0
11.189583333333331,57.40625,13.0,9.268861880925863,101.60370000608383,21.0,43G1,0
11.34375,57.40625,37.0,13.093007282947413,110.83985408570936,21.0,43G1,0
11.497916666666669,57.40625,71.0,20.687472491346536,120.07586574668012,21.0,43G1,0
11.652083333333337,57.40625,50.0,18.473862837660423,129.59386283766054,21.0,43G1,0
11.806250000000006,57.40625,32.0,9.236937352528388,138.83076458796543,21.0,43G1,0
16.739583333333343,57.40625,14.0,9.236937352528388,661.90097688019,27.0,43G6,3
16.89375000000001,57.40625,43.0,13.0930072829462,664.9153545400761,27.0,43G6,0
17.04791666666665,57.40625,35.0,9.268861880925863,668.6251532863757,27.0,43G7,3
17.20208333333332,57.40625,19.0,13.093007282947413,672.9644286036261,27.0,43G7,0
17.35624999999999,57.40625,52.0,20.687472491346536,679.8130072829474,27.0,43G7,0
17.510416666666657,57.40625,77.0,29.249692622109617,687.4074724913465,27.0,43G7,0
17.664583333333326,57.40625,94.0,29.18991174761757,692.9208119693277,27.0,43G7,0
17.818749999999994,57.40625,104.0,20.649910848380298,700.1119912725696,27.0,43G7,0
17.972916666666663,57.40625,56.0,13.07817511765034,706.0433793312008,27.0,43G7,0
18.12708333333333,57.40625,7.0,9.236937352528388,713.0626491559254,27.0,43G8,3
19.052083333333343,57.40625,33.0,9.236937352528388,756.0225497198367,28.0,43G9,3
19.20625000000001,57.40625,79.0,18.47386283766052,763.4719571087444,28.0,43G9,0
19.36041666666665,57.40625,109.0,27.710764587963805,771.2181900868813,28.0,43G9,0
19.51458333333332,57.40625,119.0,36.94763073594158,779.1999048723497,28.0,43G9,0
19.66874999999999,57.40625,73.0,46.18444941398816,787.3703384114575,28.0,43G9,0
19.822916666666657,57.40625,178.0,55.42120875436114,798.5274724913465,28.0,43G9,0
19.977083333333326,57.40625,207.0,64.65789688914504,807.0896926221097,28.0,43G9,0
20.131249999999994,57.40625,223.0,73.89450195021665,815.9732354465468,28.0,43H0,0
20.285416666666663,57.40625,224.0,74.55686943924792,824.1826491559254,28.0,43H0,0
20.43958333333333,57.40625,190.0,65.39161002989671,831.883986919145,28.0,43H0,0
20.59375,57.40625,87.0,56.253063100340356,840.0144189671381,28.0,43H0,0
20.74791666666667,57.40625,60.0,47.15682162784725,848.4257906632625,28.0,43H0,0
20.902083333333337,57.40625,51.0,38.1332354465467,856.6704949777902,28.0,43H0,0
21.056250000000006,57.40625,65.0,29.249692622109617,864.357142890543,28.0,43H1,0
21.210416666666674,57.40625,70.0,20.687472491346536,872.3319979578722,28.0,43H1,0
21.364583333333343,57.40625,25.0,13.093007282947413,880.5278987336109,28.0,43H1,0
21.51875000000001,57.40625,10.0,9.236937352526672,888.8958794092887,28.0,43H1,3
23.06041666666667,57.40625,13.0,9.236937352528388,981.327415377484,,43H3,5
23.214583333333337,57.40625,34.0,13.093007282947413,990.5637000060839,,43H3,5
23.368750000000006,57.40625,44.0,20.687472491346536,999.7998540857094,,43H3,5
23.522916666666674,57.40625,43.0,29.249692622109617,1009.0358657466801,,43H3,5
23.677083333333343,57.40625,44.0,38.1332354465467,1018.5538628376606,,43H3,5
23.83125000000001,57.40625,44.0,36.94763073594158,1027.7907645879654,,43H3,5
23.98541666666665,57.40625,42.0,27.710764587965517,1037.0276307359416,,43H3,5
24.13958333333332,57.40625,40.0,18.47386283766052,1046.2644494139881,,43H4,5
24.29374999999999,57.40625,25.0,9.236937352528388,1055.5012087543612,,43H4,5
9.493750000000006,57.48958333333334,18.0,20.649910848380298,0.0,,43F9,5
9.647916666666674,57.48958333333334,17.0,13.07817511765034,9.215915468356425,,43F9,5
9.802083333333343,57.48958333333334,6.0,9.215915468356425,18.43181907431843,,43F9,5
10.572916666666657,57.48958333333334,4.0,9.215915468356425,64.51074398007825,21.0,43G0,0
10.727083333333326,57.48958333333334,30.0,18.43181907431843,73.72632729706338,21.0,43G0,0
10.881249999999994,57.48958333333334,36.0,26.171144486407478,82.94181571200815,21.0,43G0,0
11.035416666666663,57.48958333333334,38.0,20.711535728986874,92.15719736128169,21.0,43G1,0
11.189583333333331,57.48958333333334,22.0,18.537723761851726,101.37246038094406,21.0,43G1,0
11.34375,57.48958333333334,35.0,20.711535728986874,110.58759290671183,21.0,43G1,0
11.497916666666669,57.48958333333334,61.0,26.171144486407478,119.802583073924,21.0,43G1,0
11.652083333333337,57.48958333333334,49.0,18.431819074318334,129.55181907431842,21.0,43G1,0
11.806250000000006,57.48958333333334,29.0,9.215915468356425,138.76769895545718,21.0,43G1,0
16.739583333333343,57.48958333333334,10.0,9.215915468356425,670.8120555702077,27.0,43G6,3
16.89375000000001,57.48958333333334,44.0,18.43181907431843,673.5927661600858,27.0,43G6,0
17.04791666666665,57.48958333333334,74.0,18.537723761851726,677.0300656894168,27.0,43G7,0
17.20208333333332,57.48958333333334,83.0,20.711535728986874,685.2577237618517,27.0,43G7,0
17.35624999999999,57.48958333333334,94.0,26.171144486407478,687.4315357289869,27.0,43G7,0
17.510416666666657,57.48958333333334,44.0,33.33960349615321,692.8911444864076,27.0,43G7,0
17.664583333333326,57.48958333333334,103.0,27.64769895545726,700.0596034961533,27.0,43G7,0
17.818749999999994,57.48958333333334,98.0,18.43181907431843,705.998873429232,27.0,43G7,0
17.972916666666663,57.48958333333334,105.0,9.215915468356425,712.9955011368356,27.0,43G7,3
18.897916666666674,57.48958333333334,21.0,9.215915468356425,754.157370734741,28.0,43G8,3
19.052083333333343,57.48958333333334,35.0,13.07817511765034,762.0127596231025,28.0,43G9,0
19.20625000000001,57.48958333333334,61.0,20.649910848380298,769.0115333873372,28.0,43G9,0
19.36041666666665,57.48958333333334,77.0,29.18991174761594,776.3509603404652,28.0,43G9,0
19.51458333333332,57.48958333333334,106.0,38.05171302786707,783.9670514210535,28.0,43G9,0
19.66874999999999,57.48958333333334,77.0,47.053814961438285,796.2718190743185,28.0,43G9,0
19.822916666666657,57.48958333333334,150.0,56.12871743666859,804.0111444864076,28.0,43G9,0
19.977083333333326,57.48958333333334,162.0,65.24601369891593,811.1796034961533,28.0,43G9,0
20.131249999999994,57.48958333333334,179.0,74.39007969781231,819.177230102516,28.0,43H0,0
20.285416666666663,57.48958333333334,197.0,76.18406995080842,827.6058319353899,28.0,43H0,0
20.43958333333333,57.48958333333334,169.0,67.26266609926468,836.2791950837657,28.0,43H0,0
20.59375,57.48958333333334,108.0,58.43919508376569,844.6233107292694,28.0,43H0,0
20.74791666666667,57.48958333333334,53.0,49.76583193538989,852.5003465194912,28.0,43H0,0
20.902083333333337,57.48958333333334,51.0,41.33723010251594,860.663411159455,28.0,43H0,0
21.056250000000006,57.48958333333334,68.0,33.33960349615321,869.0356922133365,28.0,43H1,0
21.210416666666674,57.48958333333334,67.0,26.171144486407478,877.1292799000544,28.0,43H1,0
21.364583333333343,57.48958333333334,31.0,18.431819074316717,884.9416161660159,28.0,43H1,0
21.51875000000001,57.48958333333334,14.0,9.215915468354712,892.9716470979246,28.0,43H1,3
22.90625,57.48958333333334,17.0,9.215915468356425,972.5120874324464,,43H2,5
23.06041666666667,57.48958333333334,31.0,13.07817511765034,981.686678631931,,43H3,5
23.214583333333337,57.48958333333334,40.0,20.649910848380298,990.8704140159632,,43H3,5
23.368750000000006,57.48958333333334,41.0,26.171144486407478,1000.060984617501,,43H3,5
23.522916666666674,57.48958333333334,39.0,33.33960349615321,1009.2567819718191,,43H3,5
23.677083333333343,57.48958333333334,48.0,41.33723010251594,1018.5118190743185,,43H3,5
23.83125000000001,57.48958333333334,45.0,36.863543249273754,1027.7276989554573,,43H3,5
23.98541666666665,57.48958333333334,42.0,27.64769895545726,1036.9435432492737,,43H3,5
24.13958333333332,57.48958333333334,41.0,18.43181907431843,1046.1593400931708,,43H4,5
24.29374999999999,57.48958333333334,22.0,9.215915468356425,1055.375077624409,,43H4,5
9.493750000000006,57.57291666666666,20.0,26.141483274362827,0.0,,44F9,5
9.647916666666674,57.57291666666666,26.0,18.38973632050979,9.194874088873547,,44F9,5
9.802083333333343,57.57291666666666,18.0,9.194874088873547,18.38973632050979,,44F9,5
10.572916666666657,57.57291666666666,15.0,9.194874088873547,64.36345461253028,21.0,44G0,5
10.727083333333326,57.57291666666666,26.0,18.38973632050979,73.5579966944656,21.0,44G0,0
10.881249999999994,57.57291666666666,28.0,26.082180754925545,82.75244391564006,21.0,44G0,0
11.035416666666663,57.57291666666666,36.0,29.297304740482478,91.94678441758961,21.0,44G1,0
11.189583333333331,57.57291666666666,46.0,27.80658564277476,101.14100634154357,21.0,44G1,0
11.34375,57.57291666666666,51.0,26.082180754925545,110.33509782839045,21.0,44G1,0
11.497916666666669,57.57291666666666,72.0,20.683460751601757,119.52904701864408,,44G1,0
11.652083333333337,57.57291666666666,38.0,18.389736320509698,129.5097363205098,,44G1,0
11.806250000000006,57.57291666666666,15.0,9.194874088873547,138.70457483763727,,44G1,3
16.585416666666674,57.57291666666666,31.0,9.194874088873547,687.4221689194947,27.0,44G6,3
16.739583333333343,57.57291666666666,3.0,13.048520534333257,685.2577237618489,27.0,44G6,0
16.89375000000001,57.57291666666666,49.0,20.574734878735164,685.2577237618489,27.0,44G6,0
17.04791666666665,57.57291666666666,68.0,27.80658564277476,687.422168919494,27.0,44G7,0
17.20208333333332,57.57291666666666,88.0,29.297304740482478,692.8614832743616,27.0,44G7,0
17.35624999999999,57.57291666666666,122.0,33.37228201697522,696.0173047404826,27.0,44G7,0
17.510416666666657,57.57291666666666,99.0,37.97012591706484,700.0922820169752,27.0,44G7,0
17.664583333333326,57.57291666666666,100.0,29.13008908972407,705.9543767296218,27.0,44G7,0
17.818749999999994,57.57291666666666,103.0,20.612331570102313,712.9283456388722,27.0,44G7,0
17.972916666666663,57.57291666666666,99.0,13.063346155906496,719.0619919293545,27.0,44G7,0
18.12708333333333,57.57291666666666,73.0,9.194874088873547,725.9445051458368,27.0,44G8,3
18.897916666666674,57.57291666666666,27.0,9.194874088873547,759.3363759231263,28.0,44G8,3
19.052083333333343,57.57291666666666,35.0,18.38973632050979,766.8932865442009,28.0,44G9,0
19.20625000000001,57.57291666666666,51.0,26.082180754925545,774.7151658586131,28.0,44G9,0
19.36041666666665,57.57291666666666,77.0,33.18237047523938,782.0015493148068,28.0,44G9,0
19.51458333333332,57.57291666666666,103.0,41.11170206149695,790.9033461559064,28.0,44G9,0
19.66874999999999,57.57291666666666,80.0,49.473064557239894,798.4523315701024,28.0,44G9,0
19.822916666666657,57.57291666666666,129.0,58.08013435804615,806.9700890897242,28.0,44G9,0
19.977083333333326,57.57291666666666,142.0,66.25919935113285,815.8101259170649,28.0,44G9,0
20.131249999999994,57.57291666666666,153.0,74.02201438821656,824.0483456388722,28.0,44H0,0
20.285416666666663,57.57291666666666,167.0,78.87403954383812,831.7040029130476,28.0,44H0,0
20.43958333333333,57.57291666666666,156.0,70.31562783653709,839.7891015741036,28.0,44H0,0
20.59375,57.57291666666666,147.0,61.94910157410355,848.1556278365371,28.0,44H0,0
20.74791666666667,57.57291666666666,56.0,53.86400291304763,856.7140395438382,28.0,44H0,0
20.902083333333337,57.57291666666666,41.0,46.20834563887225,865.1350024905788,28.0,44H0,0
21.056250000000006,57.57291666666666,64.0,37.97012591706318,873.0977157789679,28.0,44H1,0
21.210416666666674,57.57291666666666,61.0,29.13008908972245,881.2742103416208,28.0,44H1,0
21.364583333333343,57.57291666666666,31.0,20.612331570100785,889.6175446071043,28.0,44H1,0
21.51875000000001,57.57291666666666,20.0,13.06334615590529,897.6272825092129,28.0,44H1,0
21.67291666666665,57.57291666666666,4.0,9.194874088873359,909.5723315701008,28.0,44H1,3
22.75208333333333,57.57291666666666,17.0,9.194874088873547,964.9809602511307,,44H2,5
22.90625,57.57291666666666,38.0,13.063346155906496,973.9479480691351,,44H2,5
23.06041666666667,57.57291666666666,42.0,20.612331570102313,982.9629042486696,,44H3,5
23.214583333333337,57.57291666666666,42.0,26.141483274362827,992.0132006267182,,44H3,5
23.368750000000006,57.57291666666666,43.0,33.28720384530767,1001.0902394111904,,44H3,5
23.522916666666674,57.57291666666666,38.0,39.23437672962178,1010.1879721940344,,44H3,5
23.677083333333343,57.57291666666666,53.0,45.97413329890433,1020.6923315701025,,44H3,5
23.83125000000001,57.57291666666666,45.0,36.779377782914985,1029.210089089724,,44H3,5
23.98541666666665,57.57291666666666,43.0,27.584574837637348,1038.0501259170633,,44H3,5
24.13958333333332,57.57291666666666,39.0,18.38973632050979,1047.0307217326254,,44H4,5
24.29374999999999,57.57291666666666,23.0,9.194874088873547,1056.084264009575,,44H4,5
9.493750000000006,57.65625,29.0,29.0702248982318,0.0,,44F9,5
9.647916666666674,57.65625,40.0,20.574734878735164,9.173813258590666,,44F9,5
9.802083333333343,57.65625,33.0,13.048520534333257,18.347614665256472,,44F9,5
9.956250000000011,57.65625,22.0,9.268861880924447,27.521392368038747,,44F9,5
10.110416666666652,57.65625,14.0,9.268861880924447,36.69513451490951,,44G0,5
10.26458333333332,57.65625,18.0,9.173813258590572,45.86882925374446,,44G0,5
10.572916666666657,57.65625,13.0,9.173813258590666,64.2160290980809,21.0,44G0,5
10.727083333333326,57.65625,23.0,13.033698389988006,73.3895104985157,21.0,44G0,0
10.881249999999994,57.65625,27.0,20.537120997644696,82.5628970807118,21.0,44G0,0
11.035416666666663,57.65625,32.0,29.010319424130977,91.73617699152734,,44G1,0
11.189583333333331,57.65625,40.0,29.010319424130977,100.90933837751611,,44G1,0
11.34375,57.65625,54.0,20.537120997644696,110.08236938489398,,44G1,0
11.497916666666669,57.65625,63.0,13.033698389988006,119.25525815950492,,44G1,0
11.652083333333337,57.65625,12.0,9.268861880925863,129.46761466525646,,44G1,3
11.806250000000006,57.65625,13.0,9.173813258590666,138.64139236803868,,44G1,3
16.739583333333343,57.65625,14.0,9.173813258590666,694.5265856427734,27.0,44G6,3
16.89375000000001,57.65625,26.0,18.347614665256472,694.5265856427734,27.0,44G6,0
17.04791666666665,57.65625,60.0,26.052539995769997,696.0106881507479,27.0,44G7,0
17.20208333333332,57.65625,92.0,33.12993753807011,700.0690419256192,27.0,44G7,0
17.35624999999999,57.65625,146.0,41.03645714216962,704.9236634123189,27.0,44G7,0
17.510416666666657,57.65625,116.0,41.186912826204654,708.1242597803013,27.0,44G7,0
17.664583333333326,57.65625,97.0,33.234792708302145,712.9689566014954,27.0,44G7,0
17.818749999999994,57.65625,98.0,26.111828605977323,719.0026690980213,27.0,44G7,0
17.972916666666663,57.65625,96.0,20.574734878735164,725.8625749423721,27.0,44G7,0
18.12708333333333,57.65625,104.0,13.048520534333257,732.1101324697174,27.0,44G8,0
18.28125,57.65625,53.0,9.173813258590666,738.9156211626979,27.0,44G8,3
18.897916666666674,57.65625,26.0,9.173813258590666,765.1177039244674,28.0,44G8,3
19.052083333333343,57.65625,35.0,13.033698389988006,772.2456933262459,28.0,44G9,0
19.20625000000001,57.65625,50.0,20.537120997644696,779.6811360082505,28.0,44G9,0
19.36041666666665,57.65625,74.0,29.010319424129364,787.3671660857358,28.0,44G9,0
19.51458333333332,57.65625,94.0,37.806758718840655,798.4147348787337,28.0,44G9,0
19.66874999999999,57.65625,100.0,45.93965963012968,803.9518286059774,28.0,44G9,0
19.822916666666657,57.65625,121.0,53.50369286084443,811.0747927083022,28.0,44G9,0
19.977083333333326,57.65625,127.0,61.4978373028616,819.0269128262047,28.0,44G9,0
20.131249999999994,57.65625,134.0,69.77437991346984,827.4107127828519,28.0,44H0,0
20.285416666666663,57.65625,144.0,78.24372062661705,836.0399042471425,28.0,44H0,0
20.43958333333333,57.65625,147.0,74.40515078993792,844.4137343068079,28.0,44H0,0
20.59375,57.65625,138.0,66.57373430680784,852.245150789938,28.0,44H0,0
20.74791666666667,57.65625,94.0,58.19990424714097,860.3629154818784,28.0,44H0,0
20.902083333333337,57.65625,65.0,49.5707127828503,868.6902663005615,28.0,44H0,0
21.056250000000006,57.65625,44.0,41.18691282620314,877.1744701093013,28.0,44H1,0
21.210416666666674,57.65625,48.0,33.23479270830073,885.6551786567097,28.0,44H1,0
21.364583333333343,57.65625,20.0,26.111828605976115,893.6656895912953,28.0,44H1,0
21.51875000000001,57.65625,34.0,20.574734878733473,907.3076146652566,28.0,44H1,0
21.67291666666665,57.65625,13.0,13.048520534333123,915.0718286059762,28.0,44H1,0
21.82708333333332,57.65625,15.0,9.268861880924447,922.1947927083006,28.0,44H1,3
21.98124999999999,57.65625,16.0,9.268861880924447,928.1498896408625,,44H1,3
22.135416666666657,57.65625,8.0,9.173813258590666,935.1011831988525,,44H2,3
22.597916666666663,57.65625,6.0,9.173813258590666,959.140430088835,,44H2,5
22.75208333333333,57.65625,26.0,13.048520534333257,967.6766103095367,,44H2,5
22.90625,57.65625,34.0,20.574734878735164,976.3485872163893,,44H2,5
23.06041666666667,57.65625,42.0,26.111828605977323,985.1195895099078,,44H3,5
23.214583333333337,57.65625,44.0,33.234792708302145,993.9647659794998,,44H3,5
23.368750000000006,57.65625,22.0,39.18988964086378,1002.8667981992303,,44H3,5
23.522916666666674,57.65625,50.0,46.14118319885395,1018.4276146652564,,44H3,5
23.677083333333343,57.65625,49.0,45.86882925374446,1026.1918286059772,,44H3,5
23.83125000000001,57.65625,43.0,36.69513451490951,1033.3147927083023,,44H3,5
23.98541666666665,57.65625,41.0,27.521392368038747,1041.2669128262032,,44H3,5
24.13958333333332,57.65625,37.0,18.347614665256472,1049.6507127828504,,44H4,5
24.29374999999999,57.65625,15.0,9.173813258590666,1058.279904247141,,44H4,5
9.493750000000006,57.73958333333334,35.0,33.182370475240795,0.0,,44F9,5
9.647916666666674,57.73958333333334,28.0,26.082180754925545,9.15273302205984,,44F9,5
9.802083333333343,57.73958333333334,44.0,20.683460751601757,18.30545419766265,,44F9,5
9.956250000000011,57.73958333333334,74.0,18.537723761850312,27.458151680317886,,44F9,5
10.110416666666652,57.73958333333334,82.0,18.537723761850312,36.61081362346619,,44G0,5
10.26458333333332,57.73958333333334,60.0,13.03369838998794,45.76342818045272,,44G0,5
10.418749999999989,57.73958333333334,58.0,9.15273302205984,54.91598350448326,,44G0,5
10.727083333333326,57.73958333333334,21.0,9.15273302205984,73.22086906563523,,44G0,5
10.881249999999994,57.73958333333334,35.0,18.30545419766265,82.37317560819919,,44G0,0
11.035416666666663,57.73958333333334,38.0,27.458151680317886,91.52537552862537,,44G1,0
11.189583333333331,57.73958333333334,44.0,27.458151680317886,100.6774569789476,,44G1,0
11.34375,57.73958333333334,95.0,18.30545419766265,109.82940811086434,,44G1,0
11.497916666666669,57.73958333333334,50.0,9.15273302205984,118.98121707570517,,44G1,3
16.739583333333343,57.73958333333334,12.0,9.15273302205984,703.7954475236993,27.0,44G6,3
16.89375000000001,57.73958333333334,29.0,13.018879860377268,703.7954475236993,27.0,44G6,0
17.04791666666665,57.73958333333334,63.0,20.499490151353264,704.9185930045438,27.0,44G7,0
17.20208333333332,57.73958333333334,99.0,28.950372919612903,708.105542968082,27.0,44G7,0
17.35624999999999,57.73958333333334,128.0,37.72497918405761,712.9312483979949,27.0,44G7,0
17.510416666666657,57.73958333333334,156.0,46.07401435596145,716.5872173529671,27.0,44G7,0
17.664583333333326,57.73958333333334,85.0,39.1454125727985,720.6682916260532,27.0,44G7,0
17.818749999999994,57.73958333333334,100.0,33.182370475240795,725.9109235992495,27.0,44G7,0
17.972916666666663,57.73958333333334,100.0,26.082180754925545,732.0359866433611,27.0,44G7,0
18.12708333333333,57.73958333333334,104.0,18.30545419766265,738.8189061162343,27.0,44G8,0
18.28125,57.73958333333334,103.0,9.15273302205984,745.1432600164904,27.0,44G8,3
19.052083333333343,57.73958333333334,20.0,9.15273302205984,778.1133132853772,28.0,44G9,3
19.20625000000001,57.73958333333334,45.0,18.30545419766265,785.1653122676377,28.0,44G9,0
19.36041666666665,57.73958333333334,62.0,26.022906603986264,798.3771209976431,28.0,44G9,0
19.51458333333332,57.73958333333334,88.0,33.077494290611014,803.9221807549244,28.0,44G9,0
19.66874999999999,57.73958333333334,97.0,40.96117851843807,811.0223704752394,28.0,44G9,0
19.822916666666657,57.73958333333334,125.0,49.27759320234887,816.9854125727985,28.0,44G9,0
19.977083333333326,57.73958333333334,98.0,57.8403481541917,823.9140143559615,28.0,44G9,0
20.131249999999994,57.73958333333334,139.0,66.55439456873792,831.5239032408332,28.0,44H0,0
20.285416666666663,57.73958333333334,136.0,75.36723594958882,839.5635725703365,28.0,44H0,0
20.43958333333333,57.73958333333334,129.0,78.55908025849001,847.8851557164119,28.0,44H0,0
20.59375,57.73958333333334,109.0,70.04515571641035,856.3990802584916,28.0,44H0,0
20.74791666666667,57.73958333333334,136.0,61.72357257033497,864.8501425767354,28.0,44H0,0
20.902083333333337,57.73958333333334,37.0,53.683903240831675,872.7672941780412,28.0,44H0,0
21.056250000000006,57.73958333333334,36.0,46.074014355960095,880.8985002377875,28.0,44H1,0
21.210416666666674,57.73958333333334,39.0,39.145412572797305,889.1968430223991,28.0,44H1,0
21.364583333333343,57.73958333333334,37.0,33.182370475239225,897.6275538580652,28.0,44H1,0
21.51875000000001,57.73958333333334,35.0,26.082180754924213,909.4971209976447,28.0,44H1,0
21.67291666666665,57.73958333333334,8.0,20.683460751601675,917.9703194241293,28.0,44H1,0
21.82708333333332,57.73958333333334,21.0,18.537723761850312,926.7667587188405,28.0,44H1,0
21.98124999999999,57.73958333333334,17.0,18.537723761850312,935.0340143559599,,44H1,0
22.135416666666657,57.73958333333334,27.0,13.033698389988006,941.1833593543788,,44H2,0
22.289583333333326,57.73958333333334,19.0,9.268861880925863,948.0206422700188,,44H2,5
22.443749999999994,57.73958333333334,5.0,9.268861880925863,955.4289112509762,,44H2,5
22.597916666666663,57.73958333333334,4.0,13.033698389988006,963.2374835182114,,44H2,5
22.75208333333333,57.73958333333334,41.0,20.537120997644696,971.3325620627022,,44H2,5
22.90625,57.73958333333334,41.0,26.082180754925545,979.6374111358668,,44H2,5
23.06041666666667,57.73958333333334,40.0,33.182370475240795,988.0992902569366,,44H3,5
23.214583333333337,57.73958333333334,19.0,39.1454125727985,996.6811615321872,,44H3,5
23.368750000000006,57.73958333333334,19.0,46.07401435596145,1005.3564477107343,,44H3,5
23.522916666666674,57.73958333333334,54.0,52.22335935438008,1018.3854541976626,,44H3,5
23.677083333333343,57.73958333333334,46.0,45.76342818045272,1027.538151680318,,44H3,5
23.83125000000001,57.73958333333334,41.0,36.61081362346619,1036.6908136234679,,44H3,5
23.98541666666665,57.73958333333334,41.0,27.458151680317886,1045.8434281804527,,44H3,5
24.13958333333332,57.73958333333334,34.0,18.30545419766265,1053.7639032408317,,44H4,5
24.29374999999999,57.73958333333334,10.0,9.15273302205984,1061.803572570335,,44H4,5
9.493750000000006,57.82291666666666,66.0,39.10094593660645,0.0,,44F9,5
9.647916666666674,57.82291666666666,39.0,33.302608227338794,9.13163342387418,,44F9,5
9.802083333333343,57.82291666666666,41.0,29.277477539811727,18.263255006914623,,44F9,5
9.956250000000011,57.82291666666666,50.0,27.806585642773346,27.39485290825433,,44F9,5
10.110416666666652,57.82291666666666,59.0,26.052539995771127,36.52641528695805,,44G0,5
10.26458333333332,57.82291666666666,75.0,20.499490151354696,45.65793030199583,,44G0,5
10.418749999999989,57.82291666666666,87.0,13.018879860377268,54.78938611219944,,44G0,5
10.572916666666657,57.82291666666666,103.0,9.268861880923033,63.920770876236304,,44G0,5
10.727083333333326,57.82291666666666,93.0,13.018879860377268,73.05207275257392,,44G0,5
10.881249999999994,57.82291666666666,69.0,20.49949015135478,82.18327989944707,,44G0,5
11.035416666666663,57.82291666666666,52.0,28.950372919614512,91.31438047482432,,44G1,5
11.189583333333331,57.82291666666666,51.0,28.950372919614512,100.44536263637487,,44G1,5
11.34375,57.82291666666666,70.0,20.49949015135478,109.57621454143529,,44G1,0
11.497916666666669,57.82291666666666,42.0,13.018879860377268,118.7069243469762,,44G1,0
11.652083333333337,57.82291666666666,8.0,9.131633423874085,129.38325500691462,,44G1,3
16.89375000000001,57.82291666666666,42.0,9.13163342387418,713.0643094046223,27.0,44G6,3
17.04791666666665,57.82291666666666,59.0,18.263255006912924,713.9655721048807,27.0,44G7,0
17.20208333333332,57.82291666666666,90.0,27.39485290825263,716.5716885972716,27.0,44G7,0
17.35624999999999,57.82291666666666,123.0,36.52641528695805,720.6359904401916,27.0,44G7,0
17.510416666666657,57.82291666666666,156.0,45.65793030199583,725.2946457329161,27.0,44G7,0
17.664583333333326,57.82291666666666,169.0,46.0068396517427,728.7981190539895,27.0,44G7,0
17.818749999999994,57.82291666666666,130.0,37.72497918405926,733.3943957769651,27.0,44G7,0
17.972916666666663,57.82291666666666,99.0,28.950372919614512,738.8749210445023,27.0,44G7,0
18.12708333333333,57.82291666666666,86.0,20.49949015135478,745.0542943838632,27.0,44G8,0
18.28125,57.82291666666666,105.0,13.018879860377268,751.7803162012964,27.0,44G8,0
18.43541666666667,57.82291666666666,60.0,9.13163342387418,758.1613395021357,27.0,44G8,3
19.052083333333343,57.82291666666666,7.0,9.13163342387418,784.4191173079452,28.0,44G9,3
19.20625000000001,57.82291666666666,26.0,13.004065083467898,798.5141195746708,28.0,44G9,0
19.36041666666665,57.82291666666666,41.0,20.461842565562023,803.89253999577,28.0,44G9,0
19.51458333333332,57.82291666666666,77.0,28.890385638092692,810.9699375380702,28.0,44G9,0
19.66874999999999,57.82291666666666,88.0,37.64313606244764,816.9409459366053,28.0,44G9,0
19.822916666666657,57.82291666666666,168.0,46.5374892830661,823.8468396517413,28.0,44G9,0
19.977083333333326,57.82291666666666,119.0,55.505379412071896,830.0040632457764,28.0,44G9,0
20.131249999999994,57.82291666666666,143.0,64.51611152588464,836.8187078132036,28.0,44H0,0
20.285416666666663,57.82291666666666,123.0,73.55390405865448,844.2040660044522,28.0,44H0,0
20.43958333333333,57.82291666666666,111.0,82.22213944327031,851.9897711010603,28.0,44H0,0
20.59375,57.82291666666666,106.0,74.14977110105895,860.0621394432719,28.0,44H0,0
20.74791666666667,57.82291666666666,103.0,66.36406600445076,868.3444623977612,28.0,44H0,0
20.902083333333337,57.82291666666666,76.0,58.97870781320219,876.7839925348625,28.0,44H0,0
21.056250000000006,57.82291666666666,68.0,52.164063245775175,885.2950301572646,28.0,44H1,0
21.210416666666674,57.82291666666666,64.0,46.006839651741195,893.2600177078322,28.0,44H1,0
21.364583333333343,57.82291666666666,69.0,39.10094593660513,907.2232550069147,28.0,44H1,0
21.51875000000001,57.82291666666666,51.0,33.30260822733775,915.0125399957712,28.0,44H1,0
21.67291666666665,57.82291666666666,28.0,29.277477539811667,922.0899375380702,28.0,44H1,0
21.82708333333332,57.82291666666666,14.0,25.99328085594615,929.9964571421694,28.0,44H1,0
21.98124999999999,57.82291666666666,6.0,20.65546348887017,938.3353578699227,,44H1,0
22.135416666666657,57.82291666666666,28.0,18.537723761851726,946.9202821585311,,44H2,0
22.289583333333326,57.82291666666666,30.0,18.537723761848895,954.201857518781,,44H2,0
22.443749999999994,57.82291666666666,29.0,18.537723761848895,960.9621929023153,,44H2,5
22.597916666666663,57.82291666666666,27.0,20.674119574670744,968.2115870737678,,44H2,5
22.75208333333333,57.82291666666666,30.0,26.05253999577119,975.8276529204616,,44H2,5
22.90625,57.82291666666666,39.0,33.12993753807152,983.7219884807463,,44H2,5
23.06041666666667,57.82291666666666,36.0,39.10094593660645,991.8305140500461,,44H3,5
23.214583333333337,57.82291666666666,2.0,46.0068396517427,1000.106324498967,,44H3,5
23.368750000000006,57.82291666666666,47.0,52.16406324577637,1008.5146472595076,,44H3,5
23.522916666666674,57.82291666666666,49.0,54.78938611219954,1020.5794901513549,,44H3,5
23.677083333333343,57.82291666666666,36.0,45.65793030199583,1029.0303729196146,,44H3,5
23.83125000000001,57.82291666666666,35.0,36.52641528695805,1037.8049791840594,,44H3,5
23.98541666666665,57.82291666666666,32.0,27.39485290825433,1046.7209257140828,,44H3,5
24.13958333333332,57.82291666666666,27.0,18.263255006914623,1055.7102605179273,,44H4,5
24.29374999999999,57.82291666666666,5.0,9.13163342387418,1064.7423467847439,,44H4,5
9.493750000000006,57.90625,145.0,46.13589452880894,0.0,,44F9,5
9.647916666666674,57.90625,97.0,41.34816079055397,9.110514508667748,,44F9,5
9.802083333333343,57.90625,70.0,38.18847097525722,18.22101718228055,,44F9,5
9.956250000000011,57.90625,63.0,37.075447523699204,27.33149618575047,,44F9,5
10.110416666666652,57.90625,63.0,33.07749429061234,36.441939683921866,,44G0,5
10.26458333333332,57.90625,80.0,26.022906603987387,45.55233584154517,,44G0,5
10.418749999999989,57.90625,98.0,20.6647871234771,54.66267282323366,,44G0,5
10.572916666666657,57.90625,114.0,18.537723761848895,63.77293879343756,,44G0,5
10.727083333333326,57.90625,155.0,20.6647871234771,72.88312191640883,,44G0,5
10.881249999999994,57.90625,138.0,26.02290660398745,81.99321035616853,,44G0,5
11.035416666666663,57.90625,84.0,33.07749429061242,91.10319227647373,,44G1,5
11.189583333333331,57.90625,69.0,28.830357834202708,100.21305584078456,,44G1,5
11.34375,57.90625,65.0,20.42417846713852,109.32278921223109,,44G1,5
11.497916666666669,57.90625,13.0,12.98925419766505,118.43238055358054,,44G1,5
11.652083333333337,57.90625,3.0,9.110514508667654,129.34101718228058,,44G1,5
16.585416666666674,57.90625,8.0,9.110514508667748,723.0846976423724,27.0,44G6,3
16.89375000000001,57.90625,34.0,9.110514508667748,722.3331712855481,27.0,44G6,3
17.04791666666665,57.90625,52.0,18.22101718227886,723.084697642372,27.0,44G7,0
17.20208333333332,57.90625,87.0,27.33149618574878,725.2814349641695,27.0,44G7,0
17.35624999999999,57.90625,119.0,36.441939683921866,728.7700692182706,27.0,44G7,0
17.510416666666657,57.90625,133.0,45.55233584154517,733.3479614023319,27.0,44G7,0
17.664583333333326,57.90625,165.0,49.27759320235044,737.2096451576565,27.0,44G7,0
17.818749999999994,57.90625,169.0,40.96117851843958,741.2800854014357,27.0,44G7,0
17.972916666666663,57.90625,100.0,33.07749429061242,746.2077835268707,27.0,44G7,0
18.12708333333333,57.90625,97.0,26.02290660398745,751.8439704189973,27.0,44G8,0
18.28125,57.90625,98.0,20.461842565563533,758.0575573043736,27.0,44G8,0
18.43541666666667,57.90625,96.0,13.004065083467898,764.7387694880533,27.0,44G8,0
18.589583333333337,57.90625,90.0,9.11051450866756,771.1643358255632,27.0,44G8,3
19.20625000000001,57.90625,11.0,9.110514508667748,807.1108836406279,28.0,44G9,3
19.36041666666665,57.90625,19.0,18.22101718227886,811.1194150787196,28.0,44G9,0
19.51458333333332,57.90625,58.0,27.33149618574878,816.8964901448164,28.0,44G9,0
19.66874999999999,57.90625,109.0,36.441939683921866,823.7796596301297,28.0,44G9,0
19.822916666666657,57.90625,162.0,45.55233584154517,829.9447813213552,28.0,44G9,0
19.977083333333326,57.90625,151.0,54.66267282323376,836.7367722592079,28.0,44G9,0
20.131249999999994,57.90625,136.0,63.772938793437646,843.0077457812918,28.0,44H0,0
20.285416666666663,57.90625,106.0,72.88312191640891,849.7454823483214,28.0,44H0,0
20.43958333333333,57.90625,105.0,81.99321035616862,856.9719846946684,28.0,44H0,0
20.59375,57.90625,97.0,79.13198469466703,864.5651248150991,28.0,44H0,0
20.74791666666667,57.90625,102.0,71.90548234832006,872.4366209471409,28.0,44H0,0
20.902083333333337,57.90625,82.0,65.16774578129055,880.5224419255659,28.0,44H0,0
21.056250000000006,57.90625,83.0,58.89677225920777,888.7756956885901,28.0,44H1,0
21.210416666666674,57.90625,76.0,52.104781321355105,897.1616060422089,28.0,44H1,0
21.364583333333343,57.90625,66.0,46.13589452880782,907.1810171822806,28.0,44H1,0
21.51875000000001,57.90625,60.0,37.5612296331343,916.2914961857505,28.0,44H1,0
21.67291666666665,57.90625,38.0,28.83035783420253,925.4019396839219,28.0,44H1,0
21.82708333333332,57.90625,20.0,20.42417846713852,934.512335841545,28.0,44H1,0
21.98124999999999,57.90625,5.0,12.98925419766505,942.4636928608444,,44H1,0
22.135416666666657,57.90625,11.0,9.268861880925863,950.4578373028614,,44H2,3
22.289583333333326,57.90625,21.0,12.98925419766505,958.7343799134698,,44H2,0
22.443749999999994,57.90625,27.0,20.42417846713852,967.2037206266169,,44H2,5
22.597916666666663,57.90625,29.0,28.830357834202708,973.9088155017387,,44H2,5
22.75208333333333,57.90625,29.0,33.27941507872046,981.0390701949925,,44H2,5
22.90625,57.90625,39.0,39.056490144817595,988.5044116320472,,44H2,5
23.06041666666667,57.90625,32.0,45.93965963013103,996.2348713326658,,44H3,5
23.214583333333337,57.90625,41.0,52.104781321356434,1004.1770616777774,,44H3,5
23.368750000000006,57.90625,47.0,55.9428658311351,1018.3010171822806,,44H3,5
23.522916666666674,57.90625,42.0,51.420173256504626,1026.1029066039873,,44H3,5
23.677083333333343,57.90625,35.0,45.55233584154517,1033.1574942906125,,44H3,5
23.83125000000001,57.90625,30.0,36.441939683921866,1041.0411785184394,,44H3,5
23.98541666666665,57.90625,25.0,27.33149618575047,1049.3575932023489,,44H3,5
24.13958333333332,57.90625,24.0,18.22101718228055,1057.9203481541917,,44H4,5
24.29374999999999,57.90625,10.0,9.110514508667748,1066.634394568738,,44H4,5
9.493750000000006,57.98958333333334,323.0,53.85146314500261,0.0,,44F9,5
9.647916666666674,57.98958333333334,201.0,49.82068055520073,9.089376321115475,,44F9,5
9.802083333333343,57.98958333333334,123.0,47.23739431492691,18.178740813110355,,44F9,5
9.956250000000011,57.98958333333334,100.0,45.872474837452856,27.26808164683132,,44F9,5
10.110416666666652,57.98958333333334,87.0,39.01204561130962,36.35738699305789,,44G0,5
10.26458333333332,57.98958333333334,91.0,33.25623803656409,45.44664502247645,,44G0,5
10.418749999999989,57.98958333333334,99.0,29.26429742693082,54.53584390563731,,44G0,5
10.572916666666657,57.98958333333334,131.0,27.80658564277476,63.62497181292907,,44G0,5
10.727083333333326,57.98958333333334,182.0,29.26429742693082,72.7140169145437,,44G0,5
10.881249999999994,57.98958333333334,193.0,33.25623803656414,81.80296738044416,,44G0,5
11.035416666666663,57.98958333333334,118.0,34.87725361352412,90.89181138033152,,44G1,5
11.189583333333331,57.98958333333334,104.0,27.26808164683132,99.98053708361228,,44G1,5
11.34375,57.98958333333334,42.0,18.178740813110355,109.0691326593657,,44G1,5
11.497916666666669,57.98958333333334,13.0,9.089376321115475,118.15758627631106,,44G1,5
16.739583333333343,57.98958333333334,10.0,9.089376321115475,731.602033166474,27.0,44G6,3
16.89375000000001,57.98958333333334,26.0,11.537535587056311,731.602033166474,27.0,44G6,0
17.04791666666665,57.98958333333334,52.0,18.446938519861,732.2458550338802,27.0,44G7,0
17.20208333333332,57.98958333333334,72.0,26.6891737449497,734.1404389925503,27.0,44G7,0
17.35624999999999,57.98958333333334,97.0,35.34374276044266,737.1849606047357,27.0,44G7,0
17.510416666666657,57.98958333333334,124.0,44.16889419943074,741.2385932751413,27.0,44G7,0
17.664583333333326,57.98958333333334,135.0,53.07957730015074,745.8130451864797,27.0,44G7,0
17.818749999999994,57.98958333333334,171.0,45.87247483745427,749.4530604114751,27.0,44G7,0
17.972916666666663,57.98958333333334,192.0,39.01204561130968,753.9100419107092,27.0,44G7,0
18.12708333333333,57.98958333333334,78.0,33.025041128553774,759.0657538435825,27.0,44G8,0
18.28125,57.98958333333334,108.0,25.99328085594615,764.8100557393994,27.0,44G8,0
18.43541666666667,57.98958333333334,99.0,20.42417846713835,771.0457403564961,27.0,44G8,0
18.589583333333337,57.98958333333334,105.0,12.989254197664918,777.6899730898062,27.0,44G8,0
18.743750000000006,57.98958333333334,109.0,9.268861880925863,784.1522138522676,27.0,44G8,3
18.897916666666674,57.98958333333334,111.0,9.268861880925863,796.0187408131102,27.0,44G8,3
19.052083333333343,57.98958333333334,92.0,9.268861880925863,805.1080816468311,28.0,44G9,3
19.20625000000001,57.98958333333334,5.0,12.98925419766505,814.1973869930595,28.0,44G9,0
19.36041666666665,57.98958333333334,8.0,20.424178467137015,819.169495788375,28.0,44G9,0
19.51458333333332,57.98958333333334,45.0,28.83035783420111,823.9382496039991,28.0,44G9,0
19.66874999999999,57.98958333333334,142.0,37.56122963313449,829.8855141320531,28.0,44G9,0
19.822916666666657,57.98958333333334,180.0,46.43396781847516,836.6548362981864,28.0,44G9,0
19.977083333333326,57.98958333333334,168.0,55.38039223504649,842.9336521184377,28.0,44G9,0
20.131249999999994,57.98958333333334,132.0,64.3697496049987,849.6487752849496,28.0,44H0,0
20.285416666666663,57.98958333333334,118.0,73.38622642380162,855.996425302833,28.0,44H0,0
20.43958333333333,57.98958333333334,101.0,82.42088374503805,862.6773218661743,28.0,44H0,0
20.59375,57.98958333333334,98.0,84.83732186617293,869.7847131144556,28.0,44H0,0
20.74791666666667,57.98958333333334,95.0,78.15642530283178,877.2271097047283,28.0,44H0,0
20.902083333333337,57.98958333333334,91.0,71.80877528494938,884.9346577836922,28.0,44H0,0
21.056250000000006,57.98958333333334,82.0,63.62497181292899,892.8540273202138,28.0,44H1,0
21.210416666666674,57.98958333333334,71.0,54.53584390563722,901.9492541976651,28.0,44H1,0
21.364583333333343,57.98958333333334,60.0,45.446645022476254,909.3841784671386,28.0,44H1,0
21.51875000000001,57.98958333333334,52.0,36.3573869930577,917.7903578342028,28.0,44H1,0
21.67291666666665,57.98958333333334,43.0,27.26808164683113,926.5212296331346,28.0,44H1,0
21.82708333333332,57.98958333333334,31.0,18.178740813110355,935.393967818475,28.0,44H1,0
21.98124999999999,57.98958333333334,5.0,9.089376321115475,944.3403922350464,28.0,44H1,3
22.289583333333326,57.98958333333334,12.0,9.089376321115475,962.3462264238015,,44H2,3
22.443749999999994,57.98958333333334,11.0,18.178740813110355,970.8810901913201,,44H2,0
22.597916666666663,57.98958333333334,25.0,27.26808164683132,979.1182879264031,,44H2,5
22.75208333333333,57.98958333333334,28.0,32.15970181972749,986.8524773049319,,44H2,5
22.90625,57.98958333333334,29.0,37.536197341521365,993.8893055788024,,44H2,5
23.06041666666667,57.98958333333334,32.0,40.24266139454944,1001.2331710966471,,44H3,5
23.214583333333337,57.98958333333334,37.0,44.547316900160794,1008.8276194716677,,44H3,5
23.368750000000006,57.98958333333334,42.0,48.51924287556883,1020.5041784671384,,44H3,5
23.522916666666674,57.98958333333334,32.0,43.23973945360622,1028.9103578342026,,44H3,5
23.677083333333343,57.98958333333334,31.0,39.3563783476488,1037.6412296331362,,44H3,5
23.83125000000001,57.98958333333334,26.0,36.35738699305789,1045.9524748374542,,44H3,5
23.98541666666665,57.98958333333334,21.0,27.26808164683132,1053.4935477184288,,44H3,5
24.13958333333332,57.98958333333334,21.0,18.178740813110355,1061.4648940063528,,44H4,5
24.29374999999999,57.98958333333334,13.0,9.089376321115475,1069.7188799001058,,44H4,5
9.493750000000006,58.07291666666666,478.0,61.9940475350769,0.0,,45F9,5
9.652083333333337,58.07291666666666,395.0,58.45853050417106,9.31330579251968,,45F9,5
9.810416666666669,58.07291666666666,271.0,56.27998180463374,18.626598777242062,,45F9,5
9.96875,58.07291666666666,180.0,51.47116015037639,27.93986614633246,,45F9,5
10.127083333333331,58.07291666666666,177.0,45.48312049561147,37.25309509188229,,45G0,5
10.285416666666663,58.07291666666666,137.0,40.782808185410815,46.56627280587167,,45G0,5
10.443749999999994,58.07291666666666,130.0,37.853033300378904,55.8793864801321,,45G0,5
10.602083333333326,58.07291666666666,177.0,37.115489655968446,65.19242330630985,,45G0,5
10.760416666666657,58.07291666666666,217.0,38.695737150635466,74.50537047582866,,45G0,5
10.918749999999989,58.07291666666666,173.0,33.47591369545356,83.81821517985233,,45G0,5
11.07708333333332,58.07291666666666,131.0,26.248365745523405,93.13094460924823,,45G1,5
11.235416666666652,58.07291666666666,51.0,20.735951792038424,102.4435459545499,,45G1,5
11.393750000000011,58.07291666666666,34.0,13.131905472825805,111.75600640592135,,45G1,5
11.552083333333343,58.07291666666666,5.0,9.268861880925863,121.068313153114,,45G1,5
16.93541666666667,58.07291666666666,35.0,9.31330579251968,740.9121417611934,27.0,45G6,3
17.09375,58.07291666666666,55.0,18.62659877724197,741.815466766855,27.0,45G7,0
17.25208333333333,58.07291666666666,73.0,27.93986614633255,743.8620151098833,27.0,45G7,0
17.410416666666663,58.07291666666666,80.0,37.25309509188237,746.9643536736354,27.0,45G7,0
17.568749999999994,58.07291666666666,126.0,46.56627280587167,751.0059648240625,27.0,45G7,0
17.727083333333326,58.07291666666666,133.0,55.8793864801321,755.7843837433919,27.0,45G7,0
17.885416666666657,58.07291666666666,167.0,49.30478870122428,759.5007587080235,27.0,45G7,0
18.04374999999999,58.07291666666666,139.0,42.55859017742213,763.9885698174639,27.0,45G8,0
18.20208333333332,58.07291666666666,115.0,36.00506506990467,769.146443175781,27.0,45G8,0
18.36041666666665,58.07291666666666,110.0,29.230644262624626,774.8785333127774,27.0,45G8,0
18.51875000000001,58.07291666666666,105.0,22.795208983883004,781.0985132277556,27.0,45G8,0
18.677083333333343,58.07291666666666,99.0,18.94983553032352,787.7311424143088,27.0,45G8,0
18.835416666666674,58.07291666666666,104.0,18.900409562304933,795.0299687271014,27.0,45G8,0
18.993750000000006,58.07291666666666,111.0,18.854055064967415,803.3822313229739,27.0,45G8,0
19.152083333333337,58.07291666666666,77.0,19.452701445975148,812.2375748654042,28.0,45G9,0
19.31041666666667,58.07291666666666,76.0,23.992171545890574,821.2894514886336,28.0,45G9,0
19.46875,58.07291666666666,97.0,30.77538651779285,830.3325672585726,28.0,45G9,0
19.62708333333333,58.07291666666666,153.0,38.638140653582305,835.3295401008605,28.0,45G9,0
19.785416666666663,58.07291666666666,161.0,47.042170359887464,841.3231898019734,28.0,45G9,0
19.943749999999994,58.07291666666666,181.0,55.743161898881745,848.0587307358426,28.0,45G9,0
20.102083333333326,58.07291666666666,126.0,64.62123429093606,854.7049993139195,28.0,45H0,0
20.260416666666657,58.07291666666666,130.0,73.61230462865798,861.4543980087475,28.0,45H0,0
20.41874999999999,58.07291666666666,95.0,82.67947561540198,868.1068815047039,28.0,45H0,0
20.57708333333332,58.07291666666666,66.0,87.3725381925688,874.8691417929352,28.0,45H0,0
20.73541666666665,58.07291666666666,92.0,79.28019317766582,882.0392043236295,28.0,45H0,0
20.89375000000001,58.07291666666666,68.0,70.66448651308096,889.5385294591781,28.0,45H0,0
21.052083333333343,58.07291666666666,65.0,62.240071102147496,897.305088671534,28.0,45H1,0
21.210416666666674,58.07291666666666,56.0,54.09644716843276,909.3464980841383,28.0,45H1,0
21.368750000000006,58.07291666666666,47.0,46.08997937955291,915.0962507872945,28.0,45H1,0
21.527083333333337,58.07291666666666,41.0,37.00396228402174,922.3400326463739,28.0,45H1,0
21.68541666666667,58.07291666666666,41.0,28.074424834844073,930.4284218918048,28.0,45H1,0
21.84375,58.07291666666666,31.0,19.517420635848197,938.953105376045,28.0,45H1,0
22.00208333333333,58.07291666666666,14.0,12.147616980190461,947.7244791610633,28.0,45H2,0
22.160416666666663,58.07291666666666,1.0,9.268861880925863,956.646668212923,28.0,45H2,3
22.318749999999994,58.07291666666666,6.0,13.131905472825805,965.6670239157344,,45H2,0
22.477083333333326,58.07291666666666,14.0,18.537723761851726,974.7545467473403,,45H2,0
22.635416666666657,58.07291666666666,15.0,20.73595179203767,983.8899064850435,,45H2,5
22.79374999999999,58.07291666666666,25.0,26.24836574552215,993.0604665349866,,45H2,5
22.95208333333332,58.07291666666666,27.0,29.314432126648274,1001.8256999317548,,45H2,5
23.11041666666665,58.07291666666666,29.0,33.432388984761005,1009.0705423275658,,45H3,5
23.26875000000001,58.07291666666666,35.0,39.349344172943155,1022.3177351384882,,45H3,5
23.427083333333343,58.07291666666666,32.0,39.34934417294184,1028.5577156763652,,45H3,5
23.585416666666674,58.07291666666666,26.0,33.432388984760905,1036.1594379358917,,45H3,5
23.743750000000006,58.07291666666666,21.0,29.314432126648274,1044.4280644934393,,45H3,5
23.902083333333337,58.07291666666666,11.0,27.806585642773346,1053.0521774721453,,45H3,5
24.06041666666667,58.07291666666666,14.0,24.630223148689385,1061.883102823604,,45H4,5
24.21875,58.07291666666666,16.0,16.371936693180988,1070.05034194226,,45H4,5
24.37708333333333,58.07291666666666,11.0,9.31330579251968,1078.1428147325191,,45H4,5
9.493750000000006,58.15625,607.0,70.41566803443446,0.0,,45F9,5
9.652083333333337,58.15625,534.0,67.33124619947453,9.291556854034063,,45F9,5
9.810416666666669,58.15625,479.0,64.60188648728726,18.583100907036645,,45F9,5
9.96875,58.15625,309.0,58.47660926734691,27.874619357939192,,45F9,5
10.127083333333331,58.15625,355.0,53.2944808681789,37.16609940559985,,45G0,5
10.285416666666663,58.15625,226.0,49.35352565011231,46.45752824876644,,45G0,5
10.443749999999994,58.15625,213.0,46.9672488008746,55.7488930860393,,45G0,5
10.602083333333326,58.15625,236.0,46.3121164146873,65.04018111583513,,45G0,5
10.760416666666657,58.15625,216.0,38.26218785098224,74.33137953634994,,45G0,5
10.918749999999989,58.15625,148.0,29.344268694068482,83.62247554552195,,45G0,5
11.07708333333332,58.15625,107.0,20.746915566745983,92.91345634099537,,45G1,5
11.235416666666652,58.15625,48.0,13.116500889309892,102.20430912008334,,45G1,5
11.393750000000011,58.15625,8.0,9.268861880925863,111.4950210797326,,45G1,5
16.93541666666667,58.15625,20.0,9.291556854034063,750.1763374269401,27.0,45G6,3
17.09375,58.15625,35.0,18.58310090703655,750.9785388647578,27.0,45G7,0
17.25208333333333,58.15625,48.0,27.87461935793928,752.8033144409783,27.0,45G7,0
17.410416666666663,58.15625,75.0,37.166099405599944,755.5876854554676,27.0,45G7,0
17.568749999999994,58.15625,121.0,46.45752824876644,759.245046274535,27.0,45G7,0
17.727083333333326,58.15625,128.0,55.7488930860393,763.6766367426462,27.0,45G7,0
17.885416666666657,58.15625,163.0,55.66092258029476,767.8968383009031,27.0,45G7,0
18.04374999999999,58.15625,139.0,49.09373376447315,772.018015312785,27.0,45G8,0
18.20208333333332,58.15625,131.0,42.31667033784632,776.7894106231479,27.0,45G8,0
18.36041666666665,58.15625,90.0,35.816164716994756,782.1303824393812,27.0,45G8,0
18.51875000000001,58.15625,82.0,30.802109018584304,787.9656560514251,27.0,45G8,0
18.677083333333343,58.15625,101.0,28.082364913672855,797.0789416206966,27.0,45G8,0
18.835416666666674,58.15625,97.0,28.04911406104446,801.3504491115561,27.0,45G8,0
18.993750000000006,58.15625,115.0,28.0179726997621,807.9866195789754,27.0,45G8,0
19.152083333333337,58.15625,28.0,28.423326391710315,815.7658128426767,28.0,45G9,0
19.31041666666667,58.15625,45.0,31.69608778092073,824.1150918706348,28.0,45G9,0
19.46875,58.15625,124.0,37.08470311581628,832.7751012408492,28.0,45G9,0
19.62708333333333,58.15625,147.0,43.81532973646582,841.6193549697582,28.0,45G9,0
19.785416666666663,58.15625,150.0,51.36304831497407,848.3435939769342,28.0,45G9,0
19.943749999999994,58.15625,176.0,59.41725417628833,854.4507822872612,28.0,45G9,0
20.102083333333326,58.15625,150.0,67.7976422968228,861.163104197417,28.0,45H0,0
20.260416666666657,58.15625,119.0,76.39690762206438,867.8351922528219,28.0,45H0,0
20.41874999999999,58.15625,87.0,85.14872200078223,874.5623799783655,28.0,45H0,0
20.57708333333332,58.15625,75.0,82.75219105066395,881.2382773437403,28.0,45H0,0
20.73541666666665,58.15625,102.0,74.59987196240922,887.9792834668841,28.0,45H0,0
20.89375000000001,58.15625,55.0,66.73365132274705,895.0832365286581,28.0,45H0,0
21.052083333333343,58.15625,46.0,58.62611374639702,907.5431009070383,28.0,45H1,0
21.210416666666674,58.15625,41.0,49.91827791619873,914.8940534010826,28.0,45H1,0
21.368750000000006,58.15625,36.0,41.45470716825142,922.0829274460032,28.0,45H1,0
21.527083333333337,58.15625,33.0,33.421554592909885,928.2281478571784,28.0,45H1,0
21.68541666666667,58.15625,24.0,26.217560639271202,935.2847035456389,28.0,45H1,0
21.84375,58.15625,23.0,18.583100907036737,943.0325377197164,28.0,45H1,0
22.00208333333333,58.15625,16.0,9.29155685403425,951.2140495997951,28.0,45H2,3
22.318749999999994,58.15625,5.0,9.268861880925863,968.3363066848882,,45H2,3
22.477083333333326,58.15625,1.0,9.268861880925863,977.1296588954731,,45H2,3
22.635416666666657,58.15625,11.0,13.116500889308703,986.0219336246524,,45H2,5
22.79374999999999,58.15625,1.0,18.53772376184748,994.9882020843696,,45H2,5
22.95208333333332,58.15625,21.0,20.726206642061598,1004.0111224439836,,45H2,5
23.11041666666665,58.15625,25.0,26.217560639271337,1018.6631009070368,,45H3,5
23.26875000000001,58.15625,28.0,33.40822623757357,1027.954619357941,,45H3,5
23.427083333333343,58.15625,26.0,33.40822623757254,1035.2858059470705,,45H3,5
23.585416666666674,58.15625,29.0,26.217560639271202,1041.6618369993196,,45H3,5
23.743750000000006,58.15625,27.0,20.726206642061598,1048.9934164613821,,45H3,5
23.902083333333337,58.15625,5.0,18.53772376184748,1056.9118973025388,,45H3,5
24.06041666666667,58.15625,4.0,18.53772376184748,1065.2035079631212,,45H4,5
24.21875,58.15625,7.0,18.53772376184748,1073.7423171471355,,45H4,5
24.37708333333333,58.15625,10.0,9.291556854034063,1082.4514457313444,,45H4,5
9.493750000000006,58.23958333333334,685.0,74.15089504739558,0.0,,45F9,5
9.652083333333337,58.23958333333334,554.0,74.71723551588228,9.269788260227763,,45F9,5
9.810416666666669,58.23958333333334,524.0,71.51010903059488,18.539563726358534,,45F9,5
9.96875,58.23958333333334,476.0,66.04217684418006,27.809313604258538,,45F9,5
10.127083333333331,58.23958333333334,430.0,61.511882958530954,37.07902509972135,,45G0,5
10.285416666666663,58.23958333333334,350.0,58.13885735865502,46.34868541843107,,45G0,5
10.443749999999994,58.23958333333334,314.0,49.81714354993752,55.61828176592562,,45G0,5
10.602083333333326,58.23958333333334,273.0,41.376771932322185,64.88780134756077,,45G0,5
10.760416666666657,58.23958333333334,190.0,33.36718583520484,74.15723136847345,,45G0,5
10.918749999999989,58.23958333333334,136.0,26.186763978125438,83.42655903354495,,45G0,5
11.07708333333332,58.23958333333334,98.0,18.539563726360207,92.69577154736494,,45G1,5
11.235416666666652,58.23958333333334,51.0,9.26978826022944,101.96485611419492,,45G1,5
16.93541666666667,58.23958333333334,7.0,9.269788260227763,759.4414657275812,27.0,45G6,3
17.09375,58.23958333333334,28.0,18.53956372635844,760.1624797023961,27.0,45G7,0
17.25208333333333,58.23958333333334,41.0,27.809313604258634,761.8073624942651,27.0,45G7,0
17.410416666666663,58.23958333333334,67.0,37.07902509972144,764.3294103534596,27.0,45G7,0
17.568749999999994,58.23958333333334,132.0,46.24241911410601,767.6628838713902,27.0,45G7,0
17.727083333333326,58.23958333333334,125.0,53.90966726604189,771.7305200874016,27.0,45G7,0
17.885416666666657,58.23958333333334,130.0,62.006264899301016,776.4335235829047,27.0,45G7,0
18.04374999999999,58.23958333333334,126.0,55.406512193368854,780.2364718513571,27.0,45G8,0
18.20208333333332,58.23958333333334,98.0,48.88457702304365,784.6657187166135,27.0,45G8,0
18.36041666666665,58.23958333333334,85.0,43.39340529962566,790.9565008893088,27.0,45G8,0
18.51875000000001,58.23958333333334,81.0,39.36675804753146,798.5759517920385,27.0,45G8,0
18.677083333333343,58.23958333333334,101.0,37.282244445706006,804.0883657455234,27.0,45G8,0
18.835416666666674,58.23958333333334,108.0,37.25726371451668,809.1738589211903,27.0,45G8,0
18.993750000000006,58.23958333333334,115.0,37.233879470087025,814.4057567061191,27.0,45G8,0
19.152083333333337,58.23958333333334,67.0,37.53913857133892,821.0298535887787,28.0,45G9,0
19.31041666666667,58.23958333333334,37.0,40.06847811189404,828.5029497231749,28.0,45G9,0
19.46875,58.23958333333334,109.0,44.443770555178624,836.5014333840093,28.0,45G9,0
19.62708333333333,58.23958333333334,136.0,50.18448265645613,844.8373619961175,28.0,45G9,0
19.785416666666663,58.23958333333334,144.0,56.87864823376717,853.3990957492491,28.0,45G9,0
19.943749999999994,58.23958333333334,155.0,64.22880798219829,861.3838412457162,28.0,45G9,0
20.102083333333326,58.23958333333334,113.0,72.0344004793452,867.5650852126339,28.0,45H0,0
20.260416666666657,58.23958333333334,75.0,80.16246008347547,874.2571442154465,28.0,45H0,0
20.41874999999999,58.23958333333334,137.0,87.6589799790969,880.9509483218434,28.0,45H0,0
20.57708333333332,58.23958333333334,124.0,78.9538205055056,887.6583397828117,28.0,45H0,0
20.73541666666665,58.23958333333334,111.0,70.38416097430554,894.3546489387777,28.0,45H0,0
20.89375000000001,58.23958333333334,43.0,62.006264899301016,902.07650088931,28.0,45H0,0
21.052083333333343,58.23958333333334,62.0,53.90966726604189,909.7069155667459,28.0,45H1,0
21.210416666666674,58.23958333333334,35.0,46.24241911410587,918.3042686940687,28.0,45H1,0
21.368750000000006,58.23958333333334,27.0,38.17767473028554,927.2221878509823,28.0,45H1,0
21.527083333333337,58.23958333333334,19.0,29.282285627960054,935.0202502700693,28.0,45H1,0
21.68541666666667,58.23958333333334,19.0,20.70795637433326,941.3446156289659,28.0,45H1,0
21.84375,58.23958333333334,10.0,13.101100455778354,948.2911775774869,28.0,45H1,0
22.00208333333333,58.23958333333334,1.0,9.268861880921618,955.8157295041872,28.0,45H2,3
22.635416666666657,58.23958333333334,1.0,9.268861880921618,988.9708098855295,,45H2,5
22.79374999999999,58.23958333333334,11.0,9.268861880921618,997.6745844752426,,45H2,5
22.95208333333332,58.23958333333334,18.0,13.101100455778354,1006.4715877870427,,45H2,5
23.11041666666665,58.23958333333334,20.0,20.707956374333428,1018.6195637263587,,45H3,5
23.26875000000001,58.23958333333334,24.0,26.186763978126688,1027.8893136042602,,45H3,5
23.427083333333343,58.23958333333334,26.0,26.186763978125377,1037.159025099723,,45H3,5
23.585416666666674,58.23958333333334,26.0,20.70795637433326,1046.428685418433,,45H3,5
23.743750000000006,58.23958333333334,21.0,13.101100455778354,1054.7619448906553,,45H3,5
23.902083333333337,58.23958333333334,11.0,9.268861880921618,1061.9306073395005,,45H3,5
24.06041666666667,58.23958333333334,7.0,9.268861880921618,1069.6094019581064,,45H4,5
24.21875,58.23958333333334,5.0,9.268861880921618,1077.6469380113194,,45H4,5
24.37708333333333,58.23958333333334,8.0,9.269788260227763,1085.9424919954376,,45H4,5
9.493750000000006,58.32291666666666,614.0,64.88203316647396,0.0,,45F9,5
9.652083333333337,58.32291666666666,664.0,65.5270147571095,9.248000057150053,,45F9,5
9.810416666666669,58.32291666666666,595.0,67.42494716604948,18.495987327306302,,45F9,5
9.96875,58.32291666666666,499.0,70.47466449401976,27.743949023438486,,45F9,5
10.127083333333331,58.32291666666666,514.0,65.31989140908436,36.99187235844426,,45G0,5
10.285416666666663,58.32291666666666,418.0,56.19182374155511,46.239744545112785,,45G0,5
10.443749999999994,58.32291666666666,351.0,47.106099469328925,55.4875527960882,,45G0,5
10.602083333333326,58.32291666666666,256.0,38.093097336957634,64.7352843238341,,45G0,5
10.760416666666657,58.32291666666666,162.0,29.220261444087978,73.982926340597,,45G0,5
10.918749999999989,58.32291666666666,118.0,20.668980524107756,83.23046605836994,,45G0,5
11.07708333333332,58.32291666666666,72.0,13.085704317438102,92.47789068885686,,45G1,5
11.235416666666652,58.32291666666666,21.0,9.268861880925863,101.72518744343616,,45G1,5
11.393750000000011,58.32291666666666,19.0,9.268861880921618,110.9723435331259,,45G1,5
11.552083333333343,58.32291666666666,108.0,9.248000057150147,120.21934616854159,,45G1,5
16.777083333333337,58.32291666666666,10.0,9.248000057150053,768.7016127139759,27.0,45G6,3
16.93541666666667,58.32291666666666,11.0,13.085704317438037,768.7072724851843,27.0,45G6,0
17.09375,58.32291666666666,23.0,20.668980524107674,769.3616876948846,27.0,45G7,0
17.25208333333333,58.32291666666666,44.0,26.15597605296316,770.8578842598426,27.0,45G7,0
17.410416666666663,58.32291666666666,66.0,33.31280783623216,773.1603622245401,27.0,45G7,0
17.568749999999994,58.32291666666666,96.0,41.298803617398825,776.2182589578009,27.0,45G7,0
17.727083333333326,58.32291666666666,99.0,49.715951411477874,779.9703833763595,27.0,45G7,0
17.885416666666657,58.32291666666666,119.0,55.613171285548106,784.3503021918559,27.0,45G7,0
18.04374999999999,58.32291666666666,146.0,56.36611240302733,788.6057117654708,27.0,45G8,0
18.20208333333332,58.32291666666666,103.0,56.21854951079461,796.3777237618475,27.0,45G8,0
18.36041666666665,58.32291666666666,140.0,51.52669666679089,798.5662066420616,27.0,45G8,0
18.51875000000001,58.32291666666666,114.0,48.19270391000512,804.0575606392724,27.0,45G8,0
18.677083333333343,58.32291666666666,146.0,46.509524421561935,811.2615545929114,27.0,45G8,0
18.835416666666674,58.32291666666666,162.0,46.489549161860445,817.189344172943,27.0,45G8,0
18.993750000000006,58.32291666666666,140.0,46.470854855031355,821.8526488103988,27.0,45G8,0
19.152083333333337,58.32291666666666,49.0,46.7152214815581,827.4805245373318,28.0,45G9,0
19.31041666666667,58.32291666666666,24.0,48.766250299234635,834.0886077668051,28.0,45G9,0
19.46875,58.32291666666666,91.0,52.41226023778679,841.3717400772255,28.0,45G9,0
19.62708333333333,58.32291666666666,119.0,57.34983393087358,849.1232745689368,28.0,45G9,0
19.785416666666663,58.32291666666666,117.0,63.277321926860154,857.2060495715004,28.0,45G9,0
19.943749999999994,58.32291666666666,127.0,69.9434710416558,865.5284773527477,28.0,45G9,0
20.102083333333326,58.32291666666666,114.0,77.15703192505678,874.0283323410895,28.0,45H0,0
20.260416666666657,58.32291666666666,92.0,84.77835177662912,880.6651605253054,28.0,45H0,0
20.41874999999999,58.32291666666666,139.0,85.07809155294727,887.3388943713503,28.0,45H0,0
20.57708333333332,58.32291666666666,139.0,76.10060693876456,894.0518083381972,28.0,45H0,0
20.73541666666665,58.32291666666666,105.0,67.19030497364271,902.0611004557784,28.0,45H0,0
20.89375000000001,58.32291666666666,87.0,58.37801687971096,909.6679563743347,28.0,45H0,0
21.052083333333343,58.32291666666666,95.0,49.715951411477874,915.1775606392724,28.0,45H1,0
21.210416666666674,58.32291666666666,59.0,41.29880361739866,922.3815545929115,28.0,45H1,0
21.368750000000006,58.32291666666666,29.0,33.312807836232004,930.4147071682531,28.0,45H1,0
21.527083333333337,58.32291666666666,18.0,26.155976052963034,938.8782779162005,28.0,45H1,0
21.68541666666667,58.32291666666666,13.0,18.49598732730621,947.5861137463986,28.0,45H1,0
21.84375,58.32291666666666,4.0,9.248000057150053,954.4455593010046,28.0,45H1,3
22.95208333333332,58.32291666666666,3.0,9.248000057150053,1009.595780996687,,45H2,5
23.11041666666665,58.32291666666666,14.0,13.085704317438168,1020.7879563743335,,45H3,5
23.26875000000001,58.32291666666666,20.0,18.537723761851726,1029.362285627962,,45H3,5
23.427083333333343,58.32291666666666,22.0,20.668980524107674,1038.2576747302874,,45H3,5
23.585416666666674,58.32291666666666,25.0,13.085704317438037,1047.2929635788714,,45H3,5
23.743750000000006,58.32291666666666,5.0,9.248000057150053,1056.4008241639035,,45H3,5
24.37708333333333,58.32291666666666,5.0,9.248000057150053,1090.2548027746536,,45H4,5
24.535416666666663,58.32291666666666,3.0,9.248000057150053,1098.3504496074236,,45H4,5
9.493750000000006,58.40625,530.0,55.613171285548106,0.0,,45F9,5
9.652083333333337,58.40625,679.0,56.36255430067808,9.226192290891653,,45F9,5
9.810416666666669,58.40625,531.0,58.553182496364514,18.45237180206144,,45F9,5
9.96875,58.40625,482.0,62.03254289176713,27.678525753751344,,45F9,5
10.127083333333331,58.40625,485.0,64.58263036729251,36.904641366131884,,45G0,5
10.285416666666663,58.40625,436.0,55.356706453072796,46.13070585926598,,45G0,5
10.443749999999994,58.40625,314.0,46.13070585926598,55.356706453072796,,45G0,5
10.602083333333326,58.40625,248.0,36.904641366131976,64.58263036729241,,45G0,5
10.760416666666657,58.40625,145.0,27.678525753751344,73.80846482144975,,45G0,5
10.918749999999989,58.40625,101.0,18.45237180206144,83.03419703481832,,45G0,5
11.07708333333332,58.40625,57.0,9.226192290891747,92.25981422638503,,45G1,5
11.235416666666652,58.40625,-0.0,0.0,101.48530361481396,,45G1,5
16.93541666666667,58.40625,9.0,9.226192290891653,777.9735881830757,27.0,45G6,3
17.09375,58.40625,24.0,13.070312619963065,778.572396001992,27.0,45G7,0
17.25208333333333,58.40625,39.0,20.62998825237956,779.9437356791249,27.0,45G7,0
17.410416666666663,58.40625,54.0,29.15819640654848,782.0600480362885,27.0,45G7,0
17.568749999999994,58.40625,84.0,38.00845595996923,784.8813004312983,27.0,45G7,0
17.727083333333326,58.40625,105.0,46.10301623562189,788.3584372884748,27.0,45G7,0
17.885416666666657,58.40625,122.0,46.34430940462224,796.3777237618475,27.0,45G7,0
18.04374999999999,58.40625,117.0,47.24309128388739,798.5564710283395,27.0,45G8,0
18.20208333333332,58.40625,142.0,49.842283109043116,804.0267639781256,27.0,45G8,0
18.36041666666665,58.40625,152.0,53.8964205136066,807.1475445464523,27.0,45G8,0
18.51875000000001,58.40625,152.0,57.15903369499159,811.2482262375735,27.0,45G8,0
18.677083333333343,58.40625,181.0,55.75060136157003,817.1431426605985,27.0,45G8,0
18.835416666666674,58.40625,172.0,55.733977472902794,824.1521164146885,27.0,45G8,0
18.993750000000006,58.40625,144.0,55.718421602720106,829.8880042603412,27.0,45G8,0
19.152083333333337,58.40625,12.0,55.92191398144876,834.7154951603329,28.0,45G9,0
19.31041666666667,58.40625,38.0,57.642299318702136,840.5528242927561,28.0,45G9,0
19.46875,58.40625,84.0,60.750835808232424,847.1452670440093,28.0,45G9,0
19.62708333333333,58.40625,112.0,65.04880150403596,854.2977156134226,28.0,45G9,0
19.785416666666663,58.40625,110.0,70.31841343625175,861.8672532590275,28.0,45G9,0
19.943749999999994,58.40625,115.0,76.3587466728162,869.7508501719241,28.0,45G9,0
20.102083333333326,58.40625,94.0,83.0016775141587,877.8742436011445,28.0,45H0,0
20.260416666666657,58.40625,124.0,90.11400703632178,886.1834687902052,28.0,45H0,0
20.41874999999999,58.40625,132.0,83.4522646685436,893.7504787721111,28.0,45H0,0
20.57708333333332,58.40625,124.0,74.30151368455908,902.0457043174381,28.0,45H0,0
20.73541666666665,58.40625,102.0,65.16871792520747,909.6289805241078,28.0,45H0,0
20.89375000000001,58.40625,91.0,56.06271597970143,915.1467639781266,28.0,45H0,0
21.052083333333343,58.40625,101.0,46.99914934397587,922.3271858352061,28.0,45H1,0
21.210416666666674,58.40625,92.0,38.008455959969055,928.2631426605988,28.0,45H1,0
21.368750000000006,58.40625,80.0,29.158196406548303,935.2721164146886,28.0,45H1,0
21.527083333333337,58.40625,36.0,20.6299882523794,942.9630700594796,28.0,45H1,0
21.68541666666667,58.40625,17.0,13.070312619963065,951.0831929861739,28.0,45H1,0
21.84375,58.40625,6.0,9.226192290891653,959.4843611024855,28.0,45H1,3
23.11041666666665,58.40625,4.0,9.226192290891838,1026.2667639781255,,45H3,5
23.26875000000001,58.40625,7.0,9.268861880925863,1033.4471858352063,,45H3,5
23.427083333333343,58.40625,14.0,13.070312619963065,1041.4567719323238,,45H3,5
23.585416666666674,58.40625,16.0,9.226192290891653,1049.897143549939,,45H3,5
9.493750000000006,58.48958333333334,528.0,46.34430940462224,0.0,,45F9,5
9.652083333333337,58.48958333333334,600.0,47.238849224902296,9.204365007584693,,45F9,5
9.810416666666669,58.48958333333334,626.0,49.826197878905056,18.408717242888244,,45F9,5
9.96875,58.48958333333334,523.0,53.86294617753749,27.613043933593666,,45F9,5
10.127083333333331,58.48958333333334,489.0,56.359001315142976,36.81733230731312,,45G0,5
10.285416666666663,58.48958333333334,370.0,56.06271597970143,46.02156959155209,,45G0,5
10.443749999999994,58.48958333333334,280.0,46.99914934397587,55.2257430136735,,45G0,5
10.602083333333326,58.48958333333334,181.0,38.00845595996923,64.42983980086277,,45G0,5
10.760416666666657,58.48958333333334,131.0,29.15819640654839,73.63384718009192,,45G0,5
10.918749999999989,58.48958333333334,74.0,20.629988252379476,82.8377523780838,,45G0,5
11.07708333333332,58.48958333333334,72.0,13.070312619963133,92.04154262127697,,45G1,5
11.235416666666652,58.48958333333334,29.0,9.204365007586356,101.24520513579006,,45G1,5
17.09375,58.48958333333334,40.0,9.204365007584693,787.7919799479826,27.0,45G7,3
17.25208333333333,58.48958333333334,26.0,18.408717242888336,796.3777237618517,27.0,45G7,0
17.410416666666663,58.48958333333334,33.0,26.094427578993763,796.3777237618517,27.0,45G7,0
17.568749999999994,58.48958333333334,72.0,33.20402578019045,796.3777237618517,27.0,45G7,0
17.727083333333326,58.48958333333334,94.0,38.1903679558136,798.546745046759,27.0,45G7,0
17.885416666666657,58.48958333333334,86.0,37.075447523696376,803.9959760529631,27.0,45G7,0
18.04374999999999,58.48958333333334,87.0,38.1903679558136,807.1406653599548,27.0,45G8,0
18.20208333333332,58.48958333333334,188.0,41.35516804121219,811.2240811539984,27.0,45G8,0
18.36041666666665,58.48958333333334,159.0,46.150022363138596,816.0514141624878,27.0,45G8,0
18.51875000000001,58.48958333333334,175.0,49.82619787890563,819.2728588071407,27.0,45G8,0
18.677083333333343,58.48958333333334,189.0,53.86294617753829,824.146546405041,27.0,45G8,0
18.835416666666674,58.48958333333334,165.0,59.052582246753154,830.2132103306812,27.0,45G8,0
18.993750000000006,58.48958333333334,144.0,64.97205741867593,837.1076069957768,27.0,45G8,0
19.152083333333337,58.48958333333334,70.0,65.1462398033071,842.4719137360403,28.0,45G9,0
19.31041666666667,58.48958333333334,49.0,66.62541141109524,847.6519749029064,28.0,45G9,0
19.46875,58.48958333333334,82.0,69.32608329949907,853.6158397844697,28.0,45G9,0
19.62708333333333,58.48958333333334,105.0,73.11300619670071,860.1933705749592,28.0,45G9,0
19.785416666666663,58.48958333333334,141.0,77.827758664529,867.249201693137,28.0,45G9,0
19.943749999999994,58.48958333333334,103.0,83.31294575900385,874.6788058106296,28.0,45G9,0
20.102083333333326,58.48958333333334,100.0,89.42688374537504,882.4025023385518,28.0,45H0,0
20.260416666666657,58.48958333333334,120.0,92.04154262127855,890.3597072161275,28.0,45H0,0
20.41874999999999,58.48958333333334,128.0,82.83775237808536,898.5041936256825,28.0,45H0,0
20.57708333333332,58.48958333333334,109.0,73.6338471800935,909.5899882523795,28.0,45H0,0
20.73541666666665,58.48958333333334,93.0,64.42983980086444,915.1159760529631,28.0,45H0,0
20.89375000000001,58.48958333333334,94.0,55.2257430136735,922.2728078362335,28.0,45H0,0
21.052083333333343,58.48958333333334,99.0,46.02156959155209,928.2169540340091,28.0,45H1,0
21.210416666666674,58.48958333333334,96.0,36.81733230731303,935.2024191141074,28.0,45H1,0
21.368750000000006,58.48958333333334,91.0,27.61304393359357,941.3332103306814,28.0,45H1,0
21.527083333333337,58.48958333333334,77.0,18.40871724288815,948.227606995777,28.0,45H1,0
21.68541666666667,58.48958333333334,51.0,9.204365007584693,955.6936513227485,28.0,45H1,3
23.427083333333343,58.48958333333334,11.0,9.204365007584693,1046.3224191141076,,45H3,5
23.585416666666674,58.48958333333334,14.0,9.204365007584693,1053.9896672660434,,45H3,5
9.493750000000006,58.57291666666666,537.0,37.075447523699204,0.0,,46F9,5
9.652083333333337,58.57291666666666,493.0,38.18512418950923,9.182518253402586,,46F9,5
9.810416666666669,58.57291666666666,510.0,41.33579495056103,18.36502374213357,,46F9,5
9.96875,58.57291666666666,534.0,46.110954397743356,27.547503701485827,,46F9,5
10.127083333333331,58.57291666666666,431.0,47.23461317612991,36.72994536668197,,46G0,5
10.285416666666663,58.57291666666666,308.0,49.81013169727558,45.91233597283885,,46G0,5
10.443749999999994,58.57291666666666,223.0,46.78499232494229,55.094662754932,,46G0,5
10.602083333333326,58.57291666666666,157.0,37.8389824169378,64.27691294776098,,46G0,5
10.760416666666657,58.57291666666666,103.0,29.03394483343322,73.45907378591373,,46G0,5
10.918749999999989,58.57291666666666,72.0,20.551955396027388,82.64113250373123,,46G0,5
11.07708333333332,58.57291666666666,23.0,13.039543132812597,91.82307633527253,,46G1,5
11.235416666666652,58.57291666666666,6.0,9.182518253404245,101.00489251427958,,46G1,5
16.777083333333337,58.57291666666666,1.0,9.182518253402586,805.6465856427748,27.0,46G6,3
16.93541666666667,58.57291666666666,18.0,9.268861880923033,805.6465856427748,27.0,46G6,3
17.09375,58.57291666666666,29.0,9.268861880924447,805.6465856427748,27.0,46G7,3
17.25208333333333,58.57291666666666,14.0,13.03954313281266,805.6465856427748,27.0,46G7,0
17.410416666666663,58.57291666666666,37.0,20.55195539602747,805.6465856427748,27.0,46G7,0
17.568749999999994,58.57291666666666,46.0,26.06366761686863,805.6465856427748,27.0,46G7,0
17.727083333333326,58.57291666666666,59.0,29.27323383331458,807.1337946313,27.0,46G7,0
17.885416666666657,58.57291666666666,92.0,27.806585642773346,811.1999539769197,27.0,46G7,0
18.04374999999999,58.57291666666666,96.0,29.27323383331458,816.0461420344392,27.0,46G8,0
18.20208333333332,58.57291666666666,147.0,33.287682319060686,819.253406739257,27.0,46G8,0
18.36041666666665,58.57291666666666,187.0,38.18512418950923,824.1073783566131,27.0,46G8,0
18.51875000000001,58.57291666666666,187.0,41.33579495056173,827.7306515456098,27.0,46G8,0
18.677083333333343,58.57291666666666,203.0,46.11095439774428,831.8370180870091,27.0,46G8,0
18.835416666666674,58.57291666666666,217.0,52.06551539207762,837.1098561411802,27.0,46G8,0
18.993750000000006,58.57291666666666,113.0,58.842484776677445,843.2677269937703,27.0,46G8,0
19.152083333333337,58.57291666666666,41.0,66.1896992449832,850.0846437404606,29.0,46G9,0
19.31041666666667,58.57291666666666,63.0,73.93732197636248,855.2114831374566,29.0,46G9,0
19.46875,58.57291666666666,104.0,78.0600432101756,860.6201640624447,29.0,46G9,0
19.62708333333333,58.57291666666666,115.0,81.43401467386012,866.6667490000738,29.0,46G9,0
19.785416666666663,58.57291666666666,152.0,85.68233027797316,873.2299784881145,29.0,46G9,0
19.943749999999994,58.57291666666666,114.0,90.6821666818228,880.2104979711902,29.0,46G9,0
20.102083333333326,58.57291666666666,98.0,96.3165342719402,887.5286333482047,29.0,46H0,0
20.260416666666657,58.57291666666666,100.0,92.39833534261089,895.1211652078362,29.0,46H0,0
20.41874999999999,58.57291666666666,142.0,83.25695096827877,907.3250237421336,29.0,46H0,0
20.57708333333332,58.57291666666666,101.0,74.12818573680092,915.0851971556359,29.0,46H0,0
20.73541666666665,58.57291666666666,85.0,65.01741662590089,922.2184210119058,29.0,46H0,0
20.89375000000001,58.57291666666666,83.0,55.9335012312534,928.1707787302288,29.0,46H0,0
21.052083333333343,58.57291666666666,97.0,46.89211352231018,935.1327188618474,29.0,46H1,0
21.210416666666674,58.57291666666666,92.0,37.92375088949814,941.2716340574348,29.0,46H1,0
21.368750000000006,58.57291666666666,92.0,29.096090780752043,948.1425753889417,29.0,46H1,0
21.527083333333337,58.57291666666666,73.0,20.59097979673183,954.3877269937705,29.0,46H1,0
21.68541666666667,58.57291666666666,33.0,13.05492550953012,961.2046437404606,29.0,46H1,0
21.84375,58.57291666666666,37.0,9.268861880923033,968.5113288410513,29.0,46H1,3
22.00208333333333,58.57291666666666,35.0,9.268861880923033,976.1847524103221,29.0,46H2,3
22.160416666666663,58.57291666666666,36.0,9.268861880923033,984.1362155290626,29.0,46H2,3
22.318749999999994,58.57291666666666,4.0,9.182518253402586,992.3015192415876,29.0,46H2,3
23.11041666666665,58.57291666666666,1.0,9.182518253402769,1041.4934067392571,29.0,46H3,5
23.427083333333343,58.57291666666666,8.0,9.182518253402586,1052.3916340574349,29.0,46H3,5
9.493750000000006,58.65625,276.0,27.80658564277476,0.0,,46F9,5
9.652083333333337,58.65625,407.0,29.266397576793615,9.16065207455992,,46F9,5
9.810416666666669,58.65625,390.0,33.26362920423452,18.32129139222664,,46F9,5
9.96875,58.65625,491.0,37.075447523699204,27.48190519607172,,46F9,5
10.127083333333331,58.65625,359.0,38.1798876320741,36.6424807290971,,46G0,5
10.285416666666663,58.65625,241.0,41.31644208455219,45.80300523419986,,46G0,5
10.443749999999994,58.65625,181.0,45.80300523419986,54.96346595413697,,46G0,5
10.602083333333326,58.65625,111.0,36.642480729097194,64.12385013149094,,46G0,5
10.760416666666657,58.65625,102.0,27.48190519607172,73.28414500863455,,46G0,5
10.918749999999989,58.65625,59.0,18.32129139222664,82.44433782769569,,46G0,5
11.07708333333332,58.65625,57.0,9.160652074560014,91.60441583052281,,46G1,5
16.302083333333343,58.65625,17.0,9.16065207455992,824.0682347375268,27.0,46G6,5
17.25208333333333,58.65625,21.0,9.160652074560105,814.9154475236993,27.0,46G7,3
17.410416666666663,58.65625,28.0,13.024165636969517,814.9154475236993,27.0,46G7,0
17.568749999999994,58.65625,10.0,20.512915290410636,814.9154475236993,27.0,46G7,0
17.727083333333326,58.65625,30.0,20.66793936115877,816.04087692568,27.0,46G7,0
17.885416666666657,58.65625,67.0,18.537723761848895,819.2339741276568,27.0,46G7,0
18.04374999999999,58.65625,77.0,20.66793936115877,824.0682347375268,27.0,46G8,0
18.20208333333332,58.65625,82.0,26.032917564074356,827.7145100969082,27.0,46G8,0
18.36041666666665,58.65625,330.0,29.266397576793615,831.8034568059926,27.0,46G8,0
18.51875000000001,58.65625,263.0,33.26362920423537,836.4343303441257,27.0,46G8,0
18.677083333333343,58.65625,223.0,39.02621953592268,839.9599017221622,27.0,46G8,0
18.835416666666674,58.65625,137.0,45.893899929823625,844.5835404122113,27.0,46G8,0
18.993750000000006,58.65625,136.0,53.44229120316918,850.0947315926282,27.0,46G8,0
19.152083333333337,58.65625,69.0,61.420899847952334,856.306655961143,29.0,46G9,0
19.31041666666667,58.65625,139.0,68.58675502812274,863.0661965570263,29.0,46G9,0
19.46875,58.65625,157.0,75.55002102864712,868.033974529851,29.0,46G9,0
19.62708333333333,58.65625,146.0,82.92934723141362,873.6007610421018,29.0,46G9,0
19.785416666666663,58.65625,139.0,90.6231167316994,879.7041607036432,29.0,46G9,0
19.943749999999994,58.65625,146.0,98.37318467242966,886.2535508658892,29.0,46G9,0
20.102083333333326,58.65625,97.0,102.69162828548961,893.1729444010857,29.0,46H0,0
20.260416666666657,58.65625,103.0,93.67534806667018,901.9995431328126,29.0,46H0,0
20.41874999999999,58.65625,153.0,84.69451266018464,909.5119553960274,29.0,46H0,0
20.57708333333332,58.65625,132.0,75.76178684585052,917.9939448334331,29.0,46H0,0
20.73541666666665,58.65625,76.0,66.89650528864439,926.7989824169376,29.0,46H0,0
20.89375000000001,58.65625,74.0,58.129594259209206,935.0630162356231,29.0,46H0,0
21.052083333333343,58.65625,97.0,49.51339584205904,941.210075840279,29.0,46H1,0
21.210416666666674,58.65625,81.0,41.14276964867747,948.0575466287111,29.0,46H1,0
21.368750000000006,58.65625,81.0,33.2040257801903,954.3107674496213,29.0,46H1,0
21.527083333333337,58.65625,71.0,26.09442757899364,961.1042686162722,29.0,46H1,0
21.68541666666667,58.65625,61.0,20.68732236378253,967.426655961143,29.0,46H1,0
21.84375,58.65625,49.0,18.53772376184748,974.1861965570263,29.0,46H1,0
22.00208333333333,58.65625,44.0,18.53772376184748,981.3732325592676,29.0,46H2,0
22.160416666666663,58.65625,40.0,18.53772376184748,988.8955389282474,29.0,46H2,0
22.318749999999994,58.65625,18.0,13.039543132812529,996.6828653932299,29.0,46H2,0
22.477083333333326,58.65625,5.0,9.268861880924447,1004.6816831635887,29.0,46H2,3
22.635416666666657,58.65625,8.0,9.268861880924447,1018.4012913922267,29.0,46H2,3
22.79374999999999,58.65625,8.0,9.268861880924447,1027.5619051960718,29.0,46H2,3
22.95208333333332,58.65625,6.0,9.268861880924447,1036.722480729097,29.0,46H2,3
23.11041666666665,58.65625,2.0,9.160652074561577,1045.8830052341998,29.0,46H3,5
23.427083333333343,58.65625,3.0,9.16065207455992,1059.2954916574283,29.0,46H3,5
9.493750000000006,58.73958333333334,141.0,18.537723761848895,0.0,,46F9,5
9.652083333333337,58.73958333333334,257.0,20.658262980172054,9.13876651731238,,46F9,5
9.810416666666669,58.73958333333334,372.0,26.00217771642555,18.277520285678833,,46F9,5
9.96875,58.73958333333334,269.0,27.806585642773346,27.41624855611851,,46F9,5
10.127083333333331,58.73958333333334,267.0,29.259570098324883,36.55493857958154,,46G0,5
10.285416666666663,58.73958333333334,201.0,33.239595215891306,45.693577606914076,,46G0,5
10.443749999999994,58.73958333333334,147.0,37.10324749970462,54.83215288882347,,46G0,5
10.602083333333326,58.73958333333334,112.0,36.55493857958162,63.97065167584404,,46G0,5
10.760416666666657,58.73958333333334,92.0,27.41624855611851,73.10906121830224,,46G0,5
10.918749999999989,58.73958333333334,53.0,18.277520285678833,82.24736876628175,,46G0,5
11.07708333333332,58.73958333333334,39.0,9.138766517312472,91.38556156958931,,46G1,5
17.09375,58.73958333333334,-0.0,0.0,824.1843094046251,27.0,46G7,3
17.410416666666663,58.73958333333334,9.0,9.13876651731238,824.1843094046251,27.0,46G7,3
17.568749999999994,58.73958333333334,37.0,13.008793169655489,824.1843094046251,27.0,46G7,0
17.727083333333326,58.73958333333334,16.0,13.008793169655489,825.087339315578,27.0,46G7,0
17.885416666666657,58.73958333333334,31.0,9.268861880923033,827.6983872332145,27.0,46G7,3
18.04374999999999,58.73958333333334,52.0,13.008793169655489,831.7699241690401,27.0,46G8,0
18.20208333333332,58.73958333333334,81.0,18.537723761848895,836.4205972439637,27.0,46G8,0
18.36041666666665,58.73958333333334,96.0,20.658262980172054,839.9307525433112,27.0,46G8,0
18.51875000000001,58.73958333333334,277.0,26.002177716426637,844.5353034997677,27.0,46G8,0
18.677083333333343,58.73958333333334,145.0,33.040793851181064,848.3659450344267,27.0,46G8,0
18.835416666666674,58.73958333333334,127.0,40.90848253356161,852.4610840152071,27.0,46G8,0
18.993750000000006,58.73958333333334,143.0,49.17879808010358,857.4171674089496,27.0,46G8,0
19.152083333333337,58.73958333333334,60.0,55.57856435598901,863.0841368332194,29.0,46G9,0
19.31041666666667,58.73958333333334,143.0,62.64839431183424,869.3299605112627,29.0,46G9,0
19.46875,58.73958333333334,155.0,70.18605973970156,875.7643092028342,29.0,46G9,0
19.62708333333333,58.73958333333334,119.0,78.0561094631078,880.902474729221,29.0,46G9,0
19.785416666666663,58.73958333333334,149.0,86.16747939031934,886.5836575943626,29.0,46G9,0
19.943749999999994,58.73958333333334,160.0,94.45798199042058,892.7273003432493,29.0,46G9,0
20.102083333333326,58.73958333333334,134.0,100.3670257281761,899.2631947794184,29.0,46H0,0
20.260416666666657,58.73958333333334,211.0,95.83580203689772,909.4729152904108,29.0,46H0,0
20.41874999999999,58.73958333333334,178.0,87.1000286433102,915.0236676168687,29.0,46H0,0
20.57708333333332,58.73958333333334,171.0,78.46352481798344,922.1096225610996,29.0,46H0,0
20.73541666666665,58.73958333333334,99.0,69.96311972842406,930.0247049503206,29.0,46H0,0
20.89375000000001,58.73958333333334,90.0,61.65518792172126,938.372033429857,29.0,46H0,0
21.052083333333343,58.73958333333334,65.0,53.62931138223132,946.9652621232785,29.0,46H1,0
21.210416666666674,58.73958333333334,88.0,46.03331181577833,954.233830841713,29.0,46H1,0
21.368750000000006,58.73958333333334,71.0,39.11846984667561,961.0039019535744,29.0,46H1,0
21.527083333333337,58.73958333333334,59.0,33.31175431563538,967.3343175791553,29.0,46H1,0
21.68541666666667,58.73958333333334,47.0,29.280078803918123,974.0704719820515,29.0,46H1,0
21.84375,58.73958333333334,46.0,26.00217771642561,980.4499605112627,29.0,46H1,0
22.00208333333333,58.73958333333334,25.0,20.658262980172132,987.164223334071,29.0,46H2,0
22.160416666666663,58.73958333333334,29.0,18.537723761848895,994.2573200967748,29.0,46H2,0
22.318749999999994,58.73958333333334,14.0,13.008793169655489,1001.657707543145,29.0,46H2,0
22.477083333333326,58.73958333333334,1.0,9.13876651731238,1009.3086748199926,29.0,46H2,3
22.79374999999999,58.73958333333334,5.0,9.13876651731238,1029.0517588326568,29.0,46H2,3
22.95208333333332,58.73958333333334,7.0,13.008793169655489,1037.834150834904,29.0,46H2,0
23.11041666666665,58.73958333333334,4.0,13.02416563697068,1046.757786073601,29.0,46H3,5
23.26875000000001,58.73958333333334,6.0,9.268861880925863,1055.7547521913966,29.0,46H3,5
23.427083333333343,58.73958333333334,4.0,13.008793169655489,1064.794432143112,29.0,46H3,5
23.585416666666674,58.73958333333334,3.0,9.13876651731238,1072.2651020257836,29.0,46H3,5
9.493750000000006,58.82291666666666,5.0,9.268861880925863,0.0,,46F9,5
9.652083333333337,58.82291666666666,123.0,12.993425879031378,9.116861627956661,,46F9,5
9.810416666666669,58.82291666666666,381.0,20.434788931532545,18.233710515083576,,46F9,5
9.96875,58.82291666666666,180.0,18.537723761850312,27.350533920516387,,46F9,5
10.127083333333331,58.82291666666666,207.0,20.648596807591982,36.4673191033223,,46G0,5
10.285416666666663,58.82291666666666,163.0,25.971448370727682,45.584053322465515,,46G0,5
10.443749999999994,58.82291666666666,150.0,27.84355263123564,54.70072383677257,,46G0,5
10.602083333333326,58.82291666666666,117.0,28.839601420174525,63.81731790489853,,46G0,5
10.760416666666657,58.82291666666666,99.0,27.350533920516387,72.93382278529246,,46G0,5
10.918749999999989,58.82291666666666,48.0,18.233710515083576,82.05022573616272,,46G0,5
11.07708333333332,58.82291666666666,40.0,9.116861627956753,91.1665140154432,,46G1,5
17.568749999999994,58.82291666666666,19.0,9.116861627956661,833.4531712855481,27.0,46G7,3
17.727083333333326,58.82291666666666,17.0,9.116861627956661,834.2061124030274,27.0,46G7,3
18.04374999999999,58.82291666666666,47.0,9.116861627956661,839.901632837155,27.0,46G8,3
18.20208333333332,58.82291666666666,60.0,9.268861880925863,844.4871031310792,27.0,46G8,3
18.36041666666665,58.82291666666666,88.0,12.993425879031378,848.3402903739468,27.0,46G8,0
18.51875000000001,58.82291666666666,81.0,20.43478893153393,852.4179741467009,27.0,46G8,0
18.677083333333343,58.82291666666666,101.0,28.847267749755844,856.9649528363834,27.0,46G8,0
18.835416666666674,58.82291666666666,96.0,36.20609565254724,860.62728057811,27.0,46G8,0
18.993750000000006,58.82291666666666,116.0,42.59890491852563,865.1104157516463,27.0,46G8,0
19.152083333333337,58.82291666666666,131.0,49.83453347718567,870.2950098658067,29.0,46G9,0
19.31041666666667,58.82291666666666,151.0,57.59617776972686,876.0700300551623,29.0,46G9,0
19.46875,58.82291666666666,134.0,65.69763258321106,882.3376038899513,29.0,46G9,0
19.62708333333333,58.82291666666666,121.0,74.02737891058766,888.499126888352,29.0,46G9,0
19.785416666666663,58.82291666666666,143.0,81.59625298292424,893.7963516556522,29.0,46G9,0
19.943749999999994,58.82291666666666,150.0,87.3739335147714,899.563046959762,29.0,46G9,0
20.102083333333326,58.82291666666666,170.0,93.66895032936772,909.4338597213258,29.0,46H0,0
20.260416666666657,58.82291666666666,177.0,98.82177251986579,914.9929175640744,29.0,46H0,0
20.41874999999999,58.82291666666666,194.0,90.39625782770327,922.0552117767085,29.0,46H0,0
20.57708333333332,58.82291666666666,169.0,82.12805283797185,928.032337148398,29.0,46H0,0
20.73541666666665,58.82291666666666,130.0,74.06991002817584,934.9236061852985,29.0,46H0,0
20.89375000000001,58.82291666666666,87.0,66.29852160294323,942.4958124712812,29.0,46H0,0
21.052083333333343,58.82291666666666,92.0,58.92750058449954,950.4980670787896,29.0,46H1,0
21.210416666666674,58.82291666666666,50.0,52.12701591894622,958.7826281940235,29.0,46H1,0
21.368750000000006,58.82291666666666,48.0,46.15002236313848,967.2420071608483,29.0,46H1,0
21.527083333333337,58.82291666666666,55.0,37.584299519092156,973.9547614416991,29.0,46H1,0
21.68541666666667,58.82291666666666,53.0,28.847267749754455,980.3422477821615,29.0,46H1,0
21.84375,58.82291666666666,43.0,20.434788931532626,987.0331463251381,29.0,46H1,0
22.00208333333333,58.82291666666666,23.0,12.993425879031506,993.4576038899513,29.0,46H2,0
22.160416666666663,58.82291666666666,20.0,9.268861880925863,1000.134426188658,29.0,46H2,3
22.318749999999994,58.82291666666666,6.0,9.116861627956661,1007.1511260200369,29.0,46H2,3
22.95208333333332,58.82291666666666,2.0,9.116861627956661,1041.066609083882,29.0,46H2,3
23.11041666666665,58.82291666666666,1.0,12.993425879031506,1049.3906152830057,29.0,46H3,5
23.26875000000001,58.82291666666666,8.0,12.993425879031378,1057.9608501526225,29.0,46H3,5
23.427083333333343,58.82291666666666,2.0,9.116861627956661,1066.6822905175509,29.0,46H3,5
9.652083333333337,58.90625,5.0,9.094937452830319,12.993425879031378,,46F9,5
9.810416666666669,58.90625,214.0,12.978063913741703,20.434788931532545,,46F9,5
9.96875,58.90625,87.0,9.268861880924447,28.847267749754373,,46F9,5
10.127083333333331,58.90625,167.0,12.978063913741703,37.58429951909207,,46G0,5
10.285416666666663,58.90625,146.0,18.57612413402807,46.463119701585086,,46G0,5
10.443749999999994,58.90625,162.0,18.592995172572476,55.4155794660831,,46G0,5
10.602083333333326,58.90625,272.0,20.05050583977421,64.41094109483949,,46G0,5
10.760416666666657,58.90625,71.0,21.66971412821312,73.43339919242551,,46G0,5
10.918749999999989,58.90625,20.0,18.189862173116,82.47401919076069,,46G0,5
11.07708333333332,58.90625,167.0,9.09493745283041,91.5273763399169,,46G1,5
18.04374999999999,58.90625,36.0,9.094937452830319,848.3146644940198,27.0,46G8,3
18.36041666666665,58.90625,61.0,9.094937452830319,856.9421039207509,27.0,46G8,3
18.51875000000001,58.90625,77.0,18.189862173117557,860.5884538158265,27.0,46G8,0
18.677083333333343,58.90625,57.0,23.28282240898887,865.0528600934866,27.0,46G8,0
18.835416666666674,58.90625,81.0,29.665272875134004,869.0045935902466,27.0,46G8,0
18.993750000000006,58.90625,99.0,37.18334792528098,873.0846634483249,27.0,46G8,0
19.152083333333337,58.90625,120.0,45.274781551829285,877.8455701059058,29.0,46G9,0
19.31041666666667,58.90625,114.0,53.68089154253491,883.195030114179,29.0,46G9,0
19.46875,58.90625,117.0,62.26053576304536,889.0481146600163,29.0,46G9,0
19.62708333333333,58.90625,131.0,68.73366497174949,895.3295493105687,29.0,46G9,0
19.785416666666663,58.90625,143.0,74.39889975390683,901.9534258790314,29.0,46G9,0
19.943749999999994,58.90625,161.0,80.67899265483535,909.3947889315325,29.0,46G9,0
20.102083333333326,58.90625,155.0,87.44153436114654,914.9621777164257,29.0,46H0,0
20.260416666666657,58.90625,167.0,94.58306461014692,922.0007938511799,29.0,46H0,0
20.41874999999999,58.90625,176.0,94.49003012726904,927.9862195359217,29.0,46H0,0
20.57708333333332,58.90625,182.0,86.63328087008655,934.8538999298224,29.0,46H0,0
20.73541666666665,58.90625,154.0,79.05493512833134,941.0255153920765,29.0,46H0,0
20.89375000000001,58.90625,122.0,71.84319756201681,947.8024847766775,29.0,46H0,0
21.052083333333343,58.90625,136.0,63.66384914301879,955.1496992449831,29.0,46H1,0
21.210416666666674,58.90625,71.0,54.56917907601039,962.8973219763625,29.0,46H1,0
21.368750000000006,58.90625,81.0,45.474432612542394,970.9318600554966,29.0,46H1,0
21.527083333333337,58.90625,50.0,36.37962248566995,979.1766507658724,29.0,46H1,0
21.68541666666667,58.90625,69.0,27.284761428278188,986.9020889543276,29.0,46H1,0
21.84375,58.90625,11.0,18.189862173116094,993.3345213624848,29.0,46H1,0
22.00208333333333,58.90625,18.0,9.0949374528305,999.9879958692244,29.0,46H2,3
23.11041666666665,58.90625,4.0,9.0949374528305,1053.5222912031682,29.0,46H3,3
23.26875000000001,58.90625,7.0,9.094937452830319,1061.5008998479525,29.0,46H3,3
9.810416666666669,58.98958333333334,29.0,9.072994038311732,25.971448370727682,,46F9,5
10.127083333333331,58.98958333333334,51.0,9.072994038311732,40.830325786182364,,46G0,5
10.285416666666663,58.98958333333334,66.0,9.34524189532889,49.10761385291996,,46G0,5
10.443749999999994,58.98958333333334,94.0,9.378652040742777,57.63178887060269,,46G0,5
10.602083333333326,58.98958333333334,126.0,12.006101698500304,66.30766515899008,,46G0,5
10.760416666666657,58.98958333333334,28.0,14.544316599172879,75.08263333074504,,46G0,5
10.918749999999989,58.98958333333334,38.0,9.514108258333634,83.9255756456309,,46G0,5
11.07708333333332,58.98958333333334,61.0,9.072994038311823,92.81702345488344,,46G1,5
17.727083333333326,58.98958333333334,23.0,9.072994038311732,852.5545513206281,27.0,46G7,3
18.04374999999999,58.98958333333334,14.0,9.072994038311732,856.9192824718234,27.0,46G8,3
18.20208333333332,58.98958333333334,32.0,9.268861880924447,860.5496667352019,27.0,46G8,3
18.36041666666665,58.98958333333334,37.0,10.11667817568125,864.9953522936686,27.0,46G8,0
18.51875000000001,58.98958333333334,30.0,10.535245040545671,868.9693621844956,27.0,46G8,0
18.677083333333343,58.98958333333334,44.0,16.84860303817123,873.0319682988526,27.0,46G8,0
18.835416666666674,58.98958333333334,72.0,24.919837789652007,877.5398198415849,27.0,46G8,0
18.993750000000006,58.98958333333334,65.0,33.501614418334704,881.2749405304908,27.0,46G8,0
19.152083333333337,58.98958333333334,119.0,42.28418343677274,885.6644799344734,29.0,46G9,0
19.31041666666667,58.98958333333334,105.0,49.4717697211829,890.6320368263246,29.0,46G9,0
19.46875,58.98958333333334,117.0,55.93799080532103,896.1047712677741,29.0,46G9,0
19.62708333333333,58.98958333333334,97.0,61.44383011022458,907.4977237618504,29.0,46G9,0
19.785416666666663,58.98958333333334,104.0,67.70719515023568,909.608596807592,29.0,46G9,0
19.943749999999994,58.98958333333334,144.0,74.53733498790125,914.9314483707277,29.0,46G9,0
20.102083333333326,58.98958333333334,125.0,81.79235221259535,921.94636921077,29.0,46H0,0
20.260416666666657,58.98958333333334,146.0,89.36879547551528,927.940117453705,29.0,46H0,0
20.41874999999999,58.98958333333334,142.0,97.19148714299732,934.7841936376589,29.0,46H0,0
20.57708333333332,58.98958333333334,146.0,91.30916974789801,940.9640352759026,29.0,46H0,0
20.73541666666665,58.98958333333334,182.0,82.27786935777884,947.7174747677869,29.0,46H0,0
20.89375000000001,58.98958333333334,115.0,73.25933602371957,954.0031659811821,29.0,46H0,0
21.052083333333343,58.98958333333334,146.0,64.2590065924423,960.702861617084,29.0,46H1,0
21.210416666666674,58.98958333333334,168.0,55.28583511479679,967.8908148255373,29.0,46H1,0
21.368750000000006,58.98958333333334,152.0,46.355660230073255,975.4453363277021,29.0,46H1,0
21.527083333333337,58.98958333333334,109.0,37.499280376794175,983.2783482957951,29.0,46H1,0
21.68541666666667,58.98958333333334,67.0,28.78496321055928,991.3259020139078,29.0,46H1,0
21.84375,58.98958333333334,92.0,20.39570316510496,999.5411275407365,29.0,46H1,0
22.00208333333333,58.98958333333334,15.0,12.97806391374183,1006.3111015918474,29.0,46H2,0
22.160416666666663,58.98958333333334,14.0,9.268861880924447,1013.058063913742,29.0,46H2,3
22.318749999999994,58.98958333333334,14.0,9.072994038311732,1020.475703165105,29.0,46H2,3
22.95208333333332,58.98958333333334,3.0,9.072994038311732,1052.0840352759024,29.0,46H2,3
23.11041666666665,58.98958333333334,14.0,9.072994038313372,1058.8374747677867,29.0,46H3,3
23.427083333333343,58.98958333333334,4.0,9.072994038311732,1073.8846967289626,29.0,46H3,3
23.585416666666674,58.98958333333334,-0.0,0.0,1081.8956059102272,29.0,46H3,3
10.631249999999994,59.07291666666666,77.0,9.28921635249225,70.93700861215999,,47G0,5
10.793749999999989,59.07291666666666,113.0,9.289216352493977,79.59741607769709,,47G0,5
11.118750000000006,59.07291666666666,47.0,9.268861880925863,97.28578945627238,,47G1,5
18.59375,59.07291666666666,10.0,9.289216352492433,879.1830283857004,27.0,47G8,3
18.756249999999994,59.07291666666666,44.0,18.57841895901494,883.3352354878327,27.0,47G8,0
18.91874999999999,59.07291666666666,41.0,26.213127945900986,887.9233776443562,27.0,47G8,0
19.08125000000001,59.07291666666666,50.0,33.413728621595325,891.8061955167785,29.0,47G9,0
19.243750000000006,59.07291666666666,88.0,41.42934901597472,896.3110725232596,29.0,47G9,0
19.40625,59.07291666666666,94.0,46.299478885378576,906.2088883565906,29.0,47G9,0
19.568749999999994,59.07291666666666,96.0,52.36209785141807,912.6830576640763,29.0,47G9,0
19.73124999999999,59.07291666666666,87.0,59.25225772933129,917.4015503958716,29.0,47G9,0
19.89375000000001,59.07291666666666,88.0,66.714012328081,920.6975423181071,29.0,47G9,0
20.056250000000006,59.07291666666666,100.0,74.57594714743765,926.1010130876477,29.0,47H0,0
20.21875,59.07291666666666,132.0,82.72400379487148,932.8401706243612,29.0,47H0,0
20.381249999999994,59.07291666666666,130.0,91.08138426863951,939.4173940979985,29.0,47H0,0
20.54374999999999,59.07291666666666,118.0,94.47409423971597,946.1613139363327,29.0,47H0,0
20.70625000000001,59.07291666666666,131.0,85.3635436305919,952.7620707856879,29.0,47H0,0
20.868750000000006,59.07291666666666,130.0,76.30131157574814,959.512285235922,29.0,47H0,0
21.03125,59.07291666666666,132.0,67.3069821098943,966.1288575199571,29.0,47H1,0
21.193749999999994,59.07291666666666,182.0,58.41199612635214,972.886648127548,29.0,47H1,0
21.35624999999999,59.07291666666666,164.0,49.66982090023048,980.1049236319345,29.0,47H1,0
21.51875000000001,59.07291666666666,131.0,41.17796588406696,987.6826906204925,29.0,47H1,0
21.681250000000006,59.07291666666666,151.0,33.12955098188981,995.5432604678709,29.0,47H1,0
21.84375,59.07291666666666,119.0,25.94072982477858,1003.6284477366502,29.0,47H1,0
22.006249999999994,59.07291666666666,35.0,20.535099957164675,1013.2105276263447,29.0,47H2,0
22.16874999999999,59.07291666666666,34.0,18.543873165109687,1020.8623749781267,29.0,47H2,0
22.33125000000001,59.07291666666666,26.0,12.473063123978552,1026.5267353859515,29.0,47H2,0
22.493750000000006,59.07291666666666,18.0,9.28921635249225,1033.8055835673235,29.0,47H2,3
22.818749999999994,59.07291666666666,7.0,9.289216352492433,1050.4150488396922,29.0,47H2,3
22.98124999999999,59.07291666666666,12.0,14.180025127634405,1059.1716734576885,29.0,47H2,0
23.14375000000001,59.07291666666666,5.0,11.708741374779667,1066.4038298559894,32.0,47H3,0
23.306250000000006,59.07291666666666,3.0,9.28921635249225,1073.3803852061353,32.0,47H3,3
10.46875,59.15625,19.0,9.266656131356598,67.05199864322218,,47G0,5
10.631249999999994,59.15625,75.0,13.098607069586533,74.98739190131622,,47G0,5
10.793749999999989,59.15625,19.0,9.268861880925863,83.20838506794313,,47G0,5
10.956250000000011,59.15625,21.0,9.266656131356598,91.63810365430913,,47G0,5
18.59375,59.15625,76.0,9.266656131356688,887.7057878949329,27.0,47G8,3
18.756249999999994,59.15625,4.0,13.09860706958647,891.5380526511083,27.0,47G8,0
18.91874999999999,59.15625,20.0,20.701645311078064,895.9937836190547,27.0,47G8,0
19.08125000000001,59.15625,39.0,29.272241283158323,902.074564597611,29.0,47G9,0
19.243750000000006,59.15625,58.0,33.379295939764376,908.2240954089809,29.0,47G9,0
19.40625,59.15625,77.0,39.24779595718403,912.5130431756703,29.0,47G9,0
19.568749999999994,59.15625,82.0,46.228593600430706,919.1421637126688,29.0,47G9,0
19.73124999999999,59.15625,78.0,53.89113087005777,925.7475753323035,29.0,47G9,0
19.89375000000001,59.15625,81.0,61.98304838587012,929.0609514901771,29.0,47G9,0
20.056250000000006,59.15625,100.0,70.35630884415932,933.4500728770723,29.0,47H0,0
20.21875,59.15625,100.0,78.92137302078828,939.1999877491903,29.0,47H0,0
20.381249999999994,59.15625,112.0,87.62196905878193,945.8999020476667,29.0,47H0,0
20.54374999999999,59.15625,100.0,92.6886188092459,952.5256699245238,29.0,47H0,0
20.70625000000001,59.15625,107.0,87.74760833406879,959.235843612656,29.0,47H0,0
20.868750000000006,59.15625,101.0,78.98198480363583,965.8741925253248,29.0,47H0,0
21.03125,59.15625,126.0,70.35359544564719,972.5945935019846,29.0,47H1,0
21.193749999999994,59.15625,134.0,61.919898214785924,979.242658504195,29.0,47H1,0
21.35624999999999,59.15625,127.0,53.77263922826748,985.9734520017454,29.0,47H1,0
21.51875000000001,59.15625,121.0,46.06411586705697,993.1084259772815,29.0,47H1,0
21.681250000000006,59.15625,162.0,39.05504409810288,1000.5700544753154,29.0,47H1,0
21.84375,59.15625,146.0,33.191585599443556,1008.2970406029273,29.0,47H1,0
22.006249999999994,59.15625,46.0,29.17293148073296,1020.8149022989606,29.0,47H2,0
22.16874999999999,59.15625,21.0,25.579479908389473,1026.3250485963204,29.0,47H2,0
22.33125000000001,59.15625,21.0,20.325933829513332,1033.550059417839,29.0,47H2,0
22.493750000000006,59.15625,78.0,13.114564597609842,1039.6406825229053,29.0,47H2,0
22.65625,59.15625,19.0,9.268861880925863,1046.7164748239481,29.0,47H2,3
22.818749999999994,59.15625,23.0,13.11456459760997,1054.466223534947,29.0,47H2,0
22.98124999999999,59.15625,13.0,20.742017902694673,1062.6399276749055,29.0,47H2,0
23.14375000000001,59.15625,17.0,19.8672035103248,1071.0913008727587,32.0,47H3,0
23.306250000000006,59.15625,20.0,13.114564597609842,1079.5164900581326,32.0,47H3,0
23.46875,59.15625,12.0,9.266656131356507,1086.4288176162552,32.0,47H3,3
10.46875,59.23958333333334,2.0,9.244076307577132,72.53675461055926,,47G0,5
10.631249999999994,59.23958333333334,349.0,9.244076307577132,79.9123034904543,,47G0,5
18.431250000000006,59.23958333333334,23.0,9.244076307577222,891.2734444407822,27.0,47G8,3
18.756249999999994,59.23958333333334,7.0,9.244076307577041,899.8935520902493,27.0,47G8,3
18.91874999999999,59.23958333333334,11.0,18.48813888837627,907.4977237618517,27.0,47G8,0
19.08125000000001,59.23958333333334,34.0,20.704643630989068,909.6848051419212,29.0,47G9,0
19.243750000000006,59.23958333333334,43.0,26.149320426641218,915.173127945902,29.0,47G9,0
19.40625,59.23958333333334,73.0,33.30104738687299,920.3254401868271,29.0,47G9,0
19.568749999999994,59.23958333333334,87.0,41.28193470463372,925.5542706117506,29.0,47G9,0
19.73124999999999,59.23958333333334,77.0,49.6940493897474,932.1646851824321,29.0,47G9,0
19.89375000000001,59.23958333333334,68.0,58.35114770776949,937.752666427233,29.0,47G9,0
20.056250000000006,59.23958333333334,68.0,67.15851583826604,941.4109395147673,29.0,47H0,0
20.21875,59.23958333333334,70.0,76.06392968834965,946.3574331166935,29.0,47H0,0
20.381249999999994,59.23958333333334,77.0,83.41975692832003,952.2909868925651,29.0,47H0,0
20.54374999999999,59.23958333333334,93.0,83.41975692832003,958.9610181111959,29.0,47H0,0
20.70625000000001,59.23958333333334,76.0,83.91915473454932,965.6211651946354,29.0,47H0,0
20.868750000000006,59.23958333333334,92.0,82.62102357965463,972.3041064109377,29.0,47H0,0
21.03125,59.23958333333334,104.0,74.43684982697278,978.9717142069088,29.0,47H1,0
21.193749999999994,59.23958333333334,97.0,66.54326075252237,985.666965851125,29.0,47H1,0
21.35624999999999,59.23958333333334,103.0,59.05694661048371,992.3410368271861,29.0,47H1,0
21.51875000000001,59.23958333333334,105.0,52.15364179176855,999.0482995884203,29.0,47H1,0
21.681250000000006,59.23958333333334,111.0,46.096077094517405,1006.1155755481088,29.0,47H1,0
21.84375,59.23958333333334,118.0,41.258506757832926,1018.5681388883761,29.0,47H1,0
22.006249999999994,59.23958333333334,115.0,38.10843768311249,1026.2931279459012,29.0,47H2,0
22.16874999999999,59.23958333333334,120.0,32.910672396745944,1033.4937286215938,29.0,47H2,0
22.33125000000001,59.23958333333334,110.0,26.213127945900986,1039.4235245955701,29.0,47H2,0
22.493750000000006,59.23958333333334,77.0,20.724805141920317,1046.4530292417858,29.0,47H2,0
22.65625,59.23958333333334,66.0,18.537723761851726,1052.7386290208426,29.0,47H2,0
22.818749999999994,59.23958333333334,13.0,20.7248051419204,1059.6948134014617,29.0,47H2,0
22.98124999999999,59.23958333333334,55.0,26.213127945900986,1067.217786449707,29.0,47H2,0
23.14375000000001,59.23958333333334,59.0,26.213127945900986,1075.1372764184061,32.0,47H3,0
23.306250000000006,59.23958333333334,75.0,20.701645311077904,1083.3401731496042,32.0,47H3,0
23.46875,59.23958333333334,17.0,13.09860706958647,1091.7503864428538,32.0,47H3,0
23.631249999999994,59.23958333333334,5.0,9.244076307577222,1099.4748319833884,32.0,47H3,3
10.631249999999994,59.32291666666666,20.0,9.22147692891928,85.56086199754196,,47G0,5
18.756249999999994,59.32291666666666,48.0,9.22147692891919,909.67471888548,27.0,47G8,3
18.91874999999999,59.32291666666666,36.0,9.268861880925863,915.1412184522247,27.0,47G8,3
19.08125000000001,59.32291666666666,33.0,13.066709137825466,918.2664288373721,29.0,47G9,0
19.243750000000006,59.32291666666666,43.0,20.62085458733231,922.364310516948,29.0,47G9,0
19.40625,59.32291666666666,40.0,29.143653747604947,928.2556517920963,29.0,47G9,0
19.568749999999994,59.32291666666666,50.0,37.98861791986223,932.9956795565906,29.0,47G9,0
19.73124999999999,59.32291666666666,67.0,46.97407498745277,938.6123608421165,29.0,47G9,0
19.89375000000001,59.32291666666666,52.0,56.032436104067095,945.2032538596244,29.0,47G9,0
20.056250000000006,59.32291666666666,55.0,65.13324849287442,949.7437006712614,29.0,47H0,0
20.21875,59.32291666666666,60.0,74.15089504739841,954.0499089878741,29.0,47H0,0
20.381249999999994,59.32291666666666,66.0,74.15089504739841,959.3254481842379,29.0,47H0,0
20.54374999999999,59.32291666666666,68.0,74.15089504739841,965.3697780110525,29.0,47H0,0
20.70625000000001,59.32291666666666,74.0,74.71090360988057,972.0151902845856,29.0,47H0,0
20.868750000000006,59.32291666666666,72.0,76.3662901048952,978.7023557860898,29.0,47H0,0
21.03125,59.32291666666666,83.0,74.47711432407262,985.362014720669,29.0,47H1,0
21.193749999999994,59.32291666666666,99.0,70.44029148840673,992.0539815155504,29.0,47H1,0
21.35624999999999,59.32291666666666,84.0,65.23626099327929,998.7271034112363,29.0,47H1,0
21.51875000000001,59.32291666666666,140.0,59.07557548538206,1005.4236718526552,29.0,47H1,0
21.681250000000006,59.32291666666666,89.0,53.81656538884406,1013.162655197675,29.0,47H1,0
21.84375,59.32291666666666,97.0,49.746060544347365,1020.7412574549357,29.0,47H1,0
22.006249999999994,59.32291666666666,93.0,45.7762487289945,1029.2879673731654,29.0,47H2,0
22.16874999999999,59.32291666666666,99.0,39.29565179209626,1038.1563276664563,29.0,47H2,0
22.33125000000001,59.32291666666666,117.0,33.40431051694713,1046.3808109578647,29.0,47H2,0
22.493750000000006,59.32291666666666,107.0,29.30642883737152,1052.5059172773495,29.0,47H2,0
22.65625,59.32291666666666,104.0,27.806585642773346,1059.4203678109068,29.0,47H2,0
22.818749999999994,59.32291666666666,101.0,29.306428837371577,1065.8204832745332,29.0,47H2,0
22.98124999999999,59.32291666666666,114.0,33.40431051694713,1072.6956961547214,29.0,47H2,0
23.14375000000001,59.32291666666666,86.0,33.357391129960035,1080.0575104113934,32.0,47H3,0
23.306250000000006,59.32291666666666,70.0,26.181218452224503,1087.783437882408,32.0,47H3,0
23.46875,59.32291666666666,49.0,20.661257454935804,1095.7852986360294,32.0,47H3,0
23.631249999999994,59.32291666666666,62.0,13.082655197675027,1103.999329232635,32.0,47H3,0
23.79374999999999,59.32291666666666,32.0,9.268861880921618,1112.3789390182753,32.0,47H3,3
23.95625000000001,59.32291666666666,2.0,9.22147692891937,1119.6700840590086,32.0,47H3,3
10.631249999999994,59.40625,33.0,9.198858043189716,91.799583408328,,47G0,5
18.10624999999999,59.40625,5.0,9.198858043191246,928.2077959571841,27.0,47G8,5
18.431250000000006,59.40625,27.0,9.198858043189627,918.2593025493759,27.0,47G8,5
18.59375,59.40625,6.0,9.268861880925863,916.7665856427734,27.0,47G8,3
18.756249999999994,59.40625,4.0,9.198858043189807,918.2593025493758,27.0,47G8,3
19.08125000000001,59.40625,20.0,9.198858043191246,927.1704628822115,29.0,47G9,3
19.243750000000006,59.40625,10.0,18.397702379525388,930.3893490159747,29.0,47G9,0
19.40625,59.40625,20.0,27.59651930211203,935.2594788853786,29.0,47G9,0
19.568749999999994,59.40625,29.0,36.79529510398526,941.0269213953376,29.0,47G9,0
19.73124999999999,59.40625,41.0,45.994016078069585,945.8448934295827,29.0,47G9,0
19.89375000000001,59.40625,40.0,55.192668517144405,951.6666823396575,29.0,47G9,0
20.056250000000006,59.40625,44.0,64.39123871380022,958.2396571892168,29.0,47H0,0
20.21875,59.40625,48.0,64.88203316647255,962.1088150281175,29.0,47H0,0
20.381249999999994,59.40625,50.0,64.88203316647255,966.8291186371166,29.0,47H0,0
20.54374999999999,59.40625,49.0,64.88203316647255,972.3181758866232,29.0,47H0,0
20.70625000000001,59.40625,96.0,65.51974657252795,978.4345854772001,29.0,47H0,0
20.868750000000006,59.40625,62.0,67.39668820967087,985.0586017160962,29.0,47H0,0
21.03125,59.40625,94.0,66.53345904085748,991.7684756722103,29.0,47H1,0
21.193749999999994,59.40625,87.0,61.993006785627614,998.4074180775466,29.0,47H1,0
21.35624999999999,59.40625,94.0,58.534570179955864,1005.1206183871794,29.0,47H1,0
21.51875000000001,59.40625,76.0,56.357721003689385,1013.1467091378257,29.0,47H1,0
21.681250000000006,59.40625,69.0,53.851484693836646,1020.7008545873324,29.0,47H1,0
21.84375,59.40625,84.0,49.820692031081116,1026.2293204266402,29.0,47H1,0
22.006249999999994,59.40625,77.0,47.23739751857484,1033.3810473868718,29.0,47H2,0
22.16874999999999,59.40625,74.0,46.299478885378576,1041.3619347046324,29.0,47H2,0
22.33125000000001,59.40625,73.0,41.429349015974076,1049.7740493897475,29.0,47H2,0
22.493750000000006,59.40625,88.0,38.210462882210976,1058.4311477077679,29.0,47H2,0
22.65625,59.40625,91.0,37.075447523699204,1065.5721882627295,29.0,47H2,0
22.818749999999994,59.40625,92.0,38.21046288221102,1072.4086934757322,29.0,47H2,0
22.98124999999999,59.40625,97.0,41.429349015974076,1078.8861890124213,29.0,47H2,0
23.14375000000001,59.40625,95.0,39.24779595718288,1085.7014175096576,32.0,47H3,0
23.306250000000006,59.40625,107.0,33.30104738687164,1092.9419690040634,32.0,47H3,0
23.46875,59.40625,105.0,26.1493204266402,1100.5158612061039,32.0,47H3,0
23.631249999999994,59.40625,87.0,20.704643630988425,1108.35312335694,32.0,47H3,0
23.79374999999999,59.40625,67.0,18.53772376184748,1116.4004911577351,32.0,47H3,0
23.95625000000001,59.40625,58.0,13.066709137824448,1129.5977023795256,32.0,47H3,0
24.118750000000006,59.40625,42.0,9.198858043189627,1138.796519302112,32.0,47H4,3
27.85624999999999,59.40625,6.0,9.198858043189627,1362.5193006889508,32.0,47H7,3
10.46875,59.48958333333334,196.0,9.176219698236405,92.6786191650895,,47G0,5
10.631249999999994,59.48958333333334,14.0,9.176219698236405,98.5164122043866,,47G0,5
18.756249999999994,59.48958333333334,-0.0,0.0,927.1650017836542,27.0,47G8,3
19.08125000000001,59.48958333333334,18.0,9.176219698237931,935.2189012324477,29.0,47G9,3
19.243750000000006,59.48958333333334,14.0,18.352425699854056,938.8474440418579,29.0,47G9,0
19.40625,59.48958333333334,13.0,27.528604308193618,942.9503486399822,29.0,47G9,0
19.568749999999994,59.48958333333334,47.0,36.70474182652703,948.2190511361181,29.0,47G9,0
19.73124999999999,59.48958333333334,48.0,45.880824558016144,953.5993634838616,29.0,47G9,0
19.89375000000001,59.48958333333334,54.0,55.0568388056791,958.7652538802225,29.0,47G9,0
20.056250000000006,59.48958333333334,49.0,56.354048208923196,964.7108064508275,29.0,47H0,0
20.21875,59.48958333333334,63.0,55.61317128554669,970.4254773034012,29.0,47H0,0
20.381249999999994,59.48958333333334,85.0,55.61317128554669,974.6788655910399,29.0,47H0,0
20.54374999999999,59.48958333333334,79.0,55.61317128554669,979.6823041533961,29.0,47H0,0
20.70625000000001,59.48958333333334,52.0,56.354048208923444,985.3189975842604,29.0,47H0,0
20.868750000000006,59.48958333333334,24.0,58.52042411844339,991.4845214506818,29.0,47H0,0
21.03125,59.48958333333334,68.0,58.97782238859049,998.089246534696,29.0,47H1,0
21.193749999999994,59.48958333333334,83.0,53.81685306971613,1004.8190880445818,29.0,47H1,0
21.35624999999999,59.48958333333334,85.0,49.80405745186196,1013.1307690465063,29.0,47H1,0
21.51875000000001,59.48958333333334,116.0,47.23301197227399,1020.6604369627275,29.0,47H1,0
21.681250000000006,59.48958333333334,63.0,46.096883687312356,1026.1974341815692,29.0,47H1,0
21.84375,59.48958333333334,57.0,41.32882002269527,1033.3246978385105,29.0,47H1,0
22.006249999999994,59.48958333333334,58.0,38.18323680356075,1039.2799575586519,29.0,47H2,0
22.16874999999999,59.48958333333334,62.0,37.075447523696376,1046.2363777863284,29.0,47H2,0
22.33125000000001,59.48958333333334,58.0,38.18323680356113,1053.8743264130103,29.0,47H2,0
22.493750000000006,59.48958333333334,61.0,41.32882002269598,1061.9418392699918,29.0,47H2,0
22.65625,59.48958333333334,72.0,41.32882002269527,1070.2909568699972,29.0,47H2,0
22.818749999999994,59.48958333333334,81.0,38.18323680356075,1078.622299140764,29.0,47H2,0
22.98124999999999,59.48958333333334,82.0,37.075447523696376,1085.4009711711096,29.0,47H2,0
23.14375000000001,59.48958333333334,92.0,38.18323680356113,1091.9357000820776,32.0,47H3,0
23.306250000000006,59.48958333333334,87.0,39.19995755865176,1098.7035937571936,32.0,47H3,0
23.46875,59.48958333333334,88.0,33.35430222658777,1105.848775345519,32.0,47H3,0
23.631249999999994,59.48958333333334,89.0,29.292185807394656,1113.2997983889795,32.0,47H3,0
23.79374999999999,59.48958333333334,84.0,26.117434181569138,1121.0000987780575,32.0,47H3,0
23.95625000000001,59.48958333333334,84.0,20.580436962725997,1131.7804369627277,32.0,47H3,0
24.118750000000006,59.48958333333334,96.0,13.05076904650616,1140.2793006889526,32.0,47H4,0
24.28125,59.48958333333334,51.0,9.268861880925863,1149.1008454251848,32.0,47H4,3
24.443749999999994,59.48958333333334,38.0,9.268861880925863,1158.0631617258393,32.0,47H4,3
24.60624999999999,59.48958333333334,33.0,9.268861880925863,1167.0985395666019,32.0,47H4,3
24.76875000000001,59.48958333333334,35.0,9.176219698236494,1176.1764645174974,32.0,47H4,3
26.881249999999994,59.48958333333334,12.0,9.176219698236315,1305.3214812461624,32.0,47H6,3
27.04374999999999,59.48958333333334,18.0,9.268861880925863,1314.4341151865656,32.0,47H7,3
27.206249999999983,59.48958333333334,24.0,9.268861880925863,1323.555935329061,32.0,47H7,3
27.368750000000006,59.48958333333334,30.0,9.268861880925863,1332.6846161806516,32.0,47H7,3
27.53125,59.48958333333334,27.0,9.268861880925863,1341.8185371484203,32.0,47H7,3
27.693749999999994,59.48958333333334,27.0,9.268861880925863,1351.7924256998526,32.0,47H7,3
27.85624999999999,59.48958333333334,30.0,13.05076904650616,1360.9686043081922,32.0,47H7,0
28.018749999999983,59.48958333333334,13.0,9.176219698237931,1370.1447418265257,32.0,47H8,3
10.631249999999994,59.57291666666666,161.0,9.15356194194848,105.62017319021817,,48G0,5
18.91874999999999,59.57291666666666,16.0,9.15356194194857,938.8307243100444,27.0,48G8,3
19.08125000000001,59.57291666666666,15.0,13.03483508074375,942.9155827528549,29.0,48G9,0
19.243750000000006,59.57291666666666,35.0,20.540004837013395,947.5513500487457,29.0,48G9,0
19.40625,59.57291666666666,15.0,29.014908481166568,951.0735754355237,29.0,48G9,0
19.568749999999994,59.57291666666666,31.0,37.813010490737746,955.6930701061732,29.0,48G9,0
19.73124999999999,59.57291666666666,56.0,46.752163905641495,961.1996147289514,29.0,48G9,0
19.89375000000001,59.57291666666666,26.0,49.787444566909954,966.3243327535425,29.0,48G9,0
20.056250000000006,59.57291666666666,31.0,47.22863320087339,971.7157748504984,29.0,48H0,0
20.21875,59.57291666666666,30.0,46.34430940462507,977.7420663438295,29.0,48H0,0
20.381249999999994,59.57291666666666,50.0,46.34430940462507,982.7878697446265,29.0,48H0,0
20.54374999999999,59.57291666666666,57.0,46.34430940462507,987.3688772769834,29.0,48H0,0
20.70625000000001,59.57291666666666,51.0,47.228633200873695,992.5757784341723,29.0,48H0,0
20.868750000000006,59.57291666666666,46.0,49.78744456691054,998.3191794885304,29.0,48H0,0
21.03125,59.57291666666666,40.0,51.979684909920394,1004.5190829866071,29.0,48H1,0
21.193749999999994,59.57291666666666,28.0,46.056454672449256,1011.105961173122,29.0,48H1,0
21.35624999999999,59.57291666666666,89.0,41.30878246807709,1020.6200048370121,29.0,48H1,0
21.51875000000001,59.57291666666666,29.0,38.177815659358586,1026.1655600305023,29.0,48H1,0
21.681250000000006,59.57291666666666,50.0,37.075447523699204,1033.2683429333138,29.0,48H1,0
21.84375,59.57291666666666,60.0,33.25454119315344,1039.2321370659445,29.0,48H1,0
22.006249999999994,59.57291666666666,23.0,29.263815643014734,1046.1641641353046,29.0,48H2,0
22.16874999999999,59.57291666666666,52.0,27.80658564277476,1052.3145284342181,29.0,48H2,0
22.33125000000001,59.57291666666666,57.0,29.26381564301524,1059.156062429492,29.0,48H2,0
22.493750000000006,59.57291666666666,47.0,33.254541193154324,1066.5686241389985,29.0,48H2,0
22.65625,59.57291666666666,40.0,33.25454119315344,1074.381469542439,29.0,48H2,0
22.818749999999994,59.57291666666666,64.0,29.263815643014734,1082.480778543313,29.0,48H2,0
22.98124999999999,59.57291666666666,72.0,27.80658564277476,1090.7898085099264,29.0,48H2,0
23.14375000000001,59.57291666666666,67.0,29.26381564301524,1098.389154246293,32.0,48H3,0
23.306250000000006,59.57291666666666,70.0,33.254541193154324,1104.96897411608,32.0,48H3,0
23.46875,59.57291666666666,82.0,37.075447523699204,1111.6977362812017,32.0,48H3,0
23.631249999999994,59.57291666666666,81.0,38.177815659358586,1118.765245525082,32.0,48H3,0
23.79374999999999,59.57291666666666,74.0,33.18834293331385,1131.740004837012,32.0,48H3,0
23.95625000000001,59.57291666666666,69.0,26.085560030501284,1137.2855600305024,32.0,48H3,0
24.118750000000006,59.57291666666666,86.0,20.684526533418897,1144.388342933314,32.0,48H4,0
24.28125,59.57291666666666,84.0,18.53772376184748,1152.3202640789511,32.0,48H4,0
24.443749999999994,59.57291666666666,38.0,18.307110197696375,1160.6841687490214,32.0,48H4,0
24.60624999999999,59.57291666666666,11.0,9.153561941950002,1169.2937354510786,32.0,48H4,3
24.931250000000006,59.57291666666666,76.0,9.15356194194857,1186.9128401649969,32.0,48H4,3
25.09375,59.57291666666666,56.0,9.268861880921618,1195.8390749871821,32.0,48H5,3
25.256249999999994,59.57291666666666,8.0,9.268861880921618,1204.8134392786865,32.0,48H5,3
25.41874999999999,59.57291666666666,18.0,9.153561941948391,1213.8232605730059,32.0,48H5,3
26.393749999999983,59.57291666666666,13.0,9.153561941948391,1277.2408926325988,32.0,48H6,3
26.556250000000006,59.57291666666666,19.0,9.268861880921618,1286.394167161782,32.0,48H6,3
26.71875,59.57291666666666,27.0,9.268861880921618,1295.5473458855317,32.0,48H6,3
26.881249999999994,59.57291666666666,38.0,13.034835080742615,1304.7004151166393,32.0,48H6,0
27.04374999999999,59.57291666666666,43.0,18.53772376184748,1313.853361167606,32.0,48H7,0
27.206249999999983,59.57291666666666,44.0,18.53772376184748,1323.0061703506099,32.0,48H7,0
27.368750000000006,59.57291666666666,37.0,18.53772376184748,1332.1588289774695,32.0,48H7,0
27.53125,59.57291666666666,38.0,18.53772376184748,1341.3113233596036,32.0,48H7,0
27.693749999999994,59.57291666666666,37.0,18.53772376184748,1351.7471101976948,32.0,48H7,0
27.85624999999999,59.57291666666666,26.0,18.307110197696375,1360.9006310810005,32.0,48H7,0
28.018749999999983,59.57291666666666,9.0,9.153561941950002,1370.054110905556,32.0,48H8,3
10.631249999999994,59.65625,1.0,9.130884822256105,113.03794074194148,,48G0,5
18.756249999999994,59.65625,6.0,9.130884822256016,945.328773839823,27.0,48G8,3
18.91874999999999,59.65625,11.0,9.268861880925863,947.5371260065322,27.0,48G8,3
19.08125000000001,59.65625,23.0,13.002986156704749,951.0433825462956,29.0,48G9,0
19.243750000000006,59.65625,29.0,20.459098113030723,955.6431030634793,29.0,48G9,0
19.40625,59.65625,36.0,28.88600776148878,959.4799068802653,29.0,48G9,0
19.568749999999994,59.65625,73.0,37.63715454262012,963.5709362232603,29.0,48G9,0
19.73124999999999,59.65625,50.0,46.01605665108772,968.5222945850328,29.0,48G9,0
19.89375000000001,59.65625,37.0,41.288768135378625,974.1841366446296,29.0,48G9,0
20.056250000000006,59.65625,24.0,38.17240265421432,979.1302372165117,29.0,48H0,0
20.21875,59.65625,27.0,37.075447523699204,984.6775696723138,29.0,48H0,0
20.381249999999994,59.65625,28.0,37.075447523699204,990.7591444281085,29.0,48H0,0
20.54374999999999,59.65625,37.0,37.075447523699204,995.3080016508792,29.0,48H0,0
20.70625000000001,59.65625,23.0,38.17240265421471,1000.1320325507647,29.0,48H0,0
20.868750000000006,59.65625,30.0,41.28876813537933,1005.4906790970831,29.0,48H0,0
21.03125,59.65625,44.0,45.79534365913594,1013.0989073981082,29.0,48H1,0
21.193749999999994,59.65625,36.0,38.9610435991388,1020.5795584675228,29.0,48H1,0
21.35624999999999,59.65625,59.0,33.22965568787373,1026.1336982880364,29.0,48H1,0
21.51875000000001,59.65625,23.0,29.256747638294065,1033.2119831220202,29.0,48H1,0
21.681250000000006,59.65625,53.0,27.806585642773346,1039.1843349501253,29.0,48H1,0
21.84375,59.65625,26.0,25.99001329269471,1046.0919532700107,29.0,48H1,0
22.006249999999994,59.65625,54.0,20.654435937654476,1052.250779694806,29.0,48H2,0
22.16874999999999,59.65625,33.0,18.537723761848895,1059.0679787808106,29.0,48H2,0
22.33125000000001,59.65625,29.0,20.654435937655183,1065.3329948628016,29.0,48H2,0
22.493750000000006,59.65625,42.0,25.990013292695835,1072.0967090672787,29.0,48H2,0
22.65625,59.65625,32.0,25.99001329269471,1079.349514848148,29.0,48H2,0
22.818749999999994,59.65625,43.0,20.654435937654476,1086.968984289363,29.0,48H2,0
22.98124999999999,59.65625,36.0,18.537723761848895,1094.8666955415283,29.0,48H2,0
23.14375000000001,59.65625,51.0,20.654435937655183,1102.978559789753,32.0,48H3,0
23.306250000000006,59.65625,33.0,25.990013292695835,1111.2576681224655,32.0,48H3,0
23.46875,59.65625,52.0,27.806585642773346,1117.9859704147111,32.0,48H3,0
23.631249999999994,59.65625,63.0,29.256747638294065,1131.6995584675228,32.0,48H3,0
23.79374999999999,59.65625,72.0,33.22965568787285,1137.2536982880363,32.0,48H3,0
23.95625000000001,59.65625,69.0,33.3043784273031,1144.3319831220201,32.0,48H3,0
24.118750000000006,59.65625,56.0,29.277981230236634,1150.3043349501252,32.0,48H4,0
24.28125,59.65625,78.0,27.806585642773346,1157.2119532700108,32.0,48H4,0
24.443749999999994,59.65625,79.0,20.499558467524245,1164.800658620029,32.0,48H4,0
24.60624999999999,59.65625,14.0,13.018907398109253,1172.8192890008945,32.0,48H4,0
24.76875000000001,59.65625,83.0,9.268861880925863,1181.1200460530208,32.0,48H4,3
24.931250000000006,59.65625,70.0,13.018907398108247,1189.6133424157879,32.0,48H4,0
25.09375,59.65625,80.0,18.53772376184748,1198.2427913987526,32.0,48H5,0
25.256249999999994,59.65625,86.0,18.53772376184748,1206.9715516448546,32.0,48H5,0
25.41874999999999,59.65625,52.0,13.018907398108123,1215.7747122505955,32.0,48H5,0
25.581249999999983,59.65625,62.0,9.268861880925863,1224.6349064780663,32.0,48H5,3
25.743750000000006,59.65625,9.0,9.268861880925863,1240.5817559689124,32.0,48H5,3
25.90625,59.65625,47.0,9.268861880925863,1249.7125997643282,32.0,48H5,3
26.068749999999994,59.65625,42.0,9.268861880925863,1258.8434025327967,32.0,48H6,3
26.23124999999999,59.65625,55.0,9.268861880925863,1267.9741505985025,32.0,48H6,3
26.393749999999983,59.65625,18.0,13.018907398108123,1277.1048302854874,32.0,48H6,0
26.556250000000006,59.65625,10.0,18.53772376184748,1286.2354279176163,32.0,48H6,0
26.71875,59.65625,38.0,18.53772376184748,1295.3659298185357,32.0,48H6,0
26.881249999999994,59.65625,33.0,20.674484893239697,1304.496322311647,32.0,48H6,0
27.04374999999999,59.65625,59.0,26.05369828803623,1313.6265917200647,32.0,48H7,0
27.206249999999983,59.65625,45.0,27.806585642773346,1322.7567243665828,32.0,48H7,0
27.368750000000006,59.65625,38.0,27.806585642773346,1331.8867065736392,32.0,48H7,0
27.53125,59.65625,42.0,27.806585642773346,1341.0165246632762,32.0,48H7,0
27.693749999999994,59.65625,25.0,20.459098113029448,1351.701755968911,32.0,48H7,0
27.85624999999999,59.65625,15.0,13.002986156703749,1360.8325997643267,32.0,48H7,0
28.018749999999983,59.65625,2.0,9.130884822257624,1369.9634025327953,32.0,48H8,3
19.08125000000001,59.73958333333334,8.0,9.108188387131948,959.4533356977196,29.0,48G9,3
19.243750000000006,59.73958333333334,30.0,18.216363109444124,963.5262838276775,29.0,48G9,0
19.40625,59.73958333333334,5.0,27.3245105020848,968.0791556154692,29.0,48G9,0
19.568749999999994,59.73958333333334,72.0,36.43261690012948,971.7374281823205,29.0,48G9,0
19.73124999999999,59.73958333333334,80.0,38.913319734198964,976.2158081846225,29.0,48G9,0
19.89375000000001,59.73958333333334,89.0,33.20479260450509,981.395147984444,29.0,48G9,0
20.056250000000006,59.73958333333334,88.0,29.249689582172945,986.8611997047497,29.0,48H0,0
20.21875,59.73958333333334,109.0,27.806585642773346,991.9807227507853,29.0,48H0,0
20.381249999999994,59.73958333333334,213.0,27.806585642773346,997.6407401589246,29.0,48H0,0
20.54374999999999,59.73958333333334,37.0,27.806585642773346,1003.4471497395881,29.0,48H0,0
20.70625000000001,59.73958333333334,53.0,29.249689582173442,1007.9307117663931,29.0,48H0,0
20.868750000000006,59.73958333333334,40.0,33.20479260450596,1018.6177237618518,29.0,48H0,0
21.03125,59.73958333333334,16.0,38.913319734198836,1020.744454660804,29.0,48H1,0
21.193749999999994,59.73958333333334,19.0,32.96287879342254,1026.1018492698483,29.0,48H1,0
21.35624999999999,59.73958333333334,31.0,25.95819067444199,1033.155618857657,29.0,48H1,0
21.51875000000001,59.73958333333334,72.0,20.644428825391078,1039.1365516838916,29.0,48H1,0
21.681250000000006,59.73958333333334,7.0,18.53772376184748,1046.0197458160346,29.0,48H1,0
21.84375,59.73958333333334,38.0,20.418624033772456,1052.1870557730194,29.0,48H1,0
22.006249999999994,59.73958333333334,26.0,12.987071515186159,1058.9799055184935,29.0,48H2,0
22.16874999999999,59.73958333333334,10.0,9.268861880923033,1065.2533239413235,29.0,48H2,3
22.33125000000001,59.73958333333334,26.0,12.98707151518728,1071.9927466582517,29.0,48H2,0
22.493750000000006,59.73958333333334,17.0,20.418624033773888,1078.3353186229888,29.0,48H2,0
22.65625,59.73958333333334,34.0,20.418624033772456,1085.04129288588,29.0,48H2,0
22.818749999999994,59.73958333333334,37.0,12.987071515186159,1092.1740756307538,29.0,48H2,0
22.98124999999999,59.73958333333334,38.0,9.268861880923033,1099.6419394368222,29.0,48H2,3
23.14375000000001,59.73958333333334,15.0,12.98707151518728,1107.3749010770443,32.0,48H3,0
23.306250000000006,59.73958333333334,24.0,18.53772376184748,1115.3195646158886,32.0,48H3,0
23.46875,59.73958333333334,21.0,18.53772376184748,1129.4163631094427,32.0,48H3,0
23.631249999999994,59.73958333333334,50.0,20.644428825391078,1137.2218492698482,32.0,48H3,0
23.79374999999999,59.73958333333334,45.0,25.958190674440868,1144.2756188576568,32.0,48H3,0
23.95625000000001,59.73958333333334,57.0,29.249689582172945,1150.2565516838913,32.0,48H3,0
24.118750000000006,59.73958333333334,52.0,27.806585642773346,1157.1397458160345,32.0,48H4,0
24.28125,59.73958333333334,52.0,29.249689582172888,1163.3070557730193,32.0,48H4,0
24.443749999999994,59.73958333333334,73.0,26.02184926984941,1170.0999055184934,32.0,48H4,0
24.60624999999999,59.73958333333334,83.0,20.664454660804676,1177.4631931060414,32.0,48H4,0
24.76875000000001,59.73958333333334,80.0,18.537723761851726,1185.2268560779485,32.0,48H4,0
24.931250000000006,59.73958333333334,83.0,20.664454660804044,1193.2773192563097,32.0,48H4,0
25.09375,59.73958333333334,81.0,26.021849269848286,1201.537898971794,32.0,48H5,0
25.256249999999994,59.73958333333334,89.0,26.021849269848286,1209.9558396504437,32.0,48H5,0
25.41874999999999,59.73958333333334,88.0,20.664454660803965,1218.4940652535938,32.0,48H5,0
25.581249999999983,59.73958333333334,101.0,18.537723761851726,1227.1259556278203,32.0,48H5,0
25.743750000000006,59.73958333333334,71.0,18.537723761851726,1240.5363631094442,32.0,48H5,0
25.90625,59.73958333333334,77.0,18.537723761851726,1249.6445105020848,32.0,48H5,0
26.068749999999994,59.73958333333334,53.0,18.537723761851726,1258.7526169001296,32.0,48H6,0
26.23124999999999,59.73958333333334,81.0,18.537723761851726,1267.8606686385485,32.0,48H6,0
26.393749999999983,59.73958333333334,76.0,20.664454660803965,1276.9686520521698,32.0,48H6,0
26.556250000000006,59.73958333333334,59.0,26.02184926984929,1286.0765534756476,32.0,48H6,0
26.71875,59.73958333333334,82.0,27.806585642773346,1295.1843592434182,32.0,48H6,0
26.881249999999994,59.73958333333334,64.0,29.270893529339222,1304.2920556896763,32.0,48H6,0
27.04374999999999,59.73958333333334,63.0,33.27944885970989,1313.3996291483322,32.0,48H7,0
27.206249999999983,59.73958333333334,51.0,37.075447523699204,1322.507065952978,32.0,48H7,0
27.368750000000006,59.73958333333334,58.0,36.43261690012805,1331.6143524368545,32.0,48H7,0
27.53125,59.73958333333334,31.0,27.324510502083196,1340.7214749328093,32.0,48H7,0
27.693749999999994,59.73958333333334,21.0,18.216363109442696,1351.6563631094427,32.0,48H7,0
27.85624999999999,59.73958333333334,11.0,9.108188387130523,1360.7645105020833,32.0,48H7,3
28.018749999999983,59.73958333333334,-0.0,0.0,1369.8726169001282,32.0,48H8,3
28.34375,59.73958333333334,7.0,9.108188387130523,1388.08865205217,32.0,48H8,5
19.08125000000001,59.82291666666666,28.0,9.085472684584989,968.0554921496348,29.0,48G9,3
19.243750000000006,59.82291666666666,28.0,18.170931715316232,971.6972153088471,29.0,48G9,0
19.40625,59.82291666666666,62.0,27.256363438308355,976.156194724508,29.0,48G9,0
19.568749999999994,59.82291666666666,40.0,36.341754199603926,980.1150058026096,29.0,48G9,0
19.73124999999999,59.82291666666666,65.0,31.416380248382314,984.19032060797,29.0,48G9,0
19.89375000000001,59.82291666666666,44.0,25.926381734044302,988.9458936015129,29.0,48G9,0
20.056250000000006,59.82291666666666,85.0,20.634433425646783,994.2895989407191,29.0,48H0,0
20.21875,59.82291666666666,54.0,18.537723761850312,999.5787317797677,29.0,48H0,0
20.381249999999994,59.82291666666666,58.0,18.537723761850312,1004.8554587617948,29.0,48H0,0
20.54374999999999,59.82291666666666,9.0,18.537723761850312,1010.5995965188542,29.0,48H0,0
20.70625000000001,59.82291666666666,50.0,20.634433425647487,1020.4986240337738,29.0,48H0,0
20.868750000000006,59.82291666666666,26.0,25.926381734045425,1026.0700132926959,29.0,48H0,0
21.03125,59.82291666666666,13.0,32.322285218022515,1029.3438156430148,29.0,48H1,0
21.193749999999994,59.82291666666666,13.0,28.756953890276176,1033.3345411931534,29.0,48H1,0
21.35624999999999,59.82291666666666,32.0,20.378136491472276,1039.088787741573,29.0,48H1,0
21.51875000000001,59.82291666666666,19.0,12.971163632764263,1045.947542401911,29.0,48H1,0
21.681250000000006,59.82291666666666,10.0,9.268861880924447,1052.1233573002116,29.0,48H1,3
21.84375,59.82291666666666,9.0,12.971163632764263,1058.8918434360994,29.0,48H1,0
22.006249999999994,59.82291666666666,7.0,9.085472684583388,1065.1736844365375,29.0,48H2,3
22.16874999999999,59.82291666666666,-0.0,0.0,1071.8888020338234,29.0,48H2,3
22.33125000000001,59.82291666666666,3.0,9.085472684584989,1078.2397316481897,29.0,48H2,3
22.493750000000006,59.82291666666666,9.0,18.17093171531641,1084.9214466761657,29.0,48H2,0
22.65625,59.82291666666666,6.0,18.170931715314808,1091.321461462703,29.0,48H2,0
22.818749999999994,59.82291666666666,13.0,9.085472684583388,1097.9817764435884,29.0,48H2,3
23.14375000000001,59.82291666666666,1.0,9.085472684584989,1112.365749493491,32.0,48H3,3
23.306250000000006,59.82291666666666,34.0,9.268861880924447,1119.9618152959124,32.0,48H3,3
23.46875,59.82291666666666,5.0,9.268861880924447,1131.6186240337727,32.0,48H3,3
23.631249999999994,59.82291666666666,7.0,12.971163632764263,1140.021499825011,32.0,48H3,0
23.79374999999999,59.82291666666666,16.0,18.537723761850312,1148.7491341524396,32.0,48H3,0
23.95625000000001,59.82291666666666,27.0,20.634433425646783,1157.0675424019107,32.0,48H3,0
24.118750000000006,59.82291666666666,53.0,18.537723761850312,1163.2433573002118,32.0,48H4,0
24.28125,59.82291666666666,53.0,20.63443342564671,1170.0118434360995,32.0,48H4,0
24.443749999999994,59.82291666666666,57.0,18.537723761850312,1176.2936844365374,32.0,48H4,0
24.60624999999999,59.82291666666666,57.0,20.634433425646783,1183.0088020338235,32.0,48H4,0
24.76875000000001,59.82291666666666,65.0,25.926381734045425,1190.2123772308482,32.0,48H4,0
24.931250000000006,59.82291666666666,61.0,29.263815643014794,1197.7825407819937,32.0,48H4,0
25.09375,59.82291666666666,68.0,33.25454119315344,1205.631130370677,32.0,48H5,0
25.256249999999994,59.82291666666666,76.0,33.25454119315344,1213.6941622499503,32.0,48H5,0
25.41874999999999,59.82291666666666,78.0,29.263815643014734,1221.924756037643,32.0,48H5,0
25.581249999999983,59.82291666666666,81.0,27.80658564277476,1230.2881303487652,32.0,48H5,0
25.743750000000006,59.82291666666666,83.0,27.80658564277476,1240.4909317153165,32.0,48H5,0
25.90625,59.82291666666666,68.0,27.80658564277476,1249.5763634383084,32.0,48H5,0
26.068749999999994,59.82291666666666,73.0,27.80658564277476,1258.661754199604,32.0,48H6,0
26.23124999999999,59.82291666666666,74.0,27.80658564277476,1267.7470903451413,32.0,48H6,0
26.393749999999983,59.82291666666666,51.0,29.263815643014734,1276.8323582207179,32.0,48H6,0
26.556250000000006,59.82291666666666,72.0,33.25454119315423,1285.917544171959,32.0,48H6,0
26.71875,59.82291666666666,73.0,31.746400540427164,1295.0026345442743,32.0,48H6,0
26.881249999999994,59.82291666666666,22.0,28.503902630721907,1304.087615682834,32.0,48H6,0
27.04374999999999,59.82291666666666,65.0,27.945706376705868,1313.1724739325261,32.0,48H7,0
27.206249999999983,59.82291666666666,23.0,30.220924147081984,1322.257195637925,32.0,48H7,0
27.368750000000006,59.82291666666666,54.0,32.906503911252415,1331.3417671432558,32.0,48H7,0
27.53125,59.82291666666666,34.0,25.92638173404418,1340.4261747923545,32.0,48H7,0
27.693749999999994,59.82291666666666,22.0,20.418624033772456,1351.610931715315,32.0,48H7,0
27.85624999999999,59.82291666666666,23.0,12.987071515186285,1360.6963634383067,32.0,48H7,0
28.018749999999983,59.82291666666666,10.0,9.268861880923033,1369.7817541996026,32.0,48H8,3
28.181250000000006,59.82291666666666,22.0,9.268861880923033,1378.8670903451412,32.0,48H8,5
28.34375,59.82291666666666,10.0,9.085472684583568,1387.952358220718,32.0,48H8,5
28.66874999999999,59.82291666666666,9.0,9.085472684583568,1406.1226345442728,32.0,48H8,5
28.831249999999983,59.82291666666666,8.0,9.085472684584989,1415.2076156828323,32.0,48H8,5
18.91874999999999,59.90625,-0.0,0.0,974.3695429996907,27.0,48G8,3
19.08125000000001,59.90625,49.0,9.062737762669494,976.7933984893053,29.0,48G9,3
19.243750000000006,59.90625,112.0,18.125461882633918,980.0785193784939,29.0,48G9,0
19.40625,59.90625,85.0,27.18815871715691,984.1357457177803,29.0,48G9,0
19.568749999999994,59.90625,63.0,30.043879400991624,988.6504669628332,29.0,48G9,0
19.73124999999999,59.90625,128.0,23.598614628106056,992.3808510070761,29.0,48G9,0
19.89375000000001,59.90625,179.0,19.354449279599084,996.7650113673825,29.0,48G9,0
20.056250000000006,59.90625,17.0,12.955262669187366,1001.7266964689634,29.0,48H0,0
20.21875,59.90625,5.0,9.268861880925863,1007.1931931314359,29.0,48H0,3
20.381249999999994,59.90625,6.0,9.268861880925863,1013.0511636327643,29.0,48H0,3
20.54374999999999,59.90625,16.0,9.268861880925863,1020.4581364914708,29.0,48H0,3
20.70625000000001,59.90625,38.0,12.95526266918848,1026.0381906744421,29.0,48H0,0
20.868750000000006,59.90625,17.0,20.337635749329475,1033.0428787934227,29.0,48H0,0
21.03125,59.90625,13.0,24.78893294586356,1038.2578156593586,29.0,48H1,0
21.193749999999994,59.90625,10.0,19.966596609403567,1041.3887824680764,29.0,48H1,0
21.35624999999999,59.90625,16.0,18.12546188263409,1046.1364546724485,29.0,48H1,0
21.51875000000001,59.90625,28.0,9.062737762667899,1052.0596849099204,29.0,48H1,3
21.84375,59.90625,10.0,9.062737762667899,1065.0940771390005,29.0,48H1,3
22.006249999999994,59.90625,16.0,12.971163632764263,1071.7848761527637,29.0,48H2,0
22.16874999999999,59.90625,4.0,9.268861880924447,1078.1441828479403,29.0,48H2,3
22.33125000000001,59.90625,8.0,12.971163632765384,1084.8016256021247,29.0,48H2,0
22.493750000000006,59.90625,2.0,18.537723761848895,1091.2099646278152,29.0,48H2,0
22.65625,59.90625,14.0,12.955262669187366,1097.8460446176985,29.0,48H2,0
22.818749999999994,59.90625,33.0,9.268861880925863,1104.291385099402,29.0,48H2,3
22.98124999999999,59.90625,3.0,9.268861880924447,1110.9138647364537,29.0,48H2,3
23.14375000000001,59.90625,10.0,9.062737762668077,1117.8755637247118,32.0,48H3,3
23.631249999999994,59.90625,9.0,9.062737762667899,1144.1628787934212,32.0,48H3,3
23.79374999999999,59.90625,10.0,9.268861880925863,1151.99658204167,32.0,48H3,3
23.95625000000001,59.90625,8.0,12.955262669187366,1160.2637684392396,32.0,48H3,0
24.118750000000006,59.90625,22.0,9.268861880925863,1168.7779794195658,32.0,48H4,3
24.28125,59.90625,26.0,12.955262669187244,1176.2140771390004,32.0,48H4,0
24.443749999999994,59.90625,27.0,9.268861880925863,1182.9048761527636,32.0,48H4,3
24.60624999999999,59.90625,23.0,12.955262669187366,1189.2641828479402,32.0,48H4,0
24.76875000000001,59.90625,48.0,20.337635749329475,1195.9216256021248,32.0,48H4,0
24.931250000000006,59.90625,50.0,28.69237024883775,1203.0052414878853,32.0,48H4,0
25.09375,59.90625,57.0,36.78126902820257,1210.4237608224578,32.0,48H5,0
25.256249999999994,59.90625,63.0,37.283211073111566,1218.107447800141,32.0,48H5,0
25.41874999999999,59.90625,39.0,37.42274581999354,1226.0030309924273,32.0,48H5,0
25.581249999999983,59.90625,63.0,37.075447523699204,1235.2911636327644,32.0,48H5,0
25.743750000000006,59.90625,36.0,37.075447523699204,1242.6981364914723,32.0,48H5,0
25.90625,59.90625,69.0,37.075447523699204,1251.0769538902762,32.0,48H5,0
26.068749999999994,59.90625,75.0,37.075447523699204,1259.7810525695147,32.0,48H6,0
26.23124999999999,59.90625,67.0,37.075447523699204,1268.6273338347542,32.0,48H6,0
26.393749999999983,59.90625,42.0,38.177815659358586,1277.547475593172,32.0,48H6,0
26.556250000000006,59.90625,67.0,30.59411279941207,1286.510651117788,32.0,48H6,0
26.71875,59.90625,37.0,24.03512874532754,1295.5010058586513,32.0,48H6,0
26.881249999999994,59.90625,53.0,19.56566216251851,1304.5095760562615,32.0,48H6,0
27.04374999999999,59.90625,20.0,18.745241517158853,1313.5309184849393,32.0,48H7,0
27.206249999999983,59.90625,65.0,21.986232838312404,1322.5615379064839,32.0,48H7,0
27.368750000000006,59.90625,43.0,27.90780185315933,1331.5990868474303,32.0,48H7,0
27.53125,59.90625,47.0,20.337635749327898,1340.6419293202875,32.0,48H7,0
27.693749999999994,59.90625,45.0,12.955262669187244,1351.5654618826327,32.0,48H7,0
27.85624999999999,59.90625,18.0,9.268861880925863,1360.6281587171552,32.0,48H7,3
28.018749999999983,59.90625,15.0,12.955262669187366,1369.6908146234293,32.0,48H8,5
28.181250000000006,59.90625,30.0,18.53772376184748,1378.7534159585443,32.0,48H8,5
28.34375,59.90625,18.0,12.971163632764387,1387.8159490794476,32.0,48H8,5
28.506249999999994,59.90625,18.0,9.268861880924447,1396.8784003429175,32.0,48H8,5
28.66874999999999,59.90625,25.0,12.971163632764387,1405.9407561055232,32.0,48H8,5
28.831249999999983,59.90625,21.0,9.062737762669494,1415.0030027235907,32.0,48H8,5
28.993750000000006,59.90625,-0.0,0.0,1424.0651265531717,32.0,48H8,5
29.96875,59.90625,4.0,9.062737762668077,1481.9329101091112,32.0,48H9,5
30.131249999999994,59.90625,4.0,9.062737762668077,1490.7559183295243,32.0,48J0,5
18.91874999999999,59.98958333333334,19.0,9.039983669477468,983.4389555945651,27.0,48G8,3
19.08125000000001,59.98958333333334,110.0,12.955262669188357,985.6302509210575,29.0,48G9,0
19.243750000000006,59.98958333333334,114.0,20.33763574932932,988.6171322778318,29.0,48G9,0
19.40625,59.98958333333334,96.0,28.22625393401236,992.3306406335129,29.0,48G9,0
19.568749999999994,59.98958333333334,174.0,23.433721816495815,996.6956435776965,29.0,48G9,0
19.73124999999999,59.98958333333334,215.0,17.280728535907503,1000.7399241442591,29.0,48G9,0
19.89375000000001,59.98958333333334,71.0,10.806552258849715,1004.7981683760636,29.0,48G9,0
20.056250000000006,59.98958333333334,28.0,9.039983669477468,1009.4180793900268,29.0,48H0,3
20.70625000000001,59.98958333333334,17.0,9.039983669479062,1032.9865039112537,29.0,48H0,3
20.868750000000006,59.98958333333334,7.0,18.079953707584185,1038.9933197341988,29.0,48H0,0
21.03125,59.98958333333334,12.0,18.869962707086447,1045.8031502221945,29.0,48H1,0
21.193749999999994,59.98958333333334,8.0,11.865554584662318,1049.86744456691,29.0,48H1,0
21.35624999999999,59.98958333333334,39.0,9.409456695669956,1053.8622559083883,29.0,48H1,3
21.51875000000001,59.98958333333334,8.0,12.955262669187244,1059.0016899896493,29.0,48H1,0
21.681250000000006,59.98958333333334,18.0,9.268861880925863,1065.0145028419963,29.0,48H1,3
21.84375,59.98958333333334,58.0,12.955262669187244,1071.6809699779506,29.0,48H1,0
22.006249999999994,59.98958333333334,32.0,18.55069604786667,1078.0486731725443,29.0,48H2,0
22.16874999999999,59.98958333333334,27.0,18.537723761850312,1084.6818307865406,29.0,48H2,0
22.33125000000001,59.98958333333334,28.0,12.939368784754752,1091.098512884587,29.0,48H2,0
22.493750000000006,59.98958333333334,14.0,9.268861880923033,1097.710345310166,29.0,48H2,3
22.65625,59.98958333333334,6.0,9.039983669477468,1104.1639846625255,29.0,48H2,3
22.98124999999999,59.98958333333334,8.0,9.039983669477293,1117.245051220272,29.0,48H2,3
23.95625000000001,59.98958333333334,8.0,9.039983669477468,1164.4131076406056,32.0,48H3,3
24.28125,59.98958333333334,26.0,9.039983669477293,1180.5374195690385,32.0,48H4,3
24.60624999999999,59.98958333333334,10.0,9.039983669477468,1195.8018307865404,32.0,48H4,3
24.76875000000001,59.98958333333334,58.0,17.87076252068576,1202.2185128845872,32.0,48H4,0
24.931250000000006,59.98958333333334,35.0,23.864340436391956,1208.830345310166,32.0,48H4,0
25.09375,59.98958333333334,70.0,28.050967120397996,1215.819716003033,32.0,48H5,0
25.256249999999994,59.98958333333334,34.0,28.082314676628755,1223.1158753904815,32.0,48H5,0
25.41874999999999,59.98958333333334,44.0,28.26684058529698,1230.6625858370298,32.0,48H5,0
25.581249999999983,59.98958333333334,43.0,28.15058817580489,1242.657635749328,32.0,48H5,0
25.743750000000006,59.98958333333334,23.0,28.18750060696247,1248.2463817340454,32.0,48H5,0
25.90625,59.98958333333334,52.0,30.964843140732455,1255.2265039112538,32.0,48H5,0
26.068749999999994,59.98958333333334,63.0,35.85127029861512,1263.0355935672212,32.0,48H6,0
26.23124999999999,59.98958333333334,60.0,39.33691517389931,1271.278538453672,32.0,48H6,0
26.393749999999983,59.98958333333334,67.0,34.60081143947256,1279.7688497065064,32.0,48H6,0
26.556250000000006,59.98958333333334,61.0,26.014927870732294,1288.4112222207382,32.0,48H6,0
26.71875,59.98958333333334,51.0,17.87076252068576,1297.1529474519668,32.0,48H6,0
26.881249999999994,59.98958333333334,56.0,11.179505924209423,1305.9628360553093,32.0,48H6,0
27.04374999999999,59.98958333333334,55.0,9.67622056689451,1314.8213688775104,32.0,48H7,3
27.206249999999983,59.98958333333334,62.0,15.010263741251222,1323.7157508490704,32.0,48H7,0
27.368750000000006,59.98958333333334,57.0,22.803878555581914,1332.6372641781022,32.0,48H7,0
27.53125,59.98958333333334,46.0,18.079953707582412,1341.5797724542595,32.0,48H7,5
27.693749999999994,59.98958333333334,42.0,9.039983669477293,1351.5199537075828,32.0,48H7,5
28.018749999999983,59.98958333333334,11.0,9.039983669477468,1369.599798363982,32.0,48H8,5
28.181250000000006,59.98958333333334,27.0,18.079953707584185,1378.6396457192245,32.0,48H8,5
28.34375,59.98958333333334,7.0,20.634433425646783,1387.6794249169186,32.0,48H8,5
28.506249999999994,59.98958333333334,23.0,18.537723761850312,1396.7191223251793,32.0,48H8,5
28.66874999999999,59.98958333333334,25.0,20.33763574932916,1405.7587243119137,32.0,48H8,5
28.831249999999983,59.98958333333334,24.0,12.955262669188357,1414.798217244789,32.0,48H8,5
28.993750000000006,59.98958333333334,27.0,9.268861880925863,1423.8375874912,32.0,48H8,5
29.15625,59.98958333333334,9.0,9.268861880925863,1432.8768214182285,32.0,48H9,5
29.318749999999994,59.98958333333334,4.0,9.268861880925863,1441.9159053926164,32.0,48H9,5
29.48124999999999,59.98958333333334,8.0,9.268861880925863,1450.9548257807285,32.0,48H9,5
29.643749999999983,59.98958333333334,8.0,9.268861880925863,1462.6399537075824,32.0,48H9,5
29.806250000000006,59.98958333333334,3.0,9.268861880925863,1471.6798964829104,32.0,48H9,5
29.96875,59.98958333333334,4.0,9.039983669477468,1480.7197983639835,32.0,48H9,5
18.993750000000006,60.07291666666666,118.0,9.248420856661989,993.3709614180453,29.0,49G8,3
19.160416666666663,60.07291666666666,151.0,18.4968270186892,995.7845425219343,29.0,49G9,0
19.32708333333332,60.07291666666666,175.0,20.706231788116142,998.9468939795978,29.0,49G9,0
19.493750000000006,60.07291666666666,222.0,18.537723761851726,1002.7956114466032,29.0,49G9,0
19.660416666666663,60.07291666666666,128.0,13.08544692959187,1007.2637033180968,29.0,49G9,0
19.82708333333332,60.07291666666666,9.0,9.248420856662166,1017.1657960212267,29.0,49G9,3
20.660416666666663,60.07291666666666,24.0,9.2484208566604,1037.2069554976692,29.0,49H0,3
20.82708333333332,60.07291666666666,9.0,18.268200011824874,1043.9131609582844,29.0,49H0,0
20.993750000000006,60.07291666666666,57.0,18.49682701868779,1050.4925306344055,29.0,49H0,0
21.160416666666663,60.07291666666666,27.0,9.248420856660578,1057.2011260589566,29.0,49H1,3
21.493750000000006,60.07291666666666,21.0,9.248420856661989,1065.7597670431153,29.0,49H1,3
21.660416666666663,60.07291666666666,9.0,9.268861880925863,1071.1563948754958,29.0,49H1,3
21.82708333333332,60.07291666666666,20.0,9.268861880925863,1077.303825021898,29.0,49H1,5
21.993750000000006,60.07291666666666,4.0,9.268861880925863,1084.0372615154788,29.0,49H1,5
22.160416666666663,60.07291666666666,22.0,13.08544692959187,1090.6609898356828,29.0,49H2,5
22.32708333333332,60.07291666666666,18.0,9.248420856662166,1097.40071894828,29.0,49H2,3
22.82708333333332,60.07291666666666,9.0,9.248420856660578,1117.430164597246,29.0,49H2,3
24.32708333333332,60.07291666666666,4.0,9.2484208566604,1186.8950163747095,32.0,49H4,3
24.660416666666663,60.07291666666666,9.0,9.248420856660578,1203.5514748759522,32.0,49H4,3
24.82708333333332,60.07291666666666,19.0,13.08544692959187,1211.15172362287,32.0,49H4,0
24.993750000000006,60.07291666666666,41.0,18.537723761851726,1217.6409652683983,32.0,49H4,0
25.160416666666663,60.07291666666666,42.0,18.537723761851726,1224.529126341859,32.0,49H5,0
25.32708333333332,60.07291666666666,33.0,18.537723761851726,1231.747803248767,32.0,49H5,0
25.493750000000006,60.07291666666666,33.0,20.70623178811544,1245.0842332721304,32.0,49H5,0
25.660416666666663,60.07291666666666,12.0,18.537723761851726,1251.460613654596,32.0,49H5,0
25.82708333333332,60.07291666666666,43.0,20.706231788115513,1258.2436230680783,32.0,49H5,0
25.993750000000006,60.07291666666666,42.0,26.154349368213147,1264.7342717753988,32.0,49H5,0
26.160416666666663,60.07291666666666,34.0,29.293184000537796,1272.1174882676116,32.0,49H6,0
26.32708333333332,60.07291666666666,64.0,33.35780807232837,1280.051798350168,32.0,49H6,0
26.493750000000006,60.07291666666666,58.0,27.745203791411125,1288.3387636230134,32.0,49H6,0
26.660416666666663,60.07291666666666,51.0,18.4968270186892,1296.8608154294732,32.0,49H6,0
26.82708333333332,60.07291666666666,36.0,9.248420856662166,1305.5457231281828,32.0,49H6,3
27.160416666666663,60.07291666666666,54.0,9.2484208566604,1323.2350941755294,32.0,49H7,3
27.32708333333332,60.07291666666666,57.0,18.49682701868761,1332.1880253637348,32.0,49H7,5
27.493750000000006,60.07291666666666,50.0,22.171128725258995,1341.1913601706424,32.0,49H7,5
27.660416666666663,60.07291666666666,42.0,14.293335955704999,1351.9368270186894,32.0,49H7,5
27.82708333333332,60.07291666666666,33.0,9.409456695669956,1360.5396106356725,32.0,49H7,5
27.993750000000006,60.07291666666666,15.0,12.011450859755033,1369.3809723373674,32.0,49H7,5
28.160416666666663,60.07291666666666,42.0,19.27460319039149,1378.3911857649875,32.0,49H8,5
28.32708333333332,60.07291666666666,16.0,27.753244161500355,1387.4858240339552,32.0,49H8,5
28.493750000000006,60.07291666666666,24.0,27.806585642773346,1396.6283989078122,32.0,49H8,5
28.660416666666663,60.07291666666666,35.0,26.154349368213147,1405.8006956723275,32.0,49H8,5
28.82708333333332,60.07291666666666,37.0,20.706231788116142,1414.9926380005259,32.0,49H8,5
28.993750000000006,60.07291666666666,31.0,18.537723761848895,1424.198207517844,32.0,49H8,5
29.160416666666663,60.07291666666666,29.0,18.537723761851726,1433.413589539881,32.0,49H9,5
29.32708333333332,60.07291666666666,28.0,18.537723761851726,1442.6362486672015,32.0,49H9,5
29.493750000000006,60.07291666666666,19.0,18.537723761851726,1451.8644330049315,32.0,49H9,5
29.660416666666663,60.07291666666666,13.0,18.4968270186892,1463.0568270186893,32.0,49H9,5
29.82708333333332,60.07291666666666,8.0,9.248420856661989,1472.305203791411,32.0,49H9,5
18.660416666666663,60.15625,28.0,9.225044147740183,1000.2493901450993,29.0,49G8,3
18.82708333333332,60.15625,17.0,9.268861880925863,1000.956229017144,29.0,49G8,3
18.993750000000006,60.15625,178.0,13.085446929592988,1002.4339819201742,29.0,49G8,0
19.160416666666663,60.15625,248.0,20.626531767700968,1004.6531027986908,29.0,49G9,0
19.32708333333332,60.15625,88.0,13.068949415627891,1007.5719745049657,29.0,49G9,0
19.493750000000006,60.15625,53.0,9.268861880925863,1011.1404388791983,29.0,49G9,3
19.660416666666663,60.15625,8.0,9.225044147740183,1019.3029250671811,29.0,49G9,3
20.160416666666663,60.15625,19.0,9.22504414774036,1031.58747878483,29.0,49H0,3
20.32708333333332,60.15625,1.0,9.225044147741944,1036.8612690282016,29.0,49H0,3
20.660416666666663,60.15625,18.0,9.225044147740183,1044.55769300821,29.0,49H0,3
20.82708333333332,60.15625,25.0,18.450073613466678,1050.2779017074763,29.0,49H0,5
20.993750000000006,60.15625,29.0,18.53772376184748,1056.9422292801162,29.0,49H0,5
21.160416666666663,60.15625,17.0,13.068949415626898,1063.5722233318309,29.0,49H1,5
21.32708333333332,60.15625,5.0,9.22504414774177,1069.8270727944564,29.0,49H1,5
22.160416666666663,60.15625,9.0,9.225044147740183,1097.092630640247,29.0,49H2,5
24.82708333333332,60.15625,4.0,9.225044147740183,1215.786851607926,32.0,49H4,3
24.993750000000006,60.15625,12.0,9.268861880925863,1224.1830978476385,32.0,49H4,3
25.160416666666663,60.15625,14.0,9.268861880925863,1230.7218358402438,32.0,49H5,3
25.32708333333332,60.15625,15.0,9.268861880925863,1242.988327000437,32.0,49H5,3
25.493750000000006,60.15625,17.0,13.068949415626774,1251.2390976458519,32.0,49H5,0
25.660416666666663,60.15625,23.0,9.268861880925863,1258.061536899685,32.0,49H5,3
25.82708333333332,60.15625,24.0,13.068949415626898,1264.4991366835213,32.0,49H5,0
25.993750000000006,60.15625,15.0,18.53772376184748,1271.2869562896897,32.0,49H5,0
26.160416666666663,60.15625,6.0,20.69581888324978,1277.7894780391177,32.0,49H6,0
26.32708333333332,60.15625,52.0,26.121361569818315,1284.9927952748458,32.0,49H6,0
26.493750000000006,60.15625,30.0,29.2192168178991,1292.6819657869062,32.0,49H6,0
26.660416666666663,60.15625,15.0,20.66832700043847,1300.7141157792057,32.0,49H6,0
26.82708333333332,60.15625,34.0,13.085446929593113,1308.9939012868583,32.0,49H6,0
26.993750000000006,60.15625,39.0,9.268861880925863,1317.4566432216347,32.0,49H6,3
27.160416666666663,60.15625,56.0,13.08544692959187,1326.0575283259186,32.0,49H7,0
27.32708333333332,60.15625,53.0,20.668327000437053,1334.7648131719288,32.0,49H7,5
27.493750000000006,60.15625,57.0,27.35451419161806,1343.555525390996,32.0,49H7,5
27.660416666666663,60.15625,45.0,21.48803708050172,1354.1083270004385,32.0,49H7,5
27.82708333333332,60.15625,44.0,18.60824123882174,1362.659216817899,32.0,49H7,5
27.993750000000006,60.15625,45.0,20.04651824668544,1371.531664170358,32.0,49H7,5
28.160416666666663,60.15625,39.0,25.070383715986473,1380.5442746003453,32.0,49H8,5
28.32708333333332,60.15625,26.0,20.695818883250404,1389.6296001616572,32.0,49H8,5
28.493750000000006,60.15625,36.0,18.53772376184748,1398.5601815835926,32.0,49H8,5
28.660416666666663,60.15625,34.0,20.626531767700968,1407.4723795042316,32.0,49H8,5
28.82708333333332,60.15625,35.0,13.068949415627891,1416.4579564573583,32.0,49H8,5
28.993750000000006,60.15625,18.0,9.268861880925863,1425.4953785385808,32.0,49H8,5
29.160416666666663,60.15625,6.0,9.268861880925863,1434.5706977575774,32.0,49H9,5
29.32708333333332,60.15625,14.0,9.268861880925863,1443.6745040520677,32.0,49H9,5
29.493750000000006,60.15625,13.0,9.268861880925863,1452.8002280945184,32.0,49H9,5
29.660416666666663,60.15625,11.0,9.268861880925863,1463.0100736134684,32.0,49H9,5
29.82708333333332,60.15625,2.0,9.22504414774177,1472.235073715129,32.0,49H9,5
18.660416666666663,60.23958333333334,15.0,9.201647924204213,1009.5132575933595,29.0,49G8,3
18.82708333333332,60.23958333333334,54.0,18.40328117921119,1010.164438796948,29.0,49G8,0
18.993750000000006,60.23958333333334,240.0,20.706231788116142,1018.6177237618518,29.0,49G8,0
19.160416666666663,60.23958333333334,86.0,18.403281179212772,1018.6177237618518,29.0,49G9,0
19.32708333333332,60.23958333333334,14.0,9.201647924205792,1018.6177237618518,29.0,49G9,3
19.493750000000006,60.23958333333334,-0.0,0.0,1020.7862317881161,29.0,49G9,3
19.660416666666663,60.23958333333334,1.0,9.201647924204213,1026.234349368213,29.0,49G9,3
20.32708333333332,60.23958333333334,2.0,9.201647924204213,1044.2702215350107,29.0,49H0,3
20.493750000000006,60.23958333333334,24.0,9.268861880925863,1048.8779248258177,29.0,49H0,5
20.660416666666663,60.23958333333334,36.0,13.068949415626774,1052.5198919460527,29.0,49H0,5
20.82708333333332,60.23958333333334,3.0,13.052459229647667,1057.4396952727418,29.0,49H0,5
20.993750000000006,60.23958333333334,13.0,9.268861880921618,1063.339870062325,29.0,49H0,5
21.160416666666663,60.23958333333334,33.0,9.201647924204389,1069.9725411145419,29.0,49H1,5
21.493750000000006,60.23958333333334,25.0,9.201647924205792,1082.0141142423367,29.0,49H1,5
21.660416666666663,60.23958333333334,16.0,9.268861880925863,1086.3788756658084,29.0,49H1,5
21.82708333333332,60.23958333333334,17.0,9.268861880925863,1091.4832791581514,29.0,49H1,5
21.993750000000006,60.23958333333334,4.0,9.201647924204389,1097.2107563536488,29.0,49H1,5
22.493750000000006,60.23958333333334,1.0,9.201647924204213,1116.8153377230692,29.0,49H2,5
22.82708333333332,60.23958333333334,1.0,9.201647924204389,1140.5741591886147,29.0,49H2,5
25.493750000000006,60.23958333333334,15.0,9.201647924204213,1255.629930126118,32.0,49H5,3
25.82708333333332,60.23958333333334,4.0,9.201647924204389,1271.0838553340152,32.0,49H5,3
25.993750000000006,60.23958333333334,10.0,9.268861880921618,1277.5406490640257,32.0,49H5,3
26.160416666666663,60.23958333333334,21.0,13.05245922964668,1284.3341703671394,32.0,49H6,0
26.32708333333332,60.23958333333334,24.0,18.53772376184748,1290.8372821875787,32.0,49H6,0
26.493750000000006,60.23958333333334,19.0,20.68541856211616,1297.9173135462556,32.0,49H6,0
26.660416666666663,60.23958333333334,8.0,26.088388594919152,1305.4269095670168,32.0,49H6,0
26.82708333333332,60.23958333333334,38.0,20.70623178811622,1313.2596733928744,32.0,49H6,0
26.993750000000006,60.23958333333334,16.0,18.537723761851726,1321.3388996847693,32.0,49H6,0
27.160416666666663,60.23958333333334,32.0,20.70623178811544,1329.608879036948,32.0,49H7,0
27.32708333333332,60.23958333333334,55.0,26.154349368212028,1338.0286711173324,32.0,49H7,5
27.493750000000006,60.23958333333334,31.0,29.278488211751725,1351.843281179213,32.0,49H7,5
27.660416666666663,60.23958333333334,38.0,27.806585642773346,1359.5943493682132,32.0,49H7,5
27.82708333333332,60.23958333333334,43.0,27.806585642773346,1366.749930126118,32.0,49H7,5
27.993750000000006,60.23958333333334,33.0,28.831828844054055,1374.7346690073969,32.0,49H7,5
28.160416666666663,60.23958333333334,24.0,20.584723147675593,1383.1505715998496,32.0,49H8,5
28.32708333333332,60.23958333333334,26.0,13.052459229647667,1391.8113995906751,32.0,49H8,5
28.493750000000006,60.23958333333334,28.0,9.268861880921618,1400.6224516758543,32.0,49H8,5
28.660416666666663,60.23958333333334,23.0,13.05245922964668,1409.531513684787,32.0,49H8,5
28.82708333333332,60.23958333333334,25.0,9.201647924205792,1418.5077499918827,32.0,49H8,5
18.493750000000006,60.32291666666666,13.0,9.178232235546579,1039.2866674698366,29.0,49G8,3
18.660416666666663,60.32291666666666,15.0,13.052459229646555,1033.4378080723293,29.0,49G8,0
18.82708333333332,60.32291666666666,46.0,20.584723147674186,1029.3731840005382,29.0,49G8,0
18.993750000000006,60.32291666666666,154.0,29.086123649443742,1027.8865856427735,29.0,49G8,0
19.160416666666663,60.32291666666666,60.0,20.584723147675593,1027.8865856427735,29.0,49G9,0
19.32708333333332,60.32291666666666,8.0,13.052459229647667,1027.8865856427735,29.0,49G9,0
19.493750000000006,60.32291666666666,23.0,9.268861880921618,1029.3731840005382,29.0,49G9,3
19.660416666666663,60.32291666666666,9.0,13.035976539267118,1033.4378080723293,29.0,49G9,0
19.82708333333332,60.32291666666666,3.0,9.178232235546579,1039.2866674698366,29.0,49G9,3
20.32708333333332,60.32291666666666,11.0,9.17823223554483,1052.2768618286425,29.0,49H0,3
20.493750000000006,60.32291666666666,37.0,18.356449814907393,1057.1190280256556,29.0,49H0,5
20.660416666666663,60.32291666666666,11.0,18.356449814907393,1060.8536957940053,29.0,49H0,5
20.82708333333332,60.32291666666666,21.0,9.178232235546405,1065.1358369205027,29.0,49H0,5
21.32708333333332,60.32291666666666,1.0,9.178232235545005,1082.9955760956345,29.0,49H1,5
21.493750000000006,60.32291666666666,12.0,13.052459229647667,1089.689605380035,29.0,49H1,5
21.660416666666663,60.32291666666666,26.0,13.035976539267118,1094.4359651130505,29.0,49H1,5
21.82708333333332,60.32291666666666,6.0,9.178232235546579,1099.1143820249538,29.0,49H1,5
22.493750000000006,60.32291666666666,3.0,9.17823223554483,1149.3508330089458,29.0,49H2,5
22.993750000000006,60.32291666666666,5.0,9.17823223554483,1152.7156280243348,29.0,49H2,5
26.160416666666663,60.32291666666666,33.0,9.178232235545005,1290.5738368235857,32.0,49H6,3
26.32708333333332,60.32291666666666,11.0,9.268861880925863,1297.3744909592035,32.0,49H6,3
26.493750000000006,60.32291666666666,18.0,13.035976539268226,1303.873172276202,32.0,49H6,0
26.660416666666663,60.32291666666666,24.0,18.537723761851726,1310.8620592248092,32.0,49H6,0
26.82708333333332,60.32291666666666,12.0,18.537723761851726,1318.2340140318354,32.0,49H6,0
26.993750000000006,60.32291666666666,37.0,20.67503093177327,1325.907242327971,32.0,49H6,0
27.160416666666663,60.32291666666666,12.0,26.055430779321817,1333.8195182853237,32.0,49H7,0
27.32708333333332,60.32291666666666,13.0,26.055430779321817,1341.9233640188063,32.0,49H7,5
27.493750000000006,60.32291666666666,36.0,20.6750309317725,1354.0247231476758,32.0,49H7,5
27.660416666666663,60.32291666666666,17.0,18.537723761851726,1362.5261236494441,32.0,49H7,5
27.82708333333332,60.32291666666666,36.0,18.537723761851726,1371.3501474886225,32.0,49H7,5
27.993750000000006,60.32291666666666,36.0,20.675030931773197,1379.6065048361613,32.0,49H7,5
28.160416666666663,60.32291666666666,24.0,18.356449814907393,1387.2478967959012,32.0,49H8,5
28.32708333333332,60.32291666666666,29.0,9.178232235546405,1395.3188224917117,32.0,49H8,5
28.660416666666663,60.32291666666666,10.0,9.178232235545005,1412.215805960278,32.0,49H8,5
18.32708333333332,60.40625,21.0,9.154797131295695,1052.3223613586729,29.0,49G8,3
18.493750000000006,60.40625,13.0,13.035976539268347,1046.303334136534,29.0,49G8,0
18.660416666666663,60.40625,14.0,20.54290141347727,1041.4715431766297,29.0,49G8,0
18.82708333333332,60.40625,21.0,26.088388594918047,1038.2802186306005,29.0,49G8,0
18.993750000000006,60.40625,47.0,33.19334305600793,1037.1554475236992,29.0,49G8,0
19.160416666666663,60.40625,52.0,26.088388594919152,1037.1554475236992,29.0,49G9,0
19.32708333333332,60.40625,31.0,20.68541856211616,1037.1554475236992,29.0,49G9,0
19.493750000000006,60.40625,29.0,18.30957961961748,1038.2802186306005,29.0,49G9,0
19.660416666666663,60.40625,18.0,9.15479713129552,1041.4715431766297,29.0,49G9,3
19.993750000000006,60.40625,14.0,9.154797131297267,1052.0390085824886,29.0,49G9,3
20.160416666666663,60.40625,27.0,9.268861880925863,1056.803132527773,29.0,49H0,3
20.32708333333332,60.40625,8.0,13.035976539267118,1060.6446090357608,29.0,49H0,0
20.493750000000006,60.40625,6.0,20.54290141347727,1064.8539275156913,29.0,49H0,0
20.660416666666663,60.40625,15.0,20.54290141347727,1069.425257045967,29.0,49H0,0
20.82708333333332,60.40625,3.0,13.035976539268226,1073.1977896462615,29.0,49H0,0
20.993750000000006,60.40625,2.0,9.268861880925863,1077.8891903537562,29.0,49H0,5
21.160416666666663,60.40625,8.0,9.268861880925863,1083.3442599977932,29.0,49H1,5
21.32708333333332,60.40625,1.0,9.268861880925863,1089.423193595341,29.0,49H1,5
21.493750000000006,60.40625,10.0,9.268861880925863,1096.0074266064685,29.0,49H1,5
21.660416666666663,60.40625,15.0,9.15479713129552,1102.6978403601934,29.0,49H1,5
21.993750000000006,60.40625,13.0,9.154797131295695,1111.9156725293299,29.0,49H1,5
26.493750000000006,60.40625,7.0,9.154797131297094,1310.4035087178904,32.0,49H6,3
26.660416666666663,60.40625,13.0,9.268861880925863,1316.8951071408856,32.0,49H6,3
26.82708333333332,60.40625,14.0,9.268861880925863,1323.812792044037,32.0,49H6,3
26.993750000000006,60.40625,1.0,13.019501512683286,1331.075246854467,32.0,49H6,0
27.160416666666663,60.40625,29.0,18.53772376184748,1338.617858198736,32.0,49H7,5
27.32708333333332,60.40625,19.0,18.53772376184748,1351.7495796196176,32.0,49H7,5
27.493750000000006,60.40625,5.0,13.019501512682064,1359.5283885949193,32.0,49H7,5
27.660416666666663,60.40625,37.0,9.268861880925863,1366.6333430560082,32.0,49H7,5
27.82708333333332,60.40625,24.0,9.268861880925863,1374.5674344204797,32.0,49H7,5
27.993750000000006,60.40625,23.0,13.019501512683163,1382.9334719870446,32.0,49H7,5
28.160416666666663,60.40625,28.0,18.309579619619054,1391.5451366282214,32.0,49H8,5
28.32708333333332,60.40625,21.0,9.154797131297094,1399.9424534484915,32.0,49H8,5
18.160416666666663,60.48958333333334,14.0,9.131342661030876,1065.3413911293612,29.0,49G8,3
18.32708333333332,60.48958333333334,39.0,13.019501512682186,1059.2323807048163,29.0,49G8,0
18.493750000000006,60.48958333333334,16.0,20.501066839802377,1054.0045118552061,29.0,49G8,0
18.660416666666663,60.48958333333334,34.0,26.055430779321817,1049.9357865480918,29.0,49G8,0
18.82708333333332,60.48958333333334,56.0,33.13504641368402,1047.3266534102806,29.0,49G8,0
18.993750000000006,60.48958333333334,33.0,39.10774838824393,1046.424309404625,29.0,49G8,0
19.160416666666663,60.48958333333334,52.0,33.30616062231022,1046.424309404625,29.0,49G9,0
19.32708333333332,60.48958333333334,23.0,28.95287827688142,1046.424309404625,29.0,49G9,0
19.493750000000006,60.48958333333334,48.0,20.501066839800817,1047.3266534102806,29.0,49G9,0
19.660416666666663,60.48958333333334,38.0,13.019501512682064,1049.9357865480918,29.0,49G9,0
19.82708333333332,60.48958333333334,33.0,9.268861880925863,1054.0045118552061,29.0,49G9,3
19.993750000000006,60.48958333333334,21.0,13.019501512683286,1059.2323807048163,29.0,49G9,0
20.160416666666663,60.48958333333334,35.0,18.537723761851726,1064.5765665527003,29.0,49H0,0
20.32708333333332,60.48958333333334,15.0,20.6750309317725,1069.2425196764393,29.0,49H0,0
20.493750000000006,60.48958333333334,9.0,26.055430779321817,1072.947651777107,29.0,49H0,0
20.660416666666663,60.48958333333334,30.0,26.055430779321817,1077.5763542158536,29.0,49H0,0
20.82708333333332,60.48958333333334,12.0,20.675030931773197,1081.5169840904437,29.0,49H0,0
20.993750000000006,60.48958333333334,8.0,18.26267069249549,1085.7434753267762,29.0,49H0,0
21.160416666666663,60.48958333333334,21.0,9.13134266103105,1090.7147139668411,29.0,49H1,5
21.82708333333332,60.48958333333334,-0.0,0.0,1115.1007201408897,29.0,49H1,5
26.993750000000006,60.48958333333334,9.0,9.131342661032619,1336.7617027593117,32.0,49H6,5
27.160416666666663,60.48958333333334,3.0,9.268861880921618,1343.934354811111,32.0,49H7,5
27.32708333333332,60.48958333333334,6.0,9.268861880921618,1353.941066839801,32.0,49H7,5
27.493750000000006,60.48958333333334,6.0,9.131342661030876,1362.3928782768817,32.0,49H7,5
27.993750000000006,60.48958333333334,13.0,9.131342661032445,1387.0475649482626,32.0,49H7,5
28.160416666666663,60.48958333333334,16.0,9.268861880921618,1395.06793045835,32.0,49H8,5
28.32708333333332,60.48958333333334,20.0,13.003034318691531,1403.3703982704803,32.0,49H8,5
28.493750000000006,60.48958333333334,3.0,9.131342661030876,1411.865381133768,32.0,49H8,5
28.660416666666663,60.48958333333334,-0.0,0.0,1420.3450835714668,32.0,49H8,5
17.660416666666663,60.57291666666666,10.0,9.107868874366453,1092.1867334481235,30.0,50G7,3
18.160416666666663,60.57291666666666,23.0,9.107868874366453,1072.1817320029475,30.0,50G8,3
18.32708333333332,60.57291666666666,38.0,18.215723132770396,1066.7175692603223,30.0,50G8,0
18.493750000000006,60.57291666666666,30.0,26.02248846002062,1062.1358768728269,30.0,50G8,0
18.660416666666663,60.57291666666666,56.0,33.076748344962745,1058.6441714424825,30.0,50G8,0
18.82708333333332,60.57291666666666,38.0,39.05832308257281,1056.4454086654614,30.0,50G8,0
18.993750000000006,60.57291666666666,73.0,45.942419557756395,1055.6931712855467,30.0,50G8,0
19.160416666666663,60.57291666666666,63.0,40.960096023310385,1055.6931712855467,30.0,50G9,0
19.32708333333332,60.57291666666666,45.0,33.07674834496261,1055.6931712855467,30.0,50G9,0
19.493750000000006,60.57291666666666,42.0,26.022488460019392,1056.4454086654614,30.0,50G9,0
19.660416666666663,60.57291666666666,30.0,20.664656099309443,1058.6441714424825,30.0,50G9,0
19.82708333333332,60.57291666666666,36.0,18.53772376184748,1062.1358768728269,30.0,50G9,0
19.993750000000006,60.57291666666666,27.0,20.664656099310214,1066.7175692603223,30.0,50G9,0
20.160416666666663,60.57291666666666,21.0,26.02248846002062,1072.1817320029475,30.0,50H0,0
20.32708333333332,60.57291666666666,43.0,29.27115655489782,1077.2676692746386,30.0,50H0,0
20.493750000000006,60.57291666666666,21.0,33.280373700460885,1081.2929896457374,30.0,50H0,0
20.660416666666663,60.57291666666666,16.0,33.280373700460885,1085.460058674484,30.0,50H0,0
20.82708333333332,60.57291666666666,17.0,27.323548159214297,1090.0220678124667,30.0,50H0,0
20.993750000000006,60.57291666666666,3.0,18.21572313277057,1093.8563982027056,30.0,50H0,0
21.160416666666663,60.57291666666666,1.0,9.107868874366627,1098.406931461974,30.0,50H1,3
21.493750000000006,60.57291666666666,-0.0,0.0,1109.2849135814702,30.0,50H1,5
28.32708333333332,60.57291666666666,14.0,9.107868874366627,1407.474246212144,32.0,50H8,5
28.493750000000006,60.57291666666666,10.0,9.107868874366453,1415.526007797664,32.0,50H8,5
17.493750000000006,60.65625,9.0,9.084375820960368,1105.0314761810625,30.0,50G7,3
17.660416666666663,60.65625,21.0,12.986575126703245,1097.9913018211055,30.0,50G7,0
17.82708333333332,60.65625,26.0,9.268861880925863,1091.3292985483995,30.0,50G7,3
17.993750000000006,60.65625,34.0,9.268861880925863,1085.1344225365717,30.0,50G7,3
18.160416666666663,60.65625,46.0,12.986575126703245,1079.5160807762156,30.0,50G8,0
18.32708333333332,60.65625,30.0,20.417360280888218,1074.6048200396579,30.0,50G8,0
18.493750000000006,60.65625,39.0,28.81948313020166,1070.5486685384926,30.0,50G8,0
18.660416666666663,60.65625,45.0,37.5463779473111,1067.5021626750877,30.0,50G8,0
18.82708333333332,60.65625,52.0,45.86774076059698,1065.6062986142615,30.0,50G8,0
18.993750000000006,60.65625,86.0,52.04461378290583,1064.9620331664728,30.0,50G8,0
19.160416666666663,60.65625,71.0,45.867740760596845,1064.9620331664728,30.0,50G9,0
19.32708333333332,60.65625,70.0,39.00892127492078,1064.9620331664728,30.0,50G9,0
19.493750000000006,60.65625,65.0,33.254611681565855,1065.6062986142615,30.0,50G9,0
19.660416666666663,60.65625,38.0,29.26383581670562,1067.5021626750877,30.0,50G9,0
19.82708333333332,60.65625,48.0,27.806585642773346,1070.5486685384926,30.0,50G9,0
19.993750000000006,60.65625,48.0,29.263835816706163,1074.6048200396579,30.0,50G9,0
20.160416666666663,60.65625,29.0,33.25461168156681,1079.5160807762156,30.0,50H0,0
20.32708333333332,60.65625,35.0,38.18334441123482,1085.1344225365717,30.0,50H0,0
20.493750000000006,60.65625,43.0,41.3292172696402,1089.8197722353693,30.0,50H0,0
20.660416666666663,60.65625,36.0,37.546377947311264,1093.5981530218248,30.0,50H0,0
20.82708333333332,60.65625,7.0,28.81948313020166,1098.0949847365516,30.0,50H0,0
20.993750000000006,60.65625,7.0,20.417360280888374,1102.1663147924546,30.0,50H0,0
21.160416666666663,60.65625,17.0,12.986575126703366,1106.351064818017,30.0,50H1,0
21.32708333333332,60.65625,3.0,9.084375820960195,1111.141945800915,30.0,50H1,3
28.493750000000006,60.65625,1.0,9.084375820958636,1420.0281106518196,32.0,50H8,5
17.32708333333332,60.73958333333334,14.0,9.0608635505046,1117.884795864601,30.0,50G7,3
17.493750000000006,60.73958333333334,43.0,12.970124106709276,1110.9218328107465,30.0,50G7,0
17.660416666666663,60.73958333333334,47.0,20.375488853155897,1104.2980962402366,30.0,50G7,0
17.82708333333332,60.73958333333334,48.0,18.537723761851726,1098.0824392188554,30.0,50G7,0
17.993750000000006,60.73958333333334,53.0,18.537723761851726,1092.3574049813692,30.0,50G7,0
18.160416666666663,60.73958333333334,55.0,20.643945256651143,1087.2197881905142,30.0,50G8,0
18.32708333333332,60.73958333333334,47.0,25.956651664326046,1082.7791755586675,30.0,50G8,0
18.493750000000006,60.73958333333334,53.0,32.96014987909319,1079.153112700889,30.0,50G8,0
18.660416666666663,60.73958333333334,62.0,40.79265823689522,1076.4577256891537,30.0,50G8,0
18.82708333333332,60.73958333333334,60.0,49.05866395799467,1074.7938260742421,30.0,50G8,0
18.993750000000006,60.73958333333334,88.0,57.57170602443199,1074.2308950473985,30.0,50G8,0
19.160416666666663,60.73958333333334,82.0,51.978760362161324,1074.2308950473985,30.0,50G9,0
19.32708333333332,60.73958333333334,78.0,46.05586970606783,1074.2308950473985,30.0,50G9,0
19.493750000000006,60.73958333333334,74.0,41.308493302075156,1074.7938260742421,30.0,50G9,0
19.660416666666663,60.73958333333334,65.0,38.17773755281052,1076.4577256891537,30.0,50G9,0
19.82708333333332,60.73958333333334,73.0,37.075447523699204,1079.153112700889,30.0,50G9,0
19.993750000000006,60.73958333333334,59.0,38.17773755281093,1082.7791755586675,30.0,50G9,0
20.160416666666663,60.73958333333334,42.0,41.308493302075924,1087.2197881905142,30.0,50H0,0
20.32708333333332,60.73958333333334,37.0,46.05586970606793,1092.3574049813692,30.0,50H0,0
20.493750000000006,60.73958333333334,39.0,46.18481310536545,1097.7867878853795,30.0,50H0,0
20.660416666666663,60.73958333333334,52.0,37.36413035247479,1101.9296759581337,30.0,50H0,0
20.82708333333332,60.73958333333334,10.0,28.685940666370794,1106.0631369176408,30.0,50H0,0
20.993750000000006,60.73958333333334,12.0,20.333605700982805,1110.6288101659773,30.0,50H0,0
21.160416666666663,60.73958333333334,17.0,12.953681429308714,1114.4946523670387,30.0,50H1,0
21.32708333333332,60.73958333333334,1.0,9.060863550506156,1118.9464882594395,30.0,50H1,3
17.32708333333332,60.82291666666666,21.0,9.037332112742163,1124.15368142931,30.0,50G7,3
17.493750000000006,60.82291666666666,43.0,18.074649651515458,1117.250069901347,30.0,50G7,0
17.660416666666663,60.82291666666666,44.0,25.923757867926238,1111.0214982109633,30.0,50G7,0
17.82708333333332,60.82291666666666,50.0,27.80658564277476,1105.219618559778,30.0,50G7,0
17.993750000000006,60.82291666666666,47.0,27.80658564277476,1099.9188872428076,30.0,50G7,0
18.160416666666663,60.82291666666666,65.0,29.249227376915528,1095.2031571605626,30.0,50G8,0
18.32708333333332,60.82291666666666,54.0,33.2031634577055,1091.1633692027208,30.0,50G8,0
18.493750000000006,60.82291666666666,52.0,38.91019018826583,1087.8928895681029,30.0,50G8,0
18.660416666666663,60.82291666666666,64.0,45.71841165778786,1085.4801701504327,30.0,50G8,0
18.82708333333332,60.82291666666666,63.0,53.206739686373695,1083.9992426307738,30.0,50G8,0
18.993750000000006,60.82291666666666,80.0,61.12569086873723,1083.4997569283216,30.0,50G8,0
19.160416666666663,60.82291666666666,95.0,58.91990432056417,1083.4997569283216,30.0,50G9,0
19.32708333333332,60.82291666666666,91.0,53.7811571753289,1083.4997569283216,30.0,50G9,0
19.493750000000006,60.82291666666666,83.0,49.786917639439565,1083.9992426307738,30.0,50G9,0
19.660416666666663,60.82291666666666,93.0,47.22849442375115,1085.4801701504327,30.0,50G9,0
19.82708333333332,60.82291666666666,80.0,46.34430940462224,1087.8928895681029,30.0,50G9,0
19.993750000000006,60.82291666666666,75.0,47.228494423751485,1091.1633692027208,30.0,50G9,0
20.160416666666663,60.82291666666666,66.0,49.7869176394402,1095.2031571605626,30.0,50H0,0
20.32708333333332,60.82291666666666,50.0,53.78115717532899,1099.9188872428076,30.0,50H0,0
20.493750000000006,60.82291666666666,50.0,45.18636908356361,1105.219618559778,30.0,50H0,0
20.660416666666663,60.82291666666666,55.0,36.1491827110541,1110.4108164734882,30.0,50H0,0
20.82708333333332,60.82291666666666,25.0,27.111938042310904,1114.2278566109042,30.0,50H0,0
20.993750000000006,60.82291666666666,22.0,18.07464965151408,1118.6319872943418,30.0,50H0,0
21.160416666666663,60.82291666666666,6.0,9.037332112742337,1124.1536814293088,30.0,50H1,3
17.32708333333332,60.90625,26.0,9.01378155744968,1131.491711107272,30.0,50G7,3
17.493750000000006,60.90625,61.0,18.027548555321097,1124.1372472657154,30.0,50G7,0
17.660416666666663,60.90625,45.0,27.041286433996262,1118.0903230580104,30.0,50G7,0
17.82708333333332,60.90625,44.0,36.054980633792354,1112.6678251839055,30.0,50G7,0
17.993750000000006,60.90625,16.0,37.075447523699204,1107.7475745074967,30.0,50G7,0
18.160416666666663,60.90625,59.0,38.16655096654472,1103.4013818914507,30.0,50G8,0
18.32708333333332,60.90625,43.0,41.26712365510374,1099.704436377948,30.0,50G8,0
18.493750000000006,60.90625,42.0,45.97234896317455,1096.7312933790852,30.0,50G8,0
18.660416666666663,60.90625,73.0,51.847151246631505,1094.550335347163,30.0,50G8,0
18.82708333333332,60.90625,77.0,58.540434430976276,1093.2172441147793,30.0,50G8,0
18.993750000000006,60.90625,89.0,65.80287397751158,1092.768618809246,30.0,50G8,0
19.160416666666663,60.90625,104.0,66.43147169481965,1092.768618809246,30.0,50G9,0
19.32708333333332,60.90625,111.0,61.931455151890354,1092.768618809246,30.0,50G9,0
19.493750000000006,60.90625,97.0,58.505605248853776,1093.2172441147793,30.0,50G9,0
19.660416666666663,60.90625,93.0,56.350201502351,1094.550335347163,30.0,50G9,0
19.82708333333332,60.90625,102.0,55.61317128554669,1096.7312933790852,30.0,50G9,0
19.993750000000006,60.90625,90.0,56.35020150235128,1099.704436377948,30.0,50G9,0
20.160416666666663,60.90625,80.0,58.505605248854316,1103.4013818914507,30.0,50H0,0
20.32708333333332,60.90625,85.0,54.08217975745716,1107.7475745074967,30.0,50H0,0
20.493750000000006,60.90625,60.0,45.068616594921316,1112.6678251839055,30.0,50H0,0
20.660416666666663,60.90625,60.0,36.054980633792525,1118.0903230580104,30.0,50H0,0
20.82708333333332,60.90625,47.0,27.041286433996262,1124.1372472657154,30.0,50H0,0
20.993750000000006,60.90625,27.0,18.02754855531972,1129.7377237618475,30.0,50H0,0
21.160416666666663,60.90625,18.0,9.013781557449851,1131.8232868916855,30.0,50H1,3
17.32708333333332,60.98958333333334,31.0,8.990211934445947,1137.0580211870645,30.0,50G7,3
17.493750000000006,60.98958333333334,47.0,17.98040932390076,1131.8129776564856,30.0,50G7,0
17.660416666666663,60.98958333333334,51.0,26.970577623333966,1129.7377237618505,30.0,50G7,0
17.82708333333332,60.98958333333334,50.0,35.960702287650996,1120.3692973584486,30.0,50G7,0
17.993750000000006,60.98958333333334,21.0,44.74013617969539,1115.7892435951521,30.0,50G7,0
18.160416666666663,60.98958333333334,35.0,47.21946004948648,1111.767158926786,30.0,50G8,0
18.32708333333332,60.98958333333334,14.0,49.75262866542841,1108.3652629537667,30.0,50G8,0
18.493750000000006,60.98958333333334,17.0,53.709714076326854,1105.6435541502874,30.0,50G8,0
18.660416666666663,60.98958333333334,38.0,58.8039348144457,1103.6556852648707,30.0,50G8,0
18.82708333333332,60.98958333333334,87.0,64.76749536046654,1102.4444307333858,30.0,50G8,0
18.993750000000006,60.98958333333334,92.0,71.38281132806837,1102.0374806901718,30.0,50G8,0
19.160416666666663,60.98958333333334,102.0,74.34075226923046,1102.0374806901718,30.0,50G9,0
19.32708333333332,60.98958333333334,119.0,70.35922075117105,1102.0374806901718,30.0,50G9,0
19.493750000000006,60.98958333333334,117.0,67.37134146933971,1102.4444307333858,30.0,50G9,0
19.660416666666663,60.98958333333334,114.0,65.5132293213673,1103.6556852648707,30.0,50G9,0
19.82708333333332,60.98958333333334,97.0,64.88203316647255,1105.6435541502874,30.0,50G9,0
19.993750000000006,60.98958333333334,97.0,65.51322932136755,1108.3652629537667,30.0,50G9,0
20.160416666666663,60.98958333333334,95.0,63.69116906559864,1111.767158926786,30.0,50H0,0
20.32708333333332,60.98958333333334,86.0,54.80097484933665,1115.7892435951521,30.0,50H0,0
20.493750000000006,60.98958333333334,75.0,45.954123625776965,1120.3692973584486,30.0,50H0,0
20.660416666666663,60.98958333333334,50.0,37.1816444262614,1129.7377237618505,30.0,50H0,0
20.82708333333332,60.98958333333334,43.0,28.552253369933915,1131.8129776564856,30.0,50H0,0
20.993750000000006,60.98958333333334,14.0,20.249805356596397,1137.0580211870642,30.0,50H0,0
21.160416666666663,60.98958333333334,19.0,12.920821787735921,1140.4346634530812,30.0,50H1,0
21.32708333333332,60.98958333333334,2.0,8.99021193444749,1144.3518181650036,30.0,50H1,3
17.352083333333326,61.07291666666666,38.0,9.190788750266249,1143.6121396237754,30.0,51G7,3
17.522916666666674,61.07291666666666,30.0,18.381561853087437,1139.9812507697552,30.0,51G7,0
17.693749999999994,61.07291666666666,56.0,27.572303660975255,1135.8072015951677,30.0,51G7,0
17.864583333333343,61.07291666666666,63.0,36.76299852637119,1131.003830586082,30.0,51G7,0
18.035416666666663,61.07291666666666,64.0,45.95363080159467,1129.4424062081341,30.0,51G8,0
18.20625000000001,61.07291666666666,50.0,55.14418483881769,1119.3392622205777,30.0,51G8,0
18.37708333333333,61.07291666666666,43.0,59.370420530802605,1116.2979904022563,30.0,51G8,0
18.54791666666665,61.07291666666666,34.0,63.21162265181212,1113.942736340993,30.0,51G8,0
18.71875,61.07291666666666,51.0,68.10411236993023,1112.3167122738616,30.0,51G8,0
18.88958333333332,61.07291666666666,62.0,73.83918424579453,1111.4518740871931,30.0,51G8,0
19.06041666666667,61.07291666666666,69.0,80.23633058817265,1111.3659752992135,30.0,51G9,0
19.23124999999999,61.07291666666666,81.0,80.91664432510112,1111.3736600049488,30.0,51G9,0
19.402083333333337,61.07291666666666,110.0,77.66685544852204,1111.3818098704494,30.0,51G9,0
19.572916666666657,61.07291666666666,124.0,75.42721274819908,1112.114488498301,30.0,51G9,0
19.743750000000006,61.07291666666666,127.0,74.28914868242884,1113.6124559421678,30.0,51G9,0
19.914583333333326,61.07291666666666,108.0,74.30330514284647,1115.8459985447287,30.0,51G9,0
20.085416666666674,61.07291666666666,110.0,69.49395965188067,1118.7735834796451,30.0,51H0,0
20.256249999999994,61.07291666666666,105.0,60.66309394434731,1128.1079704920755,30.0,51H0,0
20.427083333333343,61.07291666666666,92.0,51.96555369197527,1130.5065688166023,30.0,51H0,0
20.597916666666663,61.07291666666666,76.0,43.48149605891354,1134.8023522941687,30.0,51H0,0
20.76875000000001,61.07291666666666,56.0,35.36497787111939,1139.6155474764878,30.0,51H0,0
20.93958333333333,61.07291666666666,47.0,27.572303660975255,1142.8316093634246,30.0,51H0,0
21.11041666666665,61.07291666666666,27.0,18.381561853087266,1148.1316464298727,30.0,51H1,0
21.28125,61.07291666666666,12.0,9.190788750266249,1151.4038009495123,30.0,51H1,3
17.181250000000006,61.15625,1.0,9.16659095136854,1156.3954208020982,30.0,51G7,3
17.352083333333326,61.15625,22.0,13.027518209945969,1151.8349589673649,30.0,51G7,0
17.522916666666674,61.15625,31.0,20.521426584225377,1148.836778755666,30.0,51G7,0
17.693749999999994,61.15625,40.0,28.985310750965695,1143.3618466695557,30.0,51G7,0
17.864583333333343,61.15625,66.0,37.772625552258766,1139.8639666581287,30.0,51G7,0
18.035416666666663,61.15625,73.0,46.701112939514594,1135.4872614679398,30.0,51G8,0
18.20625000000001,61.15625,71.0,55.702883377707835,1130.844523811465,30.0,51G8,0
18.37708333333333,61.15625,60.0,64.74733004977831,1129.931876056674,30.0,51G8,0
18.54791666666665,61.15625,33.0,71.48559034140136,1129.9653784072984,30.0,51G8,0
18.71875,61.15625,57.0,75.83509706801901,1121.5060356737306,30.0,51G8,0
18.88958333333332,61.15625,61.0,81.01158800177598,1120.709201878977,30.0,51G8,0
19.06041666666667,61.15625,68.0,86.86731519409237,1120.6301078143797,30.0,51G9,0
19.23124999999999,61.15625,88.0,89.47205135990122,1120.6371833809396,30.0,51G9,0
19.402083333333337,61.15625,73.0,86.55194317878419,1120.6446873157897,30.0,51G9,0
19.572916666666657,61.15625,96.0,84.55331774690337,1121.319631220856,30.0,51G9,0
19.743750000000006,61.15625,121.0,83.54235041187202,1130.2721561535268,30.0,51G9,0
19.914583333333326,61.15625,110.0,81.01169595503924,1130.2207096771167,30.0,51G9,0
20.085416666666674,61.15625,117.0,72.43733120705308,1130.382495318658,30.0,51H0,0
20.256249999999994,61.15625,109.0,64.03742416287555,1134.5042613593048,30.0,51H0,0
20.427083333333343,61.15625,96.0,55.70288337770632,1139.5235952442627,30.0,51H0,0
20.597916666666663,61.15625,74.0,46.701112939514594,1142.6017277031758,30.0,51H0,0
20.76875000000001,61.15625,66.0,37.77262555225728,1147.7963471399648,30.0,51H0,0
20.93958333333333,61.15625,47.0,28.985310750965695,1151.2167876457338,30.0,51H0,0
21.11041666666665,61.15625,25.0,20.521426584225225,1155.5145037741675,30.0,51H1,0
21.28125,61.15625,10.0,13.027518209945969,1160.076539114909,30.0,51H1,0
21.45208333333332,61.15625,1.0,9.16659095136854,1163.7413984412476,30.0,51H1,3
17.352083333333326,61.23958333333334,39.0,9.142373761505878,1160.4308459453273,30.0,51G7,3
17.522916666666674,61.23958333333334,38.0,18.284731908041685,1156.1022461910811,30.0,51G7,0
17.693749999999994,61.23958333333334,61.0,27.427058824594962,1151.6360930597514,30.0,51G7,0
17.864583333333343,61.23958333333334,59.0,36.56933889608472,1148.4920564718227,30.0,51G7,0
18.035416666666663,61.23958333333334,83.0,45.71155650731049,1143.118333399851,30.0,51G8,0
18.20625000000001,61.23958333333334,61.0,54.8536960429277,1139.7544172774963,30.0,51G8,0
18.37708333333333,61.23958333333334,52.0,63.99574188739769,1139.1360533980014,30.0,51G8,0
18.54791666666665,61.23958333333334,62.0,73.13767842496057,1139.1584693600807,30.0,51G8,0
18.71875,61.23958333333334,48.0,82.2794900395938,1139.182658429778,30.0,51G8,0
18.88958333333332,61.23958333333334,59.0,88.57397965791556,1139.2086160130702,30.0,51G8,0
19.06041666666667,61.23958333333334,66.0,93.9457873530309,1139.2363371976917,30.0,51G9,0
19.23124999999999,61.23958333333334,72.0,98.15709200423815,1139.265816757694,30.0,51G9,0
19.402083333333337,61.23958333333334,80.0,95.51000017440856,1139.2970491582714,30.0,51G9,0
19.572916666666657,61.23958333333334,79.0,93.70744894241896,1139.3300285608295,30.0,51G9,0
19.743750000000006,61.23958333333334,100.0,91.42116111496898,1139.3647488283011,30.0,51G9,0
19.914583333333326,61.23958333333334,94.0,82.2794900395938,1139.3300285608298,30.0,51G9,0
20.085416666666674,61.23958333333334,122.0,73.13767842496057,1139.4393859507936,30.0,51H0,0
20.256249999999994,61.23958333333334,120.0,63.99574188739769,1142.3788557716712,30.0,51H0,0
20.427083333333343,61.23958333333334,117.0,54.853696042926174,1147.4666748061904,30.0,51H0,0
20.597916666666663,61.23958333333334,94.0,45.71155650731049,1151.0357787703208,30.0,51H0,0
20.76875000000001,61.23958333333334,74.0,36.56933889608319,1155.2361337747436,30.0,51H0,0
20.93958333333333,61.23958333333334,54.0,27.427058824594962,1159.9232096030682,30.0,51H0,0
21.11041666666665,61.23958333333334,33.0,18.28473190804152,1163.5013072775935,30.0,51H1,0
21.28125,61.23958333333334,18.0,9.142373761505878,1168.3513455063885,30.0,51H1,3
17.352083333333326,61.32291666666666,24.0,9.118137231911867,1168.9609579495257,30.0,51G7,3
17.522916666666674,61.32291666666666,52.0,18.23625886540818,1163.9988541315986,30.0,51G7,0
17.693749999999994,61.32291666666666,56.0,27.354349302031434,1160.2672405232408,30.0,51G7,0
17.864583333333343,61.32291666666666,48.0,36.47239294325641,1155.8143992686514,30.0,51G7,0
18.035416666666663,61.32291666666666,66.0,45.59037419043971,1151.443163351021,30.0,51G8,0
18.20625000000001,61.32291666666666,59.0,54.7082774447955,1148.838088654419,30.0,51G8,0
18.37708333333333,61.32291666666666,47.0,63.82608710734598,1148.3723898772464,30.0,51G8,0
18.54791666666665,61.32291666666666,52.0,72.94378757889461,1148.3891944016498,30.0,51G8,0
18.71875,61.32291666666666,64.0,82.06136325998528,1148.4073347629508,30.0,51G8,0
18.88958333333332,61.32291666666666,67.0,91.17879855085924,1148.426809008244,30.0,51G8,0
19.06041666666667,61.32291666666666,63.0,100.29607785142956,1148.4476150452588,30.0,51G9,0
19.23124999999999,61.32291666666666,76.0,106.89062746517855,1148.4697506434713,30.0,51G9,0
19.402083333333337,61.32291666666666,81.0,104.52226667617435,1148.4932134352866,30.0,51G9,0
19.572916666666657,61.32291666666666,82.0,100.59054896893097,1148.5180009172864,30.0,51G9,0
19.743750000000006,61.32291666666666,100.0,91.52798543279143,1148.544110451546,30.0,51G9,0
19.914583333333326,61.32291666666666,121.0,82.47464752217488,1148.5180009172866,30.0,51G9,0
20.085416666666674,61.32291666666666,126.0,73.4340209338112,1148.6002844609563,30.0,51H0,0
20.256249999999994,61.32291666666666,119.0,64.41153321097227,1150.860771744171,30.0,51H0,0
20.427083333333343,61.32291666666666,109.0,55.416121678371866,1154.9632107713044,30.0,51H0,0
20.597916666666663,61.32291666666666,93.0,46.463594419706055,1159.7750279083486,30.0,51H0,0
20.76875000000001,61.32291666666666,79.0,37.58469170444748,1163.2662302087547,30.0,51H0,0
20.93958333333333,61.32291666666666,56.0,28.847564626616386,1168.0395654823517,30.0,51H0,0
21.11041666666665,61.32291666666666,43.0,20.43497943387207,1171.8539446581863,30.0,51H1,0
21.28125,61.32291666666666,19.0,12.993501779907346,1176.071760525803,30.0,51H1,0
21.45208333333332,61.32291666666666,7.0,9.118137231913394,1180.6208016202027,30.0,51H1,3
17.181250000000006,61.40625,9.0,9.09388141385639,1181.002752834049,30.0,51G7,3
17.352083333333326,61.40625,69.0,12.993501779907346,1176.6079578953847,30.0,51G7,0
17.522916666666674,61.40625,80.0,20.43497943387222,1172.2823130612496,30.0,51G7,0
17.693749999999994,61.40625,55.0,28.847564626616386,1168.6417815342709,30.0,51G7,0
17.864583333333343,61.40625,59.0,37.58469170444896,1163.7548712461803,30.0,51G7,0
18.035416666666663,61.40625,61.0,46.463594419706055,1160.1087685188356,30.0,51G8,0
18.20625000000001,61.40625,63.0,55.41612167837337,1157.9944465752158,30.0,51G8,0
18.37708333333333,61.40625,46.0,64.41153321097227,1157.6216937411048,30.0,51G8,0
18.54791666666665,61.40625,44.0,73.37177502270825,1157.6351153829155,30.0,51G8,0
18.71875,61.40625,48.0,81.3053798071189,1157.649606399832,30.0,51G8,0
18.88958333333332,61.40625,65.0,89.4500215543692,1157.665165791282,30.0,51G8,0
19.06041666666667,61.40625,78.0,97.75291565384835,1157.6817924843142,30.0,51G9,0
19.23124999999999,61.40625,85.0,106.17689290140221,1157.6994853339652,30.0,51G9,0
19.402083333333337,61.40625,77.0,109.12212054039675,1157.7182431236497,30.0,51G9,0
19.572916666666657,61.40625,86.0,100.02926754181081,1157.7380645655767,30.0,51G9,0
19.743750000000006,61.40625,92.0,90.93624313697244,1157.7589483011866,30.0,51G9,0
19.914583333333326,61.40625,120.0,81.84306290955746,1157.7380645655767,30.0,51G9,0
20.085416666666674,61.40625,130.0,72.74974244286817,1157.8038968681606,30.0,51H0,0
20.256249999999994,61.40625,122.0,63.656297319882306,1159.6319718970763,30.0,51H0,0
20.427083333333343,61.40625,123.0,54.562743123276974,1163.0361684843506,30.0,51H0,0
20.597916666666663,61.40625,98.0,45.469095435478636,1167.7324531314887,30.0,51H0,0
20.76875000000001,61.40625,77.0,36.37536983868694,1171.6518517082384,30.0,51H0,0
20.93958333333333,61.40625,60.0,27.281581914923866,1175.7979054067941,30.0,51H0,0
21.11041666666665,61.40625,34.0,18.187747246059757,1180.4401474846973,30.0,51H1,0
21.28125,61.40625,4.0,9.093881413854866,1184.1536588332888,30.0,51H1,3
17.181250000000006,61.48958333333334,28.0,9.06960635864711,1189.3356178208107,30.0,51G7,3
17.352083333333326,61.48958333333334,38.0,18.139197152618273,1184.6295277908634,30.0,51G7,0
17.522916666666674,61.48958333333334,58.0,25.90202176463686,1180.8146653148874,30.0,51G7,0
17.693749999999994,61.48958333333334,40.0,32.863308317371825,1176.3269377652418,30.0,51G7,0
17.864583333333343,61.48958333333334,63.0,38.82745371810857,1172.0720550391607,30.0,51G7,0
18.035416666666663,61.48958333333334,71.0,45.593186623196665,1168.961979983528,30.0,51G8,0
18.20625000000001,61.48958333333334,66.0,53.03857227318037,1167.1878405033206,30.0,51G8,0
18.37708333333333,61.48958333333334,59.0,60.91486317927104,1166.8775028290286,30.0,51G8,0
18.54791666666665,61.48958333333334,54.0,69.07476900173232,1166.8886639281397,30.0,51G8,0
18.71875,61.48958333333334,44.0,77.42862726048315,1166.900715403022,30.0,51G8,0
18.88958333333332,61.48958333333334,49.0,85.9198344671161,1166.9136566758323,30.0,51G8,0
19.06041666666667,61.48958333333334,80.0,94.51132775663028,1166.92748712662,30.0,51G9,0
19.23124999999999,61.48958333333334,87.0,103.17800642777608,1166.942206093475,30.0,51G9,0
19.402083333333337,61.48958333333334,79.0,109.36986039056445,1166.9578128726853,30.0,51G9,0
19.572916666666657,61.48958333333334,75.0,100.32477102363097,1166.9743067189036,30.0,51G9,0
19.743750000000006,61.48958333333334,88.0,91.28658420199937,1166.9916868453251,30.0,51G9,0
19.914583333333326,61.48958333333334,109.0,82.2576474554466,1166.9743067189038,30.0,51G9,0
20.085416666666674,61.48958333333334,120.0,73.24145519117309,1167.029102585395,30.0,51H0,0
20.256249999999994,61.48958333333334,122.0,64.24344833031894,1168.559901557762,30.0,51H0,0
20.427083333333343,61.48958333333334,125.0,55.27258574810915,1171.4543022519144,30.0,51H0,0
20.597916666666663,61.48958333333334,101.0,46.34471230522703,1175.5284872288046,30.0,51H0,0
20.76875000000001,61.48958333333334,75.0,37.49063545004793,1180.2636171817755,30.0,51H0,0
20.93958333333333,61.48958333333334,53.0,28.778637740265104,1183.910828734795,30.0,51H0,0
21.11041666666665,61.48958333333334,33.0,20.391739747772533,1188.4756884495569,30.0,51H1,0
21.28125,61.48958333333334,20.0,12.976507786860902,1192.4892942736801,30.0,51H1,0
21.45208333333332,61.48958333333334,3.0,9.06960635864711,1196.655283528688,30.0,51H1,3
17.181250000000006,61.57291666666666,10.0,9.045312117636971,1197.1580386018834,30.0,52G7,3
17.352083333333326,61.57291666666666,39.0,12.942549152791296,1192.9154333639735,30.0,52G7,0
17.522916666666674,61.57291666666666,61.0,20.30522964976086,1189.024653050213,30.0,52G7,0
17.693749999999994,61.57291666666666,45.0,25.86808302067271,1184.37991346496,30.0,52G7,0
17.864583333333343,61.57291666666666,69.0,32.803106009060954,1180.630702150115,30.0,52G7,0
18.035416666666663,61.57291666666666,67.0,40.56698539087935,1177.9281670455478,30.0,52G8,0
18.20625000000001,61.57291666666666,74.0,48.76539158121414,1176.4026063849471,30.0,52G8,0
18.37708333333333,61.57291666666666,55.0,57.211782505837434,1176.1370355316292,30.0,52G8,0
18.54791666666665,61.57291666666666,59.0,65.81069870305325,1176.1465798073532,30.0,52G8,0
18.71875,61.57291666666666,46.0,74.5093024392737,1176.1568860498182,30.0,52G8,0
18.88958333333332,61.57291666666666,53.0,83.27631061959511,1176.1679538963567,30.0,52G8,0
19.06041666666667,61.57291666666666,69.0,92.09213765912524,1176.1797829577574,30.0,52G9,0
19.23124999999999,61.57291666666666,96.0,100.9439410141912,1176.192372818333,30.0,52G9,0
19.402083333333337,61.57291666666666,75.0,108.788916607355,1176.2057230359935,30.0,52G9,0
19.572916666666657,61.57291666666666,77.0,99.79260282325396,1176.2198331423224,30.0,52G9,0
19.743750000000006,61.57291666666666,86.0,90.80322901830202,1176.23470264266,30.0,52G9,0
19.914583333333326,61.57291666666666,93.0,81.82315462477517,1176.2198331423224,30.0,52G9,0
20.085416666666674,61.57291666666666,122.0,72.85589161891843,1176.2667177160245,30.0,52H0,0
20.256249999999994,61.57291666666666,126.0,63.906907899990046,1177.581353029077,30.0,52H0,0
20.427083333333343,61.57291666666666,118.0,54.98520579019753,1180.0911920871395,30.0,52H0,0
20.597916666666663,61.57291666666666,102.0,46.10670426136677,1183.6721490266898,30.0,52H0,0
20.76875000000001,61.57291666666666,75.0,37.3023460321762,1188.1748574584292,30.0,52H0,0
20.93958333333333,61.57291666666666,48.0,28.640677957546906,1192.2719550847983,30.0,52H0,0
21.11041666666665,61.57291666666666,45.0,20.30522964976071,1196.3792165518278,30.0,52H1,0
21.28125,61.57291666666666,28.0,12.942549152791296,1201.0080419157637,30.0,52H1,0
21.45208333333332,61.57291666666666,7.0,9.268861880925863,1204.7857035975617,30.0,52H1,3
21.62291666666667,61.57291666666666,1.0,9.045312117635456,1209.2747378069141,30.0,52H1,3
17.352083333333326,61.65625,13.0,9.020998742216426,1201.3928514398033,30.0,52G7,3
17.522916666666674,61.65625,56.0,12.925584876982292,1196.8761268353855,30.0,52G7,0
17.693749999999994,61.65625,58.0,20.2619598417973,1192.6917382438119,30.0,52G7,0
17.864583333333343,61.65625,60.0,28.571645722291116,1189.3515223191214,30.0,52G7,0
18.035416666666663,61.65625,69.0,37.20811357473053,1186.967232198024,30.0,52G8,0
18.20625000000001,61.65625,74.0,45.98757909441974,1185.630806899942,30.0,52G8,0
18.37708333333333,61.65625,56.0,54.84136259239049,1185.3988978144052,30.0,52G8,0
18.54791666666665,61.65625,59.0,63.738453255714404,1185.4072284642157,30.0,52G8,0
18.71875,61.65625,53.0,72.66289477611204,1185.416224515546,30.0,52G8,0
18.88958333333332,61.65625,51.0,81.6056629332879,1185.4258857264233,30.0,52G8,0
19.06041666666667,61.65625,48.0,90.56127622663539,1185.436211837113,30.0,52G9,0
19.23124999999999,61.65625,83.0,99.52621382056272,1185.4472025701557,30.0,52G9,0
19.402083333333337,61.65625,65.0,108.24754323048226,1185.458857630403,30.0,52G9,0
19.572916666666657,61.65625,73.0,99.22756949942884,1185.4711767050574,30.0,52G9,0
19.743750000000006,61.65625,85.0,90.2074249296008,1185.4841594637137,30.0,52G9,0
19.914583333333326,61.65625,104.0,81.18712505304106,1185.4711767050574,30.0,52G9,0
20.085416666666674,61.65625,125.0,72.16668540143155,1185.5121146236436,30.0,52H0,0
20.256249999999994,61.65625,117.0,63.146121506140986,1186.6627926305512,30.0,52H0,0
20.427083333333343,61.65625,123.0,54.125448898247576,1188.8738989950725,30.0,52H0,0
20.597916666666663,61.65625,98.0,45.10468310858758,1192.0584726744783,30.0,52H0,0
20.76875000000001,61.65625,73.0,36.08383966777811,1196.1070295750783,30.0,52H0,0
20.93958333333333,61.65625,55.0,27.06293410626475,1200.8118364996467,30.0,52H0,0
21.11041666666665,61.65625,36.0,18.0419819543466,1204.5342751052149,30.0,52H1,0
21.28125,61.65625,15.0,9.020998742216426,1208.9700242575873,30.0,52H1,3
17.522916666666674,61.73958333333334,19.0,8.996666283822481,1204.9866821257474,30.0,52G7,3
17.693749999999994,61.73958333333334,68.0,17.993317055165438,1201.190716323591,30.0,52G7,0
17.864583333333343,61.73958333333334,69.0,26.98993680151928,1198.1857528788098,30.0,52G7,0
18.035416666666663,61.73958333333334,69.0,35.986510010297714,1196.0558891573526,30.0,52G8,0
18.20625000000001,61.73958333333334,77.0,44.98302116881541,1194.8679968290278,30.0,52G8,0
18.37708333333333,61.73958333333334,72.0,53.97945476424066,1194.6623141362934,30.0,52G8,0
18.54791666666665,61.73958333333334,50.0,62.97579528357071,1194.6697003295385,30.0,52G8,0
18.71875,61.73958333333334,34.0,71.9720272135928,1194.6776766840483,30.0,52G8,0
18.88958333333332,61.73958333333334,31.0,80.96813504084362,1194.6862430306364,30.0,52G8,0
19.06041666666667,61.73958333333334,38.0,89.96410325158543,1194.6953991876749,30.0,52G9,0
19.23124999999999,61.73958333333334,61.0,98.9599163317587,1194.7051449611115,30.0,52G9,0
19.402083333333337,61.73958333333334,67.0,107.95555876695911,1194.7154801444926,30.0,52G9,0
19.572916666666657,61.73958333333334,71.0,99.52621382056272,1194.726404518983,30.0,52G9,0
19.743750000000006,61.73958333333334,84.0,90.5612762266339,1194.73791785339,30.0,52G9,0
19.914583333333326,61.73958333333334,104.0,81.6056629332879,1194.726404518983,30.0,52G9,0
20.085416666666674,61.73958333333334,119.0,72.66289477611055,1194.7627104155429,30.0,52H0,0
20.256249999999994,61.73958333333334,125.0,63.73845325571457,1195.7849007305906,30.0,52H0,0
20.427083333333343,61.73958333333334,111.0,54.841362592389,1197.758047884548,30.0,52H0,0
20.597916666666663,61.73958333333334,90.0,45.987579094418265,1200.619208927584,30.0,52H0,0
20.76875000000001,61.73958333333334,69.0,37.20811357472907,1204.286517811594,30.0,52H0,0
20.93958333333333,61.73958333333334,64.0,28.571645722289688,1208.6689986041877,30.0,52H0,0
21.11041666666665,61.73958333333334,47.0,20.2619598417973,1212.8803617047774,30.0,52H1,0
21.28125,61.73958333333334,26.0,12.925584876981238,1216.9558785425913,30.0,52H1,0
21.45208333333332,61.73958333333334,7.0,8.996666283822481,1221.5861576216598,30.0,52H1,3
17.352083333333326,61.82291666666666,6.0,8.972314793921946,1217.4279967544146,30.0,52G7,3
17.522916666666674,61.82291666666666,64.0,12.908630873233173,1213.2945920520567,30.0,52G7,0
17.693749999999994,61.82291666666666,53.0,20.218680600277327,1209.8284776422101,30.0,52G7,0
17.864583333333343,61.82291666666666,78.0,28.502579035100787,1207.1020578003227,30.0,52G7,0
18.035416666666663,61.82291666666666,82.0,37.113823091928765,1205.1797511512964,30.0,52G8,0
18.20625000000001,61.82291666666666,82.0,45.8683736750868,1204.1114950488156,30.0,52G8,0
18.37708333333333,61.82291666666666,76.0,54.69741780434373,1203.9268187525781,30.0,52G8,0
18.54791666666665,61.82291666666666,55.0,63.56987626455837,1203.9334490837039,30.0,52G8,0
18.71875,61.82291666666666,34.0,72.4697552221871,1203.940609308769,30.0,52G8,0
18.88958333333332,61.82291666666666,38.0,81.38800844137498,1203.94829930502,30.0,52G8,0
19.06041666666667,61.82291666666666,25.0,90.31914074455213,1203.9565189406635,30.0,52G9,0
19.23124999999999,61.82291666666666,60.0,99.25962238638964,1203.9652680748766,30.0,52G9,0
19.402083333333337,61.82291666666666,62.0,107.44150836902757,1203.9745465578205,30.0,52G9,0
19.572916666666657,61.82291666666666,73.0,98.99282914983702,1203.9843542306514,30.0,52G9,0
19.743750000000006,61.82291666666666,84.0,90.07682315564743,1203.9946909255364,30.0,52G9,0
19.914583333333326,61.82291666666666,95.0,81.17019168834065,1203.9843542306514,30.0,52G9,0
20.085416666666674,61.82291666666666,131.0,72.27647345376602,1204.0169506652662,30.0,52H0,0
20.256249999999994,61.82291666666666,117.0,63.40117738263675,1204.9358048451768,30.0,52H0,0
20.427083333333343,61.82291666666666,96.0,54.5533718446606,1206.7153367404214,30.0,52H0,0
20.597916666666663,61.82291666666666,65.0,45.74908838862559,1209.3087118990006,30.0,52H0,0
20.76875000000001,61.82291666666666,56.0,37.01947494127458,1212.653521682514,30.0,52H0,0
20.93958333333333,61.82291666666666,45.0,28.433478231459905,1216.678282652907,30.0,52H0,0
21.11041666666665,61.82291666666666,24.0,20.17539223188535,1221.3084319695686,30.0,52H1,0
21.28125,61.82291666666666,15.0,12.891687325820332,1225.1361834312609,30.0,52H1,0
21.45208333333332,61.82291666666666,1.0,8.97231479392345,1229.4808681521695,30.0,52H1,3
17.352083333333326,61.90625,10.0,8.947944324032411,1225.5732473258217,30.0,52G7,3
17.522916666666674,61.90625,43.0,12.874754419672305,1221.7553737085257,30.0,52G7,0
17.693749999999994,61.90625,73.0,20.13209504520936,1218.571533167473,30.0,52G7,0
17.864583333333343,61.90625,81.0,28.364343648860025,1216.0795065783234,30.0,52G7,0
18.035416666666663,61.90625,73.0,36.925069482104,1214.3294748375517,30.0,52G8,0
18.20625000000001,61.90625,78.0,45.629723621943214,1213.359589232967,30.0,52G8,0
18.37708333333333,61.90625,82.0,54.4092251334474,1213.1921150964051,30.0,52G8,0
18.54791666666665,61.90625,68.0,63.23235706745204,1213.1981268157035,30.0,52G8,0
18.71875,61.90625,46.0,71.56031001496208,1213.2046190744757,30.0,52G8,0
18.88958333333332,61.90625,39.0,79.30556475386066,1213.2115917809465,30.0,52G8,0
19.06041666666667,61.90625,34.0,87.27094320784248,1213.2190448365764,30.0,52G9,0
19.23124999999999,61.90625,54.0,95.40127642151737,1213.2269781360662,30.0,52G9,0
19.402083333333337,61.90625,49.0,103.62944233852207,1213.2353915673666,30.0,52G9,0
19.572916666666657,61.90625,68.0,96.89832045505071,1213.2442850116836,30.0,52G9,0
19.743750000000006,61.90625,75.0,88.15693365593503,1213.2536583434896,30.0,52G9,0
19.914583333333326,61.90625,98.0,79.45572531589359,1213.2442850116836,30.0,52G9,0
20.085416666666674,61.90625,137.0,70.80957996819625,1213.2738441338342,30.0,52H0,0
20.256249999999994,61.90625,129.0,62.24152106271675,1214.1078233503463,30.0,52H0,0
20.427083333333343,61.90625,91.0,53.687124260360015,1215.7269643787813,30.0,52H0,0
20.597916666666663,61.90625,88.0,44.73941208692037,1218.0955840012364,30.0,52H0,0
20.76875000000001,61.90625,61.0,35.79162252966286,1221.1652466087062,30.0,52H0,0
20.93958333333333,61.90625,47.0,26.84377106555927,1224.879155802964,30.0,52H0,0
21.11041666666665,61.90625,30.0,17.895873171439895,1229.1764603146994,30.0,52H1,0
21.28125,61.90625,11.0,8.947944324032411,1235.2116873258212,30.0,52H1,3
17.522916666666674,61.98958333333334,10.0,8.923554925707109,1230.3364618107144,30.0,52G7,3
17.693749999999994,61.98958333333334,56.0,17.847094393027927,1227.3961170717184,30.0,52G7,0
17.864583333333343,61.98958333333334,66.0,26.7706029435473,1225.1036427565232,30.0,52G7,0
18.035416666666663,61.98958333333334,76.0,35.69406511877592,1223.4987390227816,30.0,52G8,0
18.20625000000001,61.98958333333334,80.0,44.28249824377457,1222.6111348721834,30.0,52G8,0
18.37708333333333,61.98958333333334,90.0,51.50191662459224,1222.4580053685086,30.0,52G8,0
18.54791666666665,61.98958333333334,74.0,59.176806579114725,1222.4635014636854,30.0,52G8,0
18.71875,61.98958333333334,48.0,67.15113411949379,1222.4694369414485,30.0,52G8,0
18.88958333333332,61.98958333333334,44.0,75.32981845875672,1222.4758117314639,30.0,52G8,0
19.06041666666667,61.98958333333334,64.0,83.61791763647538,1222.4826257582072,30.0,52G9,0
19.23124999999999,61.98958333333334,74.0,91.12650449522489,1222.489878940971,30.0,52G9,0
19.402083333333337,61.98958333333334,54.0,98.85929537185405,1222.4975711938666,30.0,52G9,0
19.572916666666657,61.98958333333334,55.0,95.4299923047233,1222.505702425831,30.0,52G9,0
19.743750000000006,61.98958333333334,88.0,86.56589933623083,1222.5142725406329,30.0,52G9,0
19.914583333333326,61.98958333333334,103.0,77.71228446157582,1222.505702425831,30.0,52G9,0
20.085416666666674,61.98958333333334,139.0,68.87326188895439,1222.5327290080058,30.0,52H0,0
20.256249999999994,61.98958333333334,120.0,60.05534992339217,1223.295773434136,30.0,52H0,0
20.427083333333343,61.98958333333334,108.0,51.26951915168558,1224.7799975452992,30.0,52H0,0
20.597916666666663,61.98958333333334,85.0,42.5357332716708,1226.9576542206191,30.0,52H0,0
20.76875000000001,61.98958333333334,66.0,33.8943323973141,1229.7905350271744,30.0,52H0,0
20.93958333333333,61.98958333333334,43.0,25.439726124224283,1233.2329985980903,30.0,52H0,0
21.11041666666665,61.98958333333334,32.0,17.445737976905153,1240.857723761852,30.0,52H1,0
21.28125,61.98958333333334,1.0,8.923554925705615,1242.9042721284438,30.0,52H1,3
17.54374999999999,62.07291666666666,67.0,9.11619887770706,1240.8896380170202,30.0,53G7,3
17.71875,62.07291666666666,37.0,18.232381157952464,1240.9036629261898,30.0,53G7,0
17.89375000000001,62.07291666666666,73.0,25.96616613354971,1240.9202241847802,30.0,53G7,0
18.068749999999994,62.07291666666666,79.0,32.97700334816711,1232.4708940607345,30.0,53G8,0
18.243750000000006,62.07291666666666,86.0,40.816857824196454,1231.776154084654,30.0,53G8,0
18.41874999999999,62.07291666666666,88.0,49.09009026609676,1231.7607778386155,30.0,53G8,0
18.59375,62.07291666666666,80.0,57.61024703531772,1231.7470184816293,30.0,53G8,0
18.76875000000001,62.07291666666666,68.0,65.82886337372327,1231.7348765676356,30.0,53G8,0
18.943749999999994,62.07291666666666,68.0,73.49749078899755,1231.7243525856693,30.0,53G8,0
19.118750000000006,62.07291666666666,86.0,81.45353100801499,1231.7154469597579,30.0,53G9,0
19.29374999999999,62.07291666666666,67.0,89.62042139518378,1231.7081600488405,30.0,53G9,0
19.46875,62.07291666666666,55.0,97.08688708393099,1231.7024921466916,30.0,53G9,0
19.64375000000001,62.07291666666666,83.0,91.15925016579662,1231.6984434818648,30.0,53G9,0
19.818749999999994,62.07291666666666,94.0,82.0437981863742,1231.6960142176456,30.0,53G9,0
19.993750000000006,62.07291666666666,147.0,72.92819682525732,1231.6952044520178,30.0,53G9,0
20.16874999999999,62.07291666666666,137.0,63.812462681269466,1232.0517844681947,30.0,53H0,0
20.34375,62.07291666666666,111.0,54.69661235292653,1233.1152645418658,30.0,53H0,0
20.51875000000001,62.07291666666666,92.0,45.58066243848494,1241.3133626656802,30.0,53H0,0
20.693749999999994,62.07291666666666,69.0,36.464629535974986,1241.2671668094429,30.0,53H0,0
20.868750000000006,62.07291666666666,54.0,27.348530243233864,1241.5796055241879,30.0,53H0,0
21.04374999999999,62.07291666666666,20.0,18.232381157953956,1245.7718928784573,30.0,53H1,0
21.21875,62.07291666666666,10.0,9.116198877708552,1250.6980847274838,30.0,53H1,3
17.54374999999999,62.15625,17.0,9.091175994546711,1250.1478136109872,30.0,53G7,3
17.71875,62.15625,37.0,12.974345776171882,1250.1571487885406,30.0,53G7,0
17.89375000000001,62.15625,54.0,20.386235305763904,1250.1681772365325,30.0,53G7,0
18.068749999999994,62.15625,70.0,28.769859584889588,1250.180896944127,30.0,53G8,0
18.243750000000006,62.15625,81.0,37.478651682417954,1250.1953055960687,30.0,53G8,0
18.41874999999999,62.15625,80.0,45.658010546335944,1250.2114005747808,30.0,53G8,0
18.59375,62.15625,86.0,53.125625032995266,1250.2291789627275,30.0,53G8,0
18.76875000000001,62.15625,84.0,61.023992215433765,1250.2486375450385,30.0,53G8,0
18.943749999999994,62.15625,87.0,69.2057375358377,1250.269772812389,30.0,53G8,0
19.118750000000006,62.15625,80.0,77.58120707471961,1250.2925809641288,30.0,53G9,0
19.29374999999999,62.15625,60.0,84.11612697315373,1250.3170579116559,30.0,53G9,0
19.46875,62.15625,64.0,91.07507032087118,1250.3431992820258,30.0,53G9,0
19.64375000000001,62.15625,95.0,89.4151219315968,1250.3710004217903,30.0,53G9,0
19.818749999999994,62.15625,112.0,81.27506257364092,1250.4004564010554,30.0,53G9,0
19.993750000000006,62.15625,139.0,72.72801544525043,1250.4315620177576,30.0,53G9,0
20.16874999999999,62.15625,133.0,63.637303622644794,1250.464311802139,30.0,53H0,0
20.34375,62.15625,114.0,54.546475756139984,1250.4643118021393,30.0,53H0,0
20.51875000000001,62.15625,89.0,45.455548423921265,1250.4315620177574,30.0,53H0,0
20.693749999999994,62.15625,64.0,36.364538203950524,1250.4004564010556,30.0,53H0,0
20.868750000000006,62.15625,57.0,27.273461673998938,1250.6116341189552,30.0,53H0,0
21.04374999999999,62.15625,38.0,18.182335411694666,1253.6087240878605,30.0,53H1,0
21.21875,62.15625,9.0,9.091175994548196,1258.7097487491003,30.0,53H1,3
17.71875,62.23958333333334,57.0,9.066133879960715,1259.4183123108546,30.0,53G7,3
17.89375000000001,62.23958333333334,70.0,18.132251202807023,1259.4265655769248,30.0,53G7,0
18.068749999999994,62.23958333333334,67.0,25.896096879269166,1259.4360862956864,30.0,53G8,0
18.243750000000006,62.23958333333334,85.0,32.852798664717625,1259.4468734920342,30.0,53G8,0
18.41874999999999,62.23958333333334,79.0,40.63840743716593,1259.458926062358,30.0,53G8,0
18.59375,62.23958333333334,89.0,48.858213067529945,1259.4722427751067,30.0,53G8,0
18.76875000000001,62.23958333333334,91.0,57.325696447775165,1259.4868222714156,30.0,53G8,0
18.943749999999994,62.23958333333334,91.0,64.60811393289971,1259.5026630657937,30.0,53G8,0
19.118750000000006,62.23958333333334,81.0,71.17450845949269,1259.5197635468792,30.0,53G9,0
19.29374999999999,62.23958333333334,85.0,78.22727767223941,1259.538121978249,30.0,53G9,0
19.46875,62.23958333333334,73.0,85.64630529998641,1259.5577364992964,30.0,53G9,0
19.64375000000001,62.23958333333334,124.0,85.88031466050856,1259.5786051261628,30.0,53G9,0
19.818749999999994,62.23958333333334,114.0,77.39399832252899,1259.6007257527297,30.0,53G9,0
19.993750000000006,62.23958333333334,114.0,69.04506572394631,1259.6240961516698,30.0,53G9,0
20.16874999999999,62.23958333333334,119.0,60.890128689743435,1259.6487139755502,30.0,53H0,0
20.34375,62.23958333333334,112.0,53.018852760726034,1259.6487139755504,30.0,53H0,0
20.51875000000001,62.23958333333334,79.0,45.33033825674001,1259.6240961516696,30.0,53H0,0
20.693749999999994,62.23958333333334,65.0,36.2643699484766,1259.6007257527297,30.0,53H0,0
20.868750000000006,62.23958333333334,53.0,27.19833541138624,1259.7596084346396,30.0,53H0,0
21.04374999999999,62.23958333333334,34.0,18.132251202807023,1262.0667047571114,30.0,53H1,0
21.21875,62.23958333333334,8.0,9.066133879960715,1266.1843362391992,30.0,53H1,3
17.54374999999999,62.32291666666666,26.0,9.041072586918668,1268.676979165011,30.0,53G7,3
17.71875,62.32291666666666,93.0,9.268861880925863,1268.682552762644,30.0,53G7,3
17.89375000000001,62.32291666666666,67.0,12.939322584463529,1268.689138877874,30.0,53G7,0
18.068749999999994,62.32291666666666,75.0,20.297001681176642,1268.6967370793004,30.0,53G8,0
18.243750000000006,62.32291666666666,80.0,28.627550279055097,1268.7053468695342,30.0,53G8,0
18.41874999999999,62.32291666666666,73.0,37.28442245762604,1268.71496768536,30.0,53G8,0
18.59375,62.32291666666666,86.0,45.49903156081447,1268.725598897921,30.0,53G8,0
18.76875000000001,62.32291666666666,86.0,51.65182828911397,1268.737239812921,30.0,53G8,0
18.943749999999994,62.32291666666666,106.0,58.2700109933912,1268.7498896708537,30.0,53G8,0
19.118750000000006,62.32291666666666,84.0,65.45631344137072,1268.7635476472474,30.0,53G9,0
19.29374999999999,62.32291666666666,94.0,73.04320094948204,1268.7782128529338,30.0,53G9,0
19.46875,62.32291666666666,121.0,80.91802751227374,1268.7938843343343,30.0,53G9,0
19.64375000000001,62.32291666666666,108.0,83.2322487445804,1268.8105610737691,30.0,53G9,0
19.818749999999994,62.32291666666666,112.0,74.47041333622342,1268.8282419897848,30.0,53G9,0
19.993750000000006,62.32291666666666,133.0,65.7770053295723,1268.8469259375038,30.0,53G9,0
20.16874999999999,62.32291666666666,117.0,57.18331984327749,1268.866611708988,30.0,53H0,0
20.34375,62.32291666666666,113.0,48.74221086509872,1268.866611708988,30.0,53H0,0
20.51875000000001,62.32291666666666,85.0,40.54915704548964,1268.8469259375036,30.0,53H0,0
20.693749999999994,62.32291666666666,65.0,32.79070722221282,1268.828241989785,30.0,53H0,0
20.868750000000006,62.32291666666666,31.0,25.86109662157676,1268.9553466889838,30.0,53H0,0
21.04374999999999,62.32291666666666,16.0,18.082128637238974,1270.8219600798643,30.0,53H1,0
21.21875,62.32291666666666,5.0,9.041072586920148,1274.2407953622173,30.0,53H1,3
17.54374999999999,62.40625,1.0,9.015992168439606,1277.9437006136604,30.0,53G7,3
17.89375000000001,62.40625,80.0,9.01599216844108,1277.9538068936565,30.0,53G7,3
18.068749999999994,62.40625,96.0,18.03196782101808,1277.9601223863933,30.0,53G8,0
18.243750000000006,62.40625,55.0,25.826119796948266,1277.9672790782722,30.0,53G8,0
18.41874999999999,62.40625,56.0,32.72862380385124,1277.975276644756,30.0,53G8,0
18.59375,62.40625,67.0,38.71283183423225,1277.984114723372,30.0,53G8,0
18.76875000000001,62.40625,105.0,45.41957533731988,1277.9937929137957,30.0,53G8,0
18.943749999999994,62.40625,107.0,52.805309954508324,1278.0043107779418,30.0,53G8,0
19.118750000000006,62.40625,98.0,60.622329445261705,1278.0156678400613,30.0,53G9,0
19.29374999999999,62.40625,116.0,68.72357321775554,1278.0278635868497,30.0,53G9,0
19.46875,62.40625,90.0,77.01935554666069,1278.0408974675627,30.0,53G9,0
19.64375000000001,62.40625,116.0,81.55734414973313,1278.0547688941401,30.0,53G9,0
19.818749999999994,62.40625,120.0,72.6200403107979,1278.069477241337,30.0,53G9,0
19.993750000000006,62.40625,101.0,63.70106573010027,1278.085021846865,30.0,53G9,0
20.16874999999999,62.40625,110.0,54.80945048243376,1278.1014020115388,30.0,53H0,0
20.34375,62.40625,80.0,45.96116015994731,1278.1014020115388,30.0,53H0,0
20.51875000000001,62.40625,71.0,37.18722168867862,1278.0850218468647,30.0,53H0,0
20.693749999999994,62.40625,49.0,28.556345231395504,1278.069477241337,30.0,53H0,0
20.868750000000006,62.40625,37.0,20.25237251135342,1278.1752629956095,30.0,53H0,0
21.04374999999999,62.40625,8.0,12.921828319385096,1279.73866449739,30.0,53H1,0
21.21875,62.40625,3.0,9.01599216844108,1282.6464519596202,30.0,53H1,3
17.368750000000006,62.48958333333334,9.0,8.990892677577113,1287.6930645097136,30.0,53G7,3
17.71875,62.48958333333334,55.0,8.990892677578584,1287.214993177682,30.0,53G7,3
17.89375000000001,62.48958333333334,102.0,9.268861880921618,1287.2196725456276,30.0,53G7,3
18.068749999999994,62.48958333333334,49.0,12.904345868690198,1287.2250713970748,30.0,53G8,0
18.243750000000006,62.48958333333334,21.0,20.20773553583192,1287.231189552477,30.0,53G8,0
18.41874999999999,62.48958333333334,49.0,25.791166797288135,1287.2380268084382,30.0,53G8,0
18.59375,62.48958333333334,65.0,32.66654898220856,1287.2455829377461,30.0,53G8,0
18.76875000000001,62.48958333333334,109.0,40.370609105519975,1287.2538576894112,30.0,53G8,0
18.943749999999994,62.48958333333334,112.0,48.51008266998678,1287.2628507887077,30.0,53G8,0
19.118750000000006,62.48958333333334,113.0,56.8983675387936,1287.2725619372181,30.0,53G9,0
19.29374999999999,62.48958333333334,152.0,65.2080308965154,1287.2829908128854,30.0,53G9,0
19.46875,62.48958333333334,99.0,72.74031025697307,1287.2941370700628,30.0,53G9,0
19.64375000000001,62.48958333333334,128.0,80.56087020799785,1287.306000339573,30.0,53G9,0
19.818749999999994,62.48958333333334,119.0,71.92575584023557,1287.3185802287687,30.0,53G9,0
19.993750000000006,62.48958333333334,119.0,62.93532502427334,1287.3318763215973,30.0,53G9,0
20.16874999999999,62.48958333333334,79.0,53.94477874204121,1287.345888178669,30.0,53H0,0
20.34375,62.48958333333334,65.0,44.954133489178034,1287.3458881786692,30.0,53H0,0
20.51875000000001,62.48958333333334,53.0,35.96340576111473,1287.3318763215973,30.0,53H0,0
20.693749999999994,62.48958333333334,38.0,26.972612053105177,1287.318580228769,30.0,53H0,0
20.868750000000006,62.48958333333334,32.0,17.981768860257272,1287.4090836489468,30.0,53H0,0
21.04374999999999,62.48958333333334,15.0,8.990892677578584,1288.7518390703679,30.0,53H1,3
18.068749999999994,62.57291666666666,96.0,8.965774167426606,1296.4909981312207,30.0,54G8,3
18.243750000000006,62.57291666666666,61.0,12.886875428703554,1296.4963370969058,30.0,54G8,0
18.41874999999999,62.57291666666666,52.0,20.163091081729398,1296.5023037214082,30.0,54G8,0
18.59375,62.57291666666666,91.0,28.413836115081807,1296.508897853266,30.0,54G8,0
18.76875000000001,62.57291666666666,122.0,36.99264971315974,1296.5161193251438,30.0,54G8,0
18.943749999999994,62.57291666666666,206.0,45.26073338920576,1296.5239679538545,30.0,54G8,0
19.118750000000006,62.57291666666666,194.0,52.591775546018475,1296.5324435403838,30.0,54G9,0
19.29374999999999,62.57291666666666,111.0,60.35444047491113,1296.541545869914,30.0,54G9,0
19.46875,62.57291666666666,130.0,68.40188899549615,1296.5512747118512,30.0,54G9,0
19.64375000000001,62.57291666666666,117.0,76.52795359648603,1296.5616298198552,30.0,54G9,0
19.818749999999994,62.57291666666666,100.0,71.7248095390655,1296.5726109318693,30.0,54G9,0
19.993750000000006,62.57291666666666,81.0,62.75949663988991,1296.5842177701559,30.0,54G9,0
20.16874999999999,62.57291666666666,79.0,53.794068422796585,1296.5964500413281,30.0,54H0,0
20.34375,62.57291666666666,56.0,44.82854136222528,1296.5964500413284,30.0,54H0,0
20.51875000000001,62.57291666666666,38.0,35.86293193241053,1296.5842177701559,30.0,54H0,0
20.693749999999994,62.57291666666666,37.0,26.897256607412142,1296.5726109318693,30.0,54H0,0
20.868750000000006,62.57291666666666,19.0,17.931531861145764,1296.6516270416118,30.0,54H0,0
21.04374999999999,62.57291666666666,2.0,8.965774167428071,1297.826945113726,30.0,54H1,3
18.243750000000006,62.65625,108.0,8.940636691125158,1305.7623096324924,30.0,54G8,3
18.41874999999999,62.65625,104.0,17.88125692995462,1305.767598890249,30.0,54G8,0
18.59375,62.65625,105.0,25.721333847743683,1305.773444521879,30.0,54G8,0
18.76875000000001,62.65625,124.0,32.54242743575434,1305.7798464104505,30.0,54G8,0
18.943749999999994,62.65625,199.0,40.19200265861104,1305.7868044279428,30.0,54G8,0
19.118750000000006,62.65625,188.0,48.27779402792375,1305.7943184352584,30.0,54G9,0
19.29374999999999,62.65625,146.0,56.613154526262,1305.802388282237,30.0,54G9,0
19.46875,62.65625,148.0,63.99347005348432,1305.8110138076702,30.0,54G9,0
19.64375000000001,62.65625,127.0,68.81169548713483,1305.8201948393194,30.0,54G9,0
19.818749999999994,62.65625,125.0,71.52371152759001,1305.8299311939295,30.0,54G9,0
19.993750000000006,62.65625,128.0,62.58353550504893,1305.840222677251,30.0,54G9,0
20.16874999999999,62.65625,76.0,53.64324431451837,1305.8510690840558,30.0,54H0,0
20.34375,62.65625,53.0,44.70285440901386,1305.8510690840558,30.0,54H0,0
20.51875000000001,62.65625,32.0,35.7623822413484,1305.8402226772507,30.0,54H0,0
20.693749999999994,62.65625,25.0,26.821844264162575,1305.8299311939297,30.0,54H0,0
20.868750000000006,62.65625,14.0,17.88125692995462,1305.8999994585454,30.0,54H0,0
21.04374999999999,62.65625,4.0,8.940636691125158,1306.9440603319717,30.0,54H1,3
18.243750000000006,62.73958333333334,75.0,8.915480301845612,1315.0288597933866,30.0,54G8,3
18.41874999999999,62.73958333333334,95.0,12.851971369720316,1315.0336070385483,30.0,54G8,0
18.59375,62.73958333333334,113.0,20.073781056832818,1315.0388537108686,30.0,54G8,0
18.76875000000001,62.73958333333334,93.0,28.271197354570095,1315.0445997255483,30.0,54G8,0
18.943749999999994,62.73958333333334,193.0,36.79785301158867,1315.0508449897388,30.0,54G8,0
19.118750000000006,62.73958333333334,180.0,45.10199076858316,1315.057589402551,30.0,54G9,0
19.29374999999999,62.73958333333334,171.0,51.63279638481183,1315.0648328550624,30.0,54G9,0
19.46875,62.73958333333334,152.0,56.10089327060455,1315.0725752303263,30.0,54G9,0
19.64375000000001,62.73958333333334,108.0,61.52554359237687,1315.0808164033817,30.0,54G9,0
19.818749999999994,62.73958333333334,96.0,67.6770847979967,1315.089556241262,30.0,54G9,0
19.993750000000006,62.73958333333334,88.0,62.40744199197181,1315.0987946030075,30.0,54G9,0
20.16874999999999,62.73958333333334,71.0,53.49230673625558,1315.1085313396752,30.0,54H0,0
20.34375,62.73958333333334,60.0,44.57707289541941,1315.1085313396752,30.0,54H0,0
20.51875000000001,62.73958333333334,40.0,35.66175690062982,1315.0987946030075,30.0,54H0,0
20.693749999999994,62.73958333333334,19.0,26.746375182883142,1315.0895562412622,30.0,54H0,0
20.868750000000006,62.73958333333334,7.0,17.830944173035217,1315.1524587780052,30.0,54H0,0
21.04374999999999,62.73958333333334,3.0,8.915480301845612,1316.0909321818458,30.0,54H1,3
17.89375000000001,62.82291666666666,62.0,8.89030505280521,1324.2885813530916,30.0,54G7,3
18.068749999999994,62.82291666666666,34.0,8.89030505280521,1324.291979273553,30.0,54G8,3
18.41874999999999,62.82291666666666,95.0,8.890305052803756,1324.300133820591,30.0,54G8,3
18.59375,62.82291666666666,121.0,17.780593696818947,1324.3048903384945,30.0,54G8,0
18.76875000000001,62.82291666666666,127.0,25.651600937344703,1324.3100996034977,30.0,54G8,0
18.943749999999994,62.82291666666666,194.0,32.418347229444755,1324.3157615462092,30.0,54G8,0
19.118750000000006,62.82291666666666,174.0,39.592286483223,1324.3218760912232,30.0,54G9,0
19.29374999999999,62.82291666666666,154.0,43.48878797238389,1324.3284431571258,30.0,54G9,0
19.46875,62.82291666666666,141.0,48.695774493597824,1324.3354626564985,30.0,54G9,0
19.64375000000001,62.82291666666666,107.0,54.84119726316537,1324.3429344959259,30.0,54G9,0
19.818749999999994,62.82291666666666,83.0,61.64499459702516,1324.3508585760007,30.0,54G9,0
19.993750000000006,62.82291666666666,92.0,57.75631895145111,1324.3592347913311,30.0,54G9,0
20.16874999999999,62.82291666666666,63.0,52.964371390974414,1324.3680630305469,30.0,54H0,0
20.34375,62.82291666666666,56.0,45.34558311141056,1324.3680630305469,30.0,54H0,0
20.51875000000001,62.82291666666666,50.0,36.700371342782105,1324.3592347913311,30.0,54H0,0
20.693749999999994,62.82291666666666,23.0,28.19983026012369,1324.350858576001,30.0,54H0,0
20.868750000000006,62.82291666666666,7.0,20.029116150955833,1324.4078937900597,30.0,54H0,0
21.04374999999999,62.82291666666666,3.0,12.834538147018353,1325.2596287439933,30.0,54H1,0
21.21875,62.82291666666666,1.0,8.89030505280521,1326.8866397349384,30.0,54H1,3
17.89375000000001,62.90625,47.0,8.86511099725814,1333.5564895141417,30.0,54G7,3
18.41874999999999,62.90625,16.0,8.86511099725814,1333.5670496348166,30.0,54G8,3
18.59375,62.90625,71.0,12.8171177275809,1333.571397628343,30.0,54G8,0
18.76875000000001,62.90625,131.0,19.984445096359522,1333.5761595214494,30.0,54G8,0
18.943749999999994,62.90625,235.0,28.128431842071866,1333.5813352609723,30.0,54G8,0
19.118750000000006,62.90625,188.0,31.07441461389661,1333.5869247891383,30.0,54G9,0
19.29374999999999,62.90625,144.0,35.894659447338874,1333.592928043567,30.0,54G9,0
19.46875,62.90625,143.0,42.03651856196961,1333.5993449572752,30.0,54G9,0
19.64375000000001,62.90625,128.0,49.00553687687494,1333.6061754586794,30.0,54G9,0
19.818749999999994,62.90625,106.0,56.496399269887625,1333.6134194716008,30.0,54G9,0
19.993750000000006,62.90625,68.0,50.588692070655426,1333.6210769152697,30.0,54G9,0
20.16874999999999,62.90625,58.0,45.057222205126685,1333.629147704329,30.0,54H0,0
20.34375,62.90625,72.0,40.69984128890798,1333.629147704329,30.0,54H0,0
20.51875000000001,62.90625,62.0,35.46028012182858,1333.6210769152694,30.0,54H0,0
20.693749999999994,62.90625,26.0,26.59526744494096,1333.6134194716008,30.0,54H0,0
20.868750000000006,62.90625,10.0,17.73020560781692,1333.6655624470632,30.0,54H0,0
21.04374999999999,62.90625,3.0,8.865110997259592,1334.44479617891,30.0,54H1,3
21.39375000000001,62.90625,2.0,8.86511099725814,1338.112118270607,30.0,54H1,3
17.71875,62.98958333333334,3.0,8.83989818850421,1342.8220665023061,30.0,54G7,3
18.59375,62.98958333333334,84.0,8.83989818850421,1342.838267014471,30.0,54G8,3
18.76875000000001,62.98958333333334,132.0,17.38844972239558,1342.8426503079593,30.0,54G8,0
18.943749999999994,62.98958333333334,159.0,19.209838007411182,1342.8474145765183,30.0,54G8,0
19.118750000000006,62.98958333333334,125.0,23.141146694184865,1342.8525597749526,30.0,54G9,0
19.29374999999999,62.98958333333334,154.0,29.281416549076383,1342.8580858544603,30.0,54G9,0
19.46875,62.98958333333334,134.0,36.53329363206768,1342.8639927626366,30.0,54G9,0
19.64375000000001,62.98958333333334,119.0,44.3548159318856,1342.8702804434752,30.0,54G9,0
19.818749999999994,62.98958333333334,108.0,51.35131624856785,1342.8769488373728,30.0,54G9,0
19.993750000000006,62.98958333333334,94.0,44.20928750354044,1342.883997881129,30.0,54G9,0
20.16874999999999,62.98958333333334,92.0,37.774390742851374,1342.8914275079528,30.0,54H0,0
20.34375,62.98958333333334,55.0,32.469864165194096,1342.891427507953,30.0,54H0,0
20.51875000000001,62.98958333333334,77.0,28.924493350410465,1342.883997881129,30.0,54H0,0
20.693749999999994,62.98958333333334,35.0,27.819218561386123,1342.8769488373728,30.0,54H0,0
20.868750000000006,62.98958333333334,2.0,19.98444509635824,1342.9249503845324,30.0,54H0,0
21.04374999999999,62.98958333333334,14.0,12.8171177275809,1343.6426935856548,30.0,54H1,0
21.21875,62.98958333333334,4.0,9.268861880925863,1351.9777237618518,30.0,54H1,3
21.39375000000001,62.98958333333334,3.0,8.839898188502763,1353.9883990771577,30.0,54H1,3
18.660416666666663,63.07291666666666,28.0,9.234412434032043,1361.4503366026283,30.0,55G8,3
18.84375,63.07291666666666,127.0,9.268861880924447,1361.504209295172,30.0,55G8,3
19.027083333333337,63.07291666666666,136.0,13.074476274613305,1361.5642978295919,30.0,55G9,0
19.210416666666674,63.07291666666666,173.0,20.64053354837993,1361.5642978295916,30.0,55G9,0
19.39375000000001,63.07291666666666,151.0,29.174968874314132,1361.504209295172,30.0,55G9,0
19.57708333333332,63.07291666666666,138.0,38.031303133645416,1361.4503366026283,30.0,55G9,0
19.760416666666657,63.07291666666666,117.0,46.10697247230575,1361.4027156790287,30.0,55G9,0
19.943749999999994,63.07291666666666,108.0,41.233549759579816,1361.3613785130485,30.0,55G9,0
20.12708333333333,63.07291666666666,85.0,33.267325465695045,1361.3263530494664,30.0,55H0,0
20.31041666666667,63.07291666666666,82.0,26.13024248741691,1361.297663096008,30.0,55H0,0
20.493750000000006,63.07291666666666,79.0,20.698622359591536,1361.2753282432477,30.0,55H0,0
20.677083333333343,63.07291666666666,35.0,18.537723761850312,1361.259363798195,30.0,55H0,0
20.86041666666665,63.07291666666666,14.0,20.698622359590967,1361.2497807320835,30.0,55H0,0
21.04374999999999,63.07291666666666,12.0,18.468806078730797,1361.2465856427748,30.0,55H1,0
21.227083333333326,63.07291666666666,16.0,9.234412434032043,1361.2497807320835,30.0,55H1,3
21.410416666666663,63.07291666666666,-0.0,0.0,1362.888413250508,30.0,55H1,3
21.59375,63.07291666666666,3.0,9.234412434032205,1367.1007513786474,30.0,55H1,5
18.660416666666663,63.15625,38.0,9.207959890950034,1370.668067511104,30.0,55G8,3
19.027083333333337,63.15625,75.0,9.207959890950034,1370.7536419165792,30.0,55G9,3
19.210416666666674,63.15625,155.0,18.415901018738023,1370.753641916579,30.0,55G9,0
19.39375000000001,63.15625,190.0,26.092955931303383,1370.7085021338528,30.0,55G9,0
19.57708333333332,63.15625,142.0,33.201411152084816,1370.6680675111043,30.0,55G9,0
19.760416666666657,63.15625,97.0,39.111341710655104,1370.6323533950228,30.0,55G9,0
19.943749999999994,63.15625,98.0,37.92865457797735,1370.6013733962084,30.0,55G9,0
20.12708333333333,63.15625,66.0,29.099705833290766,1370.575139363499,30.0,55H0,0
20.31041666666667,63.15625,79.0,20.59325905134566,1370.5536613614877,30.0,55H0,0
20.493750000000006,63.15625,67.0,13.05582637810675,1370.536947651327,30.0,55H0,0
20.677083333333343,63.15625,32.0,9.268861880925863,1370.5250046749036,30.0,55H0,3
20.86041666666665,63.15625,39.0,13.055826378105852,1370.5178370424583,30.0,55H0,0
21.04374999999999,63.15625,15.0,13.055826378106863,1370.5154475236993,30.0,55H1,0
21.227083333333326,63.15625,13.0,9.268861880925863,1370.5178370424583,30.0,55H1,3
21.410416666666663,63.15625,8.0,9.207959890950034,1371.7586978034938,30.0,55H1,3
18.660416666666663,63.23958333333334,3.0,9.181487869400925,1379.9061451982964,30.0,55G8,3
18.84375,63.23958333333334,19.0,9.268861880923033,1379.9384541667887,30.0,55G8,3
19.027083333333337,63.23958333333334,4.0,9.268861880923033,1379.97453764259,30.0,55G9,3
19.210416666666674,63.23958333333334,38.0,13.037189836278044,1379.97453764259,30.0,55G9,0
19.39375000000001,63.23958333333334,29.0,20.545977391294446,1379.9384541667887,30.0,55G9,0
19.57708333333332,63.23958333333334,109.0,26.055696299786657,1379.9061451982966,30.0,55G9,0
19.760416666666657,63.23958333333334,116.0,33.13550776095213,1379.8776186159962,30.0,55G9,0
19.943749999999994,63.23958333333334,90.0,36.725764110032294,1379.8528813946316,30.0,55G9,0
20.12708333333333,63.23958333333334,71.0,27.54438866122961,1379.8319395963351,30.0,55H0,0
20.31041666666667,63.23958333333334,73.0,18.362957002068566,1379.8147983632384,30.0,55H0,0
20.493750000000006,63.23958333333334,45.0,9.181487869400925,1379.801461911181,30.0,55H0,3
20.86041666666665,63.23958333333334,21.0,9.181487869399652,1379.7862155521925,30.0,55H0,3
21.04374999999999,63.23958333333334,16.0,9.181487869401085,1379.784309404625,30.0,55H1,3
21.227083333333326,63.23958333333334,-0.0,0.0,1379.7862155521925,30.0,55H1,3
19.210416666666674,63.32291666666666,19.0,9.154996425383738,1389.2113375310273,30.0,55G9,3
19.39375000000001,63.32291666666666,31.0,13.018566864519968,1389.1813204827672,30.0,55G9,0
19.57708333333332,63.32291666666666,83.0,20.498688920123225,1389.1544494141829,30.0,55G9,0
19.760416666666657,63.32291666666666,58.0,26.018464024491553,1389.1307288795815,30.0,55G9,0
19.943749999999994,63.32291666666666,52.0,29.26246365783892,1389.1101629066018,30.0,55G9,0
20.12708333333333,63.32291666666666,67.0,29.024409469476982,1389.0927549928092,30.0,55H0,0
20.31041666666667,63.32291666666666,104.0,20.545977391294446,1389.0785081027318,30.0,55H0,0
20.493750000000006,63.32291666666666,68.0,13.037189836277932,1389.0674246653455,30.0,55H0,0
20.677083333333343,63.32291666666666,33.0,9.268861880923033,1389.0595065720029,30.0,55H0,3
20.86041666666665,63.32291666666666,11.0,13.03718983627704,1389.0547551748257,30.0,55H0,0
21.04374999999999,63.32291666666666,9.0,9.154996425383738,1389.0531712855482,30.0,55H1,3
21.227083333333326,63.32291666666666,-0.0,0.0,1389.0547551748257,30.0,55H1,3
21.410416666666663,63.32291666666666,2.0,9.154996425383578,1389.884841397624,30.0,55H1,3
21.59375,63.32291666666666,2.0,9.268861880923033,1392.1730704692638,30.0,55H1,5
21.777083333333337,63.32291666666666,6.0,9.268861880923033,1395.7590114421516,30.0,55H1,5
21.960416666666674,63.32291666666666,9.0,9.154996425383738,1400.4345777544845,30.0,55H1,5
22.32708333333332,63.32291666666666,5.0,9.154996425382148,1412.2376320851874,30.0,55H2,5
19.39375000000001,63.40625,24.0,9.128485614937905,1398.4315914490958,30.0,55G9,3
19.57708333333332,63.40625,9.0,12.999957679061975,1398.4086130560047,30.0,55G9,0
19.760416666666657,63.40625,40.0,18.53772376184748,1398.388331251109,30.0,55G9,0
19.943749999999994,63.40625,63.0,20.651683546667563,1398.370748561674,30.0,55G9,0
20.12708333333333,63.40625,27.0,25.981259538740776,1398.3558671811895,30.0,55H0,0
20.31041666666667,63.40625,94.0,26.055696299787773,1398.3436889680086,30.0,55H0,0
20.493750000000006,63.40625,34.0,20.6751154871937,1398.3342154441848,30.0,55H0,0
20.677083333333343,63.40625,37.0,18.537723761848895,1398.3274477945265,30.0,55H0,0
20.86041666666665,63.40625,4.0,20.49868892012464,1398.3233868658547,30.0,55H0,0
21.04374999999999,63.40625,5.0,13.018566864520078,1398.322033166474,30.0,55H1,0
21.227083333333326,63.40625,9.0,9.268861880925863,1398.3233868658547,30.0,55H1,3
21.410416666666663,63.40625,14.0,13.018566864519968,1399.0342381697164,30.0,55H1,0
21.59375,63.40625,21.0,18.537723761848895,1401.0077107782458,30.0,55H1,5
21.777083333333337,63.40625,4.0,18.537723761848895,1404.138133829478,30.0,55H1,5
21.960416666666674,63.40625,12.0,13.018566864520078,1408.280445730161,30.0,55H1,5
22.14375000000001,63.40625,16.0,9.12848561493648,1413.2772669855879,30.0,55H2,5
19.57708333333332,63.48958333333334,11.0,9.101955494143391,1407.6664445886672,30.0,55G9,3
19.760416666666657,63.48958333333334,10.0,9.268861880923033,1407.6487445670539,30.0,55G9,3
19.943749999999994,63.48958333333334,13.0,12.981362497000715,1407.6334011320864,30.0,55G9,0
20.12708333333333,63.48958333333334,32.0,18.537723761848895,1407.6204157463287,30.0,55H0,0
20.31041666666667,63.48958333333334,22.0,20.63999600389592,1407.6097896485162,30.0,55H0,0
20.493750000000006,63.48958333333334,41.0,25.94408327757524,1407.6015238529667,30.0,55H0,0
20.677083333333343,63.48958333333334,32.0,27.806585642773346,1407.5956191490964,30.0,55H0,0
20.86041666666665,63.48958333333334,14.0,26.018464024492555,1407.5920761010434,30.0,55H0,0
21.04374999999999,63.48958333333334,27.0,20.663390084848743,1407.5908950473986,30.0,55H1,0
21.227083333333326,63.48958333333334,44.0,18.537723761850312,1407.5920761010434,30.0,55H1,0
21.410416666666663,63.48958333333334,31.0,20.663390084848672,1408.2130667363042,30.0,55H1,5
21.59375,63.48958333333334,31.0,26.018464024492438,1409.9451671599556,30.0,55H1,5
21.777083333333337,63.48958333333334,10.0,26.018464024492555,1412.715567064022,30.0,55H1,5
21.960416666666674,63.48958333333334,17.0,18.20389233238404,1416.4203156462902,30.0,55H1,5
22.14375000000001,63.48958333333334,12.0,9.101955494143391,1420.9407854629746,30.0,55H2,5
19.943749999999994,63.57291666666666,18.0,9.075406119126049,1416.8974324212622,,56G9,3
20.12708333333333,63.57291666666666,26.0,9.268861880925863,1416.8859222702126,,56H0,3
20.31041666666667,63.57291666666666,29.0,12.962781536283012,1416.876503692599,,56H0,0
20.493750000000006,63.57291666666666,36.0,20.356786194682122,1416.8691773969526,,56H0,0
20.677083333333343,63.57291666666666,25.0,27.806585642773346,1416.8639439346298,,56H0,0
20.86041666666665,63.57291666666666,23.0,29.237742354066178,1416.8608036996047,,56H0,0
21.04374999999999,63.57291666666666,30.0,29.262463657838968,1416.8597569283215,,56H1,0
21.227083333333326,63.57291666666666,36.0,27.806585642773346,1416.8608036996047,,56H1,0
21.410416666666663,63.57291666666666,38.0,29.26246365783892,1417.4116762048968,,56H1,5
21.59375,63.57291666666666,42.0,33.24977926666386,1418.9532080664806,,56H1,5
21.777083333333337,63.57291666666666,29.0,28.79832424953722,1421.4333372828135,,56H1,5
21.960416666666674,63.57291666666666,29.0,20.404092963919524,1424.7756165550034,,56H1,5
22.14375000000001,63.57291666666666,23.0,12.981362496999722,1428.8894955489554,,56H2,5
22.32708333333332,63.57291666666666,5.0,9.075406119126207,1433.6799879546927,,56H2,5
20.31041666666667,63.65625,3.0,9.048837546044076,1426.1436471638333,,56H0,3
20.493750000000006,63.65625,27.0,18.097656491353515,1426.1370725585823,,56H0,0
20.677083333333343,63.65625,27.0,18.53772376184748,1426.1323761263857,,56H0,0
20.86041666666665,63.65625,2.0,20.61667842965578,1426.129558152815,,56H0,0
21.04374999999999,63.65625,27.0,25.86981717771425,1426.1286188092474,,56H1,0
21.227083333333326,63.65625,39.0,32.80617663611011,1426.129558152815,,56H1,5
21.410416666666663,63.65625,48.0,38.17631925407262,1426.6242087887697,,56H1,5
21.59375,63.65625,39.0,40.76063544463621,1428.0116659192984,,56H1,5
21.777083333333337,63.65625,34.0,32.93786938733999,1430.2535411266902,,56H1,5
21.960416666666674,63.65625,30.0,25.944083277574247,1433.2922834853318,,56H1,5
22.14375000000001,63.65625,37.0,20.356786194680865,1437.0577853045588,,56H2,5
22.32708333333332,63.65625,23.0,12.962781536283122,1441.474051268534,,56H2,5
22.510416666666657,63.65625,6.0,9.048837546044076,1446.4647906121168,,56H2,5
20.31041666666667,63.73958333333334,1.0,9.022249831101991,1435.4111029831436,,56H0,3
20.493750000000006,63.73958333333334,7.0,9.268861880921618,1435.405143453978,,56H0,3
20.677083333333343,63.73958333333334,13.0,9.268861880921618,1435.4008864340965,,56H0,3
20.86041666666665,63.73958333333334,5.0,12.92566315494616,1435.3983321368228,,56H0,0
21.04374999999999,63.73958333333334,12.0,20.262156881792027,1435.397480690173,,56H1,5
21.227083333333326,63.73958333333334,43.0,28.57195293928147,1435.3983321368228,,56H1,5
21.410416666666663,63.73958333333334,56.0,37.208519238368304,1435.846906983544,,56H1,5
21.59375,63.73958333333334,56.0,45.432170006400604,1437.1073252522442,,56H1,5
21.777083333333337,63.73958333333334,35.0,38.88811578901987,1439.150541344138,,56H1,5
21.960416666666674,63.73958333333334,40.0,32.87201596999141,1441.932321304242,,56H1,5
22.14375000000001,63.73958333333334,32.0,25.906935677744222,1445.3976042491179,,56H2,5
22.32708333333332,63.73958333333334,35.0,20.262156881793274,1449.4851481625217,,56H2,5
22.510416666666657,63.73958333333334,17.0,12.92566315494703,1454.1317145322305,,56H2,5
22.693749999999994,63.73958333333334,3.0,9.022249831102148,1464.8694740459557,,56H2,5
20.86041666666665,63.82291666666666,18.0,8.995643030542132,1444.6671207690058,,56H0,5
21.04374999999999,63.82291666666666,21.0,17.99126751654479,1444.6663425710947,,56H1,5
21.227083333333326,63.82291666666666,52.0,25.795669239587912,1444.6671207690058,,56H1,5
21.410416666666663,63.82291666666666,60.0,32.674542797656194,1445.0772513800757,,56H1,5
21.59375,63.82291666666666,62.0,40.38209963364653,1446.2311864660574,,56H1,5
21.777083333333337,63.82291666666666,52.0,44.977844261152335,1448.106463377441,,56H1,5
21.960416666666674,63.82291666666666,40.0,35.9823866765512,1450.6684549317677,,56H1,5
22.14375000000001,63.82291666666666,34.0,26.986854913430335,1453.8733232699126,,56H2,5
22.32708333333332,63.82291666666666,41.0,17.9912675165462,1463.0977237618474,,56H2,5
22.510416666666657,63.82291666666666,22.0,8.995643030543379,1465.1766784296565,,56H2,5
20.86041666666665,63.90625,9.0,8.969017200650928,1453.9359206690697,,56H0,5
21.04374999999999,63.90625,31.0,12.888604295852163,1453.9352044520208,,56H1,5
21.227083333333326,63.90625,56.0,20.167508975959837,1453.9359206690697,,56H1,5
21.410416666666663,63.90625,55.0,28.420885014808587,1454.3134903147677,,56H1,5
21.59375,63.90625,61.0,37.002265700664495,1455.3769191555293,,56H1,5
21.777083333333337,63.90625,61.0,45.22980351502181,1463.0977237618474,,56H1,5
21.960416666666674,63.90625,53.0,37.10541972872062,1463.0977237618474,,56H1,5
22.14375000000001,63.90625,61.0,28.49643408468078,1465.1650486607998,,56H2,5
22.32708333333332,63.90625,38.0,20.214835068763346,1470.3927282176874,,56H2,5
22.510416666666657,63.90625,37.0,12.907126174532426,1473.789533732706,,56H2,5
22.693749999999994,63.90625,8.0,8.969017200652328,1477.6937182464221,,56H2,5
22.87708333333333,63.90625,-0.0,0.0,1483.336760135666,,56H2,5
23.06041666666667,63.90625,4.0,8.969017200652173,1490.0764126856188,,56H3,5
21.04374999999999,63.98958333333334,37.0,8.942372397752584,1472.3665856427735,,56H1,5
21.227083333333326,63.98958333333334,48.0,17.13207852900929,1472.3665856427735,,56H1,5
21.410416666666663,63.98958333333334,73.0,25.110486415676586,1472.3665856427735,,56H1,5
21.59375,63.98958333333334,76.0,33.57105397416084,1472.3665856427735,,56H1,5
21.777083333333337,63.98958333333334,80.0,42.22489096294673,1472.3665856427735,,56H1,5
21.960416666666674,63.98958333333334,81.0,40.382099633645424,1472.3665856427735,,56H1,5
22.14375000000001,63.98958333333334,65.0,32.67454279765505,1473.7813411562652,,56H2,5
22.32708333333332,63.98958333333334,75.0,25.795669239587912,1477.664800781541,,56H2,5
22.510416666666657,63.98958333333334,48.0,20.167508975959837,1482.711111918934,,56H2,5
22.693749999999994,63.98958333333334,36.0,12.888604295852273,1485.7699777735436,,56H2,5
22.87708333333333,63.98958333333334,9.0,9.268861880925863,1490.4168597882324,,56H2,5
23.06041666666667,63.98958333333334,16.0,12.888604295852163,1496.2249975223215,,56H3,5
23.243750000000006,63.98958333333334,6.0,8.94237239775274,1502.848238396145,,56H3,5
21.118750000000006,64.07291666666666,29.0,9.118338276256408,1481.8165553587532,,57H1,5
21.306250000000006,64.07291666666666,64.0,18.236656806837296,1481.8371814453537,,57H1,5
21.493750000000006,64.07291666666666,92.0,25.965977336672584,1481.8589101073771,,57H1,5
21.681250000000006,64.07291666666666,96.0,32.9766623792837,1481.8817394189773,,57H1,5
21.868750000000006,64.07291666666666,94.0,38.92014842901137,1481.9056673615842,,57H1,5
22.056250000000006,64.07291666666666,90.0,41.7488303193696,1481.9306918247808,,57H2,5
22.243750000000006,64.07291666666666,81.0,35.44587077053009,1484.1417433183437,,57H2,5
22.431250000000006,64.07291666666666,63.0,28.575152055727635,1488.2078497869034,,57H2,5
22.618750000000006,64.07291666666666,63.0,22.41475154105308,1493.0573082926194,,57H2,5
22.806250000000006,64.07291666666666,34.0,18.856939617614245,1496.511020649099,,57H2,5
22.993750000000006,64.07291666666666,32.0,19.391488864741568,1501.2574082642175,,57H2,5
23.181250000000006,64.07291666666666,36.0,15.141497252911954,1507.002350473775,,57H3,5
23.368750000000006,64.07291666666666,4.0,9.694503751460605,1513.4966065677004,,57H3,5
23.556250000000006,64.07291666666666,1.0,9.118338276256251,1520.54825248993,,57H3,5
21.118750000000006,64.15625,3.0,9.091049274434464,1491.0488898129352,,57H1,5
21.306250000000006,64.15625,32.0,12.9734631474157,1491.0653719405086,,57H1,5
21.493750000000006,64.15625,71.0,20.38398555725535,1491.0827386721335,,57H1,5
21.681250000000006,64.15625,108.0,25.927762698991685,1491.1009890174678,,57H1,5
21.868750000000006,64.15625,106.0,32.90893948425588,1491.1201219373734,,57H1,5
22.056250000000006,64.15625,105.0,38.86285025335389,1491.140136344209,,57H2,5
22.243750000000006,64.15625,72.0,41.52879551107883,1492.9267885127463,,57H2,5
22.431250000000006,64.15625,94.0,35.28007787775282,1496.2973644101614,,57H2,5
22.618750000000006,64.15625,77.0,30.52057005153765,1500.968617432132,,57H2,5
22.806250000000006,64.15625,25.0,28.019769290201594,1504.9113970952737,,57H2,5
22.993750000000006,64.15625,41.0,28.06659270346567,1509.0304377880764,,57H2,5
23.181250000000006,64.15625,29.0,22.05836508635649,1514.121789903256,,57H3,5
23.368750000000006,64.15625,27.0,18.182078834478993,1519.98878120986,,57H3,5
23.556250000000006,64.15625,12.0,9.091049274434308,1526.4648549327367,,57H3,5
21.306250000000006,64.23958333333334,22.0,9.063741041460093,1500.3070587732602,,57H1,5
21.493750000000006,64.23958333333334,26.0,12.954363842974056,1500.3215038295195,,57H1,5
21.681250000000006,64.23958333333334,87.0,20.33534009190907,1500.336685623792,,57H1,5
21.868750000000006,64.23958333333334,107.0,25.88958010395255,1500.352603554589,,57H1,5
22.056250000000006,64.23958333333334,112.0,32.841233822356386,1500.3692569919592,,57H2,5
22.243750000000006,64.23958333333334,101.0,40.6217732301304,1501.8644621726844,,57H2,5
22.431250000000006,64.23958333333334,90.0,42.94940518051826,1504.7280796201849,,57H2,5
22.618750000000006,64.23958333333334,83.0,39.146042990027624,1508.7772836317577,,57H2,5
22.806250000000006,64.23958333333334,56.0,37.23512259426847,1513.5346078533712,,57H2,5
22.993750000000006,64.23958333333334,51.0,34.87060990572927,1517.1554590005214,,57H2,5
23.181250000000006,64.23958333333334,37.0,28.766265282597164,1521.6992195382916,,57H3,5
23.368750000000006,64.23958333333334,38.0,20.38398555725535,1527.0134184737058,,57H3,5
23.556250000000006,64.23958333333334,21.0,12.973463147415591,1532.9591765658738,,57H3,5
23.743750000000006,64.23958333333334,9.0,9.063741041460093,1539.4177619831507,,57H3,5
21.493750000000006,64.32291666666666,26.0,9.036413635100908,1509.5688377262607,,57H1,5
21.681250000000006,64.32291666666666,61.0,12.935280676153527,1509.581821218813,,57H1,5
21.868750000000006,64.32291666666666,101.0,20.286691064257376,1509.5954352673284,,57H1,5
22.056250000000006,64.32291666666666,117.0,28.61109433655238,1509.6096794758473,,57H2,5
22.243750000000006,64.32291666666666,100.0,37.261945700088695,1510.893097814801,,57H2,5
22.431250000000006,64.32291666666666,91.0,46.0556023575828,1513.3747046656881,,57H2,5
22.618750000000006,64.32291666666666,60.0,48.01191043027104,1516.9313274325702,,57H2,5
22.806250000000006,64.32291666666666,71.0,46.47176371028133,1521.4138345656747,,57H2,5
22.993750000000006,64.32291666666666,82.0,40.71906789198044,1525.5265737239301,,57H2,5
23.181250000000006,64.32291666666666,47.0,32.90893948425588,1529.6123183808522,,57H3,5
23.368750000000006,64.32291666666666,25.0,25.927762698991685,1534.4457679202553,,57H3,5
23.556250000000006,64.32291666666666,15.0,18.07280761920044,1539.9132484204497,,57H3,5
23.743750000000006,64.32291666666666,21.0,9.036413635101063,1545.9121594745382,,57H3,5
21.681250000000006,64.40625,34.0,9.009067113165665,1518.8328711242002,,57H1,5
21.868750000000006,64.40625,90.0,18.018114607431727,1518.8447537645325,,57H1,5
22.056250000000006,64.40625,104.0,27.027122863862743,1518.8571870503386,,57H2,5
22.243750000000006,64.40625,106.0,36.03607226345235,1519.9800349605875,,57H2,5
22.431250000000006,64.40625,81.0,45.04494318708663,1522.165104182888,,57H2,5
22.618750000000006,64.40625,60.0,54.05371601550894,1525.3262099675408,,57H2,5
22.806250000000006,64.40625,66.0,53.11048796090374,1529.3542378272093,,57H2,5
22.993750000000006,64.40625,65.0,45.64675336958293,1534.0747670937942,,57H2,5
23.181250000000006,64.40625,44.0,37.261945700088695,1537.7756404658414,,57H3,5
23.368750000000006,64.40625,28.0,28.61109433655238,1542.1927619429075,,57H3,5
23.556250000000006,64.40625,23.0,20.28669106425724,1547.2336965435177,,57H3,5
23.743750000000006,64.40625,35.0,12.935280676153527,1552.811291717992,,57H3,5
23.931250000000006,64.40625,16.0,9.009067113165665,1558.8469573073112,,57H3,5
21.493750000000006,64.48958333333334,22.0,8.981701533502504,1528.0778248109157,,57H1,5
21.681250000000006,64.48958333333334,17.0,12.916213880310012,1528.0878702615926,,57H1,5
21.868750000000006,64.48958333333334,92.0,20.23803886173807,1528.098404436153,,57H1,5
22.056250000000006,64.48958333333334,97.0,28.53346443152943,1528.1094271496925,,57H2,5
22.243750000000006,64.48958333333334,94.0,37.15597099825333,1529.1064772071672,,57H2,5
22.431250000000006,64.48958333333334,87.0,45.92162937790424,1531.0554545407128,,57H2,5
22.618750000000006,64.48958333333334,86.0,54.76168218928692,1533.8940608700216,,57H2,5
22.806250000000006,64.48958333333334,86.0,57.1438747098956,1537.5408303230083,,57H2,5
22.993750000000006,64.48958333333334,75.0,48.71010131009141,1541.9049486151205,,57H2,5
23.181250000000006,64.48958333333334,63.0,40.52447183112431,1546.1288706614303,,57H3,5
23.368750000000006,64.48958333333334,44.0,32.773546075054526,1550.1851911615126,,57H3,5
23.556250000000006,64.48958333333334,36.0,25.851430017336625,1554.8475892844951,,57H3,5
23.743750000000006,64.48958333333334,38.0,20.23803886173807,1560.042642824533,,57H3,5
23.931250000000006,64.48958333333334,29.0,12.916213880310012,1565.701801942991,,57H3,5
24.118750000000006,64.48958333333334,10.0,8.981701533502504,1575.918038861738,,57H4,5
21.493750000000006,64.57291666666666,13.0,8.95431695400096,1537.3366213363222,,58H1,5
21.681250000000006,64.57291666666666,57.0,17.908614354120424,1537.3456368778395,,58H1,5
21.868750000000006,64.57291666666666,105.0,25.81331290679648,1537.3550912605454,,58H1,5
22.056250000000006,64.57291666666666,110.0,32.705876928088045,1537.3649843502797,,58H2,5
22.243750000000006,64.57291666666666,100.0,40.42716447258764,1538.2608819049253,,58H2,5
22.431250000000006,64.57291666666666,95.0,48.58359725770282,1540.0178334193536,,58H2,5
22.618750000000006,64.57291666666666,87.0,56.98858603465967,1542.5895379533833,,58H2,5
22.806250000000006,64.57291666666666,87.0,60.71308108377372,1545.9139737947585,,58H2,5
22.993750000000006,64.57291666666666,89.0,52.87769050495168,1549.9198846290064,,58H2,5
23.181250000000006,64.57291666666666,72.0,45.473451548258204,1554.5327920125299,,58H3,5
23.368750000000006,64.57291666666666,62.0,38.74839984140239,1558.3713600853202,,58H3,5
23.556250000000006,64.57291666666666,50.0,32.705876928088045,1562.698203596778,,58H3,5
23.743750000000006,64.57291666666666,21.0,25.81331290679648,1568.5771636897402,,58H3,5
23.931250000000006,64.57291666666666,21.0,20.189383874557226,1575.8693838745573,,58H3,5
24.118750000000006,64.57291666666666,18.0,12.897163689740308,1581.4933129067965,,58H4,5
24.306250000000006,64.57291666666666,8.0,8.954316954001111,1588.3858769280882,,58H4,5
21.306250000000006,64.65625,20.0,8.926913432590265,1546.5894710880968,,58H1,5
21.493750000000006,64.65625,56.0,12.878130339694716,1546.5972454030157,,58H1,5
21.681250000000006,64.65625,53.0,20.140726495726135,1546.605417761893,,58H1,5
21.868750000000006,64.65625,110.0,28.378117848796023,1546.6139880690694,,58H1,5
22.056250000000006,64.65625,109.0,36.943861115477496,1546.6229562242597,,58H2,5
22.243750000000006,64.65625,93.0,45.38685760860918,1547.4357846060427,,58H2,5
22.431250000000006,64.65625,61.0,52.761316701274055,1549.0337053519372,,58H2,5
22.618750000000006,64.65625,75.0,60.56711583989592,1551.381478701493,,58H2,5
22.806250000000006,64.65625,85.0,65.41065256014853,1554.4310260166742,,58H2,5
22.993750000000006,64.65625,80.0,58.2344147304864,1558.1258025612622,,58H2,5
23.181250000000006,64.65625,75.0,51.62614195259501,1562.405104292004,,58H3,5
23.368750000000006,64.65625,73.0,45.38685760860918,1566.712323900238,,58H3,5
23.556250000000006,64.65625,71.0,38.691249008083936,1574.217723761849,,58H3,5
23.743750000000006,64.65625,35.0,32.63822707151311,1576.2670393065873,,58H3,5
23.931250000000006,64.65625,17.0,25.775229241877692,1581.4552292418778,,58H3,5
24.118750000000006,64.65625,22.0,17.85380734421414,1588.3182270715133,,58H4,5
24.306250000000006,64.65625,8.0,8.926913432590265,1594.371249008084,,58H4,5
21.306250000000006,64.73958333333334,5.0,8.899491027239451,1555.8521353529968,,58H1,5
21.493750000000006,64.73958333333334,33.0,17.798962566698457,1555.8592408316504,,58H1,5
21.681250000000006,64.73958333333334,71.0,25.737179494012462,1555.8667102045308,,58H1,5
21.868750000000006,64.73958333333334,87.0,32.57059719972991,1555.8745433983524,,58H1,5
22.056250000000006,64.73958333333334,102.0,40.232535015340346,1555.8827403362816,,58H2,5
22.243750000000006,64.73958333333334,108.0,48.33049497451763,1556.6261508832226,,58H2,5
22.431250000000006,64.73958333333334,87.0,56.677836415949606,1558.0903267974227,,58H2,5
22.618750000000006,64.73958333333334,106.0,65.17875723993637,1560.2478923369295,,58H2,5
22.806250000000006,64.73958333333334,90.0,71.01301414399131,1563.0609614704313,,58H2,5
22.993750000000006,64.73958333333334,70.0,64.48460814191934,1566.4841472713815,,58H2,5
23.181250000000006,64.73958333333334,71.0,58.128890384816636,1574.2177237618519,,58H3,5
23.368750000000006,64.73958333333334,55.0,51.54997409976899,1576.2551349458583,,58H3,5
23.556250000000006,64.73958333333334,76.0,45.30030292038705,1581.4171794940128,,58H3,5
23.743750000000006,64.73958333333334,35.0,36.83772681558268,1584.8885438005677,,58H3,5
23.931250000000006,64.73958333333334,32.0,28.30040201644962,1588.73959482173,,58H3,5
24.118750000000006,64.73958333333334,23.0,20.0920671210766,1594.314148696563,,58H4,5
24.306250000000006,64.73958333333334,12.0,12.859114066355824,1600.9803029203872,,58H4,5
24.493750000000006,64.73958333333334,8.0,8.899491027239451,1607.2299740997692,,58H4,5
21.306250000000006,64.82291666666666,27.0,8.872049795957953,1565.1157522147687,,58H1,5
21.493750000000006,64.82291666666666,32.0,17.744080137591613,1565.122291564905,,58H1,5
21.681250000000006,64.82291666666666,62.0,25.623238495466715,1565.129165883708,,58H1,5
21.868750000000006,64.82291666666666,70.0,32.36783450306629,1565.1363751138558,,58H1,5
22.056250000000006,64.82291666666666,92.0,39.94056589709923,1565.1439191952481,,58H2,5
22.243750000000006,64.82291666666666,87.0,46.98548355365339,1565.8284650524251,,58H2,5
22.431250000000006,64.82291666666666,58.0,54.355371737942136,1574.2177237618475,,58H2,5
22.618750000000006,64.82291666666666,100.0,62.10734508242682,1574.2177237618475,,58H2,5
22.806250000000006,64.82291666666666,82.0,70.11472997074452,1574.2177237618475,,58H2,5
22.993750000000006,64.82291666666666,72.0,70.88855429240576,1576.2432520400273,,58H2,5
23.181250000000006,64.82291666666666,77.0,64.38944008480868,1581.3791641365185,,58H3,5
23.368750000000006,64.82291666666666,75.0,56.52237716910847,1584.8801644360874,,58H3,5
23.556250000000006,64.82291666666666,76.0,48.203898402022936,1588.7099727774237,,58H3,5
23.743750000000006,64.82291666666666,47.0,40.135214499962196,1593.814962460389,,58H3,5
23.931250000000006,64.82291666666666,41.0,32.502988011514645,1596.8301436589081,,58H3,5
24.118750000000006,64.82291666666666,29.0,25.69916413651832,1601.4158021891942,,58H4,5
24.306250000000006,64.82291666666666,23.0,17.744080137591766,1607.1538740815183,,58H4,5
24.493750000000006,64.82291666666666,4.0,8.872049795957953,1613.7034243837143,,58H4,5
21.306250000000006,64.90625,21.0,8.844589796794837,1583.4865856427734,,58H1,5
21.493750000000006,64.90625,48.0,12.802170082715854,1583.4865856427734,,58H1,5
21.681250000000006,64.90625,47.0,19.94608102368362,1583.4865856427734,,58H1,5
21.868750000000006,64.90625,67.0,27.403103777721633,1583.4865856427734,,58H1,5
22.056250000000006,64.90625,61.0,34.41722406328896,1583.4865856427734,,58H2,5
22.243750000000006,64.90625,74.0,42.11453914153101,1583.4865856427734,,58H2,5
22.431250000000006,64.90625,76.0,50.18159224440753,1583.4865856427734,,58H2,5
22.618750000000006,64.90625,78.0,58.465478215203525,1583.4865856427734,,58H2,5
22.806250000000006,64.90625,68.0,66.23352058917831,1583.4865856427734,,58H2,5
22.993750000000006,64.90625,66.0,73.6809443189191,1584.8718026696422,,58H2,5
23.181250000000006,64.90625,78.0,68.13128742150471,1588.68039492244,,58H3,5
23.368750000000006,64.90625,83.0,60.12918183318296,1593.8085525060794,,58H3,5
23.556250000000006,64.90625,79.0,52.412308216303416,1596.8063777141278,,58H3,5
23.743750000000006,64.90625,38.0,45.116199829777734,1601.3676789846638,,58H3,5
23.931250000000006,64.90625,32.0,36.51901182555416,1605.3343551220307,,58H3,5
24.118750000000006,64.90625,18.0,28.067089491024962,1609.1846945184166,,58H4,5
24.306250000000006,64.90625,14.0,19.946081023683753,1614.1507085826024,,58H4,5
24.493750000000006,64.90625,8.0,12.802170082715955,1619.9743574124323,,58H4,5
24.681250000000006,64.90625,10.0,9.268861880925863,1626.444171557228,,58H4,5
24.868750000000006,64.90625,2.0,8.844589796794837,1632.8895988539186,,58H4,5
25.243750000000006,64.90625,2.0,8.844589796794686,1646.1911681162119,,58H5,5
21.493750000000006,64.98958333333334,22.0,8.817111087838759,1592.7554475236993,,58H1,5
21.681250000000006,64.98958333333334,33.0,14.65113655604632,1592.7554475236993,,58H1,5
21.868750000000006,64.98958333333334,69.0,22.179470296214966,1592.7554475236993,,58H1,5
22.056250000000006,64.98958333333334,49.0,30.40060008393371,1592.7554475236993,,58H2,5
22.243750000000006,64.98958333333334,52.0,38.87743235499197,1592.7554475236993,,58H2,5
22.431250000000006,64.98958333333334,57.0,46.482440876467194,1592.7554475236993,,58H2,5
22.618750000000006,64.98958333333334,28.0,53.77145496627313,1592.7554475236993,,58H2,5
22.806250000000006,64.98958333333334,45.0,61.45022765986661,1592.7554475236993,,58H2,5
22.993750000000006,64.98958333333334,88.0,67.2357286168179,1593.8021568185209,,58H2,5
23.181250000000006,64.98958333333334,78.0,70.03021085707012,1596.7826549551212,,58H3,5
23.368750000000006,64.98958333333334,90.0,61.71869196115145,1601.3196203922414,,58H3,5
23.556250000000006,64.98958333333334,74.0,52.90198799417649,1605.3146847973017,,58H3,5
23.743750000000006,64.98958333333334,26.0,44.08516770648097,1609.1436137082726,,58H3,5
23.931250000000006,64.98958333333334,22.0,35.268250485140946,1614.0717698659757,,58H3,5
24.118750000000006,64.98958333333334,14.0,26.45125571707499,1617.3692506548753,,58H4,5
24.306250000000006,64.98958333333334,18.0,17.63420278907532,1621.709611480302,,58H4,5
24.493750000000006,64.98958333333334,11.0,8.81711108783891,1626.9024105884234,,58H4,5
25.056250000000006,64.98958333333334,10.0,8.81711108783891,1645.6904022859464,,58H5,5
21.635416666666657,65.07291666666666,14.0,9.180262920107968,1602.0748653639032,,59H1,5
21.83125000000001,65.07291666666666,52.0,18.360503791187462,1602.0581587484126,,59H1,5
22.027083333333337,65.07291666666666,29.0,26.050804653894584,1602.0447891213505,,59H2,5
22.222916666666663,65.07291666666666,45.0,33.12684602960187,1602.0347593703093,,59H2,5
22.41874999999999,65.07291666666666,39.0,41.031977709710205,1602.0280716637158,,59H2,5
22.614583333333343,65.07291666666666,27.0,49.36947016212108,1602.024727448493,,59H2,5
22.81041666666667,65.07291666666666,64.0,56.35172987157358,1602.024727448493,,59H2,5
23.006249999999994,65.07291666666666,90.0,58.51149100051013,1602.9776799128067,,59H3,5
23.20208333333332,65.07291666666666,87.0,61.943956817389754,1605.654947035081,,59H3,5
23.397916666666674,65.07291666666666,89.0,60.96180542876548,1609.801212910053,,59H3,5
23.59375,65.07291666666666,60.0,51.893320305442444,1614.6186182763674,,59H3,5
23.789583333333326,65.07291666666666,27.0,42.87829815707419,1618.300374472499,,59H3,5
23.98541666666665,65.07291666666666,22.0,33.95946415079457,1623.0637444800434,,59H3,5
24.181250000000006,65.07291666666666,20.0,25.239126955476454,1627.0022349924016,,59H4,5
24.37708333333333,65.07291666666666,6.0,17.02522778844435,1631.328354316385,,59H4,5
24.572916666666657,65.07291666666666,2.0,9.18026292010916,1636.4928230022326,,59H4,5
24.964583333333337,65.07291666666666,6.0,9.180262920107818,1648.7575866880306,,59H4,5
25.160416666666663,65.07291666666666,2.0,10.060827975258706,1655.6204957038792,,59H5,5
25.35624999999999,65.07291666666666,6.0,9.180262920109309,1662.2388490336575,,59H5,5
21.635416666666657,65.15625,18.0,9.151524035243126,1611.3351765702498,,59H1,5
21.83125000000001,65.15625,2.0,13.015338659037415,1611.3212940348967,,59H1,5
22.027083333333337,65.15625,19.0,20.49048452909663,1611.3101855119626,,59H2,5
22.222916666666663,65.15625,33.0,28.936000707788118,1611.3018526636765,,59H2,5
22.41874999999999,65.15625,9.0,37.705325407795534,1611.2962967378005,,59H2,5
22.614583333333343,65.15625,21.0,45.83186124099389,1611.2935185666945,,59H2,5
22.81041666666667,65.15625,56.0,47.225294743641754,1611.2935185666945,,59H2,5
23.006249999999994,65.15625,68.0,49.774772889786604,1612.08763422481,,59H3,5
23.20208333333332,65.15625,87.0,53.755848843989554,1614.3437174854655,,59H3,5
23.397916666666674,65.15625,82.0,58.878810206261335,1617.9029267319033,,59H3,5
23.59375,65.15625,56.0,54.2447559818156,1622.5574974260364,,59H3,5
23.789583333333326,65.15625,23.0,45.72525605230283,1626.641784817706,,59H3,5
23.98541666666665,65.15625,23.0,37.51853448909944,1630.8657490166793,,59H3,5
24.181250000000006,65.15625,22.0,29.017715140503103,1635.5097989770845,,59H4,5
24.37708333333333,65.15625,14.0,20.54177933936606,1639.3855675473544,,59H4,5
24.572916666666657,65.15625,15.0,13.0355370795058,1644.066286028536,,59H4,5
24.76875000000001,65.15625,10.0,9.268861880925863,1649.4314248189376,,59H4,5
24.964583333333337,65.15625,7.0,13.03553707950486,1655.3704959409338,,59H4,5
25.160416666666663,65.15625,10.0,9.151524035242979,1661.7871182378838,,59H5,5
21.83125000000001,65.23958333333334,7.0,9.122765791303625,1620.586064366148,,59H1,5
22.027083333333337,65.23958333333334,22.0,18.245509612573965,1620.5765716223846,,59H2,5
22.222916666666663,65.23958333333334,16.0,25.970085590631438,1620.5694511530812,,59H2,5
22.41874999999999,65.23958333333334,36.0,32.98393598829752,1620.5647037393644,,59H2,5
22.614583333333343,65.23958333333334,12.0,37.075447523696376,1620.562329902223,,59H2,5
22.81041666666667,65.23958333333334,52.0,38.16756416696039,1620.562329902223,,59H2,5
23.006249999999994,65.23958333333334,78.0,41.27086862177343,1621.2421487278261,,59H3,5
23.20208333333332,65.23958333333334,92.0,45.97990164207619,1623.1869719919719,,59H3,5
23.397916666666674,65.23958333333334,80.0,51.859032583961955,1626.2923361557944,,59H3,5
23.59375,65.23958333333334,59.0,56.34246095448906,1630.413683724297,,59H3,5
23.789583333333326,65.23958333333334,43.0,49.36947016212108,1635.1888732205393,,59H3,5
23.98541666666665,65.23958333333334,23.0,41.0319777097114,1638.9689321064827,,59H3,5
24.181250000000006,65.23958333333334,15.0,33.12684602960187,1643.560936513143,,59H4,5
24.37708333333333,65.23958333333334,13.0,26.050804653894584,1647.671260383023,,59H4,5
24.572916666666657,65.23958333333334,8.0,20.6735751359611,1651.9368387734166,,59H4,5
24.76875000000001,65.23958333333334,2.0,18.537723761851726,1656.870454711753,,59H4,5
24.964583333333337,65.23958333333334,15.0,18.245509612572633,1662.3794376818719,,59H4,5
25.160416666666663,65.23958333333334,14.0,9.122765791302292,1668.3793951840016,,59H5,5
21.83125000000001,65.32291666666666,13.0,9.093988249122189,1629.8518570467716,,59H1,5
22.027083333333337,65.32291666666666,16.0,12.974998047517245,1629.843576471194,,59H2,5
22.222916666666663,65.32291666666666,25.0,20.38789101149862,1629.837365432598,,59H2,5
22.41874999999999,65.32291666666666,8.0,28.772486685438075,1629.8332244511223,,59H2,5
22.614583333333343,65.32291666666666,27.0,27.806585642773346,1629.8311538736464,,59H2,5
22.81041666666667,65.32291666666666,49.0,29.24245085428765,1629.8311538736464,,59H2,5
23.006249999999994,65.32291666666666,78.0,33.17927547135358,1630.4248524384213,,59H3,5
23.20208333333332,65.32291666666666,76.0,38.86430234076143,1632.1311208948853,,59H3,5
23.397916666666674,65.32291666666666,77.0,45.64894303502401,1634.8780675630906,,59H3,5
23.59375,65.32291666666666,49.0,47.2142481420275,1638.5622593969067,,59H3,5
23.789583333333326,65.32291666666666,24.0,46.34430940462366,1643.0652001648195,,59H3,5
23.98541666666665,65.32291666666666,19.0,45.92338859307456,1647.2934110752487,,59H3,5
24.181250000000006,65.32291666666666,27.0,39.0457500279223,1651.4743375143603,,59H4,5
24.37708333333333,65.32291666666666,28.0,33.273822646779735,1656.1289091829412,,59H4,5
24.572916666666657,65.32291666666666,14.0,29.26929574033253,1660.0372839802853,,59H4,5
24.76875000000001,65.32291666666666,27.0,27.281877027027896,1664.590538690334,,59H4,5
24.964583333333337,65.32291666666666,26.0,18.187954568167157,1669.7114088556784,,59H4,5
25.160416666666663,65.32291666666666,8.0,9.09398824912086,1675.3269894468424,,59H5,5
22.027083333333337,65.40625,3.0,9.065191469574579,1639.110993881614,,59H2,5
22.222916666666663,65.40625,16.0,18.130361049337125,1639.1054902569213,,59H2,5
22.41874999999999,65.40625,16.0,20.622861009165774,1639.1018209720214,,59H2,5
22.614583333333343,65.40625,48.0,18.537723761848895,1639.099986269032,,59H2,5
22.81041666666667,65.40625,31.0,20.622861009165774,1639.099986269032,,59H2,5
23.006249999999994,65.40625,91.0,25.889518888096077,1639.626495218885,,59H3,5
23.20208333333332,65.40625,76.0,32.84112070561842,1641.1444932406848,,59H3,5
23.397916666666674,65.40625,99.0,40.62160152341193,1643.6026266447777,,59H3,5
23.59375,65.40625,39.0,38.15391247300427,1646.924923043113,,59H3,5
23.789583333333326,65.40625,38.0,37.075447523699204,1651.0210562396207,,59H3,5
23.98541666666665,65.40625,14.0,38.15391247300427,1655.7839933638145,,59H3,5
24.181250000000006,65.40625,16.0,33.14785804317967,1659.6120527172507,,59H4,5
24.37708333333333,65.40625,13.0,29.23354193352916,1664.088851002042,,59H4,5
24.572916666666657,65.40625,13.0,27.80658564277476,1668.3180339189942,,59H4,5
24.76875000000001,65.40625,20.0,25.889518888096077,1672.5359865588744,,59H4,5
24.964583333333337,65.40625,8.0,18.130361049337125,1677.3080049692398,,59H4,5
25.160416666666663,65.40625,7.0,9.065191469574579,1687.1878910114988,,59H5,5
22.027083333333337,65.48958333333334,8.0,9.036375513580055,1648.3787001179905,,59H2,5
22.222916666666663,65.48958333333334,20.0,9.268861880923033,1648.3737624711578,,59H2,5
22.41874999999999,65.48958333333334,12.0,12.934734135397855,1648.3704705604273,,59H2,5
22.614583333333343,65.48958333333334,14.0,9.268861880923033,1648.3688245612047,,59H2,5
22.81041666666667,65.48958333333334,38.0,12.934734135397855,1648.3688245612047,,59H2,5
23.006249999999994,65.48958333333334,50.0,20.28529514591931,1648.8414653506832,,59H3,5
23.20208333333332,65.48958333333334,74.0,28.608862146546763,1650.2072893080401,,59H3,5
23.397916666666674,65.48958333333334,21.0,33.11649044105806,1652.4284631843339,,59H3,5
23.59375,65.48958333333334,42.0,29.224652855957636,1655.4478538317696,,59H3,5
23.789583333333326,65.48958333333334,14.0,27.806585642773346,1659.1956090261826,,59H3,5
23.98541666666665,65.48958333333334,15.0,29.224652855957636,1663.5958365130612,,59H3,5
24.181250000000006,65.48958333333334,12.0,25.84929397273632,1667.9253047971022,,59H4,5
24.37708333333333,65.48958333333334,18.0,20.610242547411982,1672.0698667621834,,59H4,5
24.572916666666657,65.48958333333334,15.0,18.537723761848895,1676.7420952518835,,59H4,5
24.76875000000001,65.48958333333334,9.0,20.28529514591931,1685.3377237618504,,59H4,5
24.964583333333337,65.48958333333334,9.0,12.934734135397855,1687.4355036501815,,59H4,5
25.160416666666663,65.48958333333334,5.0,9.036375513580055,1692.7297829346992,,59H5,5
22.41874999999999,65.57291666666666,19.0,9.007540442094475,1657.639158743951,,60H2,5
22.81041666666667,65.57291666666666,45.0,9.007540442094475,1657.6376671419537,,60H2,5
23.006249999999994,65.57291666666666,35.0,18.01505907581578,1658.0661644280872,,60H3,5
23.20208333333332,65.57291666666666,16.0,27.022534092756413,1659.3065426577193,,60H3,5
23.397916666666674,65.57291666666666,53.0,25.80910871274376,1661.3301985939886,,60H3,5
23.59375,65.57291666666666,29.0,20.59764841622801,1664.0932600462913,,60H3,5
23.789583333333326,65.57291666666666,2.0,18.537723761850312,1667.540923156034,,60H3,5
23.98541666666665,65.57291666666666,13.0,20.59764841622801,1671.6120951583257,,60H3,5
24.181250000000006,65.57291666666666,22.0,20.233997412811135,1676.2435919874351,,60H4,5
24.37708333333333,65.57291666666666,22.0,12.914631593314523,1685.337723761849,,60H4,5
24.572916666666657,65.57291666666666,21.0,9.268861880925863,1687.422861009166,,60H4,5
24.76875000000001,65.57291666666666,12.0,12.914631593314523,1692.6895188880972,,60H4,5
24.964583333333337,65.57291666666666,8.0,9.007540442094475,1696.0424508542876,,60H4,5
22.81041666666667,65.65625,12.0,8.978686316115429,1666.9065129391433,,60H2,5
23.006249999999994,65.65625,12.0,17.957350865033177,1667.2981803272178,,60H3,5
23.20208333333332,65.65625,10.0,20.58507876692956,1668.4334272768585,,60H3,5
23.397916666666674,65.65625,7.0,18.53772376184748,1670.2901491114762,,60H3,5
23.59375,65.65625,13.0,12.89454901033025,1672.8340305243992,,60H3,5
23.789583333333326,65.65625,3.0,9.268861880924447,1676.021478537572,,60H3,5
23.98541666666665,65.65625,1.0,12.89454901033025,1685.337723761849,,60H3,5
24.181250000000006,65.65625,13.0,17.957350865033177,1687.4102425474127,,60H4,5
24.37708333333333,65.65625,14.0,8.978686316115429,1692.6492939727373,,60H4,5
24.572916666666657,65.65625,-0.0,0.0,1696.0335419335292,,60H4,5
24.76875000000001,65.65625,3.0,8.978686316115429,1699.9478580431805,,60H4,5
22.41874999999999,65.73958333333334,9.0,8.949813196680841,1676.1766152711514,,60H2,5
22.614583333333343,65.73958333333334,14.0,9.268861880923033,1676.175361210517,,60H2,5
22.81041666666667,65.73958333333334,7.0,12.874486650176731,1676.175361210517,,60H2,5
23.006249999999994,65.73958333333334,18.0,9.268861880923033,1676.5358362929792,,60H3,5
23.20208333333332,65.73958333333334,1.0,12.874486650176731,1677.5817369948948,,60H3,5
23.397916666666674,65.73958333333334,12.0,9.268861880923033,1685.3377237618504,,60H3,5
23.59375,65.73958333333334,10.0,8.949813196680841,1685.3377237618504,,60H3,5
23.98541666666665,65.73958333333334,12.0,8.949813196680841,1692.6091087127436,,60H3,5
24.181250000000006,65.73958333333334,7.0,9.268861880923033,1696.0246528559583,,60H4,5
24.37708333333333,65.73958333333334,3.0,8.949813196680841,1699.9164904410588,,60H4,5
22.41874999999999,65.82291666666666,3.0,8.920921144868808,1694.6065856427736,,60H2,5
22.81041666666667,65.82291666666666,5.0,8.920921144868808,1694.6065856427736,,60H2,5
23.20208333333332,65.82291666666666,2.0,8.920921144868808,1694.6065856427736,,60H3,5
