x_lon,y_lat,depth,dts,dto,reg,srn,exclude
14.581250000000011,53.57291666666666,1.0,0.8255765370801692,589.8789959404402,24.0,36G4,5
14.71875,53.57291666666666,1.0,0.8255765370782786,594.6692313744796,24.0,36G4,5
14.581250000000011,53.65625,3.0,1.6478972221721824,582.1296475708634,24.0,36G4,5
14.168749999999989,53.73958333333334,1.0,0.8223189484753824,561.6833282156297,24.0,36G4,5
13.893750000000011,53.82291666666666,2.0,1.2380549273371104,549.1573643125174,24.0,36G3,5
14.03125,53.82291666666666,5.0,3.713515456798908,550.0822606035879,24.0,36G4,5
14.168749999999989,53.82291666666666,5.0,5.5613171285558005,553.3620433858242,24.0,36G4,5
14.581250000000011,53.82291666666666,1.0,0.8206875431519516,567.6257463450653,24.0,36G4,5
10.731249999999989,53.90625,1.0,0.9268861880914544,506.6583142353159,22.0,36G0,3
13.893750000000011,53.90625,1.0,0.9268861880914544,539.9787084398117,24.0,36G3,5
11.28125,53.98958333333334,6.0,1.8794551171188507,486.1544309404608,22.0,36G1,3
13.893750000000011,53.98958333333334,4.0,1.2358909311821924,530.1521570236102,24.0,36G3,3
14.03125,53.98958333333334,4.0,1.2357827384861646,531.5670221481054,24.0,36G4,3
14.168749999999989,53.98958333333334,10.0,2.4718900323055477,535.3204956127585,24.0,36G4,3
14.306250000000006,53.98958333333334,11.0,7.810681704968493,539.9782469817843,24.0,36G4,0
14.443749999999994,53.98958333333334,13.0,4.94421265339992,544.3444750507731,24.0,36G4,5
14.581250000000011,53.98958333333334,7.0,0.926886188094992,548.7685301607283,24.0,36G4,5
14.71875,53.98958333333334,-0.0,0.0,553.6301617425835,24.0,36G4,5
14.856249999999989,53.98958333333334,-0.0,0.0,563.4094490631683,24.0,36G4,5
19.39375000000001,53.98958333333334,-0.0,0.0,818.9317215068917,26.0,36G9,3
10.910416666666665,54.07291666666666,21.0,2.4692935007323498,479.7493483762345,22.0,37G0,3
11.052083333333345,54.07291666666666,23.0,6.93503509381858,476.001952154525,22.0,37G1,0
11.193749999999994,54.07291666666666,22.0,6.5393592117475645,475.9764066332953,22.0,37G1,0
11.335416666666674,54.07291666666666,10.0,8.464502623335,475.9764066332953,22.0,37G1,0
11.477083333333326,54.07291666666666,6.0,3.2631316344254704,475.9764066332953,22.0,37G1,0
13.885416666666655,54.07291666666666,1.0,0.926886188094992,521.4577858864316,24.0,37G3,3
14.027083333333335,54.07291666666666,10.0,2.469726239979352,523.2656119576411,24.0,37G4,3
14.168749999999989,54.07291666666666,15.0,9.205906751111494,527.0213457540402,24.0,37G4,0
14.310416666666669,54.07291666666666,13.0,15.31925103436481,531.4519535271066,24.0,37G4,0
14.45208333333332,54.07291666666666,13.0,12.48466032111138,536.2971936891046,24.0,37G4,0
14.59375,54.07291666666666,10.0,8.958561056924923,541.3664527894216,24.0,37G4,5
14.735416666666652,54.07291666666666,14.0,5.241514681724292,546.7497117947587,24.0,37G4,5
14.877083333333331,54.07291666666666,13.0,2.469726239979421,552.5968612957182,24.0,37G4,5
19.26875000000001,54.07291666666666,1.0,0.8157829245201842,806.2345757497766,26.0,37G9,3
19.410416666666663,54.07291666666666,1.0,2.897924176714758,813.2366497473357,26.0,37G9,3
11.052083333333345,54.15625,18.0,2.4671299088066934,466.795811589547,22.0,37G1,3
11.193749999999994,54.15625,22.0,9.195254757775764,466.70754475236936,22.0,37G1,0
11.335416666666674,54.15625,25.0,15.998064069888336,466.70754475236936,22.0,37G1,0
11.477083333333326,54.15625,22.0,8.638361034099287,466.70754475236936,22.0,37G1,0
11.618750000000006,54.15625,15.0,3.701506126465796,467.91188418712505,22.0,37G1,0
11.760416666666655,54.15625,3.0,0.9268861880921618,471.6915607328148,22.0,37G1,3
11.902083333333335,54.15625,4.0,0.8141445956136687,476.0418383714485,22.0,37G1,3
13.460416666666674,54.15625,4.0,2.612163769369614,512.756852411299,24.0,37G3,3
13.602083333333326,54.15625,8.0,2.024739571950082,510.2357480690174,24.0,37G3,3
13.743750000000006,54.15625,3.0,0.8141445956137722,510.2357480690174,24.0,37G3,3
13.885416666666655,54.15625,10.0,4.070722850757842,511.192319136446,24.0,37G3,3
14.027083333333335,54.15625,12.0,10.70430099801733,514.5551197016154,24.0,37G4,0
14.168749999999989,54.15625,14.0,15.36235609289517,518.5712143024805,24.0,37G4,0
14.310416666666669,54.15625,14.0,21.91974038796191,523.471884187125,24.0,37G4,0
14.45208333333332,54.15625,14.0,20.803538461107987,528.4259215965479,24.0,37G4,0
14.59375,54.15625,13.0,17.331907231298636,533.8728484397506,24.0,37G4,0
14.735416666666652,54.15625,13.0,13.867814748207756,539.5471299088057,24.0,37G4,0
14.877083333333331,54.15625,18.0,10.883745020670244,545.6414365180761,24.0,37G4,0
15.018750000000011,54.15625,19.0,7.260649267632463,552.3633351818066,25.0,37G5,3
15.160416666666665,54.15625,14.0,4.440289904261628,559.3005325425154,25.0,37G5,3
15.302083333333345,54.15625,7.0,0.9268861880921618,566.6072650810477,25.0,37G5,3
18.98541666666665,54.15625,-0.0,0.0,789.8895204452003,26.0,37G8,3
19.12708333333333,54.15625,1.0,1.2336190537400984,793.3444733219861,26.0,37G9,3
11.052083333333345,54.23958333333334,1.0,0.9268861880942844,456.5568113583572,22.0,37G1,3
11.193749999999994,54.23958333333334,14.0,7.370316246114521,456.52952044520094,22.0,37G1,0
11.335416666666674,54.23958333333334,21.0,16.274856834771956,456.52952044520094,22.0,37G1,0
11.477083333333326,54.23958333333334,23.0,16.23943682299234,456.5568113583572,22.0,37G1,0
11.618750000000006,54.23958333333334,25.0,10.976976758289547,459.36989953546765,22.0,37G1,0
11.760416666666655,54.23958333333334,25.0,10.195748069017318,463.0307532155159,22.0,37G1,0
11.902083333333335,54.23958333333334,19.0,8.691422608626832,468.659496447651,22.0,37G1,0
12.043749999999989,54.23958333333334,15.0,6.931569250525959,474.3171069006835,24.0,37G2,0
12.185416666666669,54.23958333333334,3.0,0.8125045444690844,480.7129561285005,24.0,37G2,3
12.32708333333332,54.23958333333334,-0.0,0.8125045444690844,480.7129561285005,24.0,37G2,3
13.318749999999994,54.23958333333334,-0.0,0.0,499.8360301800252,24.0,37G3,3
13.460416666666674,54.23958333333334,7.0,2.4375136079458017,504.95079807153473,24.0,37G3,3
13.602083333333326,54.23958333333334,7.0,6.440346581340643,500.4958947923601,24.0,37G3,0
13.743750000000006,54.23958333333334,5.0,4.047765941230664,500.33932852932,24.0,37G3,3
13.885416666666655,54.23958333333334,4.0,2.6075641180505342,502.0639488603514,24.0,37G3,3
14.027083333333335,54.23958333333334,11.0,7.370316246116469,506.1114512060408,24.0,37G4,0
14.168749999999989,54.23958333333334,15.0,16.27485683477206,510.510419073417,24.0,37G4,0
14.310416666666669,54.23958333333334,15.0,25.20211600101036,515.0353627066983,24.0,37G4,0
14.45208333333332,54.23958333333334,7.0,29.476178392696625,521.0249665045362,24.0,37G4,0
14.59375,54.23958333333334,14.0,25.711137771818716,526.5121730716193,24.0,37G4,0
14.735416666666652,54.23958333333334,16.0,22.77570978085604,532.005567068755,24.0,37G4,0
14.877083333333331,54.23958333333334,18.0,19.393962548976717,539.5449665045362,24.0,37G4,0
15.018750000000011,54.23958333333334,16.0,16.089871478544467,546.2608226134953,25.0,37G5,0
15.160416666666665,54.23958333333334,14.0,13.000738413991549,552.9595435752938,25.0,37G5,0
15.302083333333345,54.23958333333334,12.0,9.82322466533622,560.522006855042,25.0,37G5,3
15.443749999999994,54.23958333333334,13.0,8.341975692833701,567.2075076018572,25.0,37G5,3
15.585416666666674,54.23958333333334,14.0,5.620428063787457,573.9160301800251,25.0,37G5,3
15.727083333333326,54.23958333333334,10.0,2.8970028681902504,581.4543911758982,25.0,37G5,3
16.152083333333337,54.23958333333334,-0.0,0.0,601.8208226134954,25.0,37G6,3
18.70208333333332,54.23958333333334,1.0,0.8125045444709449,774.5009972329748,26.0,37G8,3
18.98541666666665,54.23958333333334,1.0,0.8125045444690844,780.6206585642751,26.0,37G8,3
19.12708333333333,54.23958333333334,1.0,2.89700286818967,787.0235005331108,26.0,37G9,3
19.26875000000001,54.23958333333334,1.0,1.870625351695353,794.06287714737,26.0,37G9,3
10.627083333333331,54.32291666666666,2.0,0.9268861880921618,447.260658564278,22.0,37G0,3
10.768750000000011,54.32291666666666,14.0,1.853772376183616,447.260658564278,22.0,37G0,3
11.193749999999994,54.32291666666666,16.0,7.325485052781411,447.260658564278,22.0,37G1,0
11.335416666666674,54.32291666666666,21.0,9.409381736603036,447.260658564278,22.0,37G1,0
11.477083333333326,54.32291666666666,23.0,14.646510732866547,447.37640481713424,22.0,37G1,0
11.618750000000006,54.32291666666666,25.0,19.88412372972033,450.91703607772513,22.0,37G1,0
11.760416666666655,54.32291666666666,25.0,19.46460994994035,455.3457228001976,22.0,37G1,0
11.902083333333335,54.32291666666666,20.0,17.626373913455637,461.4415282501232,22.0,37G1,0
12.043749999999989,54.32291666666666,19.0,13.445567068756375,467.91523461897634,24.0,37G2,0
12.185416666666669,54.32291666666666,14.0,8.094477817497705,474.1226342571088,24.0,37G2,0
12.32708333333332,54.32291666666666,8.0,2.4325882981957703,474.1226342571088,24.0,37G2,3
12.46875,54.32291666666666,2.0,0.8108627745535112,475.99224850913936,24.0,37G2,3
13.602083333333326,54.32291666666666,6.0,1.2314557424454784,491.63513471359545,24.0,37G3,3
13.743750000000006,54.32291666666666,5.0,0.8108627745553681,491.338882656769,24.0,37G3,3
13.885416666666655,54.32291666666666,16.0,7.528097729047726,493.60053669998337,24.0,37G3,0
14.027083333333335,54.32291666666666,18.0,11.087965968418311,498.031116347557,24.0,37G4,0
14.168749999999989,54.32291666666666,16.0,18.25012354989669,502.5028033067419,24.0,37G4,0
14.310416666666669,54.32291666666666,8.0,26.50650125413028,507.6892435894454,24.0,37G4,0
14.45208333333332,54.32291666666666,8.0,35.88193256029361,513.5800596369393,24.0,37G4,0
14.59375,54.32291666666666,18.0,34.38316138515282,519.042876235317,24.0,37G4,0
14.735416666666652,54.32291666666666,11.0,31.650724672654476,525.8854850527802,24.0,37G4,0
14.877083333333331,54.32291666666666,13.0,27.839584852044705,533.2065107328666,24.0,37G4,0
15.018750000000011,54.32291666666666,17.0,24.837644870072857,540.1380320766028,25.0,37G5,0
15.160416666666665,54.32291666666666,19.0,21.418835792156752,546.841076014784,25.0,37G5,0
15.302083333333345,54.32291666666666,23.0,18.820461457780784,554.1569767907747,25.0,37G5,0
15.443749999999994,54.32291666666666,17.0,17.04434882214868,561.0927248905291,25.0,37G5,0
15.585416666666674,54.32291666666666,21.0,14.73239221737948,567.8065863480687,25.0,37G5,0
15.727083333333326,54.32291666666666,23.0,11.299378088756798,575.1144043831117,25.0,37G5,0
15.868750000000006,54.32291666666666,19.0,9.268861880923032,582.0639599877488,25.0,37G5,3
16.010416666666657,54.32291666666666,17.0,7.415089504739416,588.7665107328665,25.0,37G6,3
16.152083333333337,54.32291666666666,12.0,2.8965427723979515,596.9114918537039,25.0,37G6,3
18.70208333333332,54.32291666666666,1.0,0.9268861880942844,765.7570360777241,26.0,37G8,3
18.98541666666665,54.32291666666666,1.0,0.9268861880942844,773.3486781539345,26.0,37G8,3
19.12708333333333,54.32291666666666,1.0,0.8108627745534079,781.5340426702833,26.0,37G9,3
19.26875000000001,54.32291666666666,-0.0,0.0,787.8876186008102,26.0,37G9,3
19.410416666666663,54.32291666666666,-0.0,0.0,795.6306634435499,26.0,37G9,3
10.20208333333332,54.40625,16.0,0.8092192893403591,442.13737200513896,22.0,37G0,3
10.485416666666652,54.40625,8.0,1.8537723761864464,437.0826342571088,22.0,37G0,3
10.627083333333331,54.40625,18.0,5.232347422719395,437.0826342571088,22.0,37G0,0
10.768750000000011,54.40625,17.0,8.615646517584793,437.0826342571088,22.0,37G0,0
10.910416666666665,54.40625,14.0,3.2176081266750103,437.0826342571088,22.0,37G0,0
11.052083333333345,54.40625,8.0,3.0548960041906668,437.1119608702285,22.0,37G1,0
11.193749999999994,54.40625,3.0,0.8092192893402562,437.0826342571088,22.0,37G1,3
11.335416666666674,54.40625,12.0,1.6184385723153258,437.0826342571088,22.0,37G1,3
11.477083333333326,54.40625,24.0,11.329067153769508,438.6689957630063,22.0,37G1,0
11.618750000000006,54.40625,25.0,20.230465679209814,442.4613644775189,22.0,37G1,0
11.760416666666655,54.40625,23.0,19.05199133993654,448.1707982291727,22.0,37G1,0
11.902083333333335,54.40625,20.0,17.776736309658283,454.8476026242394,22.0,37G1,0
12.043749999999989,54.40625,18.0,18.265393876907485,461.5370196653112,24.0,37G2,0
12.185416666666669,54.40625,21.0,14.846088775547724,463.9446099499432,24.0,37G2,0
12.32708333333332,54.40625,15.0,6.110575691256372,464.85377237618366,24.0,37G2,0
12.610416666666652,54.40625,1.0,0.9268861880914544,471.4455803673431,24.0,37G2,3
12.752083333333331,54.40625,2.0,0.9268861880914544,474.1226342571088,24.0,37G2,3
12.893750000000011,54.40625,1.0,0.8092192893422122,474.1226342571088,24.0,37G2,3
13.035416666666665,54.40625,2.0,0.8092192893402562,474.1226342571088,24.0,37G3,3
13.177083333333345,54.40625,2.0,1.865206061745226,474.3838542944459,24.0,37G3,3
13.743750000000006,54.40625,20.0,3.6917715241770352,481.81706581224927,24.0,37G3,3
13.885416666666655,54.40625,16.0,10.397665450767558,485.2107982291727,24.0,37G3,0
14.027083333333335,54.40625,14.0,18.55357510937294,489.9655803673432,24.0,37G4,0
14.168749999999989,54.40625,13.0,23.93922060270558,494.8100449521847,24.0,37G4,0
14.310416666666669,54.40625,11.0,30.689823612218337,500.1711247363225,24.0,37G4,0
14.45208333333332,54.40625,10.0,39.05891431267754,506.1907893614776,24.0,37G4,0
14.59375,54.40625,12.0,43.06029874393908,512.8350139825823,24.0,37G4,0
14.735416666666652,54.40625,14.0,40.16096483985583,519.5323035922304,24.0,37G4,0
14.877083333333331,54.40625,17.0,36.39473671698092,527.0915080299105,24.0,37G4,0
15.018750000000011,54.40625,23.0,33.501848673724936,533.7920073314506,25.0,37G5,0
15.160416666666665,54.40625,30.0,30.088969753262077,540.7707982291726,25.0,37G5,0
15.302083333333345,54.40625,30.0,27.85448235530042,548.0508997354144,25.0,37G5,0
15.443749999999994,54.40625,29.0,25.854133752199097,554.7544384991056,25.0,37G5,0
15.585416666666674,54.40625,40.0,23.677890432944167,561.7074391564056,25.0,37G5,0
15.727083333333326,54.40625,37.0,19.92245739313597,569.0170209501559,25.0,37G5,0
15.868750000000006,54.40625,32.0,18.07140445203171,575.9849206809822,25.0,37G5,0
16.010416666666657,54.40625,28.0,15.743174480222756,583.7593252063019,25.0,37G6,0
16.152083333333337,54.40625,21.0,9.65431231295354,592.059531688515,25.0,37G6,3
16.29374999999999,54.40625,15.0,2.5988147556825387,599.9565768630422,25.0,37G6,3
18.70208333333332,54.40625,6.0,0.9268861880914544,754.3281638726107,26.0,37G8,3
18.84375,54.40625,18.0,5.792303900095318,760.2923035922304,26.0,37G8,3
18.98541666666665,54.40625,31.0,5.7923039000948,767.2557464970243,26.0,37G8,3
19.12708333333333,54.40625,35.0,6.488203316647256,775.3976171410172,26.0,37G9,3
19.26875000000001,54.40625,38.0,5.2323474227193,783.3266634068054,26.0,37G9,3
19.410416666666663,54.40625,25.0,2.7806585642779003,791.3028184268946,26.0,37G9,3
19.693749999999994,54.40625,-0.0,0.0,808.9742576394149,26.0,37G9,3
10.060416666666669,54.48958333333334,21.0,1.8537723761864464,439.2419414375775,22.0,37G0,3
10.20208333333332,54.48958333333334,12.0,3.688527337561194,434.0471099116976,22.0,37G0,0
10.34375,54.48958333333334,20.0,6.4882033166479625,430.0038180646714,22.0,37G0,0
10.485416666666652,54.48958333333334,14.0,9.649349481549288,427.8137723761829,22.0,37G0,0
10.627083333333331,54.48958333333334,18.0,13.676283973440178,426.9046099499397,22.0,37G0,0
10.768750000000011,54.48958333333334,13.0,15.990639186334912,426.9046099499397,22.0,37G0,0
10.910416666666665,54.48958333333334,12.0,7.9535987001218205,426.9046099499397,22.0,37G0,0
11.052083333333345,54.48958333333334,-0.0,0.0,426.9046099499397,22.0,37G1,3
11.335416666666674,54.48958333333334,25.0,5.4830261876449855,427.05416532567926,22.0,37G1,0
11.477083333333326,54.48958333333334,27.0,12.076480861379856,430.3883953103505,22.0,37G1,0
11.618750000000006,54.48958333333334,21.0,12.984877130628307,435.11294851124086,22.0,37G1,0
11.760416666666655,54.48958333333334,16.0,11.059740487948057,441.1748935082897,22.0,37G1,0
11.902083333333335,54.48958333333334,14.0,8.686044601199002,448.74151322050415,22.0,37G1,0
12.043749999999989,54.48958333333334,12.0,9.64488497661839,454.67574806901735,24.0,37G2,0
12.185416666666669,54.48958333333334,17.0,16.053703447241762,454.67574806901735,24.0,37G2,0
12.32708333333332,54.48958333333334,15.0,10.86356902190126,455.4445385503117,24.0,37G2,0
12.46875,54.48958333333334,13.0,3.0509748803625314,458.97162575389257,24.0,37G2,3
12.610416666666652,54.48958333333334,5.0,4.634430940464346,463.862165289858,24.0,37G2,3
12.752083333333331,54.48958333333334,10.0,5.5613171285558005,463.94460994993966,24.0,37G2,3
12.893750000000011,54.48958333333334,8.0,5.5613171285558005,463.94460994993966,24.0,37G2,3
13.035416666666665,54.48958333333334,4.0,2.422722251450205,463.94460994993966,24.0,37G3,3
13.460416666666674,54.48958333333334,7.0,1.22940101127492,466.79440801816287,24.0,37G3,3
13.743750000000006,54.48958333333334,18.0,6.099596229351784,472.8145472891698,24.0,37G3,0
13.885416666666655,54.48958333333334,18.0,13.720958110850852,477.0668810253293,24.0,37G3,0
14.027083333333335,54.48958333333334,16.0,23.070796178698348,481.9240759246889,24.0,37G4,0
14.168749999999989,54.48958333333334,16.0,30.79982512607263,487.5855297835152,24.0,37G4,0
14.310416666666669,54.48958333333334,14.0,36.78258616204018,492.81450959547686,24.0,37G4,0
14.45208333333332,54.48958333333334,12.0,43.99439021890451,499.7729448002234,24.0,37G4,0
14.59375,54.48958333333334,15.0,51.3369115476138,506.7431596438414,24.0,37G4,0
14.735416666666652,54.48958333333334,21.0,48.76242618486904,513.4416412645579,24.0,37G4,0
14.877083333333331,54.48958333333334,25.0,45.232008875130994,521.0184776061202,24.0,37G4,0
15.018750000000011,54.48958333333334,34.0,41.98171324129123,527.7082166769004,25.0,37G5,0
15.160416666666665,54.48958333333334,32.0,39.03522976640598,534.3828835567463,25.0,37G5,0
15.302083333333345,54.48958333333334,43.0,36.877690907106086,541.9816821639672,25.0,37G5,0
15.443749999999994,54.48958333333334,47.0,34.75656034581163,548.645816030699,25.0,37G5,0
15.585416666666674,54.48958333333334,54.0,32.221901646351775,555.3329448002236,25.0,37G5,0
15.727083333333326,54.48958333333334,53.0,28.74639333612473,563.5482486453164,25.0,37G5,0
15.868750000000006,54.48958333333334,48.0,27.183063068850856,571.1934225838414,25.0,37G5,0
16.010416666666657,54.48958333333334,39.0,22.85310047349809,579.0216821639672,25.0,37G6,0
16.152083333333337,54.48958333333334,27.0,15.193562217890753,587.8409581108508,25.0,37G6,0
16.29374999999999,54.48958333333334,21.0,7.932461002119559,596.0003281476305,25.0,37G6,3
16.43541666666667,54.48958333333334,1.0,0.8075740923059448,604.1109757667743,25.0,37G6,3
18.70208333333332,54.48958333333334,18.0,8.88331361456381,747.5031596438429,26.0,37G8,3
18.84375,54.48958333333334,32.0,12.157003375941548,754.5341494056173,26.0,37G8,0
18.98541666666665,54.48958333333334,65.0,14.918157257450243,762.3701905201224,26.0,37G8,0
19.12708333333333,54.48958333333334,70.0,15.757065197573118,771.533683683702,26.0,37G9,0
19.26875000000001,54.48958333333334,70.0,14.11343582338491,780.262722251452,26.0,37G9,0
19.410416666666663,54.48958333333334,65.0,11.290891463685467,788.1947710080731,26.0,37G9,0
19.552083333333343,54.48958333333334,50.0,6.148085918612222,796.4477936803455,26.0,37G9,3
19.835416666666674,54.48958333333334,-0.0,0.0,812.6677808808001,26.0,37G9,3
9.777083333333335,54.57291666666666,-0.0,0.0,444.81467333990105,22.0,38F9,3
10.060416666666669,54.57291666666666,13.0,2.4177815353234333,431.60443285047546,22.0,38G0,3
10.20208333333332,54.57291666666666,20.0,10.964841487045788,426.06318752416,22.0,38G0,0
10.34375,54.57291666666666,15.0,15.757065197570288,421.4992333606515,22.0,38G0,0
10.485416666666652,54.57291666666666,18.0,17.704874267744117,418.1321557775036,22.0,38G0,0
10.627083333333331,54.57291666666666,20.0,17.161946354806464,417.6357480690173,22.0,38G0,0
10.768750000000011,54.57291666666666,24.0,17.368097083485146,417.6357480690173,22.0,38G0,0
10.910416666666665,54.57291666666666,15.0,11.161254809335446,417.6357480690173,22.0,38G0,0
11.052083333333345,54.57291666666666,16.0,5.561317128552971,417.6357480690173,22.0,38G1,0
11.193749999999994,54.57291666666666,28.0,6.685699231020668,417.6357480690173,22.0,38G1,0
11.335416666666674,54.57291666666666,26.0,8.437710015762768,417.9178716501258,22.0,38G1,0
11.477083333333326,54.57291666666666,8.0,2.89502715851252,422.17139747933817,22.0,38G1,3
11.618750000000006,54.57291666666666,6.0,5.576772095392246,428.4163151411874,22.0,38G1,0
11.760416666666655,54.57291666666666,4.0,7.313061753738895,435.56590104032034,22.0,38G1,0
11.902083333333335,54.57291666666666,1.0,1.611854367495363,444.0741967081405,22.0,38G1,3
12.043749999999989,54.57291666666666,9.0,4.835562898723921,444.49772376185103,24.0,38G2,3
12.185416666666669,54.57291666666666,16.0,13.700756981937223,444.49772376185103,24.0,38G2,0
12.32708333333332,54.57291666666666,21.0,15.853415689201158,446.9363151411876,24.0,38G2,0
12.46875,54.57291666666666,14.0,11.383013508978706,451.1760220317387,24.0,38G2,0
12.610416666666652,54.57291666666666,15.0,12.474672508844874,454.67574806901735,24.0,38G2,0
12.752083333333331,54.57291666666666,16.0,14.830179009478126,454.67574806901735,24.0,38G2,0
12.893750000000011,54.57291666666666,10.0,13.195101272383852,454.67574806901735,24.0,38G2,0
13.035416666666665,54.57291666666666,8.0,4.835562898723921,454.67574806901735,24.0,38G3,3
13.318749999999994,54.57291666666666,4.0,0.926886188094992,455.4415104026741,24.0,38G3,3
13.460416666666674,54.57291666666666,2.0,0.8059271869305167,457.5558465643188,24.0,38G3,3
13.743750000000006,54.57291666666666,24.0,4.135263300419264,464.8537723761865,24.0,38G3,3
13.885416666666655,54.57291666666666,20.0,12.929414940879386,469.06355862653055,24.0,38G3,0
14.027083333333335,54.57291666666666,20.0,22.587270391779025,474.5940005999233,24.0,38G4,0
14.168749999999989,54.57291666666666,20.0,31.447972555211702,479.9276462716565,24.0,38G4,0
14.310416666666669,54.57291666666666,22.0,40.31100331784154,486.4149020379201,24.0,38G4,0
14.45208333333332,54.57291666666666,24.0,49.98093553831591,493.6869892238447,24.0,38G4,0
14.59375,54.57291666666666,25.0,53.51150479836546,500.363439372323,24.0,38G4,0
14.735416666666652,54.57291666666666,38.0,50.31160466255561,507.3387545558096,24.0,38G4,0
14.877083333333331,54.57291666666666,43.0,47.68434693633307,514.633046780213,24.0,38G4,0
15.018750000000011,54.57291666666666,47.0,46.406689387388205,521.606268054278,25.0,38G5,0
15.160416666666665,54.57291666666666,49.0,46.59332822798849,528.2879219785106,25.0,38G5,0
15.302083333333345,54.57291666666666,52.0,45.99869032316809,535.577095183995,25.0,38G5,0
15.443749999999994,54.57291666666666,57.0,43.729882247705405,542.6567720953908,25.0,38G5,0
15.585416666666674,54.57291666666666,60.0,40.69868314041931,550.380020317486,25.0,38G5,0
15.727083333333326,54.57291666666666,57.0,37.78398439566878,558.9539962514599,25.0,38G5,0
15.868750000000006,54.57291666666666,54.0,35.66334057309032,567.0513893080423,25.0,38G5,0
16.010416666666657,54.57291666666666,47.0,28.221030309917385,575.1800033567588,25.0,38G6,0
16.152083333333337,54.57291666666666,38.0,20.26950540140632,584.1194661550395,25.0,38G6,0
16.29374999999999,54.57291666666666,28.0,13.399965689015636,592.2341967081404,25.0,38G6,0
16.43541666666667,54.57291666666666,22.0,6.869215997511137,600.4060019934204,25.0,38G6,3
16.57708333333332,54.57291666666666,11.0,2.021449042065817,609.2603828452985,25.0,38G6,3
16.71875,54.57291666666666,4.0,0.9268861880914544,617.448000294462,25.0,38G6,3
18.56041666666667,54.57291666666666,8.0,0.8059271869324648,733.8319131996302,26.0,38G8,3
18.70208333333332,54.57291666666666,46.0,7.019668638312172,742.4118543674956,26.0,38G8,3
18.84375,54.57291666666666,62.0,3.213805037692567,750.8600862455311,26.0,38G8,3
18.98541666666665,54.57291666666666,73.0,10.836665855546851,759.3792251608605,26.0,38G8,0
19.12708333333333,54.57291666666666,77.0,20.33301548023882,767.9243684226149,26.0,38G9,0
19.26875000000001,54.57291666666666,79.0,23.096199605539557,775.60137292041,26.0,38G9,0
19.410416666666663,54.57291666666666,78.0,19.3915680393194,783.7771597473484,26.0,38G9,0
19.552083333333343,54.57291666666666,66.0,12.77854678479551,792.6186559589208,26.0,38G9,0
19.693749999999994,54.57291666666666,28.0,6.094889401346958,801.1955628987238,26.0,38G9,3
19.835416666666674,54.57291666666666,1.0,0.8059271869324648,809.5473697514101,26.0,38G9,3
19.97708333333333,54.57291666666666,-0.0,0.0,819.7921976313204,26.0,38G9,3
20.11875000000001,54.57291666666666,-0.0,0.0,827.8210251954239,26.0,38H0,3
20.260416666666657,54.57291666666666,-0.0,0.0,837.1171759622293,26.0,38H0,3
10.060416666666669,54.65625,9.0,1.6085571470305904,424.1239513856646,22.0,38G0,3
10.20208333333332,54.65625,23.0,11.25989717651152,418.2817298861209,22.0,38G0,0
10.34375,54.65625,21.0,19.15303428630356,413.50158882478553,22.0,38G0,0
10.485416666666652,54.65625,19.0,15.325791633421655,409.4606609582221,22.0,38G0,0
10.627083333333331,54.65625,20.0,8.433778052233835,407.4750912480081,22.0,38G0,0
10.768750000000011,54.65625,22.0,8.844910282312005,407.4750912480081,22.0,38G0,0
10.910416666666665,54.65625,20.0,13.655761028742806,407.4577237618476,22.0,38G0,0
11.052083333333345,54.65625,17.0,9.577141168494126,407.4577237618476,22.0,38G1,0
11.193749999999994,54.65625,19.0,6.684349102574967,407.4750912480082,22.0,38G1,0
11.335416666666674,54.65625,3.0,0.8042785766982421,409.2937723761829,22.0,38G1,3
11.618750000000006,54.65625,-0.0,0.0,423.40108221855337,22.0,38G1,3
11.902083333333335,54.65625,-0.0,0.0,438.7670974972367,22.0,38G1,3
12.043749999999989,54.65625,12.0,5.568198622351195,435.2288618809252,24.0,38G2,3
12.185416666666669,54.65625,18.0,13.36812210407631,435.2288618809252,24.0,38G2,0
12.32708333333332,54.65625,18.0,21.27640057386823,438.4231973586225,24.0,38G2,0
12.46875,54.65625,18.0,20.5343891611492,443.6663085140449,24.0,38G2,0
12.610416666666652,54.65625,18.0,21.157796442642155,444.4977237618475,24.0,38G2,0
12.752083333333331,54.65625,16.0,23.726688212846614,444.4977237618475,24.0,38G2,0
12.893750000000011,54.65625,15.0,15.56386026075178,444.4977237618475,24.0,38G2,0
13.035416666666665,54.65625,17.0,8.507553768227973,444.4977237618475,24.0,38G3,0
13.177083333333345,54.65625,19.0,3.3482927871384085,444.4977237618475,24.0,38G3,3
13.460416666666674,54.65625,18.0,1.8563521842787216,448.5211905784928,24.0,38G3,3
13.602083333333326,54.65625,29.0,8.341975692830871,452.1118517036128,24.0,38G3,0
13.743750000000006,54.65625,31.0,10.452112015828613,456.53234997136417,24.0,38G3,0
13.885416666666655,54.65625,26.0,16.429357725595896,461.1351214548576,24.0,38G3,0
14.027083333333335,54.65625,24.0,24.743428992052287,467.2515312112532,24.0,38G4,0
14.168749999999989,54.65625,29.0,33.01587883098855,473.3290988026579,24.0,38G4,0
14.310416666666669,54.65625,31.0,41.53010374533576,479.9971281427273,24.0,38G4,0
14.45208333333332,54.65625,27.0,48.782279495966606,487.6039037576968,24.0,38G4,0
14.59375,54.65625,44.0,45.26814457617158,494.2700964507406,24.0,38G4,0
14.735416666666652,54.65625,49.0,41.51216748350284,500.945983852343,24.0,38G4,0
14.877083333333331,54.65625,52.0,38.73412691868543,508.5415637508009,24.0,38G4,0
15.018750000000011,54.65625,55.0,37.15323351988031,515.220659877876,25.0,38G5,0
15.160416666666665,54.65625,59.0,37.38562043126775,522.2410672267033,25.0,38G5,0
15.302083333333345,54.65625,56.0,39.78003147281773,530.1837434235772,25.0,38G5,0
15.443749999999994,54.65625,63.0,43.75078681661277,538.1071811884201,25.0,38G5,0
15.585416666666674,54.65625,64.0,49.00066141542271,546.351160836803,25.0,38G5,0
15.727083333333326,54.65625,61.0,46.91191052933325,555.1618654969,25.0,38G5,0
15.868750000000006,54.65625,54.0,40.82892111526951,563.3521478950042,25.0,38G5,0
16.010416666666657,54.65625,49.0,33.51748712019915,571.4549549924606,25.0,38G6,0
16.152083333333337,54.65625,40.0,26.15597668112869,580.3976501999828,25.0,38G6,0
16.29374999999999,54.65625,37.0,19.648775446489488,588.5233355036786,25.0,38G6,0
16.43541666666667,54.65625,28.0,14.488106453015549,596.7664271500332,25.0,38G6,0
16.57708333333332,54.65625,24.0,11.151746416655143,605.5579332524349,25.0,38G6,0
16.71875,54.65625,22.0,10.066944818859822,613.744511586018,25.0,38G6,0
16.86041666666665,54.65625,21.0,7.243028439296355,622.2494620358375,25.0,38G6,3
17.00208333333333,54.65625,12.0,1.2272386453775528,632.0928357046258,25.0,38G7,3
17.14375000000001,54.65625,-0.0,0.0,640.2965720170773,25.0,38G7,3
18.56041666666667,54.65625,8.0,4.253028715499123,731.3209676963517,26.0,38G8,3
18.70208333333332,54.65625,16.0,1.8563521842770372,739.3233255863117,26.0,38G8,3
18.84375,54.65625,69.0,3.0431292979074662,747.0776501999829,26.0,38G8,3
18.98541666666665,54.65625,83.0,11.097546040177033,754.8114780221713,26.0,38G8,0
19.12708333333333,54.65625,88.0,20.454017970887087,763.7473511418455,26.0,38G9,0
19.26875000000001,54.65625,89.0,29.20216485048376,771.8721906137489,26.0,38G9,0
19.410416666666663,54.65625,87.0,26.15597668112869,780.4245115860181,26.0,38G9,0
19.552083333333343,54.65625,75.0,18.579225160860457,789.9384952933389,26.0,38G9,0
19.693749999999994,54.65625,28.0,11.549132313058362,798.7728357046257,26.0,38G9,0
19.835416666666674,54.65625,16.0,3.3482927871382118,807.1759496848052,26.0,38G9,3
19.97708333333333,54.65625,1.0,0.804278576700084,816.7363521842772,26.0,38G9,3
20.11875000000001,54.65625,5.0,0.9268861880914544,825.3755547577521,26.0,38H0,3
20.260416666666657,54.65625,-0.0,0.0,833.9408916850781,26.0,38H0,3
20.402083333333337,54.65625,1.0,0.0,843.3944021293577,26.0,38H0,5
20.82708333333332,54.65625,-0.0,0.0,920.0098303298348,26.0,38H0,5
10.060416666666669,54.73958333333334,22.0,4.904643046324499,414.8550895047394,22.0,38G0,0
10.20208333333332,54.73958333333334,24.0,12.543906107915184,411.1178244279344,22.0,38G0,0
10.34375,54.73958333333334,18.0,10.442974152533134,405.9308906288232,22.0,38G0,0
10.485416666666652,54.73958333333334,20.0,9.808057030043765,400.9653108794769,22.0,38G0,0
10.627083333333331,54.73958333333334,17.0,3.210512996711796,398.22347714441776,22.0,38G0,0
10.768750000000011,54.73958333333334,29.0,2.4078847698215347,398.22347714441776,22.0,38G0,3
10.910416666666665,54.73958333333334,12.0,6.995440218775833,398.18886188092233,22.0,38G0,0
11.052083333333345,54.73958333333334,5.0,0.9268861880914544,398.18886188092233,22.0,38G1,3
11.193749999999994,54.73958333333334,-0.0,0.0,398.2234771444179,22.0,38G1,3
12.043749999999989,54.73958333333334,5.0,0.8026282650961796,425.214049405316,24.0,38G2,3
12.185416666666669,54.73958333333334,17.0,7.902889835689483,425.9220055095793,24.0,38G2,0
12.32708333333332,54.73958333333334,20.0,15.163540347436248,430.86354962360895,24.0,38G2,0
12.46875,54.73958333333334,19.0,22.487190393654693,435.2288618809224,24.0,38G2,0
12.610416666666652,54.73958333333334,18.0,23.51533872948429,435.2288618809224,24.0,38G2,0
12.752083333333331,54.73958333333334,21.0,26.87317605333189,435.2288618809224,24.0,38G2,0
12.893750000000011,54.73958333333334,24.0,21.28989484817956,435.2288618809224,24.0,38G2,0
13.035416666666665,54.73958333333334,25.0,16.164758337039004,435.2288618809224,24.0,38G3,0
13.177083333333345,54.73958333333334,30.0,9.81228602710732,435.2288618809224,24.0,38G3,0
13.318749999999994,54.73958333333334,37.0,7.240097749805374,436.6481868840253,24.0,38G3,0
13.460416666666674,54.73958333333334,36.0,6.684111058856776,439.7987838385312,24.0,38G3,0
13.602083333333326,54.73958333333334,41.0,12.982452703597856,444.0144171967432,24.0,38G3,0
13.743750000000006,54.73958333333334,40.0,18.749192444466203,448.5198782008446,24.0,38G3,0
13.885416666666655,54.73958333333334,38.0,23.034535950118432,453.780428917544,24.0,38G3,0
14.027083333333335,54.73958333333334,27.0,29.76764444031561,460.2461915172939,24.0,38G4,0
14.168749999999989,54.73958333333334,26.0,36.91806792735757,467.2465390390173,24.0,38G4,0
14.310416666666669,54.73958333333334,16.0,44.680458323201535,473.9223943412248,24.0,38G4,0
14.45208333333332,54.73958333333334,12.0,40.497490148228735,481.1898318356924,24.0,38G4,0
14.59375,54.73958333333334,41.0,36.66405392326367,488.20174571673687,24.0,38G4,0
14.735416666666652,54.73958333333334,48.0,32.97098490004724,494.8713566687719,24.0,38G4,0
14.877083333333331,54.73958333333334,55.0,29.82653734570405,502.4919910771539,24.0,38G4,0
15.018750000000011,54.73958333333334,56.0,27.9100034956546,509.30460315891605,25.0,38G5,0
15.160416666666665,54.73958333333334,63.0,28.217982981287808,517.3434736139953,25.0,38G5,0
15.302083333333345,54.73958333333334,66.0,31.31519235841624,526.298283166397,25.0,38G5,0
15.443749999999994,54.73958333333334,68.0,36.21657517475905,534.3878454576707,25.0,38G5,0
15.585416666666674,54.73958333333334,71.0,42.39779995111281,542.6396206958945,25.0,38G5,0
15.727083333333326,54.73958333333334,68.0,49.71730760610692,551.4597577103287,25.0,38G5,0
15.868750000000006,54.73958333333334,57.0,46.20742819968937,559.7183864555049,25.0,38G5,0
16.010416666666657,54.73958333333334,48.0,39.5037576623427,567.7496322718661,25.0,38G6,0
16.152083333333337,54.73958333333334,43.0,32.448469686112254,576.6998903635242,25.0,38G6,0
16.29374999999999,54.73958333333334,39.0,26.99184315852884,584.8040547726832,25.0,38G6,0
16.43541666666667,54.73958333333334,40.0,22.91674671204438,593.1440663034962,25.0,38G6,0
16.57708333333332,54.73958333333334,33.0,20.05399694049612,602.6620415329929,25.0,38G6,0
16.71875,54.73958333333334,32.0,18.48868012194178,611.3030507258494,25.0,38G6,0
16.86041666666665,54.73958333333334,28.0,14.57521790081732,620.0365266256492,25.0,38G6,0
17.00208333333333,54.73958333333334,19.0,8.432991921157685,629.4070669966321,25.0,38G7,3
17.14375000000001,54.73958333333334,19.0,4.4213761961961575,638.1719665706908,25.0,38G7,3
17.285416666666663,54.73958333333334,2.0,0.8026282650962817,646.7578784016217,25.0,38G7,3
17.427083333333343,54.73958333333334,2.0,0.9268861880914544,655.9382831663971,25.0,38G7,3
18.41874999999999,54.73958333333334,4.0,1.6052565238248933,719.0019132587555,26.0,38G8,3
18.70208333333332,54.73958333333334,25.0,4.42137619619716,734.8114754659096,26.0,38G8,3
18.84375,54.73958333333334,86.0,9.812286027107389,743.2078847698199,26.0,38G8,3
18.98541666666665,54.73958333333334,93.0,15.786982064872818,751.3954460411501,26.0,38G8,0
19.12708333333333,54.73958333333334,97.0,23.670112618472714,760.9252565238265,26.0,38G9,0
19.26875000000001,54.73958333333334,101.0,31.7125622145128,769.636785065409,26.0,38G9,0
19.410416666666663,54.73958333333334,100.0,31.717990581328955,778.1416143025792,26.0,38G9,0
19.552083333333343,54.73958333333334,89.0,23.24704281819948,787.6463659729457,26.0,38G9,0
19.693749999999994,54.73958333333334,34.0,15.489040634657204,796.3424751019668,26.0,38G9,0
19.835416666666674,54.73958333333334,28.0,7.416830851983731,805.1889095151802,26.0,38G9,3
9.777083333333335,54.82291666666666,23.0,2.893790272680785,404.7580032744931,22.0,38F9,3
9.918749999999989,54.82291666666666,25.0,3.7075447523693543,405.6415830562228,22.0,38F9,0
10.060416666666669,54.82291666666666,8.0,5.456346792407885,404.6770651975738,22.0,38G0,0
10.20208333333332,54.82291666666666,29.0,9.11578192584614,404.6672877441093,22.0,38G0,0
10.34375,54.82291666666666,21.0,2.449829516241327,398.0357819258461,22.0,38G0,3
10.485416666666652,54.82291666666666,14.0,1.8537723761864464,393.1615461411558,22.0,38G0,3
10.910416666666665,54.82291666666666,7.0,3.2039049587903223,388.0108375737568,22.0,38G0,0
11.052083333333345,54.82291666666666,1.0,0.8009762556157031,388.0108375737568,22.0,38G1,3
11.760416666666655,54.82291666666666,-0.0,0.0,398.1719097809361,22.0,38G1,3
12.185416666666669,54.82291666666666,8.0,1.850632393444736,417.4882206229007,24.0,38G2,3
12.32708333333332,54.82291666666666,22.0,10.30341528520832,424.7824998146928,24.0,38G2,0
12.46875,54.82291666666666,21.0,13.926274712654047,425.9184968582718,24.0,38G2,0
12.610416666666652,54.82291666666666,16.0,14.46689160239502,425.0508375737568,24.0,38G2,0
12.752083333333331,54.82291666666666,19.0,19.44579392746973,425.0508375737568,24.0,38G2,0
12.893750000000011,54.82291666666666,21.0,26.357696557054183,425.0508375737568,24.0,38G2,0
13.035416666666665,54.82291666666666,31.0,23.15020017422943,425.0508375737568,24.0,38G3,0
13.177083333333345,54.82291666666666,43.0,17.876427941542413,425.9184968582718,24.0,38G3,0
13.318749999999994,54.82291666666666,44.0,16.080612543383033,427.9793489512201,24.0,38G3,0
13.460416666666674,54.82291666666666,45.0,15.838571676596803,431.1797756764931,24.0,38G3,0
13.602083333333326,54.82291666666666,45.0,19.351285387463985,436.0082206228996,24.0,38G3,0
13.743750000000006,54.82291666666666,44.0,25.508177448141616,440.8801774396294,24.0,38G3,0
13.885416666666655,54.82291666666666,42.0,30.91127411343377,446.9298295162414,24.0,38G3,0
14.027083333333335,54.82291666666666,39.0,36.27804054200399,454.1747557031823,24.0,38G4,0
14.168749999999989,54.82291666666666,30.0,42.49765622022358,460.8417533989292,24.0,38G4,0
14.310416666666669,54.82291666666666,18.0,38.449500170271534,467.87454662706176,24.0,38G4,0
14.45208333333332,54.82291666666666,17.0,32.55566877778039,475.12738369237456,24.0,38G4,0
14.59375,54.82291666666666,15.0,28.258937366267865,481.7749644698951,24.0,38G4,0
14.735416666666652,54.82291666666666,41.0,24.85826437942325,488.7920073025911,24.0,38G4,0
14.877083333333331,54.82291666666666,49.0,20.94765971622617,497.3207174516766,24.0,38G4,0
15.018750000000011,54.82291666666666,56.0,18.6921754306902,505.591038368128,25.0,38G5,0
15.160416666666665,54.82291666666666,64.0,19.14805684307343,513.6616177242819,25.0,38G5,0
15.302083333333345,54.82291666666666,68.0,23.466038253510668,522.670338328608,25.0,38G5,0
15.443749999999994,54.82291666666666,72.0,29.65930089027134,530.6882505519964,25.0,38G5,0
15.585416666666674,54.82291666666666,76.0,36.4499397184962,538.9306323934447,25.0,38G5,0
15.727083333333326,54.82291666666666,75.0,44.58183047044475,547.7461916654693,25.0,38G5,0
15.868750000000006,54.82291666666666,67.0,52.23276407638873,555.8460388563495,25.0,38G5,0
16.010416666666657,54.82291666666666,51.0,45.78723055252651,564.458453138207,25.0,38G6,0
16.152083333333337,54.82291666666666,39.0,39.68113059896331,573.8119078668794,25.0,38G6,0
16.29374999999999,54.82291666666666,36.0,35.019530099676025,582.5963565508707,25.0,38G6,0
16.43541666666667,54.82291666666666,28.0,31.446400619021908,591.16364481813,25.0,38G6,0
16.57708333333332,54.82291666666666,28.0,29.13513786833693,600.7023915766962,25.0,38G6,0
16.71875,54.82291666666666,31.0,27.30451789615831,609.3084743947621,25.0,38G6,0
16.86041666666665,54.82291666666666,33.0,21.332106792527583,618.1433132033302,25.0,38G6,0
17.00208333333333,54.82291666666666,23.0,16.467264786364947,626.9607174516767,25.0,38G7,0
17.14375000000001,54.82291666666666,24.0,12.046014647264585,635.2310383681282,25.0,38G7,0
17.285416666666663,54.82291666666666,16.0,9.255128851955744,643.5734813053405,25.0,38G7,3
17.427083333333343,54.82291666666666,19.0,7.458295660226306,653.0058573108331,25.0,38G7,3
17.568749999999994,54.82291666666666,17.0,5.787717748760774,661.3099345342523,25.0,38G7,3
17.710416666666674,54.82291666666666,16.0,3.675554753936431,669.9239049587904,25.0,38G7,3
17.852083333333326,54.82291666666666,5.0,0.9268861880914544,679.0485956412283,25.0,38G7,3
18.135416666666657,54.82291666666666,2.0,0.9268861880914544,696.0144617407989,26.0,38G8,3
18.41874999999999,54.82291666666666,13.0,2.4502618018662568,714.0582839640541,26.0,38G8,3
18.56041666666667,54.82291666666666,20.0,7.626206003440207,722.54435638909,26.0,38G8,3
18.70208333333332,54.82291666666666,59.0,12.69933162048432,732.0668980095505,26.0,38G8,0
18.84375,54.82291666666666,93.0,17.160900582861426,740.7478040231844,26.0,38G8,0
18.98541666666665,54.82291666666666,99.0,22.601282762182,749.6107374109026,26.0,38G8,0
19.12708333333333,54.82291666666666,103.0,29.13065119184195,758.8001561797926,26.0,38G9,0
19.26875000000001,54.82291666666666,106.0,36.02907078160454,767.53987053447,26.0,38G9,0
19.410416666666663,54.82291666666666,106.0,33.9414474052286,776.238883904182,26.0,38G9,0
19.552083333333343,54.82291666666666,91.0,24.459913831248965,785.8497615055063,26.0,38G9,0
19.693749999999994,54.82291666666666,51.0,15.901036253741362,794.2765126724631,26.0,38G9,0
19.835416666666674,54.82291666666666,25.0,7.724407867992486,803.0292988889862,26.0,38G9,3
10.060416666666669,54.90625,5.0,0.7993225517531972,395.408203316648,22.0,38G0,3
10.20208333333332,54.90625,33.0,3.3286132493608203,398.6534741090601,22.0,38G0,0
10.34375,54.90625,10.0,0.7993225517514685,391.9505676167619,22.0,38G0,3
10.485416666666652,54.90625,1.0,0.9268861880914544,384.949370354454,22.0,38G0,3
10.627083333333331,54.90625,1.0,0.7993225517513668,380.0201189739348,22.0,38G0,3
10.910416666666665,54.90625,14.0,5.542451691389583,378.7419756928309,22.0,38G0,0
11.477083333333326,54.90625,-0.0,0.0,380.4921572944174,22.0,38G1,3
11.618750000000006,54.90625,3.0,0.7993225517513668,384.85373919603154,22.0,38G1,3
12.043749999999989,54.90625,8.0,0.9268861880914544,404.0492965517041,24.0,38G2,3
12.32708333333332,54.90625,21.0,4.404857716514839,418.38942045551823,24.0,38G2,3
12.46875,54.90625,21.0,4.702786972795475,417.4817689700377,24.0,38G2,3
12.610416666666652,54.90625,20.0,6.11835994072178,415.7819756928309,24.0,38G2,0
12.752083333333331,54.90625,23.0,14.33255923999027,415.7819756928309,24.0,38G2,0
12.893750000000011,54.90625,33.0,22.52090138259688,415.7819756928309,24.0,38G2,0
13.035416666666665,54.90625,42.0,30.50564980582177,415.7819756928309,24.0,38G3,0
13.177083333333345,54.90625,44.0,26.73342360453869,416.7088618809259,24.0,38G3,0
13.318749999999994,54.90625,46.0,25.23047305682959,419.257199903288,24.0,38G3,0
13.460416666666674,54.90625,47.0,25.077219988530302,423.08905786336186,24.0,38G3,0
13.602083333333326,54.90625,47.0,27.426699339279125,428.4076682949252,24.0,38G3,0
13.743750000000006,54.90625,46.0,32.060082648020895,433.8464608510298,24.0,38G3,0
13.885416666666655,54.90625,46.0,38.19624996021366,440.4817105032443,24.0,38G3,0
14.027083333333335,54.90625,44.0,43.77624137608111,448.1513403054336,24.0,38G4,0
14.168749999999989,54.90625,41.0,39.213777579722525,454.7705695304062,24.0,38G4,0
14.310416666666669,54.90625,36.0,32.04703082295375,461.4172097159328,24.0,38G4,0
14.45208333333332,54.90625,22.0,25.16596265421056,469.06034937833607,24.0,38G4,0
14.59375,54.90625,20.0,20.04453720557162,476.5967335365221,24.0,38G4,0
14.735416666666652,54.90625,14.0,16.14587753986588,484.8486132493609,24.0,38G4,0
14.877083333333331,54.90625,41.0,12.110195291881366,493.6268533720672,24.0,38G4,0
15.018750000000011,54.90625,49.0,9.573408097185451,501.887770312198,25.0,38G5,3
15.160416666666665,54.90625,51.0,10.433847182638546,509.9751296438952,25.0,38G5,0
15.302083333333345,54.90625,66.0,16.937209715932756,518.7703325047714,25.0,38G5,0
15.443749999999994,54.90625,72.0,23.99864595483204,527.0207339993914,25.0,38G5,0
15.585416666666674,54.90625,75.0,31.898429211577373,535.5693780224494,25.0,38G5,0
15.727083333333326,54.90625,75.0,40.92786324740473,545.1259635684295,25.0,38G5,0
15.868750000000006,54.90625,74.0,49.38700650781987,553.7166988116087,25.0,38G5,0
16.010416666666657,54.90625,67.0,52.90482450516976,562.5711777285802,25.0,38G6,0
16.152083333333337,54.90625,51.0,47.36565520610431,571.8215809820464,25.0,38G6,0
16.29374999999999,54.90625,30.0,43.43609542965972,580.5807511503683,25.0,38G6,0
16.43541666666667,54.90625,17.0,40.30382599859284,589.169116662987,25.0,38G6,0
16.57708333333332,54.90625,17.0,38.30630877636925,598.1824516913912,25.0,38G6,0
16.71875,54.90625,15.0,34.01492545268256,606.236733536522,25.0,38G6,0
16.86041666666665,54.90625,13.0,29.29562339798893,614.8552542448621,25.0,38G6,0
17.00208333333333,54.90625,31.0,24.70873480276596,624.0085515852003,25.0,38G7,0
17.14375000000001,54.90625,24.0,20.492420836082225,632.7105676167633,25.0,38G7,0
17.285416666666663,54.90625,31.0,18.060379053819684,641.0207320352865,25.0,38G7,0
17.427083333333343,54.90625,30.0,16.70315926570602,650.5979676297861,25.0,38G7,0
17.568749999999994,54.90625,24.0,14.91637808277376,658.7531329579838,25.0,38G7,0
17.710416666666674,54.90625,18.0,12.286442053461425,667.1503155971831,25.0,38G7,0
17.852083333333326,54.90625,21.0,9.574651321992729,676.4874115282153,25.0,38G7,3
17.993750000000006,54.90625,27.0,8.341975692830871,685.1531039171124,25.0,38G7,3
18.135416666666657,54.90625,24.0,8.341975692830871,694.0325466684224,26.0,38G8,3
18.277083333333337,54.90625,20.0,8.341975692830871,703.204549069647,26.0,38G8,3
18.41874999999999,54.90625,20.0,9.6245721100957,711.9637587252013,26.0,38G8,3
18.56041666666667,54.90625,33.0,15.230165375489516,720.6443621043654,26.0,38G8,0
18.70208333333332,54.90625,86.0,20.458319416421595,730.2732244668838,26.0,38G8,0
18.84375,54.90625,97.0,24.87597310193171,738.6842860938548,26.0,38G8,0
18.98541666666665,54.90625,100.0,29.860706024519278,747.4565903026901,26.0,38G8,0
19.12708333333333,54.90625,103.0,35.931893677005945,756.890276855055,26.0,38G9,0
19.26875000000001,54.90625,107.0,41.88219449393891,765.7145798791486,26.0,38G9,0
19.410416666666663,54.90625,105.0,33.587734447190265,774.1720452570548,26.0,38G9,0
19.552083333333343,54.90625,89.0,24.00003448741773,783.7332518195682,26.0,38G9,0
19.693749999999994,54.90625,60.0,15.21694812951272,792.3437770584868,26.0,38G9,0
19.835416666666674,54.90625,32.0,6.462061100706903,801.1559350876514,26.0,38G9,3
20.96875,54.90625,1.0,0.9268861880914544,874.8448577165148,26.0,38H0,3
21.11041666666665,54.90625,-0.0,0.0,883.3601887908583,26.0,38H1,5
9.777083333333335,54.98958333333334,4.0,0.7976671570014141,385.23017900947815,22.0,38F9,3
10.060416666666669,54.98958333333334,34.0,3.6906727341841856,386.2432302444627,22.0,38G0,0
10.20208333333332,54.98958333333334,14.0,2.7806585642779003,390.9380388184124,22.0,38G0,3
10.34375,54.98958333333334,11.0,2.0180388184116844,386.53494122415776,22.0,38G0,3
10.485416666666652,54.98958333333334,3.0,1.8537723761829088,378.8616171578175,22.0,38G0,3
10.627083333333331,54.98958333333334,-0.0,0.7976671570014141,371.6228077452333,22.0,38G0,3
10.768750000000011,54.98958333333334,8.0,0.926886188094992,368.63976752404,22.0,38G0,3
10.910416666666665,54.98958333333334,15.0,1.222807745232061,368.5829376832155,22.0,38G0,3
11.052083333333345,54.98958333333334,11.0,5.618301666224698,368.56395138566177,22.0,38G1,0
11.193749999999994,54.98958333333334,8.0,3.707544752370062,368.56395138566177,22.0,38G1,0
11.335416666666674,54.98958333333334,2.0,2.445939575300629,368.86518554498826,22.0,38G1,3
11.477083333333326,54.98958333333334,8.0,1.595334307637462,372.4180388184117,22.0,38G1,3
11.618750000000006,54.98958333333334,12.0,3.6906727341841856,377.629270227393,22.0,38G1,0
11.760416666666655,54.98958333333334,4.0,2.7806585642779003,383.70103847488446,22.0,38G1,3
11.902083333333335,54.98958333333334,2.0,0.7976671570015157,391.4860056252711,22.0,38G1,3
12.185416666666669,54.98958333333334,2.0,0.926886188094992,409.03533430763736,24.0,38G2,3
12.610416666666652,54.98958333333334,23.0,3.9883356576649343,405.6039513856617,24.0,38G2,3
12.752083333333331,54.98958333333334,28.0,13.065958229328212,405.6039513856617,24.0,38G2,0
12.893750000000011,54.98958333333334,23.0,21.72240787011328,405.6039513856617,24.0,38G2,0
13.035416666666665,54.98958333333334,25.0,30.447969478748483,405.6797675240402,24.0,38G3,0
13.177083333333345,54.98958333333334,26.0,35.79956343433717,407.3914886113459,24.0,38G3,0
13.318749999999994,54.98958333333334,45.0,34.444027466741254,410.6455526964499,24.0,38G3,0
13.460416666666674,54.98958333333334,46.0,34.33215940546734,415.0544913402151,24.0,38G3,0
13.602083333333326,54.98958333333334,46.0,36.080449688174006,420.7570850948407,24.0,38G3,0
13.743750000000006,54.98958333333334,47.0,39.70961739617018,427.8049067970674,24.0,38G3,0
13.885416666666655,54.98958333333334,47.0,44.80029550608285,434.4216171578162,24.0,38G3,0
14.027083333333335,54.98958333333334,47.0,43.592566903689175,441.66947145096026,24.0,38G4,0
14.168749999999989,54.98958333333334,46.0,35.260394439160414,448.71155832769546,24.0,38G4,0
14.310416666666669,54.98958333333334,44.0,27.08589186940696,455.8332535799341,24.0,38G4,0
14.45208333333332,54.98958333333334,32.0,18.783895813349385,464.8449067970674,24.0,38G4,0
14.59375,54.98958333333334,17.0,12.464895332907185,472.9190223250616,24.0,38G4,0
14.735416666666652,54.98958333333334,17.0,7.791052148436369,480.95229430972535,24.0,38G4,0
14.877083333333331,54.98958333333334,15.0,4.035946673688229,489.965098979265,24.0,38G4,3
15.018750000000011,54.98958333333334,6.0,0.9268861880914544,497.9959566838115,25.0,38G5,3
15.160416666666665,54.98958333333334,34.0,3.6680990392651007,507.2190036489448,25.0,38G5,3
15.302083333333345,54.98958333333334,60.0,12.280235851455672,516.7910004914083,25.0,38G5,0
15.443749999999994,54.98958333333334,68.0,20.918504099147118,525.7390036489431,25.0,38G5,0
15.585416666666674,54.98958333333334,78.0,29.389192373834646,534.5133346715381,25.0,38G5,0
15.727083333333326,54.98958333333334,79.0,38.58122615390098,544.0390338532252,25.0,38G5,0
15.868750000000006,54.98958333333334,73.0,47.1367043707044,552.1037205787994,25.0,38G5,0
16.010416666666657,54.98958333333334,74.0,55.757301721255686,560.4609642977557,25.0,38G6,0
16.152083333333337,54.98958333333334,68.0,55.53594544059453,569.1718299190283,25.0,38G6,0
16.29374999999999,54.98958333333334,49.0,51.89891871028205,577.4422537557215,25.0,38G6,0
16.43541666666667,54.98958333333334,32.0,49.31271757428666,585.8823007973198,25.0,38G6,0
16.57708333333332,54.98958333333334,16.0,46.74202802177541,595.2060056252728,25.0,38G6,0
16.71875,54.98958333333334,21.0,41.717101939949096,603.648480307132,25.0,38G6,0
16.86041666666665,54.98958333333334,21.0,37.30215279361102,612.0872450630458,25.0,38G6,0
17.00208333333333,54.98958333333334,22.0,32.50820841711774,621.4212398182516,25.0,38G7,0
17.14375000000001,54.98958333333334,25.0,29.417675169697592,629.857720791346,25.0,38G7,0
17.285416666666663,54.98958333333334,28.0,27.175738288055268,638.4731967108531,25.0,38G7,0
17.427083333333343,54.98958333333334,31.0,25.644668428735788,647.6089087187928,25.0,38G7,0
17.568749999999994,54.98958333333334,34.0,23.63886748493333,656.3876321520617,25.0,38G7,0
17.710416666666674,54.98958333333334,30.0,21.145514741174203,665.0498058801215,25.0,38G7,0
17.852083333333326,54.98958333333334,24.0,18.692175430690437,674.6966705194181,25.0,38G7,0
17.993750000000006,54.98958333333334,26.0,17.610837573756733,683.0920299974464,25.0,38G7,0
18.135416666666657,54.98958333333334,28.0,17.610837573756733,691.88387076882,26.0,38G8,0
18.277083333333337,54.98958333333334,32.0,17.610837573756733,701.2973865197754,26.0,38G8,0
18.41874999999999,54.98958333333334,39.0,18.25206094896017,710.1413367211643,26.0,38G8,0
18.56041666666667,54.98958333333334,68.0,22.242960415693663,718.9156687243235,26.0,38G8,0
18.70208333333332,54.98958333333334,92.0,28.15630738949173,728.6613367211663,26.0,38G8,0
18.84375,54.98958333333334,97.0,32.9101536188366,737.4356687243237,26.0,38G8,0
18.98541666666665,54.98958333333334,99.0,37.331146039495295,746.3836697424455,26.0,38G8,0
19.12708333333333,54.98958333333334,102.0,43.06317932425996,755.9556687243215,26.0,38G9,0
19.26875000000001,54.98958333333334,105.0,43.53517076676386,764.9036697424472,26.0,38G9,0
19.410416666666663,54.98958333333334,102.0,35.055612239491786,773.6780026561283,26.0,38G9,0
19.552083333333343,54.98958333333334,85.0,25.835162986421164,783.423669742447,26.0,38G9,0
19.693749999999994,54.98958333333334,68.0,17.604405278597156,792.1980026561281,26.0,38G9,0
19.835416666666674,54.98958333333334,45.0,9.92707712690808,801.1460027191589,26.0,38G9,3
19.97708333333333,54.98958333333334,25.0,3.707544752370062,810.7180026561281,26.0,38G9,3
20.11875000000001,54.98958333333334,26.0,4.702646434388618,819.6660027191587,26.0,38H0,3
20.260416666666657,54.98958333333334,22.0,3.707544752370062,828.4403364733232,26.0,38H0,3
20.402083333333337,54.98958333333334,20.0,4.892311114941375,838.186002719157,26.0,38H0,3
20.54374999999999,54.98958333333334,5.0,0.7976671570033423,846.9603364733216,26.0,38H0,3
20.68541666666667,54.98958333333334,-0.0,0.0,857.3642167793058,26.0,38H0,3
20.82708333333332,54.98958333333334,1.0,3.792312284267768,865.9726108014925,26.0,38H0,3
20.96875,54.98958333333334,1.0,6.681734214171777,874.8373500264458,26.0,38H0,3
21.11041666666665,54.98958333333334,1.0,0.7976671570033423,883.333974403053,26.0,38H1,5
21.25208333333333,54.98958333333334,1.0,0.7976671570033423,893.0550264993403,26.0,38H1,5
21.535416666666663,54.98958333333334,2.0,0.7976671570013127,911.7115583276968,26.0,38H1,5
9.63958333333332,55.07291666666666,30.0,1.8423284220203149,375.96131712855583,22.0,39F9,3
9.931250000000006,55.07291666666666,29.0,6.047779827207877,375.96131712855583,22.0,39F9,0
10.07708333333332,55.07291666666666,9.0,0.926886188094992,379.0764366916662,22.0,39G0,3
10.368750000000006,55.07291666666666,1.0,0.7960100748677666,384.4363081432811,22.0,39G0,3
10.806250000000006,55.07291666666666,12.0,3.98005024700203,359.2950895047394,22.0,39G0,0
10.95208333333332,55.07291666666666,12.0,1.8420418656523443,359.2950895047394,22.0,39G0,3
11.097916666666665,55.07291666666666,12.0,8.927914698117117,359.2950895047394,22.0,39G1,0
11.243750000000006,55.07291666666666,7.0,7.878617764809132,359.2950895047394,22.0,39G1,0
11.38958333333332,55.07291666666666,17.0,4.035161397185403,361.4902308836959,22.0,39G1,0
11.535416666666665,55.07291666666666,12.0,6.434525249402994,366.53359446180855,22.0,39G1,0
11.681250000000006,55.07291666666666,1.0,1.2218355097846263,374.0648583416613,22.0,39G1,3
12.26458333333332,55.07291666666666,-0.0,0.0,399.005613330347,24.0,39G2,3
12.410416666666665,55.07291666666666,10.0,5.561317128552971,396.3776221637232,24.0,39G2,3
12.556250000000006,55.07291666666666,20.0,7.228393453264209,396.3350895047394,24.0,39G2,0
12.70208333333332,55.07291666666666,26.0,13.90030665714351,396.3350895047394,24.0,39G2,0
12.847916666666665,55.07291666666666,29.0,21.25189871906976,396.3350895047394,24.0,39G2,0
12.993750000000006,55.07291666666666,19.0,30.14640723734546,396.3350895047394,24.0,39G2,0
13.13958333333332,55.07291666666666,31.0,31.599156629945984,397.8479146981172,24.0,39G3,0
13.285416666666665,55.07291666666666,42.0,29.92443726165835,401.3571752192506,24.0,39G3,0
13.431250000000006,55.07291666666666,44.0,29.92443726165835,406.2419686501315,24.0,39G3,0
13.57708333333332,55.07291666666666,45.0,32.58273397645367,413.4846366944548,24.0,39G3,0
13.722916666666665,55.07291666666666,46.0,36.10301160428039,420.1151902914307,24.0,39G3,0
13.868750000000006,55.07291666666666,46.0,36.29875516770007,427.8020418656523,24.0,39G3,0
14.01458333333332,55.07291666666666,46.0,34.37719063740509,435.167341633099,24.0,39G4,0
14.160416666666665,55.07291666666666,48.0,34.27139148108655,443.14079503608417,24.0,39G4,0
14.306250000000006,55.07291666666666,47.0,24.740687849632064,452.16271916198014,24.0,39G4,0
14.45208333333332,55.07291666666666,42.0,15.234241960864743,460.9270105368527,24.0,39G4,0
14.597916666666665,55.07291666666666,32.0,6.631140332314091,469.2258032477987,24.0,39G4,0
15.181250000000006,55.07291666666666,49.0,2.388030199136892,510.46473144406616,25.0,39G5,3
15.32708333333332,55.07291666666666,75.0,11.940147557501316,516.9708328461405,25.0,39G5,0
15.472916666666665,55.07291666666666,73.0,20.69624332306796,524.7858032477989,25.0,39G5,0
15.618750000000006,55.07291666666666,77.0,30.248324656824245,533.5583084893904,25.0,39G5,0
15.76458333333332,55.07291666666666,87.0,39.80037115011363,542.6052655015797,25.0,39G5,0
15.910416666666665,55.07291666666666,84.0,48.55637376572483,550.8907620747029,25.0,39G5,0
16.056250000000006,55.07291666666666,76.0,58.10832272797421,560.3760602263665,25.0,39G6,0
16.20208333333332,55.07291666666666,77.0,62.603634987689055,569.4107620747029,25.0,39G6,0
16.347916666666663,55.07291666666666,61.0,59.65876469999472,578.100050247002,25.0,39G6,0
16.493750000000006,55.07291666666666,48.0,57.462564042269165,587.1522825593852,25.0,39G6,0
16.63958333333332,55.07291666666666,41.0,52.13626978169696,596.620050247002,25.0,39G6,0
16.785416666666663,55.07291666666666,28.0,47.72404212348071,604.8960228176337,25.0,39G6,0
16.931250000000006,55.07291666666666,28.0,42.936858651422654,614.3440402358044,25.0,39G6,0
17.07708333333332,55.07291666666666,35.0,39.397643355629626,623.8961568683299,25.0,39G7,0
17.222916666666663,55.07291666666666,47.0,37.0215570558262,632.8640402358044,25.0,39G7,0
17.368750000000006,55.07291666666666,39.0,35.54655338503444,642.41615686833,25.0,39G7,0
17.51458333333332,55.07291666666666,37.0,33.43965732018127,652.180050247002,25.0,39G7,0
17.660416666666663,55.07291666666666,41.0,30.934070759796693,660.9361568683279,25.0,39G7,0
17.806250000000006,55.07291666666666,38.0,28.36279206190393,670.700050247002,25.0,39G7,0
17.95208333333332,55.07291666666666,39.0,26.87969945467906,680.2521660772841,25.0,39G7,0
18.097916666666663,55.07291666666666,50.0,26.87969945467906,689.220050247002,26.0,39G8,0
18.24375000000001,55.07291666666666,64.0,26.87969945467906,698.7721660772842,26.0,39G8,0
18.38958333333332,55.07291666666666,73.0,27.06875560683523,708.5360602263663,26.0,39G8,0
18.535416666666663,55.07291666666666,79.0,29.426954330093885,717.2921660772842,26.0,39G8,0
18.68125000000001,55.07291666666666,91.0,34.45609366827535,727.0560602263665,26.0,39G8,0
18.82708333333332,55.07291666666666,96.0,40.33409509756831,736.608175178001,26.0,39G8,0
18.972916666666663,55.07291666666666,96.0,44.951910614784985,745.5760602263646,26.0,39G8,0
19.11875000000001,55.07291666666666,97.0,49.919446324291386,755.1281751779992,26.0,39G9,0
19.26458333333332,55.07291666666666,102.0,46.18369433799759,764.8920701675271,26.0,39G9,0
19.410416666666663,55.07291666666666,100.0,38.135596521497696,773.6481751779992,26.0,39G9,0
19.55625000000001,55.07291666666666,95.0,29.757007793206764,783.4120701675268,26.0,39G9,0
19.70208333333332,55.07291666666666,77.0,21.76247933595482,792.9641841641096,26.0,39G9,0
19.847916666666663,55.07291666666666,67.0,15.661418732278197,801.9320701675268,26.0,39G9,0
19.99375000000001,55.07291666666666,59.0,12.976406633292388,811.4841841641096,26.0,39G9,0
20.13958333333332,55.07291666666666,49.0,13.362439491262029,821.2480800641201,26.0,39H0,0
20.285416666666663,55.07291666666666,40.0,12.976406633292388,830.0041841641096,26.0,39H0,0
20.43125000000001,55.07291666666666,31.0,12.02491565056352,839.7680800641184,26.0,39H0,0
20.57708333333332,55.07291666666666,25.0,6.047779827206437,849.3201930292452,26.0,39H0,3
20.86875000000001,55.07291666666666,-0.0,0.0,867.8401930292451,26.0,39H0,3
21.01458333333332,55.07291666666666,1.0,2.3880301991387145,878.5092518619958,26.0,39H1,3
21.160416666666663,55.07291666666666,1.0,0.926886188094992,886.7926622122001,26.0,39H1,5
21.45208333333332,55.07291666666666,2.0,3.316525548964419,905.7821361696136,26.0,39H1,5
21.597916666666663,55.07291666666666,1.0,0.7960100748677666,914.6440899097756,26.0,39H1,5
9.63958333333332,55.15625,21.0,2.780658564278608,366.57510491287366,22.0,39F9,3
9.785416666666665,55.15625,24.0,7.236321455391694,365.7832928213874,22.0,39F9,0
9.931250000000006,55.15625,16.0,3.971756416948603,366.1406381142676,22.0,39F9,0
10.07708333333332,55.15625,9.0,2.441618845656186,370.7036398778859,22.0,39G0,3
10.806250000000006,55.15625,7.0,0.7943513088573271,349.1170651975703,22.0,39G0,3
11.097916666666665,55.15625,14.0,3.177405171759383,349.1170651975703,22.0,39G1,0
11.243750000000006,55.15625,9.0,4.406822826797052,349.433118198989,22.0,39G1,0
11.38958333333332,55.15625,11.0,3.791616369992196,353.89673060784617,22.0,39G1,0
11.535416666666665,55.15625,12.0,4.033330447169525,360.6431348297973,22.0,39G1,0
11.681250000000006,55.15625,1.0,0.7943513088555081,369.7375287106646,22.0,39G1,3
12.118750000000006,55.15625,7.0,0.7943513088573271,397.9739863353028,24.0,39G2,3
12.26458333333332,55.15625,10.0,7.240783481892042,391.3611868609661,24.0,39G2,0
12.410416666666665,55.15625,13.0,9.797275340704356,387.38270140609353,24.0,39G2,0
12.556250000000006,55.15625,23.0,14.640635165472334,386.1570651975703,24.0,39G2,0
12.70208333333332,55.15625,29.0,20.25815533462582,386.1570651975703,24.0,39G2,0
12.847916666666665,55.15625,33.0,25.076019448756355,386.1570651975703,24.0,39G2,0
12.993750000000006,55.15625,32.0,24.563307017071786,386.85965244696496,24.0,39G2,0
13.13958333333332,55.15625,36.0,22.74355648715216,389.1180340846249,24.0,39G3,0
13.285416666666665,55.15625,38.0,20.77294882421036,393.3268228267971,24.0,39G3,0
13.431250000000006,55.15625,43.0,20.77294882421036,399.7817421500992,24.0,39G3,0
13.57708333333332,55.15625,44.0,24.44036491008473,407.0045946237012,24.0,39G3,0
13.722916666666665,55.15625,44.0,27.13445087230141,414.0860513455387,24.0,39G3,0
13.868750000000006,55.15625,44.0,27.7032306458849,422.4128805288378,24.0,39G3,0
14.01458333333332,55.15625,44.0,25.1384945430114,431.4766660943915,24.0,39G4,0
14.160416666666665,55.15625,45.0,25.025927078496156,439.48196481190143,24.0,39G4,0
14.306250000000006,55.15625,47.0,25.41920714697897,448.5580719896876,24.0,39G4,0
14.45208333333332,55.15625,45.0,15.887017709491923,457.7142445692855,24.0,39G4,0
14.597916666666665,55.15625,43.0,7.149161015710435,466.30951843366097,24.0,39G4,0
15.181250000000006,55.15625,56.0,3.6625902071382903,504.1180719896876,25.0,39G5,3
15.32708333333332,55.15625,69.0,12.239060603411216,512.8190132894858,25.0,39G5,0
15.472916666666665,55.15625,64.0,20.845876431953588,521.5787820058151,25.0,39G5,0
15.618750000000006,55.15625,87.0,30.32251509033213,530.602570068417,25.0,39G5,0
15.76458333333332,55.15625,88.0,39.82706572696877,540.0987820058165,25.0,39G5,0
15.910416666666665,55.15625,89.0,48.55006572638844,548.3520694951005,25.0,39G5,0
16.056250000000006,55.15625,81.0,58.072012091358886,557.9830539011019,25.0,39G6,0
16.20208333333332,55.15625,80.0,67.59758027911957,567.5152660675254,25.0,39G6,0
16.347916666666663,55.15625,64.0,68.62836570986076,576.5030539011019,25.0,39G6,0
16.493750000000006,55.15625,56.0,65.01704467964765,586.0352660675253,25.0,39G6,0
16.63958333333332,55.15625,64.0,60.13307002919719,595.8174051717593,25.0,39G6,0
16.785416666666663,55.15625,56.0,55.74569058005994,604.5552660675253,25.0,39G6,0
16.931250000000006,55.15625,40.0,51.314046864970095,614.3374051717595,25.0,39G6,0
17.07708333333332,55.15625,51.0,48.29134378071853,623.8696166123859,25.0,39G7,0
17.222916666666663,55.15625,59.0,46.11384411487669,632.8574051717595,25.0,39G7,0
17.368750000000006,55.15625,55.0,44.60432258606945,642.3896166123859,25.0,39G7,0
17.51458333333332,55.15625,46.0,42.28548736317081,652.1717564169486,25.0,39G7,0
17.660416666666663,55.15625,45.0,39.84175437281488,660.909616612384,25.0,39G7,0
17.806250000000006,55.15625,43.0,37.39413024643473,670.6917564169486,25.0,39G7,0
17.95208333333332,55.15625,41.0,36.14856133560421,680.223967055378,25.0,39G7,0
18.097916666666663,55.15625,59.0,36.14856133560421,689.2117564169486,26.0,39G8,0
18.24375000000001,55.15625,70.0,36.14856133560421,698.743967055378,26.0,39G8,0
18.38958333333332,55.15625,77.0,36.28906921613434,708.5261076303061,26.0,39G8,0
18.535416666666663,55.15625,84.0,38.07686104189288,717.263967055378,26.0,39G8,0
18.68125000000001,55.15625,91.0,42.07677948254685,727.0461076303063,26.0,39G8,0
18.82708333333332,55.15625,92.0,47.68926760299892,736.5783173901391,26.0,39G8,0
18.972916666666663,55.15625,89.0,52.91147536778717,745.5661076303046,26.0,39G8,0
19.11875000000001,55.15625,91.0,57.72488836845487,755.0983173901373,26.0,39G9,0
19.26458333333332,55.15625,98.0,50.24207625022683,764.8804588054626,26.0,39G9,0
19.410416666666663,55.15625,98.0,42.67754675269087,773.6183173901373,26.0,39G9,0
19.55625000000001,55.15625,99.0,35.03834031099091,783.4004588054623,26.0,39G9,0
19.70208333333332,55.15625,84.0,28.31576914934737,792.9326676102985,26.0,39G9,0
19.847916666666663,55.15625,68.0,23.907838637503897,801.9204588054623,26.0,39G9,0
19.99375000000001,55.15625,61.0,22.245268514217543,811.4526676102986,26.0,39G9,0
20.13958333333332,55.15625,52.0,22.47217072346079,821.2348099360539,26.0,39H0,0
20.285416666666663,55.15625,46.0,22.245268514217543,829.9726676102986,26.0,39H0,0
20.43125000000001,55.15625,35.0,19.32425192013933,839.7548099360521,26.0,39H0,0
20.57708333333332,55.15625,29.0,12.053293438057846,849.2870177094919,26.0,39H0,0
20.722916666666663,55.15625,18.0,4.849412069146307,858.2748099360521,26.0,39H0,3
20.86875000000001,55.15625,-0.0,0.0,867.807017709492,26.0,39H0,3
21.01458333333332,55.15625,1.0,2.5571957963598826,881.9538724138079,26.0,39H1,3
21.160416666666663,55.15625,1.0,0.7943513088556091,888.8188364772667,26.0,39H1,3
21.30625000000001,55.15625,1.0,2.0167306078461933,897.7231348297973,26.0,39H1,5
21.45208333333332,55.15625,1.0,1.2207554358625348,906.8175287106644,26.0,39H1,5
21.74375000000001,55.15625,-0.0,0.0,924.978457431238,26.0,39H1,5
9.785416666666665,55.23958333333334,15.0,1.8363078247590656,356.5144309404615,22.0,39F9,3
10.95208333333332,55.23958333333334,22.0,8.379624221978377,339.84820331664446,22.0,39G0,0
11.097916666666665,55.23958333333334,37.0,4.845130737391072,339.84820331664446,22.0,39G1,0
12.410416666666665,55.23958333333334,15.0,1.853772376183616,378.4635247962914,24.0,39G2,3
12.556250000000006,55.23958333333334,24.0,8.43164433700906,376.8882033166444,24.0,39G2,0
12.70208333333332,55.23958333333334,21.0,16.79152717612434,376.8882033166444,24.0,39G2,0
12.847916666666665,55.23958333333334,26.0,15.836337293990963,376.8882033166444,24.0,39G2,0
12.993750000000006,55.23958333333334,27.0,15.57174462956167,377.8150895047394,24.0,39G2,0
13.13958333333332,55.23958333333334,37.0,14.109795378230192,380.8156272752434,24.0,39G3,0
13.285416666666665,55.23958333333334,40.0,11.806034023852463,386.0527273960005,24.0,39G3,0
13.431250000000006,55.23958333333334,41.0,11.806034023852463,393.76057367347306,24.0,39G3,0
13.57708333333332,55.23958333333334,40.0,16.56103853251431,401.675799528618,24.0,39G3,0
13.722916666666665,55.23958333333334,42.0,18.464910359146053,409.9920897081754,24.0,39G3,0
13.868750000000006,55.23958333333334,41.0,19.727183095491625,418.8773459578201,24.0,39G3,0
14.01458333333332,55.23958333333334,38.0,15.934872854033031,428.3380725619607,24.0,39G4,0
14.160416666666665,55.23958333333334,37.0,15.757065197570288,436.6304207622581,24.0,39G4,0
14.306250000000006,55.23958333333334,45.0,17.291637196978126,446.0653817185834,24.0,39G4,0
14.45208333333332,55.23958333333334,41.0,16.288026714387982,455.1504207622597,24.0,39G4,0
14.597916666666665,55.23958333333334,42.0,7.98173853932987,463.7007854956116,24.0,39G4,0
14.88958333333332,55.23958333333334,28.0,1.2196755688618452,483.356307824759,25.0,39G4,3
15.035416666666665,55.23958333333334,63.0,4.842613630466103,491.8655039469661,25.0,39G5,3
15.181250000000006,55.23958333333334,58.0,11.252836214239508,501.6253817185837,25.0,39G5,0
15.32708333333332,55.23958333333334,63.0,16.881265370690826,511.1376691780292,25.0,39G5,0
15.472916666666665,55.23958333333334,70.0,23.898064743032634,520.1453817185836,25.0,39G5,0
15.618750000000006,55.23958333333334,90.0,32.480894720015705,529.6576691780291,25.0,39G5,0
15.76458333333332,55.23958333333334,95.0,41.47716762637961,539.4580725619606,25.0,39G5,0
15.910416666666665,55.23958333333334,93.0,49.89647400930954,548.1776691780292,25.0,39G5,0
16.056250000000006,55.23958333333334,86.0,59.184340643510446,557.9780725619588,25.0,39G6,0
16.20208333333332,55.23958333333334,74.0,68.53728048824985,567.490359372053,25.0,39G6,0
16.347916666666663,55.23958333333334,66.0,77.1477352953718,576.4980725619589,25.0,39G6,0
16.493750000000006,55.23958333333334,57.0,72.94563973675926,586.0103593720528,25.0,39G6,0
16.63958333333332,55.23958333333334,66.0,68.18217498490708,595.8107633862373,25.0,39G6,0
16.785416666666663,55.23958333333334,77.0,63.780661181529545,604.5303593720528,25.0,39G6,0
16.931250000000006,55.23958333333334,85.0,59.95424933682409,614.3307633862375,25.0,39G6,0
17.07708333333332,55.23958333333334,88.0,57.19366472664769,623.8430494705857,25.0,39G7,0
17.222916666666663,55.23958333333334,91.0,55.26482662222403,632.8507633862375,25.0,39G7,0
17.368750000000006,55.23958333333334,90.0,53.692055838335534,642.3630494705858,25.0,39G7,0
17.51458333333332,55.23958333333334,84.0,51.17722029294877,652.1634541850494,25.0,39G7,0
17.660416666666663,55.23958333333334,57.0,48.754541352146425,660.8830494705837,25.0,39G7,0
17.806250000000006,55.23958333333334,67.0,46.41286057955692,670.6834541850494,25.0,39G7,0
17.95208333333332,55.23958333333334,63.0,45.41742321653008,680.1957394672575,25.0,39G7,0
18.097916666666663,55.23958333333334,68.0,45.41742321653008,689.2034541850495,26.0,39G8,0
18.24375000000001,55.23958333333334,64.0,45.41742321653008,698.7157394672574,26.0,39G8,0
18.38958333333332,55.23958333333334,80.0,45.52910218430628,708.5161449520322,26.0,39G8,0
18.535416666666663,55.23958333333334,82.0,46.96352254787527,717.2357394672574,26.0,39G8,0
18.68125000000001,55.23958333333334,82.0,50.2544654154428,727.0361449520324,26.0,39G8,0
18.82708333333332,55.23958333333334,85.0,55.02972468775541,736.5484293557057,26.0,39G8,0
18.972916666666663,55.23958333333334,78.0,60.413028648578496,745.5561449520306,26.0,39G8,0
19.11875000000001,55.23958333333334,83.0,63.08091590248404,755.0684293557039,26.0,39G9,0
19.26458333333332,55.23958333333334,93.0,55.11236958462249,764.8688356808165,26.0,39G9,0
19.410416666666663,55.23958333333334,95.0,48.29289235169035,773.5884293557039,26.0,39G9,0
19.55625000000001,55.23958333333334,99.0,41.52939806841419,783.3888356808162,26.0,39G9,0
19.70208333333332,55.23958333333334,95.0,36.04761114019699,792.9011191295605,26.0,39G9,0
19.847916666666663,55.23958333333334,60.0,32.7064665212505,801.9088356808162,26.0,39G9,0
19.99375000000001,55.23958333333334,64.0,31.514130395143408,811.4211191295605,26.0,39G9,0
20.13958333333332,55.23958333333334,53.0,31.674369948675075,821.2215263650387,26.0,39H0,0
20.285416666666663,55.23958333333334,45.0,31.514130395143408,829.9411191295604,26.0,39H0,0
20.43125000000001,55.23958333333334,34.0,24.887868165776105,839.741526365037,26.0,39H0,0
20.57708333333332,55.23958333333334,26.0,16.910568167594143,849.2538087824577,26.0,39H0,0
20.722916666666663,55.23958333333334,25.0,10.248161115506578,858.261526365037,26.0,39H0,0
20.86875000000001,55.23958333333334,18.0,2.439459090461735,867.7738087824576,26.0,39H0,3
21.01458333333332,55.23958333333334,1.0,1.5853817185836154,877.5742169983298,26.0,39H1,3
21.160416666666663,55.23958333333334,3.0,4.03254634419339,886.2938087824576,26.0,39H1,3
21.30625000000001,55.23958333333334,2.0,0.7926908624737927,896.0942169983299,26.0,39H1,3
9.785416666666665,55.32291666666666,3.0,0.7910287392353282,346.4322096441685,22.0,39F9,3
10.95208333333332,55.32291666666666,5.0,1.2184879657226382,329.67017900948167,22.0,39G0,3
11.097916666666665,55.32291666666666,9.0,2.4368679565243583,329.67017900948167,22.0,39G1,3
12.556250000000006,55.32291666666666,21.0,7.119257889246447,366.8982154362679,24.0,39G2,0
12.70208333333332,55.32291666666666,9.0,9.628396111446106,366.7101790094817,24.0,39G2,0
12.847916666666665,55.32291666666666,7.0,6.678023959204645,366.7311895170311,24.0,39G2,0
12.993750000000006,55.32291666666666,22.0,7.217594394417645,368.3338962832423,24.0,39G2,0
13.13958333333332,55.32291666666666,21.0,5.610619202801039,373.4109204789488,24.0,39G3,3
13.285416666666665,55.32291666666666,6.0,2.7806585642779003,380.25450303980506,24.0,39G3,3
13.431250000000006,55.32291666666666,15.0,3.790921828093139,389.16536137400425,24.0,39G3,3
13.57708333333332,55.32291666666666,25.0,7.415089504739416,398.5897032594448,24.0,39G3,0
13.722916666666665,55.32291666666666,35.0,10.837477482750776,407.2040400371785,24.0,39G3,0
13.868750000000006,55.32291666666666,36.0,11.234303804119074,416.9323430502548,24.0,39G3,0
14.01458333333332,55.32291666666666,16.0,6.907968664967334,426.4246751006432,24.0,39G4,0
14.160416666666665,55.32291666666666,17.0,6.4882033166479625,435.45234305025485,24.0,39G4,0
14.306250000000006,55.32291666666666,38.0,9.628396111447367,444.9446751006432,24.0,39G4,0
14.45208333333332,55.32291666666666,51.0,17.46003477736439,454.7633712929704,24.0,39G4,0
14.597916666666665,55.32291666666666,54.0,10.935379539713308,463.4646751006432,25.0,39G4,0
14.743750000000006,55.32291666666666,44.0,3.791060625516333,473.28337129296864,25.0,39G4,3
14.88958333333332,55.32291666666666,70.0,7.846433874030249,483.1020574721068,25.0,39G4,3
15.035416666666665,55.32291666666666,74.0,12.683723312846134,491.8033712929686,25.0,39G5,0
15.181250000000006,55.32291666666666,17.0,18.06985751784874,501.62205747210703,25.0,39G5,0
15.32708333333332,55.32291666666666,79.0,24.015397035635864,511.1143994529308,25.0,39G5,0
15.472916666666665,55.32291666666666,75.0,29.564759037557444,520.142057472107,25.0,39G5,0
15.618750000000006,55.32291666666666,88.0,36.91049223176135,529.6343994529308,25.0,39G5,0
15.76458333333332,55.32291666666666,97.0,45.01485396973301,539.453086192247,25.0,39G5,0
15.910416666666665,55.32291666666666,96.0,52.85856260797191,548.1543994529308,25.0,39G5,0
16.056250000000006,55.32291666666666,88.0,61.68494646012531,557.9730861922453,25.0,39G6,0
16.20208333333332,55.32291666666666,74.0,70.69018275592487,567.4654275237718,25.0,39G6,0
16.347916666666663,55.32291666666666,68.0,79.04990477875445,576.4930861922453,25.0,39G6,0
16.493750000000006,55.32291666666666,58.0,80.93887191263711,585.9854275237717,25.0,39G6,0
16.63958333333332,55.32291666666666,69.0,76.11797471494684,595.8041148932884,25.0,39G6,0
16.785416666666663,55.32291666666666,68.0,72.1123139283979,604.5054275237717,25.0,39G6,0
16.931250000000006,55.32291666666666,69.0,68.75838606665752,614.3241148932887,25.0,39G6,0
17.07708333333332,55.32291666666666,72.0,66.10748358572901,623.8164554991297,25.0,39G7,0
17.222916666666663,55.32291666666666,74.0,64.44950748016984,632.8441148932886,25.0,39G7,0
17.368750000000006,55.32291666666666,77.0,62.83006139733477,642.3364554991298,25.0,39G7,0
17.51458333333332,55.32291666666666,80.0,60.07695082609472,652.1551435688672,25.0,39G7,0
17.660416666666663,55.32291666666666,78.0,57.63293663179083,660.8564554991277,25.0,39G7,0
17.806250000000006,55.32291666666666,79.0,55.51405000867986,670.6751435688672,25.0,39G7,0
17.95208333333332,55.32291666666666,73.0,54.686285097452405,680.167483372635,25.0,39G7,0
18.097916666666663,55.32291666666666,77.0,54.686285097452405,689.1951435688671,26.0,39G8,0
18.24375000000001,55.32291666666666,77.0,54.686285097452405,698.687483372635,26.0,39G8,0
18.38958333333332,55.32291666666666,80.0,54.77887670908269,708.5061722126194,26.0,39G8,0
18.535416666666663,55.32291666666666,80.0,55.974288303175385,717.207483372635,26.0,39G8,0
18.68125000000001,55.32291666666666,83.0,58.75704348058048,727.0261722126196,26.0,39G8,0
18.82708333333332,55.32291666666666,91.0,62.8816124112844,736.518511137926,26.0,39G8,0
18.972916666666663,55.32291666666666,84.0,67.6332749002758,745.5461722126178,26.0,39G8,0
19.11875000000001,55.32291666666666,85.0,68.26688542803808,755.0385111379242,26.0,39G9,0
19.26458333333332,55.32291666666666,89.0,60.95077799579057,764.8572008181762,26.0,39G9,0
19.410416666666663,55.32291666666666,92.0,54.7677952864108,773.5585111379241,26.0,39G9,0
19.55625000000001,55.32291666666666,98.0,48.92106938957685,783.377200818176,26.0,39G9,0
19.70208333333332,55.32291666666666,99.0,44.37229903241278,792.869538788633,26.0,39G9,0
19.847916666666663,55.32291666666666,87.0,41.70928731917126,801.897200818176,26.0,39G9,0
19.99375000000001,55.32291666666666,66.0,40.78299227606573,811.389538788633,26.0,39G9,0
20.13958333333332,55.32291666666666,51.0,40.906681031596165,821.2082293791748,26.0,39H0,0
20.285416666666663,55.32291666666666,38.0,37.88605121837255,829.909538788633,26.0,39H0,0
20.43125000000001,55.32291666666666,33.0,30.12353547044211,839.728229379173,26.0,39H0,0
20.57708333333332,55.32291666666666,29.0,22.50763003879941,849.2205663183925,26.0,39H0,0
20.722916666666663,55.32291666666666,27.0,15.366275138262033,858.2482293791729,26.0,39H0,0
20.86875000000001,55.32291666666666,24.0,7.222933347984691,867.7405663183924,26.0,39H0,3
21.160416666666663,55.32291666666666,4.0,3.010920478947431,886.2605663183925,26.0,39H1,3
21.30625000000001,55.32291666666666,2.0,3.0117067833435205,896.0792578892465,26.0,39H1,3
21.45208333333332,55.32291666666666,2.0,0.7910287392354289,905.5715937208404,26.0,39H1,3
9.63958333333332,55.40625,9.0,2.3680948025110213,342.1564304877315,22.0,39F9,3
9.785416666666665,55.40625,6.0,2.3680948025093143,337.38941353509347,22.0,39F9,3
10.806250000000006,55.40625,19.0,3.652873183507456,320.40131712855583,22.0,39G0,0
10.95208333333332,55.40625,25.0,8.3793100980076,320.40131712855583,22.0,39G0,0
11.097916666666665,55.40625,13.0,4.896219535276451,320.40131712855583,22.0,39G1,0
12.410416666666665,55.40625,13.0,2.435140896304941,358.4159742406174,23.0,39G2,3
12.556250000000006,55.40625,17.0,9.625077450703548,357.92392456626254,23.0,39G2,0
12.70208333333332,55.40625,12.0,7.343609780495619,357.44131712855585,23.0,39G2,0
13.722916666666665,55.40625,13.0,2.4347091779772168,407.9190284080594,24.0,39G3,3
13.868750000000006,55.40625,8.0,2.4347091779771515,417.314956029356,24.0,39G3,3
14.306250000000006,55.40625,25.0,5.08512545778613,444.9293997418298,25.0,39G4,3
14.45208333333332,55.40625,51.0,12.80794321922105,454.7417419376602,25.0,39G4,0
14.597916666666665,55.40625,71.0,16.552982330085594,463.4247439841442,25.0,39G4,0
14.743750000000006,55.40625,69.0,13.000464025074256,473.2617419376584,25.0,39G4,0
14.88958333333332,55.40625,68.0,14.798882199942131,483.0987298789486,25.0,39G4,0
15.035416666666665,55.40625,67.0,20.453878929293477,491.7817419376584,25.0,39G5,0
15.181250000000006,55.40625,75.0,25.207559728796465,501.6187298789488,25.0,39G5,0
15.32708333333332,55.40625,75.0,31.32150293845356,511.0911063010968,25.0,39G5,0
15.472916666666665,55.40625,75.0,36.5654986647902,520.1387298789488,25.0,39G5,0
15.618750000000006,55.40625,87.0,42.82350028817509,529.6111063010968,25.0,39G5,0
15.76458333333332,55.40625,94.0,50.04138382621523,539.4480948025112,25.0,39G5,0
15.910416666666665,55.40625,93.0,57.185815105535376,548.1311063010968,25.0,39G5,0
16.056250000000006,55.40625,87.0,65.41481418967233,557.9680948025094,25.0,39G6,0
16.20208333333332,55.40625,77.0,72.43147872202307,567.4404705754226,25.0,39G6,0
16.347916666666663,55.40625,68.0,75.93374471515529,576.4880948025094,25.0,39G6,0
16.493750000000006,55.40625,53.0,80.63560713386855,585.9604705754225,25.0,39G6,0
16.63958333333332,55.40625,52.0,84.24212607080801,595.7974597069767,25.0,39G6,0
16.785416666666663,55.40625,55.0,80.64875235426148,604.4804705754225,25.0,39G6,0
16.931250000000006,55.40625,56.0,77.66077252235361,614.3174597069769,25.0,39G6,0
17.07708333333332,55.40625,56.0,75.10730116202883,623.7898347542747,25.0,39G7,0
17.222916666666663,55.40625,55.0,73.65528139656354,632.8374597069769,25.0,39G7,0
17.368750000000006,55.40625,56.0,71.64007195323272,642.3098347542747,25.0,39G7,0
17.51458333333332,55.40625,63.0,68.98056530366004,652.1468245859821,25.0,39G7,0
17.660416666666663,55.40625,74.0,66.6177809721487,660.8298347542726,25.0,39G7,0
17.806250000000006,55.40625,73.0,64.66288997913178,670.6668245859822,25.0,39G7,0
17.95208333333332,55.40625,71.0,63.95514697837827,680.1391988312837,25.0,39G7,0
18.097916666666663,55.40625,78.0,63.95514697837827,689.1868245859822,26.0,39G8,0
18.24375000000001,55.40625,83.0,63.95514697837827,698.6591988312837,26.0,39G8,0
18.38958333333332,55.40625,85.0,64.03417140850345,708.496189433164,26.0,39G8,0
18.535416666666663,55.40625,83.0,65.05761177317454,717.1791988312837,26.0,39G8,0
18.68125000000001,55.40625,82.0,67.46178151204,727.0161894331642,26.0,39G8,0
18.82708333333332,55.40625,88.0,71.07563566509357,736.4885628000889,26.0,39G8,0
18.972916666666663,55.40625,89.0,75.30343323580556,745.5361894331625,26.0,39G8,0
19.11875000000001,55.40625,85.0,74.19862541904335,755.008562800087,26.0,39G9,0
19.26458333333332,55.40625,86.0,67.47313938138197,764.8455542421542,26.0,39G9,0
19.410416666666663,55.40625,90.0,61.956767577469485,773.528562800087,26.0,39G9,0
19.55625000000001,55.40625,96.0,56.8654000128944,783.365554242154,26.0,39G9,0
19.70208333333332,55.40625,97.0,53.01126993421111,792.8379266543211,26.0,39G9,0
19.847916666666663,55.40625,92.0,50.807871805648574,801.885554242154,26.0,39G9,0
19.99375000000001,55.40625,70.0,50.0518541569916,811.3579266543211,26.0,39G9,0
20.13958333333332,55.40625,48.0,50.15247731817881,821.1949190065905,26.0,39H0,0
20.285416666666663,55.40625,42.0,43.35078816079513,829.8779266543211,26.0,39H0,0
20.43125000000001,55.40625,39.0,35.57974284712917,839.7149190065887,26.0,39H0,0
20.57708333333332,55.40625,35.0,27.492917609007705,849.1872903876174,26.0,39H0,0
20.722916666666663,55.40625,34.0,19.625425877170603,858.2349190065887,26.0,39H0,0
20.86875000000001,55.40625,29.0,10.915037807238065,867.7072903876174,26.0,39H0,0
21.01458333333332,55.40625,17.0,2.3680948025093143,877.5442837201048,26.0,39H1,3
21.160416666666663,55.40625,3.0,3.0069884692592472,886.2272903876174,26.0,39H1,3
21.30625000000001,55.40625,2.0,0.7893649426557628,896.0642837201048,26.0,39H1,3
21.45208333333332,55.40625,-0.0,0.0,904.7472903876176,26.0,39H1,3
10.51458333333332,55.48958333333334,-0.0,0.7876994762569965,310.31198177231056,22.0,39G0,3
10.806250000000006,55.48958333333334,16.0,2.014120145707439,310.2232928213867,22.0,39G0,3
10.95208333333332,55.48958333333334,19.0,9.097324548731985,310.2232928213867,22.0,39G0,0
11.097916666666665,55.48958333333334,8.0,2.780658564274362,310.2232928213867,22.0,39G1,3
12.26458333333332,55.48958333333334,8.0,3.9384972539921215,354.88305566884867,23.0,39G2,0
12.410416666666665,55.48958333333334,13.0,10.672576915781534,349.469308995696,23.0,39G2,0
12.556250000000006,55.48958333333334,13.0,7.45674007279141,348.52008302914805,23.0,39G2,0
12.70208333333332,55.48958333333334,12.0,9.727612000097448,347.2632928213867,23.0,39G2,0
12.847916666666665,55.48958333333334,6.0,4.700965514585274,348.21101271725365,23.0,39G2,0
14.45208333333332,55.48958333333334,44.0,7.613032305205301,456.44740177341214,25.0,39G4,3
14.597916666666665,55.48958333333334,55.0,15.957240211583898,464.8279838197314,25.0,39G4,0
14.743750000000006,55.48958333333334,67.0,22.259280970408597,473.894680597366,25.0,39G4,0
14.88958333333332,55.48958333333334,70.0,23.353051673094438,483.09539894614767,25.0,39G4,0
15.035416666666665,55.48958333333334,75.0,27.281842382386383,491.7600908747009,25.0,39G5,0
15.181250000000006,55.48958333333334,79.0,33.40876724695085,501.6153989461479,25.0,39G5,0
15.32708333333332,55.48958333333334,75.0,38.22345719605549,511.0677897718016,25.0,39G5,0
15.472916666666665,55.48958333333334,75.0,43.991482912655606,520.1353989461478,25.0,39G5,0
15.618750000000006,55.48958333333334,84.0,49.67483176667907,529.5877897718016,25.0,39G5,0
15.76458333333332,55.48958333333334,86.0,56.06812734946261,539.4430984033115,25.0,39G5,0
15.910416666666665,55.48958333333334,84.0,58.81688757316208,548.1077897718017,25.0,39G5,0
16.056250000000006,55.48958333333334,80.0,60.66145579639596,557.9630984033098,25.0,39G6,0
16.20208333333332,55.48958333333334,76.0,63.84752035580139,567.4154885797997,25.0,39G6,0
16.347916666666663,55.48958333333334,71.0,67.78658803071708,576.4830984033098,25.0,39G6,0
16.493750000000006,55.48958333333334,60.0,73.00433075966984,585.9354885797994,25.0,39G6,0
16.63958333333332,55.48958333333334,43.0,78.99710789991246,595.7907978413805,25.0,39G6,0
16.785416666666663,55.48958333333334,36.0,82.72271739211295,604.4554885797994,25.0,39G6,0
16.931250000000006,55.48958333333334,36.0,85.70288472845806,614.3107978413807,25.0,39G6,0
17.07708333333332,55.48958333333334,38.0,84.16553445607997,623.763187292334,25.0,39G7,0
17.222916666666663,55.48958333333334,37.0,82.81167452210437,632.8307978413807,25.0,39G7,0
17.368750000000006,55.48958333333334,34.0,80.53982598920463,642.283187292334,25.0,39G7,0
17.51458333333332,55.48958333333334,43.0,77.86705375068028,652.1384972539922,25.0,39G7,0
17.660416666666663,55.48958333333334,58.0,75.66440889911628,660.803187292332,25.0,39G7,0
17.806250000000006,55.48958333333334,71.0,73.84167118529304,670.6584972539922,25.0,39G7,0
17.95208333333332,55.48958333333334,68.0,73.22400885930413,680.1108859030367,25.0,39G7,0
18.097916666666663,55.48958333333334,74.0,73.22400885930413,689.1784972539922,26.0,39G8,0
18.24375000000001,55.48958333333334,83.0,73.22400885930413,698.6308859030366,26.0,39G8,0
18.38958333333332,55.48958333333334,87.0,73.2928950792823,708.4861966347837,26.0,39G8,0
18.535416666666663,55.48958333333334,86.0,74.18684617806962,717.1508859030367,26.0,39G8,0
18.68125000000001,55.48958333333334,80.0,76.29951974149432,727.0061966347839,26.0,39G8,0
18.82708333333332,55.48958333333334,87.0,79.50608163189365,736.4585844055472,26.0,39G8,0
18.972916666666663,55.48958333333334,87.0,83.29931320580424,745.5261966347821,26.0,39G8,0
19.11875000000001,55.48958333333334,87.0,80.70240089621616,754.9785844055455,26.0,39G9,0
19.26458333333332,55.48958333333334,80.0,74.5793028836054,764.8338959773877,26.0,39G9,0
19.410416666666663,55.48958333333334,87.0,69.63901489839677,773.4985844055454,26.0,39G9,0
19.55625000000001,55.48958333333334,94.0,65.16056298971085,783.3538959773874,26.0,39G9,0
19.70208333333332,55.48958333333334,92.0,61.83293398148616,792.8062827934973,26.0,39G9,0
19.847916666666663,55.48958333333334,89.0,59.958640065821,801.8738959773875,26.0,39G9,0
19.99375000000001,55.48958333333334,81.0,59.32071603791746,811.3262827934973,26.0,39G9,0
20.13958333333332,55.48958333333334,62.0,55.77165837432622,821.1815952754425,26.0,39H0,0
20.285416666666663,55.48958333333334,52.0,48.53644873378144,829.8462827934973,26.0,39H0,0
20.43125000000001,55.48958333333334,41.0,39.93972811349571,839.7015952754408,26.0,39H0,0
20.57708333333332,55.48958333333334,57.0,30.86187396743432,849.1539810605248,26.0,39H0,0
20.722916666666663,55.48958333333334,54.0,22.540428234881663,858.2215952754408,26.0,39H0,0
20.86875000000001,55.48958333333334,31.0,13.424338885328549,867.6739810605247,26.0,39H0,0
21.01458333333332,55.48958333333334,21.0,4.046499706568393,877.529294522581,26.0,39H1,3
21.160416666666663,55.48958333333334,2.0,2.363098403309772,886.1939810605247,26.0,39H1,3
9.785416666666665,55.57291666666666,6.0,0.786032343556241,322.64885267924615,22.0,40F9,3
9.931250000000006,55.57291666666666,13.0,5.601248620993964,316.0552504840656,22.0,40F9,0
10.07708333333332,55.57291666666666,2.0,0.7860323435561409,310.7007196523009,22.0,40G0,3
10.51458333333332,55.57291666666666,12.0,2.999908879512489,301.2135380777487,22.0,40G0,3
10.806250000000006,55.57291666666666,25.0,6.535713171623421,300.9544309404644,22.0,40G0,0
10.95208333333332,55.57291666666666,9.0,9.268861880925156,300.9544309404644,22.0,40G0,0
11.097916666666665,55.57291666666666,10.0,3.9301615905128617,300.9544309404644,22.0,40G1,0
12.410416666666665,55.57291666666666,7.0,3.645427723047728,341.7516675510611,23.0,40G2,0
12.556250000000006,55.57291666666666,-0.0,0.0,339.74758236775114,23.0,40G2,3
12.70208333333332,55.57291666666666,8.0,2.999122107949479,337.9944309404643,23.0,40G2,3
12.847916666666665,55.57291666666666,8.0,3.2782258580426404,338.9765210093204,23.0,40G2,0
14.45208333333332,55.57291666666666,41.0,6.557091124903232,462.2221738456447,25.0,40G4,3
14.597916666666665,55.57291666666666,64.0,15.052362593313392,469.0006040839279,25.0,40G4,0
14.743750000000006,55.57291666666666,73.0,24.442539216223302,476.936819544749,25.0,40G4,0
14.88958333333332,55.57291666666666,76.0,32.303972821644955,485.55838652306096,25.0,40G4,0
15.035416666666665,55.57291666666666,79.0,35.24287065301657,493.88443792348113,25.0,40G5,0
15.181250000000006,55.57291666666666,76.0,40.3778814381372,503.1841293105926,25.0,40G5,0
15.32708333333332,55.57291666666666,72.0,45.96576626856232,512.1575908012262,25.0,40G5,0
15.472916666666665,55.57291666666666,71.0,50.85338887625832,520.918097005216,25.0,40G5,0
15.618750000000006,55.57291666666666,70.0,50.32887892422623,529.7218000617509,25.0,40G5,0
15.76458333333332,55.57291666666666,73.0,49.1498323657561,539.4380970052177,25.0,40G5,0
15.910416666666665,55.57291666666666,79.0,49.62604383032036,548.0844499143691,25.0,40G5,0
16.056250000000006,55.57291666666666,76.0,51.7944287012656,557.958097005216,25.0,40G6,0
16.20208333333332,55.57291666666666,76.0,55.48436964431289,567.3904815897495,25.0,40G6,0
16.347916666666663,55.57291666666666,69.0,59.9660854089618,576.478097005216,25.0,40G6,0
16.493750000000006,55.57291666666666,67.0,65.7950181351616,585.9104815897492,25.0,40G6,0
16.63958333333332,55.57291666666666,54.0,71.72790855824289,595.7841293105923,25.0,40G6,0
16.785416666666663,55.57291666666666,38.0,73.8257342922904,604.4304815897492,25.0,40G6,0
16.931250000000006,55.57291666666666,32.0,77.1434399702096,614.3041293105925,25.0,40G6,0
17.07708333333332,55.57291666666666,31.0,81.40663282403385,623.7365131696779,25.0,40G7,0
17.222916666666663,55.57291666666666,27.0,86.02571159967687,632.8241293105926,25.0,40G7,0
17.368750000000006,55.57291666666666,20.0,89.42881083183532,642.2565131696779,25.0,40G7,0
17.51458333333332,55.57291666666666,18.0,86.7496661939099,652.1301615905129,25.0,40G7,0
17.660416666666663,55.57291666666666,43.0,84.66199951225758,660.7765131696758,25.0,40G7,0
17.806250000000006,55.57291666666666,63.0,83.04046566171759,670.6501615905129,25.0,40G7,0
17.95208333333332,55.57291666666666,69.0,82.49287074022645,680.082544647787,25.0,40G7,0
18.097916666666663,55.57291666666666,72.0,82.49287074022645,689.1701615905129,26.0,40G8,0
18.24375000000001,55.57291666666666,85.0,82.49287074022645,698.602544647787,26.0,40G8,0
18.38958333333332,55.57291666666666,91.0,82.5538940141249,708.4761938386172,26.0,40G8,0
18.535416666666663,55.57291666666666,92.0,83.34690659947888,717.1225446477871,26.0,40G8,0
18.68125000000001,55.57291666666666,84.0,85.22889417670137,726.9961938386173,26.0,40G8,0
18.82708333333332,55.57291666666666,85.0,88.10510923440177,736.4285760177173,26.0,40G8,0
18.972916666666663,55.57291666666666,86.0,91.53559659545132,745.5161938386154,26.0,40G8,0
19.11875000000001,55.57291666666666,88.0,87.70483640441535,754.9485760177155,26.0,40G9,0
19.26458333333332,55.57291666666666,81.0,82.11784812169692,764.8222260485384,26.0,40G9,0
19.410416666666663,55.57291666666666,87.0,77.66830397676031,773.4685760177155,26.0,40G9,0
19.55625000000001,55.57291666666666,88.0,73.68817260414119,783.3422260485382,26.0,40G9,0
19.70208333333332,55.57291666666666,87.0,70.76900363563227,792.774607273101,26.0,40G9,0
19.847916666666663,55.57291666666666,87.0,69.14087569623321,801.8622260485382,26.0,40G9,0
19.99375000000001,55.57291666666666,82.0,68.58957791883978,811.294607273101,26.0,40G9,0
20.13958333333332,55.57291666666666,76.0,59.86134979461865,821.168258213916,26.0,40H0,0
20.285416666666663,55.57291666666666,64.0,51.38609706976669,829.814607273101,26.0,40H0,0
20.43125000000001,55.57291666666666,67.0,42.17223233488635,839.6882582139142,26.0,40H0,0
20.57708333333332,55.57291666666666,64.0,32.8973402981072,849.1206384075767,26.0,40H0,0
20.722916666666663,55.57291666666666,54.0,24.366971086887222,858.2082582139142,26.0,40H0,0
20.86875000000001,55.57291666666666,41.0,14.934607273099104,867.6406384075767,26.0,40H0,0
21.01458333333332,55.57291666666666,29.0,5.5022260485363566,877.5142903283836,26.0,40H1,3
21.160416666666663,55.57291666666666,2.0,1.5720646807505048,886.1606384075767,26.0,40H1,3
9.785416666666665,55.65625,13.0,2.5292947754482458,316.6619491851371,22.0,40F9,3
9.931250000000006,55.65625,13.0,4.025505824845236,308.890255351407,22.0,40F9,0
10.07708333333332,55.65625,18.0,5.56880718744814,302.92321995542005,22.0,40G0,0
10.222916666666665,55.65625,18.0,2.9959747320651835,298.3328179903334,22.0,40G0,3
10.368750000000006,55.65625,22.0,4.857765616868483,294.219430734261,22.0,40G0,0
10.51458333333332,55.65625,18.0,6.60678886782916,291.7032928213874,22.0,40G0,0
10.660416666666665,55.65625,25.0,5.1981610014425375,290.7764066332952,22.0,40G0,0
10.806250000000006,55.65625,20.0,8.67672832872623,290.7764066332952,22.0,40G0,0
10.95208333333332,55.65625,1.0,0.0,290.7764066332952,22.0,40G0,3
12.70208333333332,55.65625,8.0,1.8222366772810628,327.81640663329523,23.0,40G2,3
12.847916666666665,55.65625,11.0,3.921817613177673,330.08959790846285,23.0,40G2,0
12.993750000000006,55.65625,12.0,2.7806585642779003,334.38299860525643,23.0,40G2,3
14.306250000000006,55.65625,21.0,2.3530906188079874,468.5613171285559,25.0,40G4,3
14.45208333333332,55.65625,49.0,11.205434792008978,470.2079861774272,25.0,40G4,0
14.597916666666665,55.65625,54.0,18.47762434577213,475.0072258969352,25.0,40G4,0
14.743750000000006,55.65625,60.0,26.76664778476678,482.18076388982894,25.0,40G4,0
14.88958333333332,55.65625,65.0,35.55509907804288,489.9076692307659,25.0,40G4,0
15.035416666666665,55.65625,75.0,40.653052534545004,497.2594189320604,25.0,40G5,0
15.181250000000006,55.65625,70.0,44.27152440600095,505.8361525064596,25.0,40G5,0
15.32708333333332,55.65625,69.0,49.224288327682615,514.643037205727,25.0,40G5,0
15.472916666666665,55.65625,66.0,44.727946331102864,523.2661810658226,25.0,40G5,0
15.618750000000006,55.65625,67.0,41.3278134196196,532.1851905952167,25.0,40G5,0
15.76458333333332,55.65625,66.0,39.886683743883054,541.4186256979958,25.0,40G5,0
15.910416666666665,55.65625,71.0,40.470800842611325,549.7311288279916,25.0,40G5,0
16.056250000000006,55.65625,71.0,43.09682929325306,558.8718239096369,25.0,40G6,0
16.20208333333332,55.65625,70.0,47.45890187935374,567.9405648781321,25.0,40G6,0
16.347916666666663,55.65625,73.0,52.61808846554701,576.4730906188081,25.0,40G6,0
16.493750000000006,55.65625,62.0,59.16212845300714,585.8854496581718,25.0,40G6,0
16.63958333333332,55.65625,61.0,62.64628206473128,595.777454128719,25.0,40G6,0
16.785416666666663,55.65625,45.0,65.03270745512275,604.4054496581717,25.0,40G6,0
16.931250000000006,55.65625,30.0,68.76814988966643,614.2974541287192,25.0,40G6,0
17.07708333333332,55.65625,32.0,73.50883995496972,623.7098124427328,25.0,40G7,0
17.222916666666663,55.65625,24.0,78.58299384692427,632.8174541287192,25.0,40G7,0
17.368750000000006,55.65625,16.0,84.69978605399287,642.2298124427327,25.0,40G7,0
17.51458333333332,55.65625,29.0,91.2069680918305,652.1218176131777,25.0,40G7,0
17.660416666666663,55.65625,47.0,93.71247851243216,660.7498124427308,25.0,40G7,0
17.806250000000006,55.65625,52.0,92.25328689042092,670.6418176131776,25.0,40G7,0
17.95208333333332,55.65625,63.0,91.7617326211516,680.054175125488,25.0,40G7,0
18.097916666666663,55.65625,69.0,91.7617326211516,689.1618176131776,26.0,40G8,0
18.24375000000001,55.65625,85.0,91.7617326211516,698.574175125488,26.0,40G8,0
18.38958333333332,55.65625,97.0,91.81647973731302,708.4661810658242,26.0,40G8,0
18.535416666666663,55.65625,97.0,92.52863843798993,717.094175125488,26.0,40G8,0
18.68125000000001,55.65625,86.0,94.22385597167984,726.9861810658244,26.0,40G8,0
18.82708333333332,55.65625,82.0,96.82781498838104,736.3985377000788,26.0,40G8,0
18.972916666666663,55.65625,85.0,99.95287213306028,745.5061810658226,26.0,40G8,0
19.11875000000001,55.65625,87.0,95.0958383367096,754.918537700077,26.0,40G9,0
19.26458333333332,55.65625,78.0,89.98016571748914,764.810544480293,26.0,40G9,0
19.410416666666663,55.65625,80.0,85.94742688672625,773.438537700077,26.0,40G9,0
19.55625000000001,55.65625,80.0,82.37607150392671,783.3305444802928,26.0,40G9,0
19.70208333333332,55.65625,81.0,79.78104532091211,792.7429001601384,26.0,40G9,0
19.847916666666663,55.65625,81.0,78.15547868875503,801.8505444802928,26.0,40G9,0
19.99375000000001,55.65625,79.0,68.95325056799852,811.2629001601385,26.0,40G9,0
20.13958333333332,55.65625,73.0,59.79518714033512,821.1549078502242,26.0,40H0,0
20.285416666666663,55.65625,70.0,51.353793141647245,829.7829001601385,26.0,40H0,0
20.43125000000001,55.65625,62.0,42.22583771902744,839.6749078502223,26.0,40H0,0
20.57708333333332,55.65625,53.0,32.94319049714444,849.0872624993067,26.0,40H0,0
20.722916666666663,55.65625,48.0,24.315238431552213,858.1949078502223,26.0,40H0,0
20.86875000000001,55.65625,40.0,14.90290016013668,867.6072624993067,26.0,40H0,0
21.01458333333332,55.65625,27.0,5.490544480290946,877.499271169252,26.0,40H1,3
10.07708333333332,55.73958333333334,8.0,0.9268861880914544,295.4914662279993,22.0,40G0,3
10.222916666666665,55.73958333333334,8.0,1.819073566800906,290.1878150006606,22.0,40G0,3
10.368750000000006,55.73958333333334,10.0,3.2647756783692543,285.8478903753578,22.0,40G0,0
10.51458333333332,55.73958333333334,19.0,4.388012589847807,282.43443094046154,22.0,40G0,0
10.660416666666665,55.73958333333334,23.0,3.6389567203594857,281.50754475236937,22.0,40G0,0
10.806250000000006,55.73958333333334,35.0,4.696158337584275,281.50754475236937,22.0,40G0,0
11.243750000000006,55.73958333333334,3.0,0.7826930933756021,281.50754475236937,22.0,40G1,3
11.82708333333332,55.73958333333334,4.0,0.9268861880914544,290.5600715799631,21.0,40G1,3
12.70208333333332,55.73958333333334,13.0,6.53147384168368,318.5475447523694,23.0,40G2,0
12.847916666666665,55.73958333333334,16.0,4.3295660344410045,321.6388112016068,23.0,40G2,0
14.306250000000006,55.73958333333334,24.0,7.044237076957786,477.8301790094816,25.0,40G4,3
14.45208333333332,55.73958333333334,34.0,13.89445113687455,478.8131123431826,25.0,40G4,0
14.597916666666665,55.73958333333334,43.0,21.67517843713125,482.5520512351758,25.0,40G4,0
14.743750000000006,55.73958333333334,55.0,28.775798864356386,488.69828704360185,25.0,40G4,0
14.88958333333332,55.73958333333334,49.0,29.824009245658093,495.8810341588412,25.0,40G4,0
15.035416666666665,55.73958333333334,52.0,31.884648870071207,503.0320398788493,25.0,40G5,0
15.181250000000006,55.73958333333334,59.0,36.376816469845735,510.2109960000527,25.0,40G5,0
15.32708333333332,55.73958333333334,60.0,40.22542938924183,518.2465371407201,25.0,40G5,0
15.472916666666665,55.73958333333334,63.0,36.698512117603656,526.1352968105572,25.0,40G5,0
15.618750000000006,55.73958333333334,61.0,32.477741678059886,534.7951072684709,25.0,40G5,0
15.76458333333332,55.73958333333334,47.0,30.626992283200916,543.9330366292116,25.0,40G5,0
15.910416666666665,55.73958333333334,65.0,31.382331774027403,552.2135772495925,25.0,40G5,0
16.056250000000006,55.73958333333334,65.0,34.69630774686798,561.3850758085989,25.0,40G6,0
16.20208333333332,55.73958333333334,64.0,39.9750188729716,570.4382883396291,25.0,40G6,0
16.347916666666663,55.73958333333334,63.0,45.96974026835008,578.9072466144969,25.0,40G6,0
16.493750000000006,55.73958333333334,61.0,52.07120721606636,587.9381328961376,25.0,40G6,0
16.63958333333332,55.73958333333334,57.0,53.62875902606698,597.3361583375861,25.0,40G6,0
16.785416666666663,55.73958333333334,45.0,56.39228633587265,605.4719981453657,25.0,40G6,0
16.931250000000006,55.73958333333334,38.0,60.653349266360856,614.7990098829466,25.0,40G6,0
17.07708333333332,55.73958333333334,39.0,65.9687844868871,623.8221919315068,25.0,40G7,0
17.222916666666663,55.73958333333334,28.0,71.53142762146875,632.8107723098813,25.0,40G7,0
17.368750000000006,55.73958333333334,25.0,78.0046962286974,642.2030851679814,25.0,40G7,0
17.51458333333332,55.73958333333334,32.0,85.01145230178959,652.1134653396371,25.0,40G7,0
17.660416666666663,55.73958333333334,55.0,91.79883324512272,660.7230851679794,25.0,40G7,0
17.806250000000006,55.73958333333334,61.0,99.51461860751836,670.6334653396372,25.0,40G7,0
17.95208333333332,55.73958333333334,61.0,101.03059450207748,680.0257773961524,25.0,40G7,0
18.097916666666663,55.73958333333334,66.0,101.03059450207748,689.1534653396371,26.0,40G8,0
18.24375000000001,55.73958333333334,86.0,101.03059450207748,698.5457773961524,26.0,40G8,0
18.38958333333332,55.73958333333334,100.0,101.08021602901984,708.4561583375859,26.0,40G8,0
18.535416666666663,55.73958333333334,106.0,101.72617372290716,717.0657773961524,26.0,40G8,0
18.68125000000001,55.73958333333334,102.0,103.2672678419326,726.9761583375861,26.0,40G8,0
18.82708333333332,55.73958333333334,84.0,105.64356801571051,736.3684695161749,26.0,40G8,0
18.972916666666663,55.73958333333334,85.0,108.12420353700644,745.4961583375843,26.0,40G8,0
19.11875000000001,55.73958333333334,82.0,102.7916238370884,754.888469516173,26.0,40G9,0
19.26458333333332,55.73958333333334,71.0,98.08843023410869,764.7988512973626,26.0,40G9,0
19.410416666666663,55.73958333333334,72.0,94.41068071707603,773.408469516173,26.0,40G9,0
19.55625000000001,55.73958333333334,72.0,91.17845191254908,783.3188512973624,26.0,40G9,0
19.70208333333332,55.73958333333334,74.0,85.43868378710562,792.7111615216833,26.0,40G9,0
19.847916666666663,55.73958333333334,74.0,76.85523927484216,801.8388512973623,26.0,40G9,0
19.99375000000001,55.73958333333334,68.0,67.49728776307262,811.2311615216832,26.0,40G9,0
20.13958333333332,55.73958333333334,67.0,58.14829144072559,821.1415442126082,26.0,40H0,0
20.285416666666663,55.73958333333334,61.0,49.590618532125326,829.7511615216833,26.0,40H0,0
20.43125000000001,55.73958333333334,51.0,40.27741123459917,839.6615442126064,26.0,40H0,0
20.57708333333332,55.73958333333334,45.0,31.00819083774817,849.0538534063178,26.0,40H0,0
20.722916666666663,55.73958333333334,43.0,22.596389625254144,858.1815442126065,26.0,40H0,0
20.86875000000001,55.73958333333334,39.0,13.431476869417326,867.5738534063178,26.0,40H0,0
21.01458333333332,55.73958333333334,21.0,4.3295660344410045,877.4842370769579,26.0,40H1,3
10.222916666666665,55.82291666666666,6.0,2.4239228036616214,282.9924958682648,22.0,40G0,3
10.368750000000006,55.82291666666666,1.0,1.2120153123208668,277.2194929888516,22.0,40G0,3
10.51458333333332,55.82291666666666,16.0,0.7810209829542759,273.357895660932,22.0,40G0,3
10.660416666666665,55.82291666666666,11.0,1.562041959549678,271.3295204452038,22.0,40G0,3
10.806250000000006,55.82291666666666,27.0,9.757464359952392,271.3295204452038,22.0,40G0,0
10.95208333333332,55.82291666666666,21.0,8.341975692830871,271.3295204452038,22.0,40G0,0
11.097916666666665,55.82291666666666,18.0,6.79400388218381,271.3295204452038,22.0,40G1,0
11.243750000000006,55.82291666666666,11.0,4.3864034345696,271.3295204452038,22.0,40G1,0
11.82708333333332,55.82291666666666,6.0,1.8537723761829088,282.49971174762163,21.0,40G1,3
12.70208333333332,55.82291666666666,22.0,7.415089504739416,309.54865707893146,23.0,40G2,0
12.847916666666665,55.82291666666666,8.0,2.8881938661563966,313.45155981017257,23.0,40G2,3
14.306250000000006,55.82291666666666,18.0,5.447726427800687,488.00820331664727,25.0,40G4,3
14.45208333333332,55.82291666666666,16.0,13.326234661311773,488.00820331664727,25.0,40G4,0
14.597916666666665,55.82291666666666,29.0,19.712610391440787,490.73237166138136,25.0,40G4,0
14.743750000000006,55.82291666666666,39.0,19.526905350516948,495.47485413917406,25.0,40G4,0
14.88958333333332,55.82291666666666,46.0,20.628305533203783,502.46435399982073,25.0,40G4,0
15.035416666666665,55.82291666666666,42.0,23.503497530327664,509.0066728207863,25.0,40G5,0
15.181250000000006,55.82291666666666,47.0,29.29847538086716,516.1793736586225,25.0,40G5,0
15.32708333333332,55.82291666666666,54.0,31.33876809956564,523.9459814111655,25.0,40G5,0
15.472916666666665,55.82291666666666,48.0,29.395394105350253,530.5171360497037,25.0,40G5,0
15.618750000000006,55.82291666666666,34.0,23.94666325713072,538.8964844374369,25.0,40G5,0
15.76458333333332,55.82291666666666,50.0,21.375251349967265,547.1626686885867,25.0,40G5,0
15.910416666666665,55.82291666666666,57.0,22.441909598962464,555.0925326536255,25.0,40G5,0
16.056250000000006,55.82291666666666,59.0,26.87292453183785,563.8928051545345,25.0,40G6,0
16.20208333333332,55.82291666666666,57.0,33.39879599227908,572.9286133200417,25.0,40G6,0
16.347916666666663,55.82291666666666,55.0,40.36821471157818,581.3909781075492,25.0,40G6,0
16.493750000000006,55.82291666666666,55.0,42.83775685875149,590.4214254838762,25.0,40G6,0
16.63958333333332,55.82291666666666,50.0,44.714139604480096,599.7307817776458,25.0,40G6,0
16.785416666666663,55.82291666666666,42.0,47.98697533220525,607.9417016668058,25.0,40G6,0
16.931250000000006,55.82291666666666,43.0,52.91900740178813,617.2952227569965,25.0,40G6,0
17.07708333333332,55.82291666666666,45.0,58.892927030792364,626.2623538076467,25.0,40G7,0
17.222916666666663,55.82291666666666,33.0,64.81754981097423,634.7204020433201,25.0,40G7,0
17.368750000000006,55.82291666666666,35.0,71.88345193254074,643.7496405753404,25.0,40G7,0
17.51458333333332,55.82291666666666,41.0,79.41662658145607,652.9774046772038,25.0,40G7,0
17.660416666666663,55.82291666666666,56.0,86.62858084095309,661.2398606075957,25.0,40G7,0
17.806250000000006,55.82291666666666,61.0,94.71356781076682,670.6251047875598,25.0,40G7,0
17.95208333333332,55.82291666666666,58.0,102.9439112885533,679.9973515198527,25.0,40G7,0
18.097916666666663,55.82291666666666,62.0,110.2994563829998,689.1451047875598,26.0,40G8,0
18.24375000000001,55.82291666666666,77.0,110.2994563829998,698.5173515198527,26.0,40G8,0
18.38958333333332,55.82291666666666,103.0,110.34481310989176,708.4461256751044,26.0,40G8,0
18.535416666666663,55.82291666666666,107.0,110.9355817898037,717.0373515198527,26.0,40G8,0
18.68125000000001,55.82291666666666,104.0,112.34743042307473,726.9661256751046,26.0,40G8,0
18.82708333333332,55.82291666666666,101.0,114.53088402775256,736.3383715296119,26.0,40G8,0
18.972916666666663,55.82291666666666,84.0,115.68563939232595,745.4861256751028,26.0,40G8,0
19.11875000000001,55.82291666666666,83.0,110.72866257194616,754.85837152961,26.0,40G9,0
19.26458333333332,55.82291666666666,65.0,106.3864218301745,764.787146524483,26.0,40G9,0
19.410416666666663,55.82291666666666,63.0,103.01269231330008,773.37837152961,26.0,40G9,0
19.55625000000001,55.82291666666666,63.0,93.8253923762187,783.3071465244827,26.0,40G9,0
19.70208333333332,55.82291666666666,69.0,84.47795347610513,792.6793914248751,26.0,40G9,0
19.847916666666663,55.82291666666666,68.0,75.91334184156126,801.8271465244827,26.0,40G9,0
19.99375000000001,55.82291666666666,58.0,66.57613448169191,811.1993914248751,26.0,40G9,0
20.13958333333332,55.82291666666666,60.0,57.248227480838544,821.1281673293377,26.0,40H0,0
20.285416666666663,55.82291666666666,48.0,48.71042744189548,829.7193914248751,26.0,40H0,0
20.43125000000001,55.82291666666666,42.0,39.42007183792,839.6481673293358,26.0,40H0,0
20.57708333333332,55.82291666666666,42.0,30.176539752086985,849.0204111992839,26.0,40H0,0
20.722916666666663,55.82291666666666,39.0,21.795440194465783,858.1681673293358,26.0,40H0,0
20.86875000000001,55.82291666666666,32.0,12.496331401960502,867.4586488535263,26.0,40H0,0
21.01458333333332,55.82291666666666,17.0,3.124083868211275,876.7558808153051,26.0,40H1,3
10.368750000000006,55.90625,11.0,5.455430186414237,269.6908506114422,22.0,40G0,0
10.51458333333332,55.90625,21.0,3.7885020889715073,265.76820331664726,22.0,40G0,0
10.660416666666665,55.90625,-0.0,0.0,262.0606585642779,22.0,40G0,3
10.806250000000006,55.90625,5.0,5.5844087233884,262.0606585642779,22.0,40G0,0
10.95208333333332,55.90625,26.0,7.847563912526847,262.0606585642779,22.0,40G0,0
11.243750000000006,55.90625,14.0,5.191364054971541,262.0606585642779,22.0,40G1,0
11.38958333333332,55.90625,11.0,5.190232652337951,263.30160764126623,22.0,40G1,0
11.681250000000006,55.90625,4.0,0.7793472203661178,269.6593330827308,21.0,40G1,3
11.82708333333332,55.90625,10.0,4.005047620432605,273.786532718117,21.0,40G1,3
12.556250000000006,55.90625,6.0,1.558694434370692,299.1006585642779,23.0,40G2,3
14.306250000000006,55.90625,4.0,0.7793472203660187,497.2770651975731,25.0,40G4,3
14.45208333333332,55.90625,14.0,8.042695812373152,497.2770651975731,25.0,40G4,3
14.597916666666665,55.90625,21.0,10.660601012118905,499.3350761410768,25.0,40G4,0
14.743750000000006,55.90625,27.0,10.31392566287204,503.6734589751361,25.0,40G4,0
14.88958333333332,55.90625,21.0,11.550153174651443,508.5195787000287,25.0,40G4,0
15.035416666666665,55.90625,32.0,16.12517808112998,514.9687050749434,25.0,40G5,0
15.181250000000006,55.90625,46.0,23.777121834253656,522.1875006633512,25.0,40G5,0
15.32708333333332,55.90625,44.0,22.75906545068074,529.7061086481198,25.0,40G5,0
15.472916666666665,55.90625,47.0,20.45070047814253,536.4768031208836,25.0,40G5,0
15.618750000000006,55.90625,49.0,16.24515595425885,543.6653770562131,25.0,40G5,0
15.76458333333332,55.90625,36.0,12.149637112328987,551.4505826955839,25.0,40G5,0
15.910416666666665,55.90625,45.0,13.93740999830636,559.227500663351,25.0,40G5,0
16.056250000000006,55.90625,51.0,20.30511265712785,567.4597071605597,25.0,40G6,0
16.20208333333332,55.90625,50.0,28.36863914812432,576.4580416356578,25.0,40G6,0
16.347916666666663,55.90625,47.0,33.62379784596831,584.1839971200947,25.0,40G6,0
16.493750000000006,55.90625,50.0,33.62379784596831,592.8988994466291,25.0,40G6,0
16.63958333333332,55.90625,41.0,35.97899545866054,602.1760915957574,25.0,40G6,0
16.785416666666663,55.90625,38.0,39.965392141059205,610.409813560564,25.0,40G6,0
16.931250000000006,55.90625,43.0,45.744981801737005,619.7836951420127,25.0,40G6,0
17.07708333333332,55.90625,47.0,52.21670454375028,628.7091043790782,25.0,40G7,0
17.222916666666663,55.90625,45.0,58.802252417963786,637.2272982628679,25.0,40G7,0
17.368750000000006,55.90625,37.0,66.49472040433942,646.2388036720755,25.0,40G7,0
17.51458333333332,55.90625,42.0,74.53952474034541,655.4564145131542,25.0,40G7,0
17.660416666666663,55.90625,61.0,82.05425780468883,663.7234725163744,25.0,40G7,0
17.806250000000006,55.90625,61.0,90.45888686269376,673.0239604509479,25.0,40G7,0
17.95208333333332,55.90625,50.0,99.0257926774947,681.9908558137067,25.0,40G7,0
18.097916666666663,55.90625,52.0,106.98803957558138,690.6816825280682,26.0,40G8,0
18.24375000000001,55.90625,71.0,111.26888977454558,699.5456117660408,26.0,40G8,0
18.38958333333332,55.90625,101.0,111.90515618312932,708.7910656100549,26.0,40G8,0
18.535416666666663,55.90625,108.0,113.148654945311,717.1407767871514,26.0,40G8,0
18.68125000000001,55.90625,111.0,115.20073548207338,726.9560830996029,26.0,40G8,0
18.82708333333332,55.90625,120.0,117.94148699152387,736.3082438040589,26.0,40G8,0
18.972916666666663,55.90625,109.0,121.01906435451436,745.476083099601,26.0,40G8,0
19.11875000000001,55.90625,101.0,118.85863376553998,754.828243804057,26.0,40G9,0
19.26458333333332,55.90625,72.0,111.43502265180707,764.7754301864144,26.0,40G9,0
19.410416666666663,55.90625,53.0,102.86451818772692,773.348243804057,26.0,40G9,0
19.55625000000001,55.90625,56.0,93.51438020261772,783.2954301864141,26.0,40G9,0
19.70208333333332,55.90625,62.0,84.16422510480636,792.6475899369204,26.0,40G9,0
19.847916666666663,55.90625,63.0,75.59327335980188,801.8154301864141,26.0,40G9,0
19.99375000000001,55.90625,58.0,66.24323016095683,811.1675899369205,26.0,40G9,0
20.13958333333332,55.90625,54.0,56.89193482568314,821.1147772287098,26.0,40H0,0
20.285416666666663,55.90625,42.0,48.31927511313282,829.3840805004987,26.0,40H0,0
20.43125000000001,55.90625,37.0,38.9672285779788,838.8554301864141,26.0,40H0,0
20.57708333333332,55.90625,37.0,29.615136252848966,848.2075899369205,26.0,40H0,0
20.722916666666663,55.90625,32.0,21.04235411559364,857.3754301864142,26.0,40H0,0
20.86875000000001,55.90625,29.0,11.690204744064491,866.6867909848364,26.0,40H0,0
21.01458333333332,55.90625,8.0,2.3380416356559475,875.8954301864144,26.0,40H1,3
10.368750000000006,55.98958333333334,13.0,4.381043387069664,263.0809763427526,22.0,40G0,0
10.51458333333332,55.98958333333334,24.0,1.2099676855906512,256.43904252792254,22.0,40G0,3
10.660416666666665,55.98958333333334,13.0,5.522626192197399,252.7217176087424,22.0,40G0,0
10.806250000000006,55.98958333333334,18.0,5.582539888418324,251.88564676729052,22.0,40G0,0
10.95208333333332,55.98958333333334,22.0,11.409784059077088,251.88564676729052,22.0,40G0,0
11.097916666666665,55.98958333333334,20.0,8.341975692833701,251.8826342571095,22.0,40G1,0
11.243750000000006,55.98958333333334,11.0,3.1106871729946586,251.93073693102247,21.0,40G1,3
11.38958333333332,55.98958333333334,16.0,2.4200430892472444,254.38122013560317,21.0,40G1,3
11.535416666666665,55.98958333333334,14.0,4.381043387069664,257.3808277430882,21.0,40G1,3
11.681250000000006,55.98958333333334,11.0,4.7813358878322525,261.54178557712726,21.0,40G1,3
11.82708333333332,55.98958333333334,6.0,2.4200430892461,265.31027101079434,21.0,40G1,3
12.70208333333332,55.98958333333334,29.0,2.2617855771262243,292.8756937527055,23.0,40G2,3
14.45208333333332,55.98958333333334,3.0,1.20985994566801,507.4550895047423,25.0,40G4,3
14.597916666666665,55.98958333333334,10.0,2.1239494554050906,508.0821768355961,25.0,40G4,3
14.743750000000006,55.98958333333334,20.0,1.8104392604330348,511.6010298031918,25.0,40G4,3
14.88958333333332,55.98958333333334,23.0,3.620590427743255,516.3714296358478,25.0,40G4,3
15.035416666666665,55.98958333333334,33.0,11.80896902945412,521.5402313909325,25.0,40G5,0
15.181250000000006,55.98958333333334,34.0,17.23636103637787,528.107634020443,25.0,40G5,0
15.32708333333332,55.98958333333334,43.0,14.4770944271161,535.2613527265814,25.0,40G5,0
15.472916666666665,55.98958333333334,46.0,11.230575542835371,541.8613358878325,25.0,40G5,0
15.618750000000006,55.98958333333334,42.0,10.374810789239422,549.6037690771948,25.0,40G5,0
15.76458333333332,55.98958333333334,30.0,3.1858423339035755,556.8099676855919,25.0,40G5,3
15.910416666666665,55.98958333333334,30.0,7.529078337633375,563.8612646107872,25.0,40G5,3
16.056250000000006,55.98958333333334,35.0,16.13425970878662,571.7575924513977,25.0,40G6,0
16.20208333333332,55.98958333333334,41.0,24.217700513532,580.0812497651273,25.0,40G6,0
16.347916666666663,55.98958333333334,38.0,24.451374759513826,587.7563605634598,25.0,40G6,0
16.493750000000006,55.98958333333334,48.0,24.451374759513826,596.6377133312648,25.0,40G6,0
16.63958333333332,55.98958333333334,37.0,27.59429824464216,605.1978070606269,25.0,40G6,0
16.785416666666663,55.98958333333334,35.0,32.61193432713002,613.4930154020011,25.0,40G6,0
16.931250000000006,55.98958333333334,40.0,39.06918344814725,621.9322171456336,25.0,40G6,0
17.07708333333332,55.98958333333334,35.0,46.43671289484463,631.2353436119322,25.0,40G7,0
17.222916666666663,55.98958333333334,44.0,53.72071774810868,639.1963729385471,25.0,40G7,0
17.368750000000006,55.98958333333334,35.0,61.89184874902856,648.422107872486,25.0,40G7,0
17.51458333333332,55.98958333333334,40.0,70.32608639253834,657.5266572133842,25.0,40G7,0
17.660416666666663,55.98958333333334,62.0,78.23034066124352,665.7130861103265,25.0,40G7,0
17.806250000000006,55.98958333333334,60.0,86.92254705275799,674.9812646107872,25.0,40G7,0
17.95208333333332,55.98958333333334,52.0,95.38304537202303,684.058722018861,25.0,40G7,0
18.097916666666663,55.98958333333334,44.0,102.1426079245565,692.481838612872,26.0,40G8,0
18.24375000000001,55.98958333333334,59.0,102.00379400380795,701.6794710028256,26.0,40G8,0
18.38958333333332,55.98958333333334,97.0,102.69598691533945,710.8209004155085,26.0,40G8,0
18.535416666666663,55.98958333333334,103.0,104.04670095205476,718.9999834669123,26.0,40G8,0
18.68125000000001,55.98958333333334,115.0,106.26992125833787,728.3943370304198,26.0,40G8,0
18.82708333333332,55.98958333333334,120.0,109.22866940248085,737.3198212193535,26.0,40G8,0
18.972916666666663,55.98958333333334,118.0,112.53052916551682,745.8217227027561,26.0,40G8,0
19.11875000000001,55.98958333333334,117.0,116.36166896288174,754.9232914049578,26.0,40G9,0
19.26458333333332,55.98958333333334,79.0,109.50591283065866,764.7637023079416,26.0,40G9,0
19.410416666666663,55.98958333333334,69.0,101.1845161952214,773.3180864032464,26.0,40G9,0
19.55625000000001,55.98958333333334,50.0,92.15018130134492,783.1015725845465,26.0,40G9,0
19.70208333333332,55.98958333333334,53.0,83.17573748436998,792.2142730695092,26.0,40G9,0
19.847916666666663,55.98958333333334,61.0,75.020181025966,801.0260306323232,26.0,40G9,0
19.99375000000001,55.98958333333334,57.0,66.2310913581023,810.3580864032464,26.0,40G9,0
20.13958333333332,55.98958333333334,48.0,57.18172066365227,820.3237023079415,26.0,40H0,0
20.285416666666663,55.98958333333334,37.0,48.68601794831374,828.7404273652189,26.0,40H0,0
20.43125000000001,55.98958333333334,31.0,39.44997834045571,838.0660306323249,26.0,40H0,0
20.57708333333332,55.98958333333334,26.0,30.277112365688865,847.3980864032479,26.0,40H0,0
20.722916666666663,55.98958333333334,31.0,21.991834871180657,856.5860306323233,26.0,40H0,0
20.86875000000001,55.98958333333334,21.0,12.988504489739968,865.9180864032464,26.0,40H0,0
21.01458333333332,55.98958333333334,10.0,3.888358918555941,875.8837023079416,26.0,40H1,3
10.393750000000011,56.07291666666666,15.0,8.133634647613789,254.8621038712516,22.0,41G0,0
10.543749999999989,56.07291666666666,34.0,2.966797634082886,248.35318993785103,22.0,41G0,3
10.693749999999994,56.07291666666666,26.0,7.415089504738709,243.5378953539133,22.0,41G0,0
10.84375,56.07291666666666,8.0,6.809727019082399,241.7046099499425,22.0,41G0,0
10.993750000000006,56.07291666666666,12.0,13.093265543834246,241.7046099499425,21.0,41G0,0
11.143750000000011,56.07291666666666,35.0,13.14577378260666,241.7046099499425,21.0,41G1,0
11.293749999999989,56.07291666666666,20.0,9.268861880923032,243.7267976340829,21.0,41G1,0
11.443749999999994,56.07291666666666,21.0,12.060151699324509,246.69336112815296,21.0,41G1,0
11.59375,56.07291666666666,19.0,12.976406633292388,250.53372225380213,21.0,41G1,0
11.743750000000006,56.07291666666666,19.0,11.230668345833864,254.3106938865413,21.0,41G1,0
11.893750000000011,56.07291666666666,14.0,7.69746906221197,258.096311030828,21.0,41G1,0
12.043749999999989,56.07291666666666,11.0,2.123076910019227,262.2467976340829,21.0,41G2,3
12.643750000000011,56.07291666666666,25.0,1.3890310142458888,283.3551238394081,23.0,41G2,3
14.743750000000006,56.07291666666666,4.0,1.3890310142472126,521.5270316862953,25.0,41G4,3
14.893750000000011,56.07291666666666,36.0,6.930681892719734,524.4942973370073,25.0,41G4,3
15.043749999999989,56.07291666666666,31.0,6.211904562992474,529.3062458581544,25.0,41G5,3
15.193749999999994,56.07291666666666,31.0,8.594318211588972,535.0057097256132,25.0,41G5,3
15.34375,56.07291666666666,29.0,5.5613171285558005,541.9162077361545,25.0,41G5,3
15.493750000000006,56.07291666666666,13.0,1.8537723761864464,548.9898968870446,25.0,41G5,3
15.643750000000011,56.07291666666666,11.0,2.122858846448021,556.1373898012747,25.0,41G5,3
15.793749999999989,56.07291666666666,1.0,1.034659669353042,563.9376838708397,25.0,41G5,3
15.943749999999994,56.07291666666666,22.0,5.555123839406752,571.0842855439229,25.0,41G5,3
16.09375,56.07291666666666,37.0,13.575431890225802,578.6556595403056,25.0,41G6,0
16.243750000000006,56.07291666666666,36.0,18.07251156941061,586.7939569250129,25.0,41G6,0
16.39375000000001,56.07291666666666,25.0,14.866103208861878,594.9076257016067,25.0,41G6,0
16.54374999999999,56.07291666666666,53.0,16.498731474053955,603.0459510881212,25.0,41G6,0
16.693749999999994,56.07291666666666,37.0,22.07620824326099,611.6558989127471,25.0,41G6,0
16.84375,56.07291666666666,39.0,29.02503813727716,620.6502744017023,25.0,41G6,0
16.993750000000006,56.07291666666666,38.0,36.98595641455855,628.9522574642565,25.0,41G6,0
17.14375000000001,56.07291666666666,36.0,45.266489210344936,637.8192106001463,25.0,41G7,0
17.29374999999999,56.07291666666666,37.0,53.87777719646885,646.5123541360522,25.0,41G7,0
17.443749999999994,56.07291666666666,41.0,62.57180001424424,655.4331149405022,25.0,41G7,0
17.59375,56.07291666666666,42.0,71.03462883020785,664.1631157611432,25.0,41G7,0
17.743750000000006,56.07291666666666,64.0,79.61040331065524,673.9531149405021,25.0,41G7,0
17.89375000000001,56.07291666666666,60.0,88.28270807888045,682.6019436128457,25.0,41G7,0
18.04374999999999,56.07291666666666,54.0,93.1451081123031,691.5174347364248,26.0,41G8,0
18.193749999999994,56.07291666666666,57.0,92.6886188092466,700.4559981505187,26.0,41G8,0
18.34375,56.07291666666666,77.0,93.1451081123031,709.9679574887105,26.0,41G8,0
18.49375000000001,56.07291666666666,105.0,94.5013443633814,718.9759981505204,26.0,41G8,0
18.64375000000001,56.07291666666666,100.0,96.71947894703796,728.4879574887121,26.0,41G8,0
18.79374999999999,56.07291666666666,118.0,99.74201576074428,737.4959981505186,26.0,41G8,0
18.943749999999994,56.07291666666666,123.0,103.4401688278549,746.2964586310245,26.0,41G8,0
19.09375,56.07291666666666,119.0,107.35790548044676,755.4064728049437,26.0,41G9,0
19.24375000000001,56.07291666666666,115.0,109.34744049982902,764.5762265226632,26.0,41G9,0
19.39375000000001,56.07291666666666,80.0,100.13373511815624,773.8364158777055,26.0,41G9,0
19.54374999999999,56.07291666666666,55.0,90.93669295744806,783.01329804539,26.0,41G9,0
19.693749999999994,56.07291666666666,52.0,81.76198811897082,792.3252285145834,26.0,41G9,0
19.84375,56.07291666666666,59.0,72.61813907334405,801.6162265226632,26.0,41G9,0
19.99375000000001,56.07291666666666,58.0,63.51852534018543,810.8764158777055,26.0,41G9,0
20.14375000000001,56.07291666666666,45.0,54.48536842501095,821.0879574887122,26.0,41H0,0
20.29374999999999,56.07291666666666,33.0,45.55827140154667,830.0959981505187,26.0,41H0,0
20.443749999999994,56.07291666666666,28.0,36.81452762303997,839.6079574887104,26.0,41H0,0
20.59375,56.07291666666666,34.0,28.12560491325773,848.9198866016982,26.0,41H0,0
20.74375000000001,56.07291666666666,35.0,19.424889231192296,859.1531149405023,26.0,41H0,0
20.89375000000001,56.07291666666666,25.0,10.509147753606658,867.8831157611431,26.0,41H0,0
21.04374999999999,56.07291666666666,10.0,2.069319323638919,877.6826168416156,26.0,41H1,3
10.243750000000006,56.15625,9.0,1.0324214055635192,259.4317901509194,22.0,41G0,3
10.393750000000011,56.15625,4.0,0.9268861880921618,250.23292947845405,22.0,41G0,3
10.543749999999989,56.15625,4.0,0.9268861880914544,241.63511571082063,22.0,41G0,3
10.84375,56.15625,16.0,3.463872385715978,232.4357480690173,21.0,41G0,3
10.993750000000006,56.15625,23.0,11.695686029085165,232.4357480690173,21.0,41G0,0
11.143750000000011,56.15625,13.0,20.745092749678,232.4357480690173,21.0,41G1,0
11.293749999999989,56.15625,19.0,18.537723761848188,234.6801337153086,21.0,41G1,0
11.443749999999994,56.15625,22.0,17.14790034855899,237.90398197077104,21.0,41G1,0
11.59375,56.15625,22.0,8.58196304527869,241.68421468208115,21.0,41G1,0
11.743750000000006,56.15625,25.0,5.073154959536258,246.3084584994214,21.0,41G1,3
11.893750000000011,56.15625,24.0,12.260144681353063,249.65735192978676,21.0,41G1,0
12.043749999999989,56.15625,18.0,9.665520961522155,254.01917751424585,21.0,41G2,0
12.193749999999994,56.15625,17.0,4.748157526082805,259.36927007515334,21.0,41G2,3
12.34375,56.15625,21.0,3.848727934408437,264.1101769334686,23.0,41G2,0
12.493750000000006,56.15625,24.0,4.525856312937369,269.8866643505749,23.0,41G2,0
15.043749999999989,56.15625,9.0,1.0324214055618446,537.1835766743584,25.0,41G5,3
15.643750000000011,56.15625,8.0,0.9268861880921618,562.5285453582492,25.0,41G5,3
15.943749999999994,56.15625,5.0,1.38736468199835,577.5838723857161,25.0,41G5,3
16.09375,56.15625,22.0,8.321687095707148,584.4787136933257,25.0,41G6,3
16.243750000000006,56.15625,34.0,11.720872328528309,591.5647013997567,25.0,41G6,0
16.39375000000001,56.15625,9.0,5.656213814617304,599.8615892957692,25.0,41G6,3
16.54374999999999,56.15625,42.0,8.967200433868868,607.5857928506484,25.0,41G6,3
16.693749999999994,56.15625,46.0,16.233790707519063,616.1397048576199,25.0,41G6,0
16.84375,56.15625,33.0,24.50885378219582,624.2468504366926,25.0,41G6,0
16.993750000000006,56.15625,25.0,33.19314961455307,632.777264156426,25.0,41G6,0
17.14375000000001,56.15625,25.0,41.87755930197228,641.3756860290852,25.0,41G7,0
17.29374999999999,56.15625,18.0,50.27371867814206,650.2648427960598,25.0,41G7,0
17.443749999999994,56.15625,27.0,58.93052420028312,658.5879230995889,25.0,41G7,0
17.59375,56.15625,42.0,67.60714548647593,667.2672719739327,25.0,41G7,0
17.743750000000006,56.15625,38.0,76.419233396436,676.1946563664693,25.0,41G7,0
17.89375000000001,56.15625,58.0,85.32773392364443,684.8397525699401,25.0,41G7,0
18.04374999999999,56.15625,47.0,83.92557937558404,693.7065964606169,26.0,41G8,0
18.193749999999994,56.15625,47.0,83.41975692832145,702.8925640352247,26.0,41G8,0
18.34375,56.15625,74.0,83.92557937558404,712.2265964606171,26.0,41G8,0
18.49375000000001,56.15625,100.0,85.42507566537749,720.9251492167393,26.0,41G8,0
18.64375000000001,56.15625,100.0,87.86738115764412,730.0256333710835,26.0,41G8,0
18.79374999999999,56.15625,102.0,91.1767525856116,739.036435124261,26.0,41G8,0
18.943749999999994,56.15625,124.0,94.968006473502,748.5456333710835,26.0,41G8,0
19.09375,56.15625,125.0,99.17971322712648,757.5564351242626,26.0,41G9,0
19.24375000000001,56.15625,128.0,104.03594726724327,767.0656333710834,26.0,41G9,0
19.39375000000001,56.15625,98.0,99.1648192454676,775.7840876176293,26.0,41G9,0
19.54374999999999,56.15625,72.0,89.88982964036053,785.0669489952561,26.0,41G9,0
19.693749999999994,56.15625,53.0,80.6173114312308,794.0129367326812,26.0,41G9,0
19.84375,56.15625,57.0,71.3482805981845,803.5815892957677,26.0,41G9,0
19.99375000000001,56.15625,60.0,62.08435279523207,812.290468187309,26.0,41G9,0
20.14375000000001,56.15625,48.0,52.82826802928797,822.1069489952579,26.0,41H0,0
20.29374999999999,56.15625,37.0,43.585081149382994,831.0529367326811,26.0,41H0,0
20.443749999999994,56.15625,31.0,34.36526247678375,840.6269489952579,26.0,41H0,0
20.59375,56.15625,37.0,25.194547060072622,849.9187322442916,26.0,41H0,0
20.74375000000001,56.15625,28.0,16.156846596654955,859.6656333710835,26.0,41H0,0
20.89375000000001,56.15625,19.0,7.459397102169378,868.6764351242624,26.0,41H0,3
21.04374999999999,56.15625,-0.0,0.0,878.6993699789787,26.0,41H1,3
10.393750000000011,56.23958333333334,8.0,2.9654725671496758,232.17398887333715,22.0,41G0,3
10.84375,56.23958333333334,29.0,2.7712299998577627,222.7082496284584,21.0,41G0,3
10.993750000000006,56.23958333333334,21.0,10.484023360986146,222.2577237618482,21.0,41G0,0
11.143750000000011,56.23958333333334,20.0,18.198322248610115,222.95703420457164,21.0,41G1,0
11.293749999999989,56.23958333333334,19.0,26.14686253920482,225.94754475236937,21.0,41G1,0
11.443749999999994,56.23958333333334,22.0,17.130644441849398,229.42565835266663,21.0,41G1,0
11.59375,56.23958333333334,24.0,8.575364216162956,233.2351346562367,21.0,41G1,0
11.743750000000006,56.23958333333334,23.0,5.072243974274441,237.0638568397998,21.0,41G1,3
11.893750000000011,56.23958333333334,26.0,12.248737398216932,241.05540737152933,21.0,41G1,0
12.043749999999989,56.23958333333334,27.0,16.973272712493902,246.69024419665652,21.0,41G2,0
12.193749999999994,56.23958333333334,26.0,13.340452263115347,251.13880211691696,21.0,41G2,0
12.34375,56.23958333333334,25.0,9.696386668434736,256.6035428881747,21.0,41G2,0
12.493750000000006,56.23958333333334,15.0,2.2590452542751427,262.0512299998577,23.0,41G2,3
12.793749999999989,56.23958333333334,6.0,1.3858649728549486,273.75243987959686,23.0,41G2,3
16.09375,56.23958333333334,12.0,3.460401987464368,590.6719775191068,25.0,41G6,3
16.243750000000006,56.23958333333334,29.0,9.981689456521153,597.6122740005073,25.0,41G6,3
16.39375000000001,56.23958333333334,8.0,1.0301809577881091,604.8213635622833,25.0,41G6,3
16.54374999999999,56.23958333333334,18.0,4.120723680532185,612.5458649728537,25.0,41G6,3
16.693749999999994,56.23958333333334,58.0,12.616437804267788,620.6190311845546,25.0,41G6,0
16.84375,56.23958333333334,47.0,21.14194500298964,628.3173170145019,25.0,41G6,0
16.993750000000006,56.23958333333334,38.0,29.593344069437283,636.8900589875508,25.0,41G6,0
17.14375000000001,56.23958333333334,31.0,38.268479410611526,644.9983103209856,25.0,41G7,0
17.29374999999999,56.23958333333334,26.0,47.08216508877595,653.4341864539283,25.0,41G7,0
17.443749999999994,56.23958333333334,25.0,56.03906201399571,662.1016878958018,25.0,41G7,0
17.59375,56.23958333333334,28.0,65.08003334869443,670.9441183980831,25.0,41G7,0
17.743750000000006,56.23958333333334,38.0,74.17430742854751,679.349718806924,25.0,41G7,0
17.89375000000001,56.23958333333334,47.0,76.39506627633915,688.3305428131184,25.0,41G7,0
18.04374999999999,56.23958333333334,43.0,74.71825791530901,696.9117527333563,26.0,41G8,0
18.193749999999994,56.23958333333334,39.0,74.15089504739558,705.8203619005156,26.0,41G8,0
18.34375,56.23958333333334,50.0,74.71825791530901,714.4337322605246,26.0,41G8,0
18.49375000000001,56.23958333333334,80.0,76.39506627633962,723.1308263849987,26.0,41G8,0
18.64375000000001,56.23958333333334,108.0,79.11079751220132,732.5818070926017,26.0,41G8,0
18.79374999999999,56.23958333333334,94.0,82.71528680857354,741.6508263849968,26.0,41G8,0
18.943749999999994,56.23958333333334,118.0,86.6222703618132,750.4825220708232,26.0,41G8,0
19.09375,56.23958333333334,126.0,91.21036914235609,759.488799732535,26.0,41G9,0
19.24375000000001,56.23958333333334,129.0,96.45748560701914,768.6388457217935,26.0,41G9,0
19.39375000000001,56.23958333333334,118.0,98.27811053483823,777.8884081453748,26.0,41G9,0
19.54374999999999,56.23958333333334,93.0,89.07329055222563,787.158845721792,26.0,41G9,0
19.693749999999994,56.23958333333334,64.0,79.88111490276816,796.4084081453732,26.0,41G9,0
19.84375,56.23958333333334,58.0,70.70656731116965,805.4002673852318,26.0,41G9,0
19.99375000000001,56.23958333333334,56.0,61.55758337155854,814.2686628761192,26.0,41G9,0
20.14375000000001,56.23958333333334,50.0,52.44759752207221,823.5804501547988,26.0,41H0,0
20.29374999999999,56.23958333333334,40.0,43.26741434195209,832.6180850029444,26.0,41H0,0
20.443749999999994,56.23958333333334,32.0,33.99588147369823,841.8491103939531,26.0,41H0,0
20.59375,56.23958333333334,33.0,24.72430834347387,851.0146911644474,26.0,41H0,0
20.74375000000001,56.23958333333334,28.0,15.452705931910662,860.6204501547987,26.0,41H0,0
20.89375000000001,56.23958333333334,12.0,6.1810852195511705,869.6580850029462,26.0,41H0,3
10.993750000000006,56.32291666666666,17.0,5.4627251876422935,212.98886188092587,21.0,41G0,3
11.143750000000011,56.32291666666666,21.0,14.506918061366614,214.12046901361623,21.0,41G1,0
11.293749999999989,56.32291666666666,15.0,23.709969702382903,216.8170370947875,21.0,41G1,0
11.443749999999994,56.32291666666666,20.0,21.556685477496387,220.63695976048692,21.0,41G1,0
11.59375,56.32291666666666,21.0,15.660369753223756,225.0078973189968,21.0,41G1,0
11.743750000000006,56.32291666666666,19.0,14.054963954460469,228.59812124468084,21.0,41G1,0
11.893750000000011,56.32291666666666,28.0,17.932523741425253,233.2519484141156,21.0,41G1,0
12.043749999999989,56.32291666666666,31.0,24.84646415232582,238.2974264825968,21.0,41G2,0
12.193749999999994,56.32291666666666,32.0,16.685715020385498,243.5278973189968,21.0,41G2,0
12.34375,56.32291666666666,28.0,7.716356270744373,249.0348316201573,21.0,41G2,0
12.493750000000006,56.32291666666666,24.0,2.7806585642779003,254.29228034041003,23.0,41G2,3
12.643750000000011,56.32291666666666,20.0,6.194030199170306,260.02892622733754,23.0,41G2,0
16.09375,56.32291666666666,9.0,2.2549554765373387,599.2092506121651,25.0,41G6,3
16.243750000000006,56.32291666666666,24.0,10.279380823022809,604.3595311018918,25.0,41G6,0
16.39375000000001,56.32291666666666,8.0,1.0279383307712773,610.647564201462,25.0,41G6,3
16.54374999999999,56.32291666666666,1.0,0.926886188094992,619.1918160270076,25.0,41G6,3
16.693749999999994,56.32291666666666,50.0,9.017365322995042,625.5616566135081,25.0,41G6,3
16.84375,56.32291666666666,57.0,17.85644809843612,633.2786855671192,25.0,41G6,0
16.993750000000006,56.32291666666666,48.0,26.97072632850325,641.3732576937134,25.0,41G6,0
17.14375000000001,56.32291666666666,40.0,36.15263416889732,649.0476647866069,25.0,41G7,0
17.29374999999999,56.32291666666666,39.0,44.921227879244434,657.6373213370018,25.0,41G7,0
17.443749999999994,56.32291666666666,29.0,53.66645486442298,665.7443176311903,25.0,41G7,0
17.59375,56.32291666666666,29.0,62.55230130677059,674.1520430927239,25.0,41G7,0
17.743750000000006,56.32291666666666,48.0,69.86488118832861,682.8285378221823,25.0,41G7,0
17.89375000000001,56.32291666666666,34.0,67.34019257234789,691.6814850895811,25.0,41G7,0
18.04374999999999,56.32291666666666,38.0,65.5282896340844,700.1042016255772,26.0,41G8,0
18.193749999999994,56.32291666666666,28.0,64.88203316647326,708.9831514454092,26.0,41G8,0
18.34375,56.32291666666666,32.0,65.5282896340844,717.6335973297835,26.0,41G8,0
18.49375000000001,56.32291666666666,61.0,67.4299034797343,726.495367395497,26.0,41G8,0
18.64375000000001,56.32291666666666,103.0,70.48533494524732,735.1655442962905,26.0,41G8,0
18.79374999999999,56.32291666666666,104.0,74.25657154602733,744.0204205058554,26.0,41G8,0
18.943749999999994,56.32291666666666,108.0,78.4839766968156,752.7043248922264,26.0,41G8,0
19.09375,56.32291666666666,125.0,83.50968589935121,762.4038149320822,26.0,41G9,0
19.24375000000001,56.32291666666666,131.0,89.19884331447311,771.2243248922263,26.0,41G9,0
19.39375000000001,56.32291666666666,132.0,95.37574991416038,780.095364565147,26.0,41G9,0
19.54374999999999,56.32291666666666,118.0,88.39631107709955,789.120909609784,26.0,41G9,0
19.693749999999994,56.32291666666666,88.0,79.1468943559702,798.4158766464853,26.0,41G9,0
19.84375,56.32291666666666,74.0,69.89753403510838,807.6409096097839,26.0,41G9,0
19.99375000000001,56.32291666666666,67.0,60.64830987240024,816.9358766464856,26.0,41G9,0
20.14375000000001,56.32291666666666,56.0,51.39935113107239,826.1609096097857,26.0,41H0,0
20.29374999999999,56.32291666666666,41.0,42.1508908880221,835.4558766464854,26.0,41H0,0
20.443749999999994,56.32291666666666,32.0,32.903411910625245,843.8474048044917,26.0,41H0,0
20.59375,56.32291666666666,34.0,23.658134531656437,853.0208091543452,26.0,41H0,0
20.74375000000001,56.32291666666666,26.0,14.419380272161506,862.2422018661849,26.0,41H0,0
20.89375000000001,56.32291666666666,15.0,5.222047397225319,871.2521732317571,26.0,41H0,3
21.04374999999999,56.32291666666666,-0.0,0.0,880.719380823023,26.0,41H1,3
10.993750000000006,56.40625,14.0,4.102773966475034,202.8405574674513,21.0,41G0,3
11.143750000000011,56.40625,19.0,12.849431009189786,205.5737723761829,21.0,41G1,0
11.293749999999989,56.40625,21.0,21.84699764445848,208.46645608601017,21.0,41G1,0
11.443749999999994,56.40625,21.0,28.420865850841118,212.19270989773275,21.0,41G1,0
11.59375,56.40625,25.0,24.26481027772622,215.9652045988636,21.0,41G1,0
11.743750000000006,56.40625,25.0,23.263274913980776,220.1913028108888,21.0,41G1,0
11.893750000000011,56.40625,31.0,25.786482258471025,225.69506675417225,21.0,41G1,0
12.043749999999989,56.40625,33.0,28.365283838017277,230.26716555215216,21.0,41G2,0
12.193749999999994,56.40625,29.0,20.378444694145195,235.98640851714617,21.0,41G2,0
12.34375,56.40625,29.0,13.14559842630634,240.862181472656,21.0,41G2,0
12.493750000000006,56.40625,25.0,4.955174866937273,246.9480750366897,21.0,41G2,3
16.243750000000006,56.40625,20.0,8.077811173462823,611.4517295965742,25.0,41G6,3
16.39375000000001,56.40625,3.0,1.0256935292553964,618.0725330113671,25.0,41G6,3
16.693749999999994,56.40625,24.0,7.23865536675687,631.931272576753,25.0,41G6,3
16.84375,56.40625,58.0,15.747435219256731,638.6258656927531,25.0,41G6,0
16.993750000000006,56.40625,65.0,24.44943988454984,645.9310558246151,25.0,41G6,0
17.14375000000001,56.40625,41.0,33.4325613298504,654.0352818810292,25.0,41G7,0
17.29374999999999,56.40625,48.0,42.10326634110272,662.0328144697695,25.0,41G7,0
17.443749999999994,56.40625,45.0,50.35789823482061,669.9339719576614,25.0,41G7,0
17.59375,56.40625,38.0,58.89610079866991,678.3438252191568,25.0,41G7,0
17.743750000000006,56.40625,49.0,61.20344423547248,686.6225323046539,25.0,41G7,0
17.89375000000001,56.40625,44.0,58.311401743879394,694.883849078745,25.0,41G7,0
18.04374999999999,56.40625,40.0,56.364163286057945,703.5530781287151,26.0,41G8,0
18.193749999999994,56.40625,24.0,55.6131712855474,712.4264460884207,26.0,41G8,0
18.34375,56.40625,29.0,56.364163286057945,720.8511806498293,26.0,41G8,0
18.49375000000001,56.40625,34.0,58.55937796971824,729.6968286512807,26.0,41G8,0
18.64375000000001,56.40625,84.0,62.0121433283451,738.3563001501542,26.0,41G8,0
18.79374999999999,56.40625,111.0,65.90591673917565,747.2285885001191,26.0,41G8,0
18.943749999999994,56.40625,114.0,70.6248743723685,755.8965136134844,26.0,41G8,0
19.09375,56.40625,116.0,76.159202435611,764.7742796545905,26.0,41G9,0
19.24375000000001,56.40625,130.0,82.29087383189501,773.4433284173956,26.0,41G9,0
19.39375000000001,56.40625,135.0,88.88947182567038,782.3429542815666,26.0,41G9,0
19.54374999999999,56.40625,144.0,88.28081536128393,791.3051461832291,26.0,41G9,0
19.693749999999994,56.40625,126.0,79.05210958515295,800.5666088306303,26.0,41G9,0
19.84375,56.40625,97.0,69.82466290682504,809.5182094183428,26.0,41G9,0
19.99375000000001,56.40625,80.0,60.599104391336994,818.9827739664752,26.0,41G9,0
20.14375000000001,56.40625,73.0,51.376506883730215,827.5024506604597,26.0,41H0,0
20.29374999999999,56.40625,57.0,42.15887189682329,836.992915639712,26.0,41H0,0
20.443749999999994,56.40625,35.0,32.95042658687109,845.8497993669524,26.0,41H0,0
20.59375,56.40625,30.0,23.761926390646163,855.1339719576633,26.0,41H0,0
20.74375000000001,56.40625,21.0,14.631081904588486,864.2645122120708,26.0,41H0,0
20.89375000000001,56.40625,13.0,5.835281881027679,873.5170805275495,26.0,41H0,3
10.243750000000006,56.48958333333334,-0.0,0.0,194.5250706121939,21.0,41G0,5
10.993750000000006,56.48958333333334,12.0,4.814681206503299,193.60439944500857,21.0,41G0,3
11.143750000000011,56.48958333333334,18.0,12.833941744262289,196.18507421136036,21.0,41G1,0
11.293749999999989,56.48958333333334,19.0,21.819096998728124,199.5519704188389,21.0,41G1,0
11.443749999999994,56.48958333333334,21.0,23.072948847871373,203.35147038586976,21.0,41G1,0
11.59375,56.48958333333334,26.0,22.268675040055577,207.56609029070265,21.0,41G1,0
11.743750000000006,56.48958333333334,29.0,24.47536715925371,212.65010226113893,21.0,41G1,0
11.893750000000011,56.48958333333334,32.0,29.512425517047973,217.2400280575739,21.0,41G1,0
12.043749999999989,56.48958333333334,29.0,31.06778946080934,222.2574219592902,21.0,41G2,0
12.193749999999994,56.48958333333334,39.0,21.997874673090145,228.16557985977497,21.0,41G2,0
12.34375,56.48958333333334,31.0,13.132983063963664,233.3547147006981,21.0,41G2,0
12.493750000000006,56.48958333333334,25.0,5.560151729978789,239.4079269528197,21.0,41G2,3
12.643750000000011,56.48958333333334,21.0,4.746213564115704,246.2817973336284,23.0,41G2,0
12.793749999999989,56.48958333333334,15.0,3.846329566637117,252.57851356007453,23.0,41G2,0
16.243750000000006,56.48958333333334,15.0,4.196965707080228,620.0501166811775,25.0,41G6,3
16.693749999999994,56.48958333333334,22.0,4.493127372682094,637.945779148895,25.0,41G6,3
16.84375,56.48958333333334,66.0,13.430428076332149,644.5365916970779,25.0,41G6,0
16.993750000000006,56.48958333333334,70.0,21.498582754015302,652.3430977370263,25.0,41G6,0
17.14375000000001,56.48958333333334,59.0,29.75369945436134,658.9648911702766,25.0,41G7,0
17.29374999999999,56.48958333333334,53.0,38.43970349387803,666.5919421788399,25.0,41G7,0
17.443749999999994,56.48958333333334,55.0,47.31987695703403,674.789427810087,25.0,41G7,0
17.59375,56.48958333333334,44.0,56.30238760346897,682.434836951509,25.0,41G7,0
17.743750000000006,56.48958333333334,51.0,52.74888042656414,690.6837159594916,25.0,41G7,0
17.89375000000001,56.48958333333334,57.0,49.37166119403956,699.0573476736438,25.0,41G7,0
18.04374999999999,56.48958333333334,43.0,47.24092026630476,707.3471434979997,26.0,41G8,0
18.193749999999994,56.48958333333334,32.0,46.34430940462224,715.6173918661548,26.0,41G8,0
18.34375,56.48958333333334,19.0,47.24092026630476,724.5271781523145,26.0,41G8,0
18.49375000000001,56.48958333333334,22.0,49.83405207400031,733.1695427667829,26.0,41G8,0
18.64375000000001,56.48958333333334,57.0,53.5704868725316,741.5905507962133,26.0,41G8,0
18.79374999999999,56.48958333333334,87.0,57.83566034205038,750.4244897715089,26.0,41G8,0
18.943749999999994,56.48958333333334,132.0,63.14928794975147,759.0766977814852,26.0,41G8,0
19.09375,56.48958333333334,114.0,69.22045965407871,767.9694251023561,26.0,41G9,0
19.24375000000001,56.48958333333334,128.0,75.83461722788064,776.6239479140199,26.0,41G9,0
19.39375000000001,56.48958333333334,134.0,82.93346875111337,785.5270389575694,26.0,41G9,0
19.54374999999999,56.48958333333334,142.0,88.9601550325487,794.1774776308932,26.0,41G9,0
19.693749999999994,56.48958333333334,137.0,79.82425462098212,803.1027623633194,26.0,41G9,0
19.84375,56.48958333333334,116.0,70.6153154965515,811.7384709738585,26.0,41G9,0
19.99375000000001,56.48958333333334,100.0,61.406502778791776,821.020678821154,26.0,41G9,0
20.14375000000001,56.48958333333334,88.0,52.19793886820148,829.9465852936539,26.0,41H0,0
20.29374999999999,56.48958333333334,74.0,42.989841633692286,839.2254085231527,26.0,41H0,0
20.443749999999994,56.48958333333334,52.0,33.78265450193275,848.0002033408258,26.0,41H0,0
20.59375,56.48958333333334,34.0,24.57746884946516,857.1210516317052,26.0,41H0,0
20.74375000000001,56.48958333333334,22.0,15.37796258434602,866.2797637599128,26.0,41H0,0
20.89375000000001,56.48958333333334,15.0,6.209570949416295,875.5572324889303,26.0,41H0,3
21.04374999999999,56.48958333333334,-0.0,0.0,884.5357451183014,26.0,41H1,3
10.243750000000006,56.57291666666666,-0.0,0.0,184.82526917463096,21.0,42G0,5
10.393750000000011,56.57291666666666,6.0,2.243081313228298,183.36395138566456,21.0,42G0,5
10.543749999999989,56.57291666666666,10.0,6.4882033166479625,183.36395138566456,21.0,42G0,0
10.693749999999994,56.57291666666666,5.0,4.634430940461517,183.36395138566456,21.0,42G0,3
10.84375,56.57291666666666,6.0,4.745728931386947,183.36395138566456,21.0,42G0,3
10.993750000000006,56.57291666666666,13.0,10.437514662460742,184.44928886993463,21.0,42G0,0
11.143750000000011,56.57291666666666,17.0,17.86112081737166,187.316330925031,21.0,42G1,0
11.293749999999989,56.57291666666666,17.0,19.92543355689445,191.124028087566,21.0,42G1,0
11.443749999999994,56.57291666666666,22.0,14.34620667940212,194.9609789419251,21.0,42G1,0
11.59375,56.57291666666666,31.0,13.01640329596184,199.2051368191577,21.0,42G1,0
11.743750000000006,56.57291666666666,33.0,16.503019225088615,204.7198368400508,21.0,42G1,0
11.893750000000011,56.57291666666666,31.0,23.31718946307637,209.2745661454544,21.0,42G1,0
12.043749999999989,56.57291666666666,23.0,30.13804545254293,215.12005109803675,21.0,42G2,0
12.193749999999994,56.57291666666666,48.0,25.58738318272255,220.1824846613897,21.0,42G2,0
12.34375,56.57291666666666,37.0,18.546350538218583,226.37659936190977,21.0,42G2,0
12.493750000000006,56.57291666666666,25.0,14.237912608596808,232.5352806418599,21.0,42G2,0
12.643750000000011,56.57291666666666,21.0,9.777931363196805,239.41352759077685,21.0,42G2,0
12.793749999999989,56.57291666666666,17.0,8.049856872308826,246.93616947876924,23.0,42G2,0
16.243750000000006,56.57291666666666,7.0,1.0211974217274338,628.6107501778273,27.0,42G6,3
16.39375000000001,56.57291666666666,2.0,0.9268861880921618,632.6423631671103,27.0,42G6,3
16.693749999999994,56.57291666666666,7.0,1.0211974217256796,645.7301989223469,27.0,42G6,3
16.84375,56.57291666666666,59.0,9.37387797684996,651.6505355990954,27.0,42G6,3
16.993750000000006,56.57291666666666,74.0,18.47074806474421,657.8224788495579,27.0,42G6,0
17.14375000000001,56.57291666666666,75.0,27.544524831083063,665.2304654114237,27.0,42G7,0
17.29374999999999,56.57291666666666,55.0,36.41490267065412,672.2377983314899,27.0,42G7,0
17.443749999999994,56.57291666666666,71.0,45.241726555045446,679.3474187875495,27.0,42G7,0
17.59375,56.57291666666666,58.0,50.02383667493582,687.4830813132268,27.0,42G7,0
17.743750000000006,56.57291666666666,54.0,44.618942427860304,695.5376378720077,27.0,42G7,0
17.89375000000001,56.57291666666666,60.0,40.57986696444979,703.1583801423639,27.0,42G7,0
18.04374999999999,56.57291666666666,50.0,38.18787342049166,711.4323653885048,28.0,42G8,0
18.193749999999994,56.57291666666666,26.0,37.0754475236992,719.771748973869,28.0,42G8,0
18.34375,56.57291666666666,26.0,38.18787342049166,728.0955305902074,28.0,42G8,0
18.49375000000001,56.57291666666666,23.0,41.33678853531897,736.3481417710842,28.0,42G8,0
18.64375000000001,56.57291666666666,30.0,45.21104898857698,745.2865722372333,28.0,42G8,0
18.79374999999999,56.57291666666666,61.0,50.181267976135445,753.90773928486,28.0,42G8,0
18.943749999999994,56.57291666666666,126.0,56.164830959029295,762.5210597092704,28.0,42G8,0
19.09375,56.57291666666666,139.0,62.80528738366399,771.1538989201165,28.0,42G9,0
19.24375000000001,56.57291666666666,129.0,70.0129238253144,780.0830813132266,28.0,42G9,0
19.39375000000001,56.57291666666666,130.0,77.11342574877239,788.7084018901692,28.0,42G9,0
19.54374999999999,56.57291666666666,141.0,84.51949317169196,797.3463786699047,28.0,42G9,0
19.693749999999994,56.57291666666666,145.0,79.89861829853207,806.2741654180909,28.0,42G9,0
19.84375,56.57291666666666,135.0,70.72733676390756,814.9057026341884,28.0,42G9,0
19.99375000000001,56.57291666666666,123.0,61.56349087861487,823.854782097249,28.0,42G9,0
20.14375000000001,56.57291666666666,120.0,52.41103625000172,832.4719370880377,28.0,42H0,0
20.29374999999999,56.57291666666666,94.0,43.27725820712587,841.4554499538528,28.0,42H0,0
20.443749999999994,56.57291666666666,72.0,34.177194892200646,850.161531511804,28.0,42H0,0
20.59375,56.57291666666666,43.0,25.147540677784257,859.3063619354285,28.0,42H0,0
20.74375000000001,56.57291666666666,33.0,16.305768554175952,868.2257685541762,28.0,42H0,0
20.89375000000001,56.57291666666666,17.0,7.148381109460804,877.5883811094626,28.0,42H0,3
10.393750000000011,56.65625,3.0,2.0378922354068103,174.09508950473943,21.0,42G0,5
10.543749999999989,56.65625,9.0,11.208404068112907,174.09508950473943,21.0,42G0,0
10.693749999999994,56.65625,9.0,13.903292821386673,174.09508950473943,21.0,42G0,0
10.84375,56.65625,9.0,13.603328023562822,174.09508950473943,21.0,42G0,0
10.993750000000006,56.65625,12.0,17.24733932556271,175.56336781377829,21.0,42G0,0
11.143750000000011,56.65625,16.0,23.44069585311021,178.52402503737054,21.0,42G1,0
11.293749999999989,56.65625,19.0,14.991665709069292,182.30072602601865,21.0,42G1,0
11.443749999999994,56.65625,5.0,6.885167720920923,186.21883205299363,21.0,42G1,0
11.59375,56.65625,25.0,3.844895468055584,192.0851677209209,21.0,42G1,3
11.743750000000006,56.65625,39.0,10.2843502753253,196.29982835205143,21.0,42G1,0
11.893750000000011,56.65625,32.0,17.39913623753253,202.11588404839316,21.0,42G1,0
12.043749999999989,56.65625,29.0,25.81529523477806,207.16707303260364,21.0,42G2,0
12.193749999999994,56.65625,43.0,28.356684728551816,213.32700135726824,21.0,42G2,0
12.34375,56.65625,33.0,19.768191129518776,219.490780988916,21.0,42G2,0
12.493750000000006,56.65625,22.0,11.78698900773406,226.37160081730403,21.0,42G2,0
12.643750000000011,56.65625,18.0,4.131600817302719,233.46786438151196,21.0,42G2,3
16.39375000000001,56.65625,9.0,2.037892235406616,641.0805546999302,27.0,42G6,3
16.84375,56.65625,41.0,7.368057830594161,658.5460105194373,27.0,42G6,3
16.993750000000006,56.65625,66.0,16.404600981062217,664.6675476639139,27.0,42G6,0
17.14375000000001,56.65625,75.0,24.854155278597897,671.5260804923828,27.0,42G7,0
17.29374999999999,56.65625,77.0,33.123727309322646,677.9594482536771,27.0,42G7,0
17.443749999999994,56.65625,76.0,41.00577649011596,685.2484946202765,27.0,42G7,0
17.59375,56.65625,78.0,43.37607289708443,692.3923401454324,27.0,42G7,0
17.743750000000006,56.65625,60.0,37.02807715321487,699.9991508757516,27.0,42G7,0
17.89375000000001,56.65625,57.0,32.05797240497563,708.2383740109125,27.0,42G7,0
18.04374999999999,56.65625,49.0,29.17859897909284,715.8464581167457,28.0,42G8,0
18.193749999999994,56.65625,26.0,27.806585642774053,724.317892235405,28.0,42G8,0
18.34375,56.65625,30.0,29.27022871885918,732.1524068892281,28.0,42G8,0
18.49375000000001,56.65625,24.0,32.92409181488939,740.4838541661001,28.0,42G8,0
18.64375000000001,56.65625,20.0,37.28409583655308,748.8414651889096,28.0,42G8,0
18.79374999999999,56.65625,54.0,43.12466237527595,757.0740371196885,28.0,42G8,0
18.943749999999994,56.65625,123.0,49.81048648119575,765.7098382061438,28.0,42G8,0
19.09375,56.65625,149.0,57.087794389053165,774.6397628984929,28.0,42G9,0
19.24375000000001,56.65625,139.0,64.1882212137915,783.2625661472347,28.0,42G9,0
19.39375000000001,56.65625,127.0,71.74884411218967,791.8805184917604,28.0,42G9,0
19.54374999999999,56.65625,135.0,79.63867150617993,800.5402880329023,28.0,42G9,0
19.693749999999994,56.65625,147.0,80.98638530313745,809.4424781943878,28.0,42G9,0
19.84375,56.65625,150.0,71.88195144468118,818.0745960575313,28.0,42G9,0
19.99375000000001,56.65625,139.0,62.77367423806129,827.0144592033046,28.0,42G9,0
20.14375000000001,56.65625,136.0,53.689534013166856,835.6389820810002,28.0,42H0,0
20.29374999999999,56.65625,109.0,44.64432388755338,844.5990068433979,28.0,42H0,0
20.443749999999994,56.65625,70.0,35.66773341067691,853.297533560151,28.0,42H0,0
20.59375,56.65625,52.0,26.828793520944654,862.1526505747784,28.0,42H0,0
20.74375000000001,56.65625,42.0,18.203854166099788,870.7765162512275,28.0,42H0,0
20.89375000000001,56.65625,25.0,9.218243970047284,879.6582439700488,28.0,42H0,3
21.04374999999999,56.65625,2.0,0.9268861880914544,888.6438541661,28.0,42H1,3
10.393750000000011,56.73958333333334,4.0,3.5698141704806576,163.9170651975696,21.0,42G0,5
10.543749999999989,56.73958333333334,9.0,12.343013892481164,163.9170651975696,21.0,42G0,0
10.693749999999994,56.73958333333334,13.0,21.358914473454664,163.9170651975696,21.0,42G0,0
10.84375,56.73958333333334,10.0,22.61589144316774,164.0472327489034,21.0,42G0,0
10.993750000000006,56.73958333333334,12.0,25.31575965938811,166.48687243661445,21.0,42G0,0
11.143750000000011,56.73958333333334,14.0,23.55637113754696,170.1244109946678,21.0,42G1,0
11.293749999999989,56.73958333333334,15.0,14.507404174290077,173.84835504154051,21.0,42G1,0
11.443749999999994,56.73958333333334,4.0,5.795761241168127,178.36113746738124,21.0,42G1,3
11.59375,56.73958333333334,5.0,1.3758674378157985,183.15520659537512,21.0,42G1,3
11.743750000000006,56.73958333333334,9.0,6.170840040947078,189.3266024987059,21.0,42G1,0
11.893750000000011,56.73958333333334,34.0,15.280210446531145,194.1877302027688,21.0,42G1,0
12.043749999999989,56.73958333333334,34.0,24.42089092416732,200.2600191632763,21.0,42G2,0
12.193749999999994,56.73958333333334,39.0,22.74996767055261,206.47123501040292,21.0,42G2,0
12.34375,56.73958333333334,30.0,17.135027950498248,213.3184070860125,21.0,42G2,0
12.493750000000006,56.73958333333334,20.0,8.185286960892228,220.39981075453773,21.0,42G2,0
16.39375000000001,56.73958333333334,5.0,2.0333853314517083,650.0537723761865,27.0,42G6,3
16.84375,56.73958333333334,23.0,5.083463065462389,666.7680536048255,27.0,42G6,3
16.993750000000006,56.73958333333334,60.0,13.017404762245624,671.5217824174593,27.0,42G6,0
17.14375000000001,56.73958333333334,88.0,20.495743571244763,678.3765442617027,27.0,42G7,0
17.29374999999999,56.73958333333334,83.0,28.64624613911715,684.544043676917,27.0,42G7,0
17.443749999999994,56.73958333333334,81.0,37.2367156015117,691.407244698377,27.0,42G7,0
17.59375,56.73958333333334,84.0,37.84713049325362,698.6554300354792,27.0,42G7,0
17.743750000000006,56.73958333333334,66.0,30.383051346301,705.8743780215074,27.0,42G7,0
17.89375000000001,56.73958333333334,53.0,24.09408443286727,712.7957704995563,27.0,42G7,0
18.04374999999999,56.73958333333334,40.0,20.114477830016096,720.7296840764684,28.0,42G8,0
18.193749999999994,56.73958333333334,29.0,18.537723761848188,728.9858714812963,28.0,42G8,0
18.34375,56.73958333333334,45.0,20.664036058639,736.5661839570108,28.0,42G8,0
18.49375000000001,56.73958333333334,22.0,24.547122353413776,744.928101967989,28.0,42G8,0
18.64375000000001,56.73958333333334,25.0,30.10173752536752,752.8674581666723,28.0,42G8,0
18.79374999999999,56.73958333333334,73.0,36.87180180175294,761.3533853314501,28.0,42G8,0
18.943749999999994,56.73958333333334,116.0,44.085380090739,769.5814579005986,28.0,42G8,0
19.09375,56.73958333333334,153.0,51.346208063404646,777.6157418636654,28.0,42G9,0
19.24375000000001,56.73958333333334,156.0,59.12392041942526,786.1838770818388,28.0,42G9,0
19.39375000000001,56.73958333333334,114.0,67.23935795125942,794.7630301444534,28.0,42G9,0
19.54374999999999,56.73958333333334,131.0,74.45774593192026,803.7158451175906,28.0,42G9,0
19.693749999999994,56.73958333333334,145.0,81.013882664119,812.3070974957403,28.0,42G9,0
19.84375,56.73958333333334,155.0,73.4595103904497,821.0508400409472,28.0,42G9,0
19.99375000000001,56.73958333333334,148.0,64.59512495453599,829.5947381312408,28.0,42G9,0
20.14375000000001,56.73958333333334,145.0,55.82921093937424,838.5678278770268,28.0,42H0,0
20.29374999999999,56.73958333333334,101.0,46.76761912818254,847.1328033700393,28.0,42H0,0
20.443749999999994,56.73958333333334,63.0,37.61750204969901,856.0914994899448,28.0,42H0,0
20.59375,56.73958333333334,51.0,28.467339902142367,864.6763870147068,28.0,42H0,0
20.74375000000001,56.73958333333334,44.0,19.31714364838021,873.6281274199079,28.0,42H0,0
20.89375000000001,56.73958333333334,26.0,10.166924251180555,882.2268606340771,28.0,42H0,0
21.04374999999999,56.73958333333334,8.0,1.0166926732449186,891.1948804772444,28.0,42H1,3
10.393750000000011,56.82291666666666,6.0,7.1620785379447005,154.64820331664728,21.0,42G0,5
10.543749999999989,56.82291666666666,11.0,16.210507731040313,154.64820331664728,21.0,42G0,0
10.693749999999994,56.82291666666666,12.0,24.057190857368823,154.64820331664728,21.0,42G0,0
10.84375,56.82291666666666,13.0,31.776251128542235,154.9575511147696,21.0,42G0,0
10.993750000000006,56.82291666666666,13.0,34.001883980073515,157.64783277991603,21.0,42G0,0
11.143750000000011,56.82291666666666,13.0,26.289691385476186,161.23071431409932,21.0,42G1,0
11.293749999999989,56.82291666666666,13.0,18.64065434004763,165.36076179570546,21.0,42G1,0
11.443749999999994,56.82291666666666,10.0,12.683012937767543,170.5237032718892,21.0,42G1,0
11.59375,56.82291666666666,18.0,10.246212888713352,176.26981601440173,21.0,42G1,0
11.743750000000006,56.82291666666666,37.0,11.878167692689193,181.20107648830145,21.0,42G1,0
11.893750000000011,56.82291666666666,30.0,18.33202099517969,187.313077545324,21.0,42G1,0
12.043749999999989,56.82291666666666,41.0,22.23103816686178,193.43309010094,21.0,42G2,0
12.193749999999994,56.82291666666666,40.0,15.044812539140368,200.24481253914044,21.0,42G2,0
12.34375,56.82291666666666,24.0,10.116347204440254,207.84160444931544,21.0,42G2,0
12.493750000000006,56.82291666666666,14.0,4.121604449314193,214.91475805528077,21.0,42G2,3
16.54374999999999,56.82291666666666,16.0,2.748569360784031,662.1353607316923,27.0,42G6,3
16.993750000000006,56.82291666666666,44.0,8.322765867267636,679.4030129377675,27.0,42G6,3
17.14375000000001,56.82291666666666,78.0,17.340951080951797,684.5255110457742,27.0,42G7,0
17.29374999999999,56.82291666666666,94.0,26.43453126851573,691.4012970379949,27.0,42G7,0
17.443749999999994,56.82291666666666,90.0,35.23329618308962,697.5655641044036,27.0,42G7,0
17.59375,56.82291666666666,84.0,33.98748292368651,704.10462770848,27.0,42G7,0
17.743750000000006,56.82291666666666,84.0,25.43627248098269,711.4128502101272,27.0,42G7,0
17.89375000000001,56.82291666666666,60.0,17.468816006635652,718.5272931416245,27.0,42G7,0
18.04374999999999,56.82291666666666,25.0,11.384962160519065,725.8440335559097,28.0,42G8,0
18.193749999999994,56.82291666666666,25.0,9.268861880925863,733.4379837545696,28.0,42G8,3
18.34375,56.82291666666666,35.0,12.419938757817988,741.4525914608018,28.0,42G8,0
18.49375000000001,56.82291666666666,45.0,17.103159775772014,749.2828687366272,28.0,42G8,0
18.64375000000001,56.82291666666666,29.0,24.05694899389224,757.2830900407795,28.0,42G8,0
18.79374999999999,56.82291666666666,85.0,31.1263552987227,765.6045715010687,28.0,42G8,0
18.943749999999994,56.82291666666666,137.0,38.65614010151568,773.5830639457681,28.0,42G8,0
19.09375,56.82291666666666,157.0,46.75116000484383,781.9631038332908,28.0,42G9,0
19.24375000000001,56.82291666666666,149.0,55.16310407017252,789.9286453054273,28.0,42G9,0
19.39375000000001,56.82291666666666,154.0,61.4433132634702,798.5907765236813,28.0,42G9,0
19.54374999999999,56.82291666666666,138.0,68.02494463813879,806.6033542135256,28.0,42G9,0
19.693749999999994,56.82291666666666,151.0,75.12936273916903,815.1460888272426,28.0,42G9,0
19.84375,56.82291666666666,161.0,74.0504951779204,824.0578709746975,28.0,42G9,0
19.99375000000001,56.82291666666666,155.0,64.92271068131866,832.737689630014,28.0,42G9,0
20.14375000000001,56.82291666666666,155.0,55.7936221584415,841.4134752634372,28.0,42H0,0
20.29374999999999,56.82291666666666,99.0,46.66386148154055,849.952962936589,28.0,42H0,0
20.443749999999994,56.82291666666666,57.0,37.53404479028219,859.0210586520227,28.0,42H0,0
20.59375,56.82291666666666,46.0,28.40418304419992,867.5440451812977,28.0,42H0,0
20.74375000000001,56.82291666666666,52.0,19.274287202694428,876.5266218971645,28.0,42H0,0
20.89375000000001,56.82291666666666,31.0,10.144368225067572,885.1241864732357,28.0,42H0,0
21.04374999999999,56.82291666666666,4.0,1.0144370705551842,894.0321850521069,28.0,42H1,3
10.393750000000011,56.90625,6.0,6.860177690382328,144.50455705542808,21.0,42G0,5
10.543749999999989,56.90625,9.0,14.901578059930715,144.47017900947813,21.0,42G0,0
10.693749999999994,56.90625,9.0,23.55101674386212,144.47017900947813,21.0,42G0,0
10.84375,56.90625,13.0,31.995956142492144,145.90699088636333,21.0,42G0,0
10.993750000000006,56.90625,10.0,31.5141303951427,148.61707682876963,21.0,42G0,0
11.143750000000011,56.90625,14.0,31.61037731643892,152.90355497233696,21.0,42G1,0
11.293749999999989,56.90625,14.0,25.445193573786668,157.4308002023868,21.0,42G1,0
11.443749999999994,56.90625,13.0,21.28089075074714,163.1896100060982,21.0,42G1,0
11.59375,56.90625,15.0,19.49103244038673,168.7919947223794,21.0,42G1,0
11.743750000000006,56.90625,31.0,20.394264323424927,174.19708841191763,21.0,42G1,0
11.893750000000011,56.90625,30.0,24.707578376770407,180.3450842788626,21.0,42G1,0
12.043749999999989,56.90625,40.0,19.316256091729063,187.31199472237856,21.0,42G2,0
12.193749999999994,56.90625,33.0,10.287924489623087,194.52594243316116,21.0,42G2,0
12.34375,56.90625,12.0,2.1119947223785576,201.83338924769396,21.0,42G2,3
16.54374999999999,56.90625,13.0,4.116606712473216,670.9446388740326,27.0,42G6,3
16.693749999999994,56.90625,8.0,2.0243586288239195,675.6102547741611,27.0,42G6,3
16.993750000000006,56.90625,28.0,6.348405648923734,688.1992659334852,27.0,42G6,3
17.14375000000001,56.90625,72.0,15.292069695991373,692.4046176052334,27.0,42G7,0
17.29374999999999,56.90625,80.0,24.357491896593245,697.5536714973159,27.0,42G7,0
17.443749999999994,56.90625,96.0,33.25089372173103,704.3938596904769,27.0,42G7,0
17.59375,56.90625,93.0,32.3993028739902,710.6243423728911,27.0,42G7,0
17.743750000000006,56.90625,92.0,23.29594264052871,717.145442992325,27.0,42G7,0
17.89375000000001,56.90625,68.0,14.19920697663767,724.5066702421403,27.0,42G7,0
18.04374999999999,56.90625,32.0,5.144518777235733,731.613784196033,28.0,42G8,3
18.34375,56.90625,23.0,4.116606712474498,746.2911409759221,28.0,42G8,3
18.49375000000001,56.90625,42.0,11.730323382262874,754.1661756061992,28.0,42G8,0
18.64375000000001,56.90625,44.0,18.27295899311869,762.4951752850781,28.0,42G8,0
18.79374999999999,56.90625,68.0,26.317646158299876,769.9982196689106,28.0,42G8,0
18.943749999999994,56.90625,136.0,34.88403120073212,777.9953948213013,28.0,42G8,0
19.09375,56.90625,160.0,42.72786467555689,786.3096390993459,28.0,42G9,0
19.24375000000001,56.90625,171.0,48.44353278226469,794.2958477920004,28.0,42G9,0
19.39375000000001,56.90625,167.0,55.06756655695501,802.6354617327933,28.0,42G9,0
19.54374999999999,56.90625,144.0,62.310915284591005,810.5999358028804,28.0,42G9,0
19.693749999999994,56.90625,163.0,69.9815089496058,819.0339001526553,28.0,42G9,0
19.84375,56.90625,168.0,74.32483943714362,827.3322879515476,28.0,42G9,0
19.99375000000001,56.90625,163.0,65.25924426855286,835.6266702421387,28.0,42G9,0
20.14375000000001,56.90625,153.0,56.21033942633692,844.1836903478751,28.0,42H0,0
20.29374999999999,56.90625,108.0,47.18778368344813,852.9939366371444,28.0,42H0,0
20.443749999999994,56.90625,64.0,38.21030566070798,861.7589526035498,28.0,42H0,0
20.59375,56.90625,51.0,29.319405399084783,870.3222090918955,28.0,42H0,0
20.74375000000001,56.90625,55.0,20.627409868370236,879.004133446797,28.0,42H0,0
20.89375000000001,56.90625,32.0,12.554563326766605,887.8759503070484,28.0,42H0,0
21.04374999999999,56.90625,23.0,6.275461732793223,896.5735732745062,28.0,42H1,3
21.193749999999994,56.90625,6.0,0.9268861880921618,905.397186234494,28.0,42H1,3
10.393750000000011,56.98958333333334,8.0,3.1680432231781523,135.2921513756363,21.0,42G0,5
10.543749999999989,56.98958333333334,9.0,11.706737088869518,135.20131712855297,21.0,42G0,5
10.693749999999994,56.98958333333334,11.0,20.24145096951901,135.20131712855297,21.0,42G0,0
10.84375,56.98958333333334,12.0,23.659605708880708,137.12342585006732,21.0,42G0,0
10.993750000000006,56.98958333333334,8.0,22.245268514217543,140.19239908207211,21.0,42G0,0
11.143750000000011,56.98958333333334,8.0,23.05151345478191,144.41184259275676,21.0,42G1,0
11.293749999999989,56.98958333333334,11.0,26.890586455404968,150.2709127353104,21.0,42G1,0
11.443749999999994,56.98958333333334,11.0,30.27734059855308,155.66948862384015,21.0,42G1,0
11.59375,56.98958333333334,21.0,28.751337574111357,161.13465503637556,21.0,42G1,0
11.743750000000006,56.98958333333334,50.0,29.369792567960005,167.26737273754512,21.0,42G1,0
11.893750000000011,56.98958333333334,28.0,22.86154949044168,174.18948862384016,21.0,42G1,0
12.043749999999989,56.98958333333334,48.0,15.543822257919617,181.3824966946227,21.0,42G2,0
12.193749999999994,56.98958333333334,31.0,8.21919963639223,189.31160933168783,21.0,42G2,0
12.34375,56.98958333333334,3.0,1.009919432134505,196.16095697296507,21.0,42G2,3
16.54374999999999,56.98958333333334,7.0,1.3707030747996007,679.4305237059768,27.0,42G6,3
16.693749999999994,56.98958333333334,18.0,5.134516018253855,683.1544166464096,27.0,42G6,3
16.993750000000006,56.98958333333334,14.0,4.443890149809967,696.6204428076585,27.0,42G6,3
17.14375000000001,56.98958333333334,60.0,13.256264254869365,700.4104492626882,27.0,42G7,0
17.29374999999999,56.98958333333334,60.0,21.2904657713372,705.6137723761865,27.0,42G7,0
17.443749999999994,56.98958333333334,102.0,29.7279123511131,710.6160131580461,27.0,42G7,0
17.59375,56.98958333333334,103.0,33.40812446506139,717.4264385669186,27.0,42G7,0
17.743750000000006,56.98958333333334,99.0,24.702646952601924,723.6508696497169,27.0,42G7,0
17.89375000000001,56.98958333333334,84.0,16.42859528181485,730.2654586988946,27.0,42G7,0
18.04374999999999,56.98958333333334,36.0,8.456405743701106,737.3687185322261,28.0,42G8,3
18.193749999999994,56.98958333333334,1.0,0.9268861880942844,744.9131085059438,28.0,42G8,3
18.49375000000001,56.98958333333334,27.0,6.1293256173522215,759.0757721884906,28.0,42G8,3
18.64375000000001,56.98958333333334,38.0,15.175419885639144,766.9188511281625,28.0,42G8,0
18.79374999999999,56.98958333333334,70.0,23.27926380458348,774.8861496888373,28.0,42G8,0
18.943749999999994,56.98958333333334,125.0,30.026560640354784,782.7453049044357,28.0,42G8,0
19.09375,56.98958333333334,153.0,35.459058305866506,790.7125474299958,28.0,42G9,0
19.24375000000001,56.98958333333334,165.0,42.15786498539011,799.1019058323583,28.0,42G9,0
19.39375000000001,56.98958333333334,174.0,49.61264076670892,807.0208669918061,28.0,42G9,0
19.54374999999999,56.98958333333334,164.0,57.53022806346934,815.0040277611769,28.0,42G9,0
19.693749999999994,56.98958333333334,180.0,65.50576679250298,823.3364057437011,28.0,42G9,0
19.84375,56.98958333333334,182.0,72.29159423329205,831.3085952818163,28.0,42G9,0
19.99375000000001,56.98958333333334,177.0,66.87867843234109,839.6663504151339,28.0,42G9,0
20.14375000000001,56.98958333333334,161.0,58.10373535675237,848.0230090086219,28.0,42H0,0
20.29374999999999,56.98958333333334,121.0,49.44907298890091,856.3655340887996,28.0,42H0,0
20.443749999999994,56.98958333333334,84.0,40.99100363309152,864.5986535454346,28.0,42H0,0
20.59375,56.98958333333334,58.0,32.88164261683512,873.4697582363146,28.0,42H0,0
20.74375000000001,56.98958333333334,53.0,25.456508575697043,882.1561736491329,28.0,42H0,0
20.89375000000001,56.98958333333334,35.0,19.207314315239195,890.9798388492493,28.0,42H0,0
21.04374999999999,56.98958333333334,25.0,13.666438566918597,899.4382743339553,28.0,42H1,0
21.193749999999994,56.98958333333334,20.0,7.106088915333719,907.9818610280148,28.0,42H1,3
21.34375,56.98958333333334,4.0,0.9268861880942844,916.9880191586004,28.0,42H1,3
23.443749999999994,56.98958333333334,-0.0,0.0,1109.1035201951304,,42H3,5
23.59375,56.98958333333334,7.0,1.8537723761864464,1113.9412395326956,,42H3,5
23.74375000000001,56.98958333333334,13.0,2.741905832358307,1120.0745119996116,,42H3,5
10.418749999999989,57.07291666666666,6.0,2.0153147969077945,125.9051387665397,21.0,43G0,5
10.572916666666655,57.07291666666666,8.0,11.235719660965612,125.0232928213874,21.0,43G0,5
10.727083333333326,57.07291666666666,14.0,19.579907768244908,125.90513876653912,21.0,43G0,0
10.881249999999994,57.07291666666666,12.0,14.311728864522197,128.54515107602398,21.0,43G0,0
11.035416666666665,57.07291666666666,6.0,12.976406633295218,133.48191999593763,21.0,43G1,0
11.189583333333331,57.07291666666666,7.0,15.823199177558834,139.20406281240426,21.0,43G1,0
11.34375,57.07291666666666,10.0,21.81447108412205,144.4042781905457,21.0,43G1,0
11.497916666666669,57.07291666666666,43.0,28.51863841353772,150.2698315945659,21.0,43G1,0
11.652083333333335,57.07291666666666,36.0,31.829575930220894,156.37172451899258,21.0,43G1,0
11.806250000000006,57.07291666666666,62.0,23.403673109836014,164.19509456990713,21.0,43G1,0
11.960416666666674,57.07291666666666,54.0,14.841409528293193,172.0474390881343,21.0,43G1,0
12.114583333333345,57.07291666666666,36.0,6.84352055304599,178.99533537221208,21.0,43G2,0
16.585416666666674,57.07291666666666,2.0,1.369037400546822,689.8744309404608,27.0,43G6,3
16.739583333333343,57.07291666666666,35.0,6.257237618588059,693.2486408301038,27.0,43G6,3
17.04791666666665,57.07291666666666,25.0,4.030629473673602,705.7753147969078,27.0,43G7,3
17.20208333333332,57.07291666666666,30.0,12.394465392397803,710.5544580201481,27.0,43G7,0
17.35624999999999,57.07291666666666,73.0,21.75340219795272,715.412329948746,27.0,43G7,0
17.510416666666657,57.07291666666666,99.0,29.71924419816851,720.1990858212488,27.0,43G7,0
17.664583333333326,57.07291666666666,109.0,29.395248470645857,726.3881114003719,27.0,43G7,0
17.818749999999994,57.07291666666666,90.0,22.563202822392817,733.8861946372716,27.0,43G7,0
17.972916666666663,57.07291666666666,62.0,14.107196850402572,740.0299389455628,27.0,43G7,0
18.12708333333333,57.07291666666666,15.0,5.03828672945956,747.4565851645748,27.0,43G8,3
18.28125,57.07291666666666,1.0,1.3690374005455486,754.45289751917,27.0,43G8,3
18.43541666666667,57.07291666666666,10.0,4.219446964682536,762.7545730492421,28.0,43G8,3
18.589583333333337,57.07291666666666,23.0,8.212259085671787,769.6729127805178,28.0,43G8,3
18.74375000000001,57.07291666666666,34.0,15.517630062093712,777.0649571895301,28.0,43G8,0
18.897916666666674,57.07291666666666,87.0,20.59068933325874,784.9345161785558,28.0,43G8,0
19.052083333333343,57.07291666666666,118.0,27.70931214540953,793.7884806651302,28.0,43G9,0
19.20625000000001,57.07291666666666,156.0,35.357836061031826,801.7295629789706,28.0,43G9,0
19.36041666666665,57.07291666666666,176.0,43.54730241908159,809.6768657008714,28.0,43G9,0
19.51458333333332,57.07291666666666,169.0,51.09886273852269,818.0422035020051,28.0,43G9,0
19.66874999999999,57.07291666666666,183.0,57.83422398158828,825.9763619335613,28.0,43G9,0
19.822916666666657,57.07291666666666,207.0,65.40696266426657,835.4153147969076,28.0,43G9,0
19.97708333333333,57.07291666666666,188.0,70.64251314329815,843.1979426526551,28.0,43G9,0
20.131249999999994,57.07291666666666,182.0,62.27131125006835,851.1449571895303,28.0,43H0,0
20.285416666666663,57.07291666666666,139.0,53.24993185944125,860.3631687644411,28.0,43H0,0
20.43958333333333,57.07291666666666,107.0,45.52272965404849,868.3794848378711,28.0,43H0,0
20.59375,57.07291666666666,88.0,38.40051788405351,877.0965851645749,28.0,43H0,0
20.74791666666667,57.07291666666666,56.0,32.169491047478594,885.0675242697904,28.0,43H0,0
20.902083333333337,57.07291666666666,24.0,25.83358632800217,894.7161703218056,28.0,43H0,0
21.05625000000001,57.07291666666666,25.0,19.183993446042727,903.3432938211896,28.0,43H1,0
21.210416666666674,57.07291666666666,20.0,12.235841476640363,912.3778547344904,28.0,43H1,0
21.364583333333343,57.07291666666666,15.0,3.546679741918892,920.7968657008714,28.0,43H1,3
23.36875000000001,57.07291666666666,12.0,2.9577220222840603,1099.008846045847,,43H3,5
23.522916666666674,57.07291666666666,27.0,5.534127853376463,1104.274871684062,,43H3,5
23.677083333333343,57.07291666666666,32.0,12.213341593174269,1110.404019485546,,43H3,5
23.83125000000001,57.07291666666666,29.0,9.266464331821956,1116.9531982794929,,43H3,5
23.98541666666665,57.07291666666666,8.0,4.108111400371935,1124.160410680362,,43H3,5
10.572916666666655,57.15625,8.0,6.861445096724725,115.75443094046152,21.0,43G0,5
10.727083333333326,57.15625,17.0,13.306827334681213,117.03320924696716,21.0,43G0,0
10.881249999999994,57.15625,4.0,7.078307957144311,120.0759130608776,21.0,43G0,0
11.035416666666665,57.15625,3.0,3.7075447523693543,126.15192136346116,21.0,43G1,3
11.189583333333331,57.15625,4.0,8.855999826026144,131.74875131059278,21.0,43G1,0
11.34375,57.15625,15.0,15.89798801178755,137.13429561586474,21.0,43G1,0
11.497916666666669,57.15625,33.0,23.37213549521905,143.306217253269,21.0,43G1,0
11.652083333333335,57.15625,49.0,27.90890361766085,150.89457715767182,21.0,43G1,0
11.806250000000006,57.15625,23.0,18.616717272231224,158.7757229419364,21.0,43G1,0
11.960416666666674,57.15625,57.0,10.615722941934935,166.08475384517064,21.0,43G1,0
12.114583333333345,57.15625,16.0,3.1550607182697905,174.2449542179762,21.0,43G2,3
16.585416666666674,57.15625,14.0,2.0107864813745,699.1432928213867,27.0,43G6,3
16.739583333333343,57.15625,37.0,8.86247797324494,701.6607984880993,27.0,43G6,3
16.89375000000001,57.15625,27.0,2.0107864813745,705.8689672983456,27.0,43G6,3
17.04791666666665,57.15625,3.0,1.0053932481924928,712.6315466750509,27.0,43G7,3
17.20208333333332,57.15625,46.0,8.507673488490688,718.1993869982784,27.0,43G7,3
17.35624999999999,57.15625,73.0,18.269133551854573,723.2496241710595,27.0,43G7,0
17.510416666666657,57.15625,93.0,26.91334061398128,728.4175251469819,27.0,43G7,0
17.664583333333326,57.15625,112.0,22.796883996951696,733.1987415469873,27.0,43G7,0
17.818749999999994,57.15625,90.0,16.055372671086513,740.0709747691807,27.0,43G7,0
17.972916666666663,57.15625,59.0,11.096854180195312,746.9375251469818,27.0,43G7,0
18.12708333333333,57.15625,8.0,2.213926212704379,753.0780164551168,27.0,43G8,3
18.589583333333337,57.15625,9.0,4.778601068730179,775.3550945699071,28.0,43G8,3
18.74375000000001,57.15625,29.0,8.004029646850384,782.7304029342782,28.0,43G8,3
18.897916666666674,57.15625,55.0,14.151977467911404,790.1538363889769,28.0,43G8,0
19.052083333333343,57.15625,91.0,23.30954900430073,798.5743376495885,28.0,43G9,0
19.20625000000001,57.15625,134.0,31.80295266845373,806.5308505851227,28.0,43G9,0
19.36041666666665,57.15625,164.0,38.138970095725725,814.314612417167,28.0,43G9,0
19.51458333333332,57.15625,164.0,44.94744438827721,822.4493783769673,28.0,43G9,0
19.66874999999999,57.15625,142.0,51.76173240399726,830.3889922413833,28.0,43G9,0
19.822916666666657,57.15625,224.0,60.01729870057586,839.6481234139646,28.0,43G9,0
19.97708333333333,57.15625,225.0,67.85356372227193,847.5705041530433,28.0,43G9,0
20.131249999999994,57.15625,216.0,66.61487724036701,856.0231147251769,28.0,43H0,0
20.285416666666663,57.15625,157.0,58.289966543693005,864.7495850119329,28.0,43H0,0
20.43958333333333,57.15625,115.0,51.343909742049696,873.1752433408079,28.0,43H0,0
20.59375,57.15625,94.0,45.09216544518746,881.0661442013219,28.0,43H0,0
20.74791666666667,57.15625,62.0,39.14016210529539,889.0212567652059,28.0,43H0,0
20.902083333333337,57.15625,30.0,30.161729965803502,898.4290774772521,28.0,43H0,0
21.05625000000001,57.15625,19.0,21.11323509323673,906.676018636712,28.0,43H1,0
21.210416666666674,57.15625,33.0,12.06471468482622,915.0493783769688,28.0,43H1,0
21.364583333333343,57.15625,12.0,3.016179684532084,923.5631867875868,28.0,43H1,3
23.36875000000001,57.15625,27.0,9.048537432275008,1091.198479234305,,43H3,5
23.522916666666674,57.15625,38.0,14.227776430536773,1097.45860106873,,43H3,5
23.677083333333343,57.15625,40.0,18.42147082518165,1103.808506319259,,43H3,5
23.83125000000001,57.15625,38.0,16.58927965246013,1111.1929705301447,,43H3,5
23.98541666666665,57.15625,35.0,10.962043419868088,1118.6942956158637,,43H3,5
24.13958333333332,57.15625,23.0,5.471152529684995,1126.9844780957148,,43H4,5
9.493750000000006,57.23958333333334,12.0,3.429263168598548,0.0,,43F9,5
10.572916666666655,57.23958333333334,6.0,2.0062539122269696,105.6149993167938,21.0,43G0,3
10.727083333333326,57.23958333333334,17.0,9.214496810191196,107.96151597015697,21.0,43G0,0
10.881249999999994,57.23958333333334,3.0,1.0031269636174904,112.05689919715932,21.0,43G0,3
11.189583333333331,57.23958333333334,4.0,4.012507704401997,124.05193107769024,21.0,43G1,3
11.34375,57.23958333333334,52.0,10.59834975534009,130.37965943967234,21.0,43G1,0
11.497916666666669,57.23958333333334,56.0,18.881602971827245,137.83173963527375,21.0,43G1,0
11.652083333333335,57.23958333333334,70.0,22.04513290144008,145.10935497821245,21.0,43G1,0
11.806250000000006,57.23958333333334,25.0,14.317791816488164,153.5061845039416,21.0,43G1,0
11.960416666666674,57.23958333333334,55.0,8.077463590684083,161.4126816313045,21.0,43G1,0
16.585416666666674,57.23958333333334,25.0,5.049599520767116,709.3213171285566,27.0,43G6,3
16.739583333333343,57.23958333333334,34.0,3.148562201089154,710.5517747363508,27.0,43G6,3
16.89375000000001,57.23958333333334,27.0,4.012507704402093,714.301595389217,27.0,43G6,3
17.20208333333332,57.23958333333334,35.0,7.021887904954784,725.2361813244884,27.0,43G7,3
17.35624999999999,57.23958333333334,69.0,15.469354978210934,732.0163395853953,27.0,43G7,0
17.510416666666657,57.23958333333334,85.0,23.57176271522994,736.0018242590918,27.0,43G7,0
17.664583333333326,57.23958333333334,110.0,18.631649140046623,740.9695123926788,27.0,43G7,0
17.818749999999994,57.23958333333334,89.0,9.26315355254606,746.9315871412841,27.0,43G7,3
17.972916666666663,57.23958333333334,36.0,4.634430940460809,753.0988473392381,27.0,43G7,3
18.12708333333333,57.23958333333334,4.0,0.9268861880914544,759.8771138931226,27.0,43G8,3
18.74375000000001,57.23958333333334,16.0,2.209810617023337,788.4487743256459,28.0,43G8,3
18.897916666666674,57.23958333333334,47.0,11.07201119672869,795.6093234934812,28.0,43G8,0
19.052083333333343,57.23958333333334,80.0,19.781271053878992,803.9589716848722,28.0,43G9,0
19.20625000000001,57.23958333333334,119.0,25.194633234413857,811.3716422471635,28.0,43G9,0
19.36041666666665,57.23958333333334,147.0,32.004285461240954,819.3008560078679,28.0,43G9,0
19.51458333333332,57.23958333333334,144.0,38.98290556094821,827.2432995909761,28.0,43G9,0
19.66874999999999,57.23958333333334,151.0,46.66030730856953,835.4062539122269,28.0,43G9,0
19.822916666666657,57.23958333333334,214.0,55.658795098718336,844.0087743256444,28.0,43G9,0
19.97708333333333,57.23958333333334,232.0,64.01305071480508,851.9498532375105,28.0,43G9,0
20.131249999999994,57.23958333333334,235.0,71.89705549512321,860.3366843163477,28.0,43H0,0
20.285416666666663,57.23958333333334,182.0,64.27834541533939,869.1379581527777,28.0,43H0,0
20.43958333333333,57.23958333333334,141.0,58.01930244047881,877.5113593421285,28.0,43H0,0
20.59375,57.23958333333334,105.0,49.31470582123417,885.4516422471635,28.0,43H0,0
20.74791666666667,57.23958333333334,54.0,40.31389871421471,893.8429495595338,28.0,43H0,0
20.902083333333337,57.23958333333334,38.0,30.334763152993578,902.6431233827578,28.0,43H0,0
21.05625000000001,57.23958333333334,52.0,21.398793619772807,911.0151009515208,28.0,43H1,0
21.210416666666674,57.23958333333334,24.0,12.600744003088844,918.9556703349294,28.0,43H1,0
21.364583333333343,57.23958333333334,12.0,4.012507704403816,928.0062539122268,28.0,43H1,3
23.214583333333337,57.23958333333334,7.0,2.0062539122269696,1078.00073455317,,43H3,5
23.36875000000001,57.23958333333334,33.0,11.055223879333449,1084.3679029174175,,43H3,5
23.522916666666674,57.23958333333334,40.0,19.53463216708336,1090.97348764127,,43H3,5
23.677083333333343,57.23958333333334,42.0,26.12793106792612,1098.4133752538353,,43H3,5
23.83125000000001,57.23958333333334,42.0,23.446452448733616,1105.7187929892496,,43H3,5
23.98541666666665,57.23958333333334,40.0,18.978750958893404,1113.4098106170234,,43H3,5
24.13958333333332,57.23958333333334,33.0,12.266139406892094,1122.2449323881478,,43H4,5
24.29374999999999,57.23958333333334,20.0,5.348311239216051,1130.592371621742,,43H4,5
9.493750000000006,57.32291666666666,11.0,8.403437039251841,0.0,,43F9,5
9.647916666666674,57.32291666666666,4.0,1.0008585570261126,9.007725213176768,,43F9,5
10.572916666666655,57.32291666666666,5.0,3.0025756110777504,96.44014287015456,21.0,43G0,3
10.727083333333326,57.32291666666666,21.0,11.106964343566414,99.45083374310516,21.0,43G0,0
10.881249999999994,57.32291666666666,7.0,4.771742288284745,104.21398422596074,21.0,43G0,3
11.035416666666665,57.32291666666666,5.0,0.9268861880914544,110.9591384498666,21.0,43G1,3
11.34375,57.32291666666666,42.0,9.007725213176863,124.92394579859328,21.0,43G1,0
11.497916666666669,57.32291666666666,56.0,18.015439490943237,132.3679160769326,21.0,43G1,0
11.652083333333335,57.32291666666666,63.0,17.889392226651704,140.22097114666593,21.0,43G1,0
11.806250000000006,57.32291666666666,39.0,8.941231408799442,148.99849169403305,21.0,43G1,0
11.960416666666674,57.32291666666666,32.0,1.8537723761871536,157.58422278278078,21.0,43G1,3
12.114583333333345,57.32291666666666,13.0,1.364207825527317,165.79399258566843,21.0,43G2,3
16.739583333333343,57.32291666666666,26.0,8.18174876413583,719.1229363452013,27.0,43G6,3
16.89375000000001,57.32291666666666,20.0,5.457829949000769,722.7188266171121,27.0,43G6,3
17.20208333333332,57.32291666666666,21.0,3.1427094226657304,731.8251971774059,27.0,43G7,3
17.35624999999999,57.32291666666666,55.0,13.045599965455304,738.6126629554167,27.0,43G7,0
17.510416666666657,57.32291666666666,86.0,22.04085572186865,744.2266104007866,27.0,43G7,0
17.664583333333326,57.32291666666666,100.0,18.400986021428725,748.8009601160576,27.0,43G7,0
17.818749999999994,57.32291666666666,103.0,8.826887976770717,754.2669609974885,27.0,43G7,3
17.972916666666663,57.32291666666666,48.0,3.7075447523686473,759.8569478336335,27.0,43G7,3
18.12708333333333,57.32291666666666,10.0,2.1068089919386424,766.1427033998784,27.0,43G8,3
18.74375000000001,57.32291666666666,13.0,2.001717099053201,794.8687852296521,28.0,43G8,3
18.897916666666674,57.32291666666666,28.0,7.479111839611632,801.2354946662487,28.0,43G8,3
19.052083333333343,57.32291666666666,61.0,12.27037242944768,809.3970496685884,28.0,43G9,0
19.20625000000001,57.32291666666666,100.0,19.081406907041,816.9868089919387,28.0,43G9,0
19.36041666666665,57.32291666666666,134.0,26.39339946414993,824.1352982872974,28.0,43G9,0
19.51458333333332,57.32291666666666,129.0,34.50917644118028,831.6364485877142,28.0,43G9,0
19.66874999999999,57.32291666666666,88.0,42.975724034942566,840.0195488798586,28.0,43G9,0
19.822916666666657,57.32291666666666,206.0,52.58846594609801,848.3860183441216,28.0,43G9,0
19.97708333333333,57.32291666666666,231.0,61.34373449541879,856.7954946662472,28.0,43G9,0
20.131249999999994,57.32291666666666,240.0,70.15914865695352,864.7065912761497,28.0,43H0,0
20.285416666666663,57.32291666666666,229.0,68.13750065540032,873.9693088012515,28.0,43H0,0
20.43958333333333,57.32291666666666,164.0,59.1356328352758,881.8958388246856,28.0,43H0,0
20.59375,57.32291666666666,97.0,50.13680099376082,889.8323716217421,28.0,43H0,0
20.74791666666667,57.32291666666666,60.0,41.14305529023764,898.2152982872989,28.0,43H0,0
20.902083333333337,57.32291666666666,63.0,31.16140378653637,907.0307273982276,28.0,43H0,0
21.05625000000001,57.32291666666666,66.0,22.20117362339368,915.4093483469504,28.0,43H1,0
21.210416666666674,57.32291666666666,52.0,13.309297003423174,923.3443036059704,28.0,43H1,0
21.364583333333343,57.32291666666666,13.0,4.875494666248742,931.7264333878726,28.0,43H1,3
23.214583333333337,57.32291666666666,11.0,3.5293088012530496,1070.5936636655,,43H3,5
23.36875000000001,57.32291666666666,40.0,13.145471303078716,1078.2516242447591,,43H3,5
23.522916666666674,57.32291666666666,41.0,22.01259675008553,1085.603936102628,,43H3,5
23.677083333333343,57.32291666666666,43.0,30.74198228883489,1093.0939283078728,,43H3,5
23.83125000000001,57.32291666666666,44.0,31.56091609096902,1101.0768121796143,,43H3,5
23.98541666666665,57.32291666666666,42.0,25.87806449639089,1109.34213093548,,43H3,5
24.13958333333332,57.32291666666666,38.0,16.013726712050957,1118.7354384136052,,43H4,5
24.29374999999999,57.32291666666666,24.0,7.006009059158463,1127.0418374481997,,43H4,5
9.493750000000006,57.40625,19.0,13.218083711752366,0.0,,43F9,5
9.647916666666674,57.40625,14.0,5.327031227011906,8.987290499672977,,43F9,5
10.572916666666655,57.40625,9.0,2.995764039689372,87.39664887974276,21.0,43G0,3
10.727083333333326,57.40625,26.0,10.64767103776055,91.41238220932766,21.0,43G0,0
10.881249999999994,57.40625,15.0,12.194690123558056,97.36574475981551,21.0,43G0,0
11.035416666666665,57.40625,9.0,10.195748069017318,104.85538814029844,21.0,43G1,0
11.189583333333331,57.40625,13.0,9.268861880925863,112.04975957155236,21.0,43G1,0
11.34375,57.40625,37.0,12.91769609263751,119.92381657374364,21.0,43G1,0
11.497916666666669,57.40625,71.0,20.24183030702089,127.82149562578,21.0,43G1,0
11.652083333333335,57.40625,50.0,16.21218962602893,136.24348129529164,21.0,43G1,0
11.806250000000006,57.40625,32.0,6.6034812952900825,145.60830526426736,21.0,43G1,0
16.739583333333343,57.40625,14.0,4.0866293023691656,728.7682033166473,27.0,43G6,3
16.89375000000001,57.40625,43.0,10.888079675086706,731.1446223461344,27.0,43G6,0
17.04791666666665,57.40625,35.0,5.046899876760127,734.9176166250803,27.0,43G7,3
17.20208333333332,57.40625,19.0,7.620828715454261,739.1318767906329,27.0,43G7,3
17.35624999999999,57.40625,52.0,15.422536899640969,745.5674579603689,27.0,43G7,0
17.510416666666657,57.40625,77.0,23.883935544654,751.6880796750868,27.0,43G7,0
17.664583333333326,57.40625,94.0,22.19235870592059,756.5928984512517,27.0,43G7,0
17.818749999999994,57.40625,104.0,15.244988122413597,762.0452520597938,27.0,43G7,0
17.972916666666663,57.40625,56.0,7.520666664029258,766.9408287154541,27.0,43G7,3
18.12708333333333,57.40625,7.0,2.201572803402083,772.9187761331963,27.0,43G8,3
19.052083333333343,57.40625,33.0,6.217125545898811,814.8320166815357,28.0,43G9,3
19.20625000000001,57.40625,79.0,14.45734189561574,822.35607624243,28.0,43G9,0
19.36041666666665,57.40625,109.0,23.25449722597573,829.490817752363,28.0,43G9,0
19.51458333333332,57.40625,119.0,32.15465370775659,836.9235148677313,28.0,43G9,0
19.66874999999999,57.40625,73.0,41.09090746214509,844.3050006869229,28.0,43G9,0
19.822916666666657,57.40625,178.0,51.03931797638154,852.7584916940331,28.0,43G9,0
19.97708333333333,57.40625,207.0,60.002128378195465,861.1595834618996,28.0,43G9,0
20.131249999999994,57.40625,223.0,68.97011785634827,868.6459250872944,28.0,43H0,0
20.285416666666663,57.40625,224.0,69.06276540116174,877.9650991515273,28.0,43H0,0
20.43958333333333,57.40625,190.0,60.2209941540033,885.8625368996411,28.0,43H0,0
20.59375,57.40625,87.0,51.43417249058057,894.2870312270135,28.0,43H0,0
20.74791666666667,57.40625,60.0,42.73626353615783,902.178083711754,28.0,43H0,0
20.902083333333337,57.40625,51.0,33.261196356138285,911.4743519829462,28.0,43H0,0
21.05625000000001,57.40625,65.0,25.084868758750257,919.3952545299916,28.0,43H1,0
21.210416666666674,57.40625,70.0,17.627400751440305,927.997176051451,28.0,43H1,0
21.364583333333343,57.40625,25.0,10.11638253183046,935.7257783639562,28.0,43H1,0
21.51875000000001,57.40625,10.0,1.3625428052279795,944.4870111507008,28.0,43H1,3
23.06041666666667,57.40625,13.0,3.4239591157779192,1057.7455157040467,,43H3,5
23.214583333333337,57.40625,34.0,7.476076242430004,1064.5687882065645,,43H3,5
23.36875000000001,57.40625,44.0,15.98747113926154,1072.7716635786292,,43H3,5
23.522916666666674,57.40625,43.0,24.618792831641876,1080.76348129529,,43H3,5
23.677083333333343,57.40625,44.0,32.93343911226081,1088.8808126216302,,43H3,5
23.83125000000001,57.40625,44.0,33.96068403722568,1097.5458011272897,,43H3,5
23.98541666666665,57.40625,42.0,24.97902483225243,1105.8832481704603,,43H3,5
24.13958333333332,57.40625,40.0,15.005761894231863,1115.3000410070572,,43H4,5
24.29374999999999,57.40625,25.0,6.062124667456726,1124.0416564309053,,43H4,5
9.493750000000006,57.48958333333334,18.0,17.2226383620487,0.0,,43F9,5
9.647916666666674,57.48958333333334,17.0,8.793923615766104,8.966836774489435,,43F9,5
9.802083333333345,57.48958333333334,6.0,0.9268861880942844,18.92997545667682,,43F9,5
10.572916666666655,57.48958333333334,4.0,3.5177191912889416,78.84146310813223,21.0,43G0,3
10.727083333333326,57.48958333333334,30.0,11.416152132366792,84.25518022382562,21.0,43G0,0
10.881249999999994,57.48958333333334,36.0,19.742411056841085,91.13902032520488,21.0,43G0,0
11.035416666666665,57.48958333333334,38.0,19.46460994994318,99.63195951441182,21.0,43G1,0
11.189583333333331,57.48958333333334,22.0,18.537723761851726,107.60732835911936,21.0,43G1,0
11.34375,57.48958333333334,35.0,20.601410579740293,116.18651367504532,21.0,43G1,0
11.497916666666669,57.48958333333334,61.0,18.475212899134213,124.5866065260946,21.0,43G1,0
11.652083333333335,57.48958333333334,49.0,10.881027493354548,133.15655985041343,21.0,43G1,0
11.806250000000006,57.48958333333334,29.0,4.8583429552462,142.72115656210414,21.0,43G1,3
16.739583333333343,57.48958333333334,10.0,1.992630779025525,738.0370651975732,27.0,43G6,3
16.89375000000001,57.48958333333334,44.0,9.2160006817034,739.6947128170481,27.0,43G6,3
17.04791666666665,57.48958333333334,74.0,14.045843309611271,743.5219224057198,27.0,43G7,0
17.20208333333332,57.48958333333334,83.0,15.559805173602935,747.6434128845578,27.0,43G7,0
17.35624999999999,57.48958333333334,94.0,21.061757177669467,752.4044098961481,27.0,43G7,0
17.510416666666657,57.48958333333334,44.0,27.846520574066485,758.4574150239181,27.0,43G7,0
17.664583333333326,57.48958333333334,103.0,26.72440490466173,764.7645103575062,27.0,43G7,0
17.818749999999994,57.48958333333334,98.0,17.034651087264614,769.8454226597087,27.0,43G7,0
17.972916666666663,57.48958333333334,105.0,8.181484819879559,774.879805173603,27.0,43G7,3
18.897916666666674,57.48958333333334,21.0,5.5613171285558005,815.3096304572825,28.0,43G8,3
19.052083333333343,57.48958333333334,35.0,7.468488995188569,821.6860538090104,28.0,43G9,3
19.20625000000001,57.48958333333334,61.0,15.02506924533264,827.7834644935235,28.0,43G9,0
19.36041666666665,57.48958333333334,77.0,23.59564802589871,835.3926307790256,28.0,43G9,0
19.51458333333332,57.48958333333334,106.0,32.38491030137207,842.3238107607115,28.0,43G9,0
19.66874999999999,57.48958333333334,77.0,41.25328759431317,849.6648748745434,28.0,43G9,0
19.822916666666657,57.48958333333334,150.0,51.14975228325056,858.0337859446571,28.0,43G9,0
19.97708333333333,57.48958333333334,162.0,60.07724699111593,865.1605693581881,28.0,43G9,0
20.131249999999994,57.48958333333334,179.0,69.01641176227656,873.1619224057198,28.0,43H0,0
20.285416666666663,57.48958333333334,197.0,71.19290129406791,882.0819272492586,28.0,43H0,0
20.43958333333333,57.48958333333334,169.0,62.67321501364362,889.7645978470927,28.0,43H0,0
20.59375,57.48958333333334,108.0,54.305335377462,898.1184567236986,28.0,43H0,0
20.74791666666667,57.48958333333334,53.0,46.171925091905216,906.088686142094,28.0,43H0,0
20.902083333333337,57.48958333333334,51.0,37.59525930023369,915.3812559237778,28.0,43H0,0
21.05625000000001,57.48958333333334,68.0,30.02169347682575,923.2881236014229,28.0,43H1,0
21.210416666666674,57.48958333333334,67.0,21.978123950056123,931.3163807387232,28.0,43H1,0
21.364583333333343,57.48958333333334,31.0,14.941523258310234,939.611236651615,28.0,43H1,0
21.51875000000001,57.48958333333334,14.0,6.211653941775628,948.6120717399598,28.0,43H1,3
22.90625,57.48958333333334,17.0,3.129689393362001,1044.5839378668995,,43H2,5
23.06041666666667,57.48958333333334,31.0,10.556632215257189,1051.6883073547365,,43H3,5
23.214583333333337,57.48958333333334,40.0,15.13799896087983,1059.721634980389,,43H3,5
23.36875000000001,57.48958333333334,41.0,21.073539117373866,1068.8185118951385,,43H3,5
23.522916666666674,57.48958333333334,39.0,28.17414408823976,1077.2890378929164,,43H3,5
23.677083333333343,57.48958333333334,48.0,36.12288953905986,1085.7248661883443,,43H3,5
23.83125000000001,57.48958333333334,45.0,33.07178284473572,1094.6726307790257,,43H3,5
23.98541666666665,57.48958333333334,42.0,24.18647152920365,1103.6394660696917,,43H3,5
24.13958333333332,57.48958333333334,41.0,14.426585598382877,1114.188946131069,,43H4,5
24.29374999999999,57.48958333333334,22.0,5.977891857459143,1123.1557804774825,,43H4,5
9.493750000000006,57.57291666666666,20.0,21.088896453212392,0.0,,44F9,5
9.647916666666674,57.57291666666666,26.0,14.248286665205704,8.946364080893938,,44F9,5
9.802083333333345,57.57291666666666,18.0,6.2025337698439404,18.88675533153052,,44F9,5
10.572916666666655,57.57291666666666,15.0,8.777428473432455,71.14673982446061,21.0,44G0,5
10.727083333333326,57.57291666666666,26.0,16.237555624989987,78.4662398886421,21.0,44G0,0
10.881249999999994,57.57291666666666,28.0,23.67843485854624,86.56616383503098,21.0,44G0,0
11.035416666666665,57.57291666666666,36.0,28.44332083026117,96.11076213598778,21.0,44G1,0
11.189583333333331,57.57291666666666,46.0,27.80658564277476,104.6689699474056,21.0,44G1,0
11.34375,57.57291666666666,51.0,20.57416040666007,114.102121899636,21.0,44G1,0
11.497916666666669,57.57291666666666,72.0,13.556882963510215,123.04848355351103,,44G1,0
11.652083333333335,57.57291666666666,38.0,7.8815769593788785,132.622121899636,,44G1,3
11.806250000000006,57.57291666666666,15.0,2.193326310766345,142.56252303813258,,44G1,3
16.585416666666674,57.57291666666666,31.0,1.3590469438262698,751.6783641531154,27.0,44G6,3
16.739583333333343,57.57291666666666,3.0,0.9268861880942844,748.2150895047401,27.0,44G6,3
16.89375000000001,57.57291666666666,49.0,7.952323967045152,748.7933026626657,27.0,44G6,3
17.04791666666665,57.57291666666666,68.0,16.898678879196844,751.7454533228072,27.0,44G7,0
17.20208333333332,57.57291666666666,88.0,24.200069757677607,755.5295608869958,27.0,44G7,0
17.35624999999999,57.57291666666666,122.0,28.655957688177683,760.2312336953084,27.0,44G7,0
17.510416666666657,57.57291666666666,99.0,33.944629824281535,765.4278566744644,27.0,44G7,0
17.664583333333326,57.57291666666666,100.0,27.106087879944948,771.5386740436752,27.0,44G7,0
17.818749999999994,57.57291666666666,103.0,17.30816910399088,777.7572998318549,27.0,44G7,0
17.972916666666663,57.57291666666666,99.0,8.777428473432455,782.5988950559056,27.0,44G7,3
18.12708333333333,57.57291666666666,73.0,1.3592133910000057,787.5529996464918,27.0,44G8,3
18.897916666666674,57.57291666666666,27.0,5.305723326767404,824.122888808495,28.0,44G8,3
19.052083333333343,57.57291666666666,35.0,15.028782404255494,828.5594051260083,28.0,44G9,0
19.20625000000001,57.57291666666666,51.0,20.354704688913728,834.759213391,28.0,44G9,0
19.36041666666665,57.57291666666666,77.0,27.286634619563184,840.8609042993306,28.0,44G9,0
19.51458333333332,57.57291666666666,103.0,35.14918546900808,847.7439014780236,28.0,44G9,0
19.66874999999999,57.57291666666666,80.0,43.28724002762465,855.3386610978479,28.0,44G9,0
19.822916666666657,57.57291666666666,129.0,51.38221856326465,863.3162972048314,28.0,44G9,0
19.97708333333333,57.57291666666666,142.0,56.83023983147432,870.5385285166972,28.0,44G9,0
20.131249999999994,57.57291666666666,153.0,63.06821439301353,877.9958496111667,28.0,44H0,0
20.285416666666663,57.57291666666666,167.0,70.67089433494948,886.2200155271823,28.0,44H0,0
20.43958333333333,57.57291666666666,156.0,66.34089463191971,894.2657233267674,28.0,44H0,0
20.59375,57.57291666666666,147.0,58.51909830030467,902.1798542246178,28.0,44H0,0
20.74791666666667,57.57291666666666,56.0,50.97819685445174,910.1985931875516,28.0,44H0,0
20.902083333333337,57.57291666666666,41.0,42.13483708297642,919.030646295355,28.0,44H0,0
21.05625000000001,57.57291666666666,64.0,34.559989905210564,927.359213391,28.0,44H1,0
21.210416666666674,57.57291666666666,61.0,27.191253170680103,935.3714705093108,28.0,44H1,0
21.364583333333343,57.57291666666666,31.0,19.290690295105733,943.5614442811346,28.0,44H1,0
21.51875000000001,57.57291666666666,20.0,10.080029104417664,952.4072007022324,28.0,44H1,0
21.67291666666665,57.57291666666666,4.0,2.103578204339721,960.7575556249916,28.0,44H1,3
22.75208333333333,57.57291666666666,17.0,4.0781393480386505,1030.82542540005,,44H2,5
22.90625,57.57291666666666,38.0,9.51798679709298,1039.3133263107663,,44H2,5
23.06041666666667,57.57291666666666,42.0,15.70350963464182,1047.7250469349954,,44H3,5
23.214583333333337,57.57291666666666,42.0,23.255297665560523,1056.3587293914402,,44H3,5
23.36875000000001,57.57291666666666,43.0,24.188615691787,1066.5744438891086,,44H3,5
23.522916666666674,57.57291666666666,38.0,28.079483473837065,1076.1480812913928,,44H3,5
23.677083333333343,57.57291666666666,53.0,33.86040147054578,1085.0944438891088,,44H3,5
23.83125000000001,57.57291666666666,45.0,32.80325190516118,1094.6680812913928,,44H3,5
23.98541666666665,57.57291666666666,43.0,23.85694121879611,1103.6144438891083,,44H3,5
24.13958333333332,57.57291666666666,39.0,13.916562327993246,1114.182121899636,,44H4,5
24.29374999999999,57.57291666666666,23.0,4.970202966304788,1123.1284835535096,,44H4,5
9.493750000000006,57.65625,29.0,27.12305104997425,0.0,,44F9,5
9.647916666666674,57.65625,40.0,19.256769253344032,8.925872462194388,,44F9,5
9.802083333333345,57.65625,33.0,11.518191584716345,18.84349525356079,,44F9,5
9.956250000000011,57.65625,22.0,7.415089504738709,28.43763559490095,,44F9,5
10.110416666666652,57.65625,14.0,7.415089504738709,37.36349525356079,,44G0,5
10.26458333333332,57.65625,18.0,4.073146183244406,46.95763559489925,,44G0,5
10.572916666666655,57.65625,13.0,4.752905730329492,66.62330759511501,21.0,44G0,5
10.727083333333326,57.65625,23.0,10.848274904057517,76.0635275981761,21.0,44G0,0
10.881249999999994,57.65625,27.0,17.513196902314103,84.98939857785692,21.0,44G0,0
11.035416666666665,57.65625,32.0,26.44323419261283,95.57529135982612,,44G1,0
11.189583333333331,57.65625,40.0,26.18439441221716,104.501161396089,,44G1,0
11.34375,57.65625,54.0,17.475987174359027,114.09529135982784,,44G1,0
11.497916666666669,57.65625,63.0,8.97284891572834,123.0211613960907,,44G1,3
11.652083333333335,57.65625,12.0,0.9268861880928692,132.61529135982784,,44G1,3
11.806250000000006,57.65625,13.0,0.9917638065763836,142.53292403462416,,44G1,3
16.739583333333343,57.65625,14.0,1.853772376184324,757.4839513856647,27.0,44G6,3
16.89375000000001,57.65625,26.0,9.114333272674845,757.7482497704094,27.0,44G6,3
17.04791666666665,57.65625,60.0,17.943647296373513,760.2735510374055,27.0,44G7,0
17.20208333333332,57.65625,92.0,26.56945230692008,764.0594804550856,27.0,44G7,0
17.35624999999999,57.65625,146.0,36.259871131691696,768.7991991258158,27.0,44G7,0
17.510416666666657,57.65625,116.0,38.04228855368407,772.9888155727947,27.0,44G7,0
17.664583333333326,57.65625,97.0,29.7948025799995,778.2963396943983,27.0,44G7,0
17.818749999999994,57.65625,98.0,21.2969353194964,785.29332222693,27.0,44G7,0
17.972916666666663,57.65625,96.0,14.23239949402134,790.4582400272457,27.0,44G7,0
18.12708333333333,57.65625,104.0,8.147789051186443,795.1575647450545,27.0,44G8,3
18.28125,57.65625,53.0,1.9835275981761835,800.4331461832444,27.0,44G8,3
18.897916666666674,57.65625,26.0,5.950582315333839,832.934023476125,28.0,44G8,3
19.052083333333343,57.65625,35.0,10.153380611196862,836.8160144168834,28.0,44G9,0
19.20625000000001,57.65625,50.0,15.659915502759858,841.5477890511878,28.0,44G9,0
19.36041666666665,57.65625,74.0,23.16509519828538,847.63239949402,28.0,44G9,0
19.51458333333332,57.65625,94.0,30.912243189371857,854.0225030963211,28.0,44G9,0
19.66874999999999,57.65625,100.0,38.16209535765563,860.6809248114954,28.0,44G9,0
19.822916666666657,57.65625,121.0,43.97465076793457,868.6274526327436,28.0,44G9,0
19.97708333333333,57.65625,127.0,50.21913609735341,876.1267290452337,28.0,44G9,0
20.131249999999994,57.65625,134.0,57.16790928268764,883.4073173857292,28.0,44H0,0
20.285416666666663,57.65625,144.0,65.44168099780586,891.6752644351176,28.0,44H0,0
20.43958333333333,57.65625,147.0,71.03601479619292,899.0218403019725,28.0,44H0,0
20.59375,57.65625,138.0,63.14183938467455,906.4884403411044,28.0,44H0,0
20.74791666666667,57.65625,94.0,55.39339867890372,914.4934047032078,28.0,44H0,0
20.902083333333337,57.65625,65.0,47.288019529477616,923.2318956370578,28.0,44H0,0
21.05625000000001,57.65625,44.0,39.29976370231101,931.2950590397928,28.0,44H1,0
21.210416666666674,57.65625,48.0,30.873813190547665,939.1438595558376,28.0,44H1,0
21.364583333333343,57.65625,20.0,22.76476149737905,947.6366504200416,28.0,44H1,0
21.51875000000001,57.65625,34.0,14.911186568522922,956.378734507641,28.0,44H1,0
21.67291666666665,57.65625,13.0,9.238972182936775,965.0235275981762,28.0,44H1,3
21.82708333333332,57.65625,15.0,6.785093089266605,972.709036884644,28.0,44H1,3
21.98124999999999,57.65625,16.0,5.904917515326402,980.804531578155,,44H1,3
22.135416666666657,57.65625,8.0,2.1025030963218607,989.4331395902108,,44H2,3
22.597916666666663,57.65625,6.0,0.9917638065763836,1018.3046392441744,,44H2,5
22.75208333333333,57.65625,26.0,9.351906392744654,1027.525872462195,,44H2,5
22.90625,57.65625,34.0,17.224092332263908,1037.4434952535607,,44H2,5
23.06041666666667,57.65625,42.0,17.83064962834021,1047.0376355948997,,44H3,5
23.214583333333337,57.65625,44.0,14.217010852631155,1055.963495253561,,44H3,5
23.36875000000001,57.65625,22.0,15.534850939356112,1066.549398577857,,44H3,5
23.522916666666674,57.65625,50.0,20.9864062701816,1076.1435275981762,,44H3,5
23.677083333333343,57.65625,49.0,28.007151047871336,1085.069398577857,,44H3,5
23.83125000000001,57.65625,43.0,31.074473939256286,1094.6635275981762,,44H3,5
23.98541666666665,57.65625,41.0,22.293276920481688,1103.5893985778569,,44H3,5
24.13958333333332,57.65625,37.0,12.76530101817352,1114.175291359828,,44H4,5
24.29374999999999,57.65625,15.0,4.843422672476954,1123.1011613960893,,44H4,5
9.493750000000006,57.73958333333334,35.0,31.75769969219082,0.0,,44F9,5
9.647916666666674,57.73958333333334,28.0,25.058016176551916,8.90536196173873,,44F9,5
9.802083333333345,57.73958333333334,44.0,18.9205827500753,18.80019531428004,,44F9,5
9.956250000000011,57.73958333333334,74.0,16.68395138566457,28.41484615016899,,44F9,5
10.110416666666652,57.73958333333334,82.0,16.373329450746503,37.32019531428004,,44G0,5
10.26458333333332,57.73958333333334,60.0,11.505632883292092,46.934846150167296,,44G0,5
10.418749999999989,57.73958333333334,58.0,5.42453761382886,55.840195314280045,,44G0,5
10.727083333333326,57.73958333333334,21.0,5.936908648050816,76.05896970900862,,44G0,5
10.881249999999994,57.73958333333334,35.0,14.842264547757903,84.96433018891776,,44G0,0
11.035416666666665,57.73958333333334,38.0,24.73708263293993,95.5684545260922,,44G1,0
11.189583333333331,57.73958333333334,44.0,24.80076027652725,104.4738140630186,,44G1,0
11.34375,57.73958333333334,95.0,15.936285308846374,114.08845452609393,,44G1,0
11.497916666666669,57.73958333333334,50.0,7.168631975662579,122.99381406302032,,44G1,3
16.739583333333343,57.73958333333334,12.0,1.9789697090085303,767.661975692833,27.0,44G6,3
16.89375000000001,57.73958333333334,29.0,8.392645136797551,767.661975692833,27.0,44G6,3
17.04791666666665,57.73958333333334,63.0,17.05524652877509,769.4003357726498,27.0,44G7,0
17.20208333333332,57.73958333333334,99.0,25.80268448764087,772.348477988464,27.0,44G7,0
17.35624999999999,57.73958333333334,128.0,35.38556312442361,776.6269904306735,27.0,44G7,0
17.510416666666657,57.73958333333334,156.0,42.08020532309327,781.2533693226409,27.0,44G7,0
17.664583333333326,57.73958333333334,85.0,34.731194343578466,785.8282109377568,27.0,44G7,0
17.818749999999994,57.73958333333334,100.0,27.092943182654825,792.0565163574264,27.0,44G7,0
17.972916666666663,57.73958333333334,100.0,20.998475319572,798.4614289164052,27.0,44G7,0
18.12708333333333,57.73958333333334,104.0,14.305710003904023,803.1875314341254,27.0,44G8,0
18.28125,57.73958333333334,103.0,6.557690835681466,807.9357174414328,27.0,44G8,3
19.052083333333343,57.73958333333334,20.0,3.1094709841536123,844.9129957496924,28.0,44G9,3
19.20625000000001,57.73958333333334,45.0,11.012461595080229,849.1463749321572,28.0,44G9,0
19.36041666666665,57.73958333333334,62.0,18.329711298545103,854.6319361783486,28.0,44G9,0
19.51458333333332,57.73958333333334,88.0,25.7210217639044,860.7177557383148,28.0,44G9,0
19.66874999999999,57.73958333333334,97.0,30.530180726179964,866.8160261734943,28.0,44G9,0
19.822916666666657,57.73958333333334,125.0,37.40628141966752,874.5054656574534,28.0,44G9,0
19.97708333333333,57.73958333333334,98.0,44.56533106144849,881.4640710588193,28.0,44G9,0
20.131249999999994,57.73958333333334,139.0,52.254766523094666,888.8011926729771,28.0,44H0,0
20.285416666666663,57.73958333333334,136.0,61.17737397472771,897.0978039744133,28.0,44H0,0
20.43958333333333,57.73958333333334,129.0,69.4260262979784,904.3026214593424,28.0,44H0,0
20.59375,57.73958333333334,109.0,67.93752577498698,911.8513812834708,28.0,44H0,0
20.74791666666667,57.73958333333334,136.0,60.10746570788528,919.0746184993112,28.0,44H0,0
20.902083333333337,57.73958333333334,37.0,50.88746152268896,927.9789697090088,28.0,44H0,0
21.05625000000001,57.73958333333334,36.0,42.85740110952329,935.6501008162384,28.0,44H1,0
21.210416666666674,57.73958333333334,39.0,35.261698990657855,943.495419508732,28.0,44H1,0
21.364583333333343,57.73958333333334,37.0,28.45045518312055,951.5218037003776,28.0,44H1,0
21.51875000000001,57.73958333333334,35.0,21.8249860232694,960.2437641062342,28.0,44H1,0
21.67291666666665,57.73958333333334,8.0,18.05202001415951,968.716793546407,28.0,44H1,0
21.82708333333332,57.73958333333334,21.0,15.881333624354353,976.579261443568,28.0,44H1,0
21.98124999999999,57.73958333333334,17.0,14.274020735813869,985.0603221107664,,44H1,0
22.135416666666657,57.73958333333334,27.0,10.08033577264962,992.9165648282302,,44H2,0
22.28958333333333,57.73958333333334,19.0,5.504527494775244,1002.0589697090088,,44H2,5
22.443749999999994,57.73958333333334,5.0,1.3558849112796143,1010.361425809632,,44H2,5
22.597916666666663,57.73958333333334,4.0,0.9268861880914544,1018.7505178034188,,44H2,5
22.75208333333333,57.73958333333334,41.0,8.330521710236063,1027.5544884194287,,44H2,5
22.90625,57.73958333333334,41.0,17.438626652516927,1037.4251932662771,,44H2,5
23.06041666666667,57.73958333333334,40.0,11.012461595080229,1047.0148461501674,,44H3,5
23.214583333333337,57.73958333333334,19.0,5.502682871413701,1055.92019531428,,44H3,5
23.36875000000001,57.73958333333334,19.0,8.131813670925142,1066.5243301889177,,44H3,5
23.522916666666674,57.73958333333334,54.0,15.840342389878138,1076.1389697090087,,44H3,5
23.677083333333343,57.73958333333334,46.0,24.37410593048257,1085.044330188918,,44H3,5
23.83125000000001,57.73958333333334,41.0,30.67395648037839,1094.6589697090087,,44H3,5
23.98541666666665,57.73958333333334,41.0,21.76864045544411,1103.5643301889177,,44H3,5
24.13958333333332,57.73958333333334,34.0,11.8738140630186,1114.168454526094,,44H4,5
24.29374999999999,57.73958333333334,10.0,2.968454526093808,1123.0738140630187,,44H4,5
9.493750000000006,57.82291666666666,66.0,37.90222777946175,0.0,,44F9,5
9.647916666666674,57.82291666666666,39.0,32.056877781550654,8.88483262291487,,44F9,5
9.802083333333345,57.82291666666666,41.0,27.44083242219212,18.75685560528501,,44F9,5
9.956250000000011,57.82291666666666,50.0,25.952813266587604,28.392035773923027,,44F9,5
10.110416666666652,57.82291666666666,59.0,24.35217979920126,37.27685560528501,,44G0,5
10.26458333333332,57.82291666666666,75.0,18.265332135994004,46.91203577392133,,44G0,5
10.418749999999989,57.82291666666666,87.0,12.605349875780067,55.79685560528502,,44G0,5
10.572916666666655,57.82291666666666,103.0,8.400306951919617,66.41923877531903,,44G0,5
10.727083333333326,57.82291666666666,93.0,10.234554001476328,76.05440763353207,,44G0,5
10.881249999999994,57.82291666666666,69.0,17.009496054377294,84.93923877532073,,44G0,5
11.035416666666665,57.82291666666666,52.0,26.07605515978948,95.56161141289516,,44G1,5
11.189583333333331,57.82291666666666,51.0,23.1609340008667,104.44644161214867,,44G1,5
11.34375,57.82291666666666,70.0,14.569589516543674,114.08161141289683,,44G1,0
11.497916666666669,57.82291666666666,42.0,6.768608915465336,122.9664416121504,,44G1,3
11.652083333333335,57.82291666666666,8.0,0.9872038242455758,132.60161141289683,,44G1,3
16.89375000000001,57.82291666666666,42.0,7.156293416616535,776.9308375737561,27.0,44G6,3
17.04791666666665,57.82291666666666,59.0,15.50815196381304,778.2436679378072,27.0,44G7,0
17.20208333333332,57.82291666666666,90.0,24.128417128037995,781.2507258412197,27.0,44G7,0
17.35624999999999,57.82291666666666,123.0,33.86404502274207,784.9731700216065,27.0,44G7,0
17.510416666666657,57.82291666666666,156.0,42.44200238947318,789.3512317839615,27.0,44G7,0
17.664583333333326,57.82291666666666,169.0,40.63362378100725,793.5747623867561,27.0,44G7,0
17.818749999999994,57.82291666666666,130.0,33.83872117852791,799.0686084472849,27.0,44G7,0
17.972916666666663,57.82291666666666,99.0,26.612566930459607,805.1485212979308,27.0,44G7,0
18.12708333333333,57.82291666666666,86.0,18.37398911900629,811.0669914419308,27.0,44G8,0
18.28125,57.82291666666666,105.0,10.02543907330706,815.7563042852341,27.0,44G8,0
18.43541666666667,57.82291666666666,60.0,1.354221059313903,821.65276816862,27.0,44G8,3
19.052083333333343,57.82291666666666,7.0,0.9268861880942844,854.020355675112,28.0,44G9,3
19.20625000000001,57.82291666666666,26.0,5.663871971678982,857.337882043389,28.0,44G9,3
19.36041666666665,57.82291666666666,41.0,13.498437775381538,861.9967542756273,28.0,44G9,0
19.51458333333332,57.82291666666666,77.0,17.80535489776824,867.4751617808478,28.0,44G9,0
19.66874999999999,57.82291666666666,88.0,23.88413582404089,873.8507258412197,28.0,44G9,0
19.822916666666657,57.82291666666666,168.0,32.19491144491645,880.5803072086974,28.0,44G9,0
19.97708333333333,57.82291666666666,119.0,40.2740296726004,886.8434866329757,28.0,44G9,0
20.131249999999994,57.82291666666666,143.0,48.62892127764992,894.3778820433889,28.0,44H0,0
20.285416666666663,57.82291666666666,123.0,58.09085754230773,902.4752507539746,28.0,44H0,0
20.43958333333333,57.82291666666666,111.0,66.7035580842606,910.188608447285,28.0,44H0,0
20.59375,57.82291666666666,106.0,71.80702409317402,917.143710060078,28.0,44H0,0
20.74791666666667,57.82291666666666,103.0,63.79237407506414,924.476238842842,28.0,44H0,0
20.902083333333337,57.82291666666666,76.0,55.21277514748239,932.77276816862,28.0,44H0,0
21.05625000000001,57.82291666666666,68.0,47.93127968344642,939.9850348463464,28.0,44H1,0
21.210416666666674,57.82291666666666,64.0,41.29654850742461,948.0145198699696,28.0,44H1,0
21.364583333333343,57.82291666666666,69.0,35.23518433165437,955.8566876376044,28.0,44H1,0
21.51875000000001,57.82291666666666,51.0,29.80476182761151,965.0144076335324,28.0,44H1,0
21.67291666666665,57.82291666666666,28.0,22.63755698045782,972.6711537855726,28.0,44H1,0
21.82708333333332,57.82291666666666,14.0,15.030817203006514,980.502381968386,28.0,44H1,0
21.98124999999999,57.82291666666666,6.0,9.729473809890187,988.7162934166166,,44H1,3
22.135416666666657,57.82291666666666,28.0,10.931914551023755,996.8381417631512,,44H2,0
22.28958333333333,57.82291666666666,30.0,13.647655470602553,1006.0759813197602,,44H2,0
22.443749999999994,57.82291666666666,29.0,9.695541045711456,1014.0650348463448,,44H2,5
22.597916666666663,57.82291666666666,27.0,5.037930201935391,1022.0945198699696,,44H2,5
22.75208333333333,57.82291666666666,30.0,8.323888745966054,1030.4125905444473,,44H2,5
22.90625,57.82291666666666,39.0,17.419935809317764,1040.0816114128968,,44H2,5
23.06041666666667,57.82291666666666,36.0,9.07817256903061,1048.3332466703116,,44H3,5
23.214583333333337,57.82291666666666,2.0,0.98720382424567,1056.6964083665612,,44H3,5
23.36875000000001,57.82291666666666,47.0,6.973101414985196,1066.5399744862564,,44H3,5
23.522916666666674,57.82291666666666,49.0,15.271769289882714,1076.1344076335322,,44H3,5
23.677083333333343,57.82291666666666,36.0,23.992006544355345,1085.019238775321,,44H3,5
23.83125000000001,57.82291666666666,35.0,30.60324434562312,1094.6544076335322,,44H3,5
23.98541666666665,57.82291666666666,32.0,21.71845763770689,1103.5392387753209,,44H3,5
24.13958333333332,57.82291666666666,27.0,11.846441612148682,1114.161611412897,,44H4,5
24.29374999999999,57.82291666666666,5.0,2.961611412896741,1123.0464416121488,,44H4,5
9.493750000000006,57.90625,145.0,44.808391312997976,0.0,,44F9,5
9.647916666666674,57.90625,97.0,39.92296577091628,8.864284489150535,,44F9,5
9.802083333333345,57.90625,70.0,36.3295142385269,18.71347621825652,,44F9,5
9.956250000000011,57.90625,63.0,35.221675147513466,28.369204514416086,,44F9,5
10.110416666666652,57.90625,63.0,31.09622941180153,37.23347621825652,,44G0,5
10.26458333333332,57.90625,80.0,25.20300004725862,46.8892045144144,,44G0,5
10.418749999999989,57.90625,98.0,20.556920379868075,55.75347621825652,,44G0,5
10.572916666666655,57.90625,114.0,17.63847898315053,66.39412439014252,,44G0,5
10.727083333333326,57.90625,155.0,18.58003935084303,76.04984138139704,,44G0,5
10.881249999999994,57.90625,138.0,23.00799925368765,84.9141243901442,,44G0,5
11.035416666666665,57.90625,84.0,29.26766932932899,95.55476203471083,,44G1,5
11.189583333333331,57.90625,69.0,20.724223872973184,104.4190441013829,,44G1,5
11.34375,57.90625,65.0,12.62079400789122,114.07476203471252,,44G1,5
11.497916666666669,57.90625,13.0,5.263025418842303,122.93904410138458,,44G1,5
11.652083333333335,57.90625,3.0,0.9268861880914544,132.59476203471257,,44G1,5
16.585416666666674,57.90625,8.0,0.9849206981761962,787.1088618809259,27.0,44G6,3
16.89375000000001,57.90625,34.0,5.408566115849062,787.1088618809259,27.0,44G6,3
17.04791666666665,57.90625,52.0,13.3242363002858,787.3163427438641,27.0,44G7,0
17.20208333333332,57.90625,87.0,21.973220785387845,790.0068474360843,27.0,44G7,0
17.35624999999999,57.90625,119.0,31.720176248211736,793.3641807957621,27.0,44G7,0
17.510416666666657,57.90625,133.0,40.53276149559464,797.2246793151392,27.0,44G7,0
17.664583333333326,57.90625,165.0,47.34539286125564,801.7712275786228,27.0,44G7,0
17.818749999999994,57.90625,169.0,38.14280936463239,806.8585591003499,27.0,44G7,0
17.972916666666663,57.90625,100.0,30.048927342882926,811.8976248145398,27.0,44G7,0
18.12708333333333,57.90625,97.0,22.20291770315005,818.2880839987647,27.0,44G8,0
18.28125,57.90625,98.0,14.887272017443232,823.783945895583,27.0,44G8,0
18.43541666666667,57.90625,96.0,8.850841481278819,829.1104998418668,27.0,44G8,3
18.589583333333337,57.90625,90.0,2.7052812720831763,834.0144162178514,27.0,44G8,3
19.20625000000001,57.90625,11.0,2.9498230207478664,865.4831338866485,28.0,44G9,3
19.36041666666665,57.90625,19.0,5.49531104875214,869.7329396729759,28.0,44G9,3
19.51458333333332,57.90625,58.0,11.30486929113859,874.63878104702,28.0,44G9,0
19.66874999999999,57.90625,109.0,19.509870875858955,880.569416512011,28.0,44G9,0
19.822916666666657,57.90625,162.0,29.079498105394286,887.3308770729227,28.0,44G9,0
19.97708333333333,57.90625,151.0,37.812006436188,893.7017934157076,28.0,44G9,0
20.131249999999994,57.90625,136.0,46.591886981517,899.7851139705336,28.0,44H0,0
20.285416666666663,57.90625,106.0,56.37591278645012,907.746268295924,28.0,44H0,0
20.43958333333333,57.90625,105.0,65.19642515972438,915.310921790374,28.0,44H0,0
20.59375,57.90625,97.0,74.02577768396345,922.5108172030052,28.0,44H0,0
20.74791666666667,57.90625,102.0,68.54083174398617,930.0476927730324,28.0,44H0,0
20.902083333333337,57.90625,82.0,60.656309308323664,938.1790006977,28.0,44H0,0
21.05625000000001,57.90625,83.0,54.12836503559781,945.3065052056428,28.0,44H1,0
21.210416666666674,57.90625,76.0,46.49570691488722,952.8306208415584,28.0,44H1,0
21.364583333333343,57.90625,66.0,37.69114617732695,960.1874668277228,28.0,44H1,0
21.51875000000001,57.90625,60.0,27.948646427697952,969.2060440477984,28.0,44H1,0
21.67291666666665,57.90625,38.0,19.268264210197497,977.0018215500476,28.0,44H1,0
21.82708333333332,57.90625,20.0,10.879902407389466,985.048716090922,28.0,44H1,0
21.98124999999999,57.90625,5.0,2.7046159064031747,992.8768032854972,,44H1,3
22.135416666666657,57.90625,11.0,3.40729176954042,1000.714927358688,,44H2,3
22.28958333333333,57.90625,21.0,9.463242523372616,1009.6921958886172,,44H2,3
22.443749999999994,57.90625,27.0,16.51798208315048,1017.9250004336168,,44H2,5
22.597916666666663,57.90625,29.0,14.042625058673416,1026.0362953641422,,44H2,5
22.75208333333333,57.90625,29.0,15.524180795762826,1034.2674668277243,,44H2,5
22.90625,57.90625,39.0,20.90258107552429,1043.2860440477982,,44H2,5
23.06041666666667,57.90625,32.0,13.533053393792937,1051.4048009628175,,44H3,5
23.214583333333337,57.90625,41.0,9.321165076872296,1059.9948559141874,,44H3,5
23.36875000000001,57.90625,47.0,12.312914238493724,1069.2638580300352,,44H3,5
23.522916666666674,57.90625,42.0,18.786268295925517,1078.0996826431656,,44H3,5
23.677083333333343,57.90625,35.0,26.679402509259017,1086.3057418353974,,44H3,5
23.83125000000001,57.90625,30.0,23.078768332647886,1094.8572213796842,,44H3,5
23.98541666666665,57.90625,25.0,21.318382326126088,1103.5549524201756,,44H3,5
24.13958333333332,57.90625,24.0,12.701563254705585,1114.1547620347128,,44H4,5
24.29374999999999,57.90625,10.0,4.047692773032249,1123.019044101383,,44H4,5
9.493750000000006,57.98958333333334,323.0,52.391369719102,0.0,,44F9,5
9.647916666666674,57.98958333333334,201.0,48.28939922309242,8.843717603913223,,44F9,5
9.802083333333345,57.98958333333334,123.0,45.37060076696381,18.67005724495936,,44F9,5
9.956250000000011,57.98958333333334,100.0,43.91336774142088,28.3463524199454,,44F9,5
10.110416666666652,57.98958333333334,87.0,37.94788263375514,37.19005724495936,,44G0,5
10.26458333333332,57.98958333333334,91.0,32.98837436213168,46.86635241994372,,44G0,5
10.418749999999989,57.98958333333334,99.0,28.98516975804177,55.710057244959366,,44G0,5
10.572916666666655,57.98958333333334,131.0,26.89777545721665,66.36898708651344,,44G0,5
10.727083333333326,57.98958333333334,182.0,27.522957333819917,76.04527096226298,,44G0,5
10.881249999999994,57.98958333333334,193.0,30.679576168822017,84.88898708651513,,44G0,5
11.035416666666665,57.98958333333334,118.0,23.81610824360979,95.54790640602847,,44G1,5
11.189583333333331,57.98958333333334,104.0,17.78009530707881,104.39162158867788,,44G1,5
11.34375,57.98958333333334,42.0,9.585636761291324,114.06790640603018,,44G1,5
11.497916666666669,57.98958333333334,13.0,2.701954682994433,122.87483794664004,,44G1,5
16.739583333333343,57.98958333333334,10.0,0.9268861880956994,796.4038698861783,27.0,44G6,3
16.89375000000001,57.98958333333334,26.0,5.000404369611576,796.3777237618517,27.0,44G6,3
17.04791666666665,57.98958333333334,52.0,13.789676305095618,796.4820882342285,27.0,44G7,0
17.20208333333332,57.98958333333334,72.0,22.336438256625875,799.1406585642787,27.0,44G7,0
17.35624999999999,57.98958333333334,97.0,31.87793845528345,802.0075807557573,27.0,44G7,0
17.510416666666657,57.98958333333334,124.0,39.06777671157826,805.583343148577,27.0,44G7,0
17.664583333333326,57.98958333333334,135.0,46.180052996744486,809.9204789502957,27.0,44G7,0
17.818749999999994,57.98958333333334,171.0,42.18952011237499,814.7230915786549,27.0,44G7,0
17.972916666666663,57.98958333333334,192.0,34.56702408709667,819.6175232842974,27.0,44G7,0
18.12708333333333,57.98958333333334,78.0,27.69449691366222,824.9985293851493,27.0,44G8,0
18.28125,57.98958333333334,108.0,21.772555330541653,831.0780982762641,27.0,44G8,0
18.43541666666667,57.98958333333334,99.0,15.520092621352433,837.2356693164809,27.0,44G8,0
18.589583333333337,57.98958333333334,105.0,10.118529385149246,841.7941324811947,27.0,44G8,0
18.74375000000001,57.98958333333334,109.0,7.415089504742954,846.9042482418837,27.0,44G8,3
18.897916666666674,57.98958333333334,111.0,7.415089504742954,853.8852709622646,27.0,44G8,3
19.052083333333343,57.98958333333334,92.0,3.405443821471354,862.4268045120584,28.0,44G9,3
19.20625000000001,57.98958333333334,5.0,0.9268861880956994,870.7734126894296,28.0,44G9,3
19.36041666666665,57.98958333333334,8.0,2.1730868720770924,877.8630216202698,28.0,44G9,3
19.51458333333332,57.98958333333334,45.0,10.215510476071884,882.5994472182905,28.0,44G9,0
19.66874999999999,57.98958333333334,142.0,18.88243571591336,887.3397554693356,28.0,44G9,0
19.822916666666657,57.98958333333334,180.0,28.64161012696324,894.3645742800269,28.0,44G9,0
19.97708333333333,57.98958333333334,168.0,37.45639690351558,900.4279791117668,28.0,44G9,0
20.131249999999994,57.98958333333334,132.0,46.28332839916554,906.5065717716832,28.0,44H0,0
20.285416666666663,57.98958333333334,118.0,56.098261612638005,913.558246350635,28.0,44H0,0
20.43958333333333,57.98958333333334,101.0,64.93541793622059,920.377592590816,28.0,44H0,0
20.59375,57.98958333333334,98.0,73.77474613303428,927.9652709622632,28.0,44H0,0
20.74791666666667,57.98958333333334,95.0,71.55638092882036,935.1294276556944,28.0,44H0,0
20.902083333333337,57.98958333333334,91.0,63.48316898657959,943.1373713473794,28.0,44H0,0
21.05625000000001,57.98958333333334,82.0,55.04135580828452,950.6769197262972,28.0,44H1,0
21.210416666666674,57.98958333333334,71.0,46.19828075708487,957.9872018651888,28.0,44H1,0
21.364583333333343,57.98958333333334,60.0,37.35585633902261,965.213086872077,28.0,44H1,0
21.51875000000001,57.98958333333334,52.0,27.53254581886075,973.4922127665052,28.0,44H1,0
21.67291666666665,57.98958333333334,43.0,18.69522006948051,981.3067179304296,28.0,44H1,0
21.82708333333332,57.98958333333334,31.0,9.871108585155486,989.3768379978025,28.0,44H1,3
21.98124999999999,57.98958333333334,5.0,1.350894206572389,997.1993014349492,28.0,44H1,3
22.28958333333333,57.98958333333334,12.0,5.895812408514972,1014.0186022169936,,44H2,3
22.443749999999994,57.98958333333334,11.0,14.318260133472132,1022.0829108151644,,44H2,0
22.597916666666663,57.98958333333334,25.0,15.619974824892482,1029.8969119027868,,44H2,5
22.75208333333333,57.98958333333334,28.0,20.210922139106724,1038.0932244500889,,44H2,5
22.90625,57.98958333333334,29.0,26.340828840761905,1047.109007091246,,44H2,5
23.06041666666667,57.98958333333334,32.0,20.99174698999405,1055.3867179304295,,44H3,5
23.214583333333337,57.98958333333334,37.0,18.56386988617829,1063.456837997804,,44H3,5
23.36875000000001,57.98958333333334,42.0,20.548047687247116,1072.32710569837,,44H3,5
23.522916666666674,57.98958333333334,32.0,25.045244209971692,1081.1014095774187,,44H3,5
23.677083333333343,57.98958333333334,31.0,21.131205269126177,1089.365315501332,,44H3,5
23.83125000000001,57.98958333333334,26.0,14.938729167755508,1097.9323341231152,,44H3,5
23.98541666666665,57.98958333333334,21.0,12.049520445200226,1106.275932070036,,44H3,5
24.13958333333332,57.98958333333334,21.0,14.938729167755618,1116.0158076572031,,44H4,5
24.29374999999999,57.98958333333334,13.0,6.941409577418581,1124.2447174918575,,44H4,5
9.493750000000006,58.07291666666666,478.0,60.44618945515476,0.0,,45F9,5
9.652083333333335,58.07291666666666,395.0,56.93603478678075,8.823132010710117,,45F9,5
9.810416666666669,58.07291666666666,271.0,54.48828049649961,18.626598777242062,,45F9,5
9.96875,58.07291666666666,180.0,50.09255013619467,29.30382691760893,,45F9,5
10.127083333333331,58.07291666666666,177.0,45.04301774487852,38.12694413931721,,45G0,5
10.285416666666665,58.07291666666666,137.0,40.26090037027959,48.80417413204336,,45G0,5
10.443749999999994,58.07291666666666,130.0,37.21926901818168,58.50104454135045,,45G0,5
10.602083333333326,58.07291666666666,177.0,36.14856133560493,68.30452116721709,,45G0,5
10.760416666666655,58.07291666666666,217.0,35.70347817965629,78.00139265208934,,45G0,5
10.918749999999989,58.07291666666666,173.0,27.029122235688327,86.82452116721878,,45G0,5
11.07708333333332,58.07291666666666,131.0,17.55823577200842,96.6290009753416,,45G1,5
11.235416666666652,58.07291666666666,51.0,9.609961189258046,105.37669847580052,,45G1,5
11.393750000000011,58.07291666666666,34.0,3.921392652089336,115.14900097534324,,45G1,5
11.552083333333345,58.07291666666666,5.0,0.9268861880942844,123.89669847580048,,45G1,5
16.93541666666667,58.07291666666666,35.0,6.144144671114436,806.5557480690173,27.0,45G6,3
17.09375,58.07291666666666,55.0,14.189521418228864,806.5557480690173,27.0,45G7,0
17.25208333333333,58.07291666666666,73.0,21.672355702691643,809.0333936565497,27.0,45G7,0
17.410416666666663,58.07291666666666,80.0,28.802934205878515,811.7017382308434,27.0,45G7,0
17.568749999999994,58.07291666666666,126.0,37.21140547665296,815.645318298419,27.0,45G7,0
17.727083333333326,58.07291666666666,133.0,45.25382762575448,820.2779222083152,27.0,45G7,0
17.885416666666657,58.07291666666666,167.0,44.84910697778664,824.3482159160911,27.0,45G7,0
18.04374999999999,58.07291666666666,139.0,37.78149289040786,829.5644813958326,27.0,45G8,0
18.20208333333332,58.07291666666666,115.0,32.18717914263433,834.4494491299147,27.0,45G8,0
18.36041666666665,58.07291666666666,110.0,25.75097197541016,841.4978801635225,27.0,45G8,0
18.51875000000001,58.07291666666666,105.0,19.877965035488888,847.6048803733694,27.0,45G8,0
18.677083333333343,58.07291666666666,99.0,16.799247231300342,852.281970122901,27.0,45G8,0
18.835416666666674,58.07291666666666,104.0,16.71284991492124,857.9923318924476,27.0,45G8,0
18.99375000000001,58.07291666666666,111.0,12.869359921363786,864.0676169801915,27.0,45G8,0
19.152083333333337,58.07291666666666,77.0,9.268861880921618,872.4006963857983,28.0,45G9,3
19.31041666666667,58.07291666666666,76.0,10.195748069017318,880.0142478822244,28.0,45G9,0
19.46875,58.07291666666666,97.0,12.8693599213647,888.0203765224443,28.0,45G9,0
19.62708333333333,58.07291666666666,153.0,20.399578278505643,894.3579222083152,28.0,45G9,0
19.785416666666663,58.07291666666666,161.0,29.11945659205573,899.7585022458171,28.0,45G9,0
19.943749999999994,58.07291666666666,181.0,37.343324690588126,905.8124932026732,28.0,45G9,0
20.10208333333333,58.07291666666666,126.0,46.74385976104568,912.8779222083152,28.0,45H0,0
20.260416666666657,58.07291666666666,130.0,55.32846993975156,918.9354356946042,28.0,45H0,0
20.41874999999999,58.07291666666666,95.0,63.981590700106565,925.0081200151706,28.0,45H0,0
20.57708333333332,58.07291666666666,66.0,73.64710675298001,932.1477947965826,28.0,45H0,0
20.73541666666665,58.07291666666666,92.0,67.91498215701138,939.44316397569,28.0,45H0,0
20.89375000000001,58.07291666666666,68.0,59.208967742283725,947.9228053355816,28.0,45H0,0
21.052083333333343,58.07291666666666,65.0,50.889751210962,955.7970136210243,28.0,45H1,0
21.210416666666674,58.07291666666666,56.0,43.685414223598926,963.1727306205948,28.0,45H1,0
21.36875000000001,58.07291666666666,47.0,35.47390745891894,971.3240774792672,28.0,45H1,0
21.527083333333337,58.07291666666666,41.0,28.92819324335344,978.6189698338768,28.0,45H1,0
21.68541666666667,58.07291666666666,41.0,20.399578278505643,986.9579222083156,28.0,45H1,0
21.84375,58.07291666666666,31.0,13.019901381132202,994.579901381132,28.0,45H1,0
22.00208333333333,58.07291666666666,14.0,4.901740703072948,1002.7786287103862,28.0,45H2,3
22.160416666666663,58.07291666666666,1.0,0.9268861880914544,1011.3570136210244,28.0,45H2,3
22.318749999999994,58.07291666666666,6.0,5.239495823536429,1020.560696385798,,45H2,3
22.47708333333333,58.07291666666666,14.0,5.8963712137945885,1028.2189211340988,,45H2,3
22.635416666666657,58.07291666666666,15.0,8.829230839052045,1035.9631709577372,,45H2,5
22.79374999999999,58.07291666666666,25.0,16.23580528798286,1044.9227487577205,,45H2,5
22.95208333333332,58.07291666666666,27.0,20.250014235124038,1052.731125111299,,45H2,5
23.11041666666665,58.07291666666666,29.0,27.03208639272048,1062.1480915276286,,45H3,5
23.26875000000001,58.07291666666666,35.0,27.9627692446022,1070.8313300051066,,45H3,5
23.427083333333343,58.07291666666666,32.0,30.208777686194196,1079.1491670794428,,45H3,5
23.585416666666674,58.07291666666666,26.0,21.874056706359543,1088.07324918769,,45H3,5
23.74375000000001,58.07291666666666,21.0,13.267141317766876,1096.601392652089,,45H3,5
23.902083333333337,58.07291666666666,11.0,4.731548797902144,1105.699901381132,,45H3,5
24.06041666666667,58.07291666666666,14.0,4.806101673671084,1114.1410445413524,,45H4,5
24.21875,58.07291666666666,16.0,12.637729114724957,1122.608127644838,,45H4,5
24.37708333333333,58.07291666666666,11.0,5.637015843241716,1131.8889503540502,,45H4,5
9.493750000000006,58.15625,607.0,68.80734356058433,0.0,,45F9,5
9.652083333333335,58.15625,534.0,65.75242304040978,8.802527753087933,,45F9,5
9.810416666666669,58.15625,479.0,63.49013188716731,18.583100907036645,,45F9,5
9.96875,58.15625,309.0,57.57184258162501,29.2786439366494,,45F9,5
10.127083333333331,58.15625,355.0,52.93405376458377,38.08115690854791,,45G0,5
10.285416666666665,58.15625,226.0,48.746601199464365,48.77670178954143,,45G0,5
10.443749999999994,58.15625,213.0,46.272179841951605,58.49417645519231,,45G0,5
10.602083333333326,58.15625,236.0,42.39176227265609,67.61758881596575,,45G0,5
10.760416666666655,58.15625,216.0,35.22221715277402,77.0141764551924,,45G0,5
10.918749999999989,58.15625,148.0,26.426891102327183,85.18851731270856,,45G0,5
11.07708333333332,58.15625,107.0,16.65474672134456,95.53417645519232,,45G1,5
11.235416666666652,58.15625,48.0,7.880087353479452,103.70851731270857,,45G1,5
11.393750000000011,58.15625,8.0,0.9268861880914544,114.05417645519398,,45G1,5
16.93541666666667,58.15625,20.0,1.8537723761829088,815.8246099499432,27.0,45G6,3
17.09375,58.15625,35.0,8.879961321176754,815.8246099499432,27.0,45G7,3
17.25208333333333,58.15625,48.0,16.426039689866894,818.2801685673854,27.0,45G7,0
17.410416666666663,58.15625,75.0,24.595741742331573,820.7757628754431,27.0,45G7,0
17.568749999999994,58.15625,121.0,34.040173713639795,824.095551642298,27.0,45G7,0
17.727083333333326,58.15625,128.0,42.50170618837017,827.9459102114373,27.0,45G7,0
17.885416666666657,58.15625,163.0,51.03724038519364,832.1342425778923,27.0,45G7,0
18.04374999999999,58.15625,139.0,44.83790917074071,837.5923583094534,27.0,45G8,0
18.20208333333332,58.15625,131.0,39.13102095648088,842.285005278233,27.0,45G8,0
18.36041666666665,58.15625,90.0,33.138671733587515,848.2203095020762,27.0,45G8,0
18.51875000000001,58.15625,82.0,28.107921591874867,855.3201685673854,27.0,45G8,0
18.677083333333343,58.15625,101.0,26.026908790888797,860.3055711541219,27.0,45G8,0
18.835416666666674,58.15625,97.0,25.62589422503365,865.5254142105449,27.0,45G8,0
18.99375000000001,58.15625,115.0,20.97033194602264,870.7756166445583,27.0,45G8,0
19.152083333333337,58.15625,28.0,18.53772376184748,877.8478889463152,28.0,45G9,0
19.31041666666667,58.15625,45.0,19.174830281843327,884.3321461084297,28.0,45G9,0
19.46875,58.15625,124.0,20.98557236640255,892.4312959407242,28.0,45G9,0
19.62708333333333,58.15625,147.0,26.274167253612152,901.0777255508696,28.0,45G9,0
19.785416666666663,58.15625,150.0,33.65304697675523,907.29346970607,28.0,45G9,0
19.943749999999994,58.15625,176.0,41.16894665550753,912.8712714244202,28.0,45G9,0
20.10208333333333,58.15625,150.0,49.89498998137055,919.6140972247498,28.0,45H0,0
20.260416666666657,58.15625,119.0,57.9975517203711,925.661914957926,28.0,45H0,0
20.41874999999999,58.15625,87.0,66.28507158655299,932.0664201042108,28.0,45H0,0
20.57708333333332,58.15625,75.0,72.89271445877482,938.7897495027636,28.0,45H0,0
20.73541666666665,58.15625,102.0,64.47366305656737,944.881069905805,28.0,45H0,0
20.89375000000001,58.15625,55.0,55.25121602362975,952.7908022224624,28.0,45H0,0
21.052083333333343,58.15625,46.0,46.248269428707296,960.970569319834,28.0,45H1,0
21.210416666666674,58.15625,41.0,38.46103872300179,968.4312714244204,28.0,45H1,0
21.36875000000001,58.15625,36.0,30.449287658416043,976.4591173305948,28.0,45H1,0
21.527083333333337,58.15625,33.0,22.949171520439524,984.2553033847446,28.0,45H1,0
21.68541666666667,58.15625,24.0,15.509979733814022,991.9773698369712,28.0,45H1,0
21.84375,58.15625,23.0,10.058903109857608,999.3080589586348,28.0,45H1,0
22.00208333333333,58.15625,16.0,4.798634460216862,1007.0237528337522,28.0,45H2,3
22.318749999999994,58.15625,5.0,4.020089297423291,1025.4011274054608,,45H2,3
22.47708333333333,58.15625,1.0,0.9268861880914544,1032.4859809086274,,45H2,3
22.635416666666657,58.15625,11.0,4.977920505007892,1040.5912959407244,,45H2,5
22.79374999999999,58.15625,1.0,7.574778655239535,1049.2377255508698,,45H2,5
22.95208333333332,58.15625,21.0,13.853574773642002,1057.5961176616795,,45H2,5
23.11041666666665,58.15625,25.0,19.633812797576624,1066.05736983697,,45H3,5
23.26875000000001,58.15625,28.0,26.63519842555545,1074.6929719124123,,45H3,5
23.427083333333343,58.15625,26.0,28.22196564289429,1082.8217291029373,,45H3,5
23.585416666666674,58.15625,29.0,19.14171317205748,1091.9080589586351,,45H3,5
23.74375000000001,58.15625,27.0,10.817845768603137,1100.0717746988605,,45H3,5
23.902083333333337,58.15625,5.0,3.077421898956386,1109.0095344294218,,45H3,5
24.06041666666667,58.15625,4.0,1.9561176616796283,1118.046411032029,,45H4,5
24.21875,58.15625,7.0,7.403351561587593,1125.9292720404526,,45H4,5
24.37708333333333,58.15625,10.0,5.228790012152385,1134.9509316974477,,45H4,5
9.493750000000006,58.23958333333334,685.0,66.84791278508524,0.0,,45F9,5
9.652083333333335,58.23958333333334,554.0,66.91089055738927,8.781904874632904,,45F9,5
9.810416666666669,58.23958333333334,524.0,68.2954122114047,18.539563726358534,,45F9,5
9.96875,58.23958333333334,476.0,65.38790915219312,29.253438196908597,,45F9,5
10.127083333333331,58.23958333333334,430.0,61.20060176015302,37.61946466871736,,45G0,5
10.285416666666665,58.23958333333334,350.0,56.0746746859402,47.7734381969086,,45G0,5
10.443749999999994,58.23958333333334,314.0,47.58865721427217,56.13946466871745,,45G0,5
10.602083333333326,58.23958333333334,273.0,38.30853762415424,66.29343819690692,,45G0,5
10.760416666666655,58.23958333333334,190.0,30.2058200319324,74.65946466871745,,45G0,5
10.918749999999989,58.23958333333334,136.0,22.604679679446413,83.83767161038192,,45G0,5
11.07708333333332,58.23958333333334,98.0,15.446513261114278,93.17946466871736,,45G1,5
11.235416666666652,58.23958333333334,51.0,9.757671610383596,102.35767161038191,,45G1,5
16.93541666666667,58.23958333333334,7.0,0.9757674072586062,826.0026342571131,27.0,45G6,3
17.09375,58.23958333333334,28.0,4.320100096121017,826.0026342571131,27.0,45G7,3
17.25208333333333,58.23958333333334,41.0,13.782761437956276,827.0283794764944,27.0,45G7,0
17.410416666666663,58.23958333333334,67.0,22.513795610446035,829.6173147352206,27.0,45G7,0
17.568749999999994,58.23958333333334,132.0,32.24599802169719,832.5654599730849,27.0,45G7,0
17.727083333333326,58.23958333333334,125.0,41.01433186815389,836.3470078210299,27.0,45G7,0
17.885416666666657,58.23958333333334,130.0,49.78663832135099,840.8003272730123,27.0,45G7,0
18.04374999999999,58.23958333333334,126.0,51.89721315668371,845.523972552722,27.0,45G8,0
18.20208333333332,58.23958333333334,98.0,46.51570282075855,850.1660057766478,27.0,45G8,0
18.36041666666665,58.23958333333334,85.0,40.794553691956295,855.7539150722341,27.0,45G8,0
18.51875000000001,58.23958333333334,81.0,36.83477235210456,862.0058904631377,27.0,45G8,0
18.677083333333343,58.23958333333334,101.0,33.424241075589,868.0677356696294,27.0,45G8,0
18.835416666666674,58.23958333333334,108.0,24.58879542696772,873.8375335432186,27.0,45G8,0
18.99375000000001,58.23958333333334,115.0,17.48164144981034,878.5179294291944,27.0,45G8,0
19.152083333333337,58.23958333333334,67.0,11.78575326455168,884.5613105944212,28.0,45G9,0
19.31041666666667,58.23958333333334,37.0,11.292065349122224,891.055003916761,28.0,45G9,0
19.46875,58.23958333333334,109.0,15.446513261114214,897.0379294291955,28.0,45G9,0
19.62708333333333,58.23958333333334,136.0,22.60467967944634,905.3799059773668,28.0,45G9,0
19.785416666666663,58.23958333333334,144.0,31.088317592986293,914.4121340741352,28.0,45G9,0
19.943749999999994,58.23958333333334,155.0,39.22648609589413,920.053224711983,28.0,45G9,0
20.10208333333333,58.23958333333334,113.0,48.52661309150762,926.3155206606906,28.0,45H0,0
20.260416666666657,58.23958333333334,75.0,57.02281480717891,932.7311927065704,28.0,45H0,0
20.41874999999999,58.23958333333334,137.0,65.59033087384748,938.775554360028,28.0,45H0,0
20.57708333333332,58.23958333333334,124.0,70.90037884695838,945.508322321016,28.0,45H0,0
20.73541666666665,58.23958333333334,111.0,62.23407389971774,951.9203272730113,28.0,45H0,0
20.89375000000001,58.23958333333334,43.0,52.64514917920145,958.6413105944224,28.0,45H0,0
21.052083333333343,58.23958333333334,62.0,43.126084951977134,966.4375335432186,28.0,45H1,0
21.210416666666674,58.23958333333334,35.0,34.66633068240981,973.4399421022276,28.0,45H1,0
21.36875000000001,58.23958333333334,27.0,25.513843099245463,981.7034913170476,28.0,45H1,0
21.527083333333337,58.23958333333334,19.0,17.822083870839002,989.0295780053792,28.0,45H1,0
21.68541666666667,58.23958333333334,19.0,9.925179841068768,997.2825383048748,28.0,45H1,3
21.84375,58.23958333333334,10.0,2.9467800987247017,1004.8047262305532,28.0,45H1,3
22.00208333333333,58.23958333333334,1.0,0.0,1012.6296176969148,28.0,45H2,3
22.635416666666657,58.23958333333334,1.0,0.9268861880914544,1044.8945542954064,,45H2,5
22.79374999999999,58.23958333333334,11.0,2.946780098725256,1053.5399059773667,,45H2,5
22.95208333333332,58.23958333333334,18.0,6.774880492221662,1061.76954341154,,45H2,5
23.11041666666665,58.23958333333334,20.0,13.37821838425104,1070.3435504494196,,45H3,5
23.26875000000001,58.23958333333334,24.0,19.61740812010266,1079.3802206680282,,45H3,5
23.427083333333343,58.23958333333334,26.0,22.087466471101287,1087.1302334323805,,45H3,5
23.585416666666674,58.23958333333334,26.0,14.787042371279275,1096.1454864261611,,45H3,5
23.74375000000001,58.23958333333334,21.0,10.606612272525108,1103.917196889975,,45H3,5
23.902083333333337,58.23958333333334,11.0,4.634430940464346,1113.1515347995933,,45H3,5
24.06041666666667,58.23958333333334,7.0,2.094790358626128,1121.1344533221989,,45H4,5
24.21875,58.23958333333334,5.0,2.691313891030737,1128.9157197675308,,45H4,5
24.37708333333333,58.23958333333334,8.0,5.854603921262586,1138.0091976345343,,45H4,5
9.493750000000006,58.32291666666666,614.0,57.596788502914364,0.0,,45F9,5
9.652083333333335,58.32291666666666,664.0,57.66969774315272,8.761263418970648,,45F9,5
9.810416666666669,58.32291666666666,595.0,59.26676314535252,18.495987327306302,,45F9,5
9.96875,58.32291666666666,499.0,62.338258034340335,28.254736659908435,,45F9,5
10.127083333333331,58.32291666666666,514.0,64.325201025073,37.015987327306206,,45G0,5
10.285416666666665,58.32291666666666,418.0,54.61438517661691,46.77473665990853,,45G0,5
10.443749999999994,58.32291666666666,351.0,45.881482844797645,55.5359873273063,,45G0,5
10.602083333333326,58.32291666666666,256.0,36.191827478897295,65.29473665990844,,45G0,5
10.760416666666655,58.32291666666666,162.0,27.495474205777672,74.0559873273063,,45G0,5
10.918749999999989,58.32291666666666,118.0,18.85536678103817,82.84126341897066,,45G0,5
11.07708333333332,58.32291666666666,72.0,9.50963961116153,92.5759873273062,,45G1,5
11.235416666666652,58.32291666666666,21.0,2.687990096525087,101.36126341897074,,45G1,5
11.393750000000011,58.32291666666666,19.0,0.9734739120728853,111.09598732730798,,45G1,5
11.552083333333345,58.32291666666666,108.0,0.9268861880914544,120.85473665990844,,45G1,5
16.777083333333337,58.32291666666666,10.0,0.9268861880914544,840.7620516127048,27.0,45G6,3
16.93541666666667,58.32291666666666,11.0,0.9734739120728853,836.1806585642772,27.0,45G6,3
17.09375,58.32291666666666,23.0,4.9553996331096,836.1806585642772,27.0,45G7,3
17.25208333333333,58.32291666666666,44.0,14.633205659038463,836.1806585642772,27.0,45G7,0
17.410416666666663,58.32291666666666,66.0,23.328737676563215,838.8787647221714,27.0,45G7,0
17.568749999999994,58.32291666666666,96.0,32.7991744214859,841.7770256378099,27.0,45G7,0
17.727083333333326,58.32291666666666,99.0,41.43062193884659,844.7007065122201,27.0,45G7,0
17.885416666666657,58.32291666666666,119.0,46.1390874573216,848.5405698383333,27.0,45G7,0
18.04374999999999,58.32291666666666,146.0,50.26423695495351,853.7737723761829,27.0,45G8,0
18.20208333333332,58.32291666666666,103.0,52.7975323802246,858.2024494089897,27.0,45G8,0
18.36041666666665,58.32291666666666,140.0,48.95585349037859,863.428958563837,27.0,45G8,0
18.51875000000001,58.32291666666666,114.0,39.30665987275393,868.7554123420887,27.0,45G8,0
18.677083333333343,58.32291666666666,146.0,30.66477911241939,875.1604651334777,27.0,45G8,0
18.835416666666674,58.32291666666666,162.0,21.1719264587964,881.399362876786,27.0,45G8,0
18.99375000000001,58.32291666666666,140.0,12.930465404514589,886.1052499756169,27.0,45G8,0
19.152083333333337,58.32291666666666,49.0,4.031735779370695,891.9062490639267,28.0,45G9,3
19.31041666666667,58.32291666666666,24.0,2.687990096525154,897.6931841335029,28.0,45G9,3
19.46875,58.32291666666666,91.0,9.50963961116136,903.7500653700164,28.0,45G9,3
19.62708333333333,58.32291666666666,119.0,18.85536678103808,910.8749002894632,28.0,45G9,0
19.785416666666663,58.32291666666666,117.0,28.459899044000903,918.697278707203,28.0,45G9,0
19.943749999999994,58.32291666666666,127.0,37.159846577658506,926.4649414869432,28.0,45G9,0
20.10208333333333,58.32291666666666,114.0,46.85136491113933,933.3927688070174,28.0,45H0,0
20.260416666666657,58.32291666666666,92.0,55.58517086618806,939.4499144085833,28.0,45H0,0
20.41874999999999,58.32291666666666,139.0,64.32520102507281,945.4858269821704,28.0,45H0,0
20.57708333333332,58.32291666666666,139.0,70.0870622660011,952.587957175454,28.0,45H0,0
20.73541666666665,58.32291666666666,105.0,61.32801138202056,958.6254598750396,28.0,45H0,0
20.89375000000001,58.32291666666666,87.0,51.59599249117048,965.728654796795,28.0,45H0,0
21.052083333333343,58.32291666666666,95.0,41.86450898702793,972.4531976938788,28.0,45H1,0
21.210416666666674,58.32291666666666,59.0,33.10709173700405,978.7384755640074,28.0,45H1,0
21.36875000000001,58.32291666666666,29.0,23.378966876165325,986.9379739649094,28.0,45H1,0
21.527083333333337,58.32291666666666,18.0,14.629770784014951,994.3878849225076,28.0,45H1,0
21.68541666666667,58.32291666666666,13.0,4.954272622741322,1002.768654796794,28.0,45H1,3
21.84375,58.32291666666666,4.0,1.8537723761829088,1009.996054484948,28.0,45H1,3
22.95208333333332,58.32291666666666,3.0,0.9268861880956994,1066.3986040996017,,45H2,5
23.11041666666665,58.32291666666666,14.0,6.718728208566545,1074.6249414869435,,45H3,5
23.26875000000001,58.32291666666666,20.0,11.122634257108771,1083.6772468035888,,45H3,5
23.427083333333343,58.32291666666666,22.0,13.83775680824753,1091.423816306067,,45H3,5
23.585416666666674,58.32291666666666,25.0,9.1889888416258,1100.440449254544,,45H3,5
23.74375000000001,58.32291666666666,5.0,2.0937231720795566,1108.2065323575127,,45H3,5
24.37708333333333,58.32291666666666,5.0,4.954272622741322,1142.5478849225065,,45H4,5
24.535416666666663,58.32291666666666,3.0,2.1561146274030207,1151.3043092221887,,45H4,5
9.493750000000006,58.40625,530.0,48.35245834856506,0.0,,45F9,5
9.652083333333335,58.40625,679.0,48.4390789454656,8.74060342976606,,45F9,5
9.810416666666669,58.40625,531.0,50.32552441360906,18.45237180206144,,45F9,5
9.96875,58.40625,482.0,53.90069883774517,28.231781116616364,,45F9,5
10.127083333333331,58.40625,485.0,58.30904916608361,36.97237180206135,,45G0,5
10.285416666666665,58.40625,436.0,54.387019658016,46.75178111661646,,45G0,5
10.443749999999994,58.40625,314.0,45.64913854072696,55.49237180206145,,45G0,5
10.602083333333326,58.40625,248.0,35.94117814609617,65.27178111661637,,45G0,5
10.760416666666655,58.40625,145.0,27.20551803955566,74.01237180206145,,45G0,5
10.918749999999989,58.40625,101.0,18.47345727511935,82.82060342976607,,45G0,5
11.07708333333332,58.40625,57.0,8.78858348194804,92.53237180206136,,45G1,5
11.235416666666652,58.40625,-0.0,0.9268861880914544,101.34060342976616,,45G1,5
16.93541666666667,58.40625,9.0,1.3424166127487045,845.4495204452031,27.0,45G6,3
17.09375,58.40625,24.0,6.860346939259799,845.4495204452031,27.0,45G7,3
17.25208333333333,58.40625,39.0,16.534068327926697,845.4495204452031,27.0,45G7,0
17.410416666666663,58.40625,54.0,25.26461599797008,847.6063483824381,27.0,45G7,0
17.568749999999994,58.40625,84.0,31.133085574706413,850.5321169708867,27.0,45G7,0
17.727083333333326,58.40625,105.0,33.854670824150325,853.7737723761858,27.0,45G7,0
17.885416666666657,58.40625,122.0,38.400653147497415,856.9454512046615,27.0,45G7,0
18.04374999999999,58.40625,117.0,41.248913174065095,861.6370239464318,27.0,45G8,0
18.20208333333332,58.40625,142.0,44.293816683731066,866.0737223913266,27.0,45G8,0
18.36041666666665,58.40625,152.0,48.60545187137436,871.2351282963697,27.0,45G8,0
18.51875000000001,58.40625,152.0,38.90035539049507,876.7192496713284,27.0,45G8,0
18.677083333333343,58.40625,181.0,30.17057785762203,881.8453044142088,27.0,45G8,0
18.835416666666674,58.40625,172.0,20.483600479814413,888.559413706797,27.0,45G8,0
18.99375000000001,58.40625,144.0,11.80337197560363,894.3313274122622,27.0,45G8,0
19.152083333333337,58.40625,12.0,2.685331595998131,899.4264810647494,28.0,45G9,3
19.31041666666667,58.40625,38.0,3.3922688325525234,904.445460076662,28.0,45G9,3
19.46875,58.40625,84.0,9.897798533604812,910.8722688325524,28.0,45G9,3
19.62708333333333,58.40625,112.0,19.036031634618315,917.5441509423982,28.0,45G9,0
19.785416666666663,58.40625,110.0,28.559287172732347,924.2557919848186,28.0,45G9,0
19.943749999999994,58.40625,115.0,37.2161335913015,931.1987792292658,28.0,45G9,0
20.10208333333333,58.40625,94.0,46.87350136237999,939.80409009221,28.0,45H0,0
20.260416666666657,58.40625,124.0,55.58296134965265,946.6128701528348,28.0,45H0,0
20.41874999999999,58.40625,132.0,64.3021596556048,952.5779871203686,28.0,45H0,0
20.57708333333332,58.40625,124.0,70.38170866568852,959.2949530072216,28.0,45H0,0
20.73541666666665,58.40625,102.0,61.68872277170972,965.725331595998,28.0,45H0,0
20.89375000000001,58.40625,91.0,52.0516070781856,972.4415658312452,28.0,45H0,0
21.052083333333343,58.40625,101.0,42.45254950540962,979.1541941459978,28.0,45H1,0
21.210416666666674,58.40625,92.0,33.87276063266744,985.5882464971248,28.0,45H1,0
21.36875000000001,58.40625,80.0,24.480306679965672,992.3053103919494,28.0,45H1,0
21.527083333333337,58.40625,36.0,16.358540553528318,999.356686246869,28.0,45H1,0
21.68541666666667,58.40625,17.0,7.347177500677653,1007.8263391289232,28.0,45H1,3
21.84375,58.40625,6.0,1.3425827499362986,1014.9814015297568,28.0,45H1,3
23.11041666666665,58.40625,4.0,0.9268861880914544,1080.2087013390371,,45H3,5
23.26875000000001,58.40625,7.0,1.8537723761829088,1087.9640900922118,,45H3,5
23.427083333333343,58.40625,14.0,7.342713649243732,1095.7377461586857,,45H3,5
23.585416666666674,58.40625,16.0,6.113522115129041,1104.7305498292023,,45H3,5
9.493750000000006,58.48958333333334,528.0,39.11973915076556,0.0,,45F9,5
9.652083333333335,58.48958333333334,600.0,39.22649957718848,8.719924950723259,,45F9,5
9.810416666666669,58.48958333333334,626.0,41.52819416325977,18.408717242888244,,45F9,5
9.96875,58.48958333333334,523.0,45.78575155865409,28.20880502906585,,45F9,5
10.127083333333331,58.48958333333334,489.0,50.890303810354986,36.92871724288815,,45G0,5
10.285416666666665,58.48958333333334,370.0,54.95163575028139,46.728805029065946,,45G0,5
10.443749999999994,58.48958333333334,280.0,46.342701045946015,55.44871724288825,,45G0,5
10.602083333333326,58.48958333333334,181.0,36.843507646712695,65.24880502906585,,45G0,5
10.760416666666655,58.48958333333334,131.0,28.40987275795171,73.96871724288825,,45G0,5
10.918749999999989,58.48958333333334,74.0,19.912901802764843,82.79992495072327,,45G0,5
11.07708333333332,58.48958333333334,72.0,10.73496722793428,92.48871724288816,,45G1,5
11.235416666666652,58.48958333333334,29.0,3.8755228458556985,101.31992495072336,,45G1,5
17.09375,58.48958333333334,40.0,5.185902100093816,855.6275447523701,27.0,45G7,3
17.25208333333333,58.48958333333334,26.0,14.64753333185464,855.6275447523701,27.0,45G7,0
17.410416666666663,58.48958333333334,33.0,21.483923516996857,856.654743227781,27.0,45G7,0
17.568749999999994,58.48958333333334,72.0,22.092604314274517,859.584567630371,27.0,45G7,0
17.727083333333326,58.48958333333334,94.0,25.778558891274383,862.2987279710992,27.0,45G7,0
17.885416666666657,58.48958333333334,86.0,30.60246528369104,865.3024288381583,27.0,45G7,0
18.04374999999999,58.48958333333334,87.0,32.37708453316663,869.6446528657515,27.0,45G8,0
18.20208333333332,58.48958333333334,188.0,36.16805285389349,873.8296391989632,27.0,45G8,0
18.36041666666665,58.48958333333334,159.0,42.1166423958856,879.1547670140617,27.0,45G8,0
18.51875000000001,58.48958333333334,175.0,40.3725528381196,884.580950501443,27.0,45G8,0
18.677083333333343,58.48958333333334,189.0,32.068604025525275,889.2739019526155,27.0,45G8,0
18.835416666666674,58.48958333333334,165.0,23.213575946258093,895.6662679286079,27.0,45G8,0
18.99375000000001,58.48958333333334,144.0,16.102009378095637,901.692997815556,27.0,45G8,0
19.152083333333337,58.48958333333334,70.0,11.290642083636303,907.2343377446808,28.0,45G9,0
19.31041666666667,58.48958333333334,49.0,11.780297757922988,912.1919500748334,28.0,45G9,0
19.46875,58.48958333333334,82.0,16.09743393826054,917.5332874254024,28.0,45G9,0
19.62708333333333,58.48958333333334,105.0,23.095191250239004,924.2366316003277,28.0,45G9,0
19.785416666666663,58.48958333333334,141.0,31.393920315770423,931.364682393366,28.0,45G9,0
19.943749999999994,58.48958333333334,103.0,39.41623068170211,937.3927827931044,28.0,45G9,0
20.10208333333333,58.48958333333334,100.0,48.61895827227993,944.3174256337012,28.0,45H0,0
20.260416666666657,58.48958333333334,120.0,57.04413270786388,951.8522951097508,28.0,45H0,0
20.41874999999999,58.48958333333334,128.0,65.5504610875341,959.2792634539836,28.0,45H0,0
20.57708333333332,58.48958333333334,109.0,71.87051463051877,966.4296391989632,28.0,45H0,0
20.73541666666665,58.48958333333334,93.0,63.40346686846978,972.4299366364284,28.0,45H0,0
20.89375000000001,58.48958333333334,94.0,54.09679418001918,979.1374339382604,28.0,45H0,0
21.052083333333343,58.48958333333334,99.0,44.96062303048426,986.2719500748334,28.0,45H1,0
21.210416666666674,58.48958333333334,96.0,36.81733230731303,992.2920197270464,28.0,45H1,0
21.36875000000001,58.48958333333334,91.0,27.128606530257446,998.9959666571992,28.0,45H1,0
21.527083333333337,58.48958333333334,77.0,18.40871724288815,1005.4446823933658,28.0,45H1,0
21.68541666666667,58.48958333333334,51.0,8.719924950723167,1012.8730405656828,28.0,45H1,3
23.427083333333343,58.48958333333334,11.0,4.021767912035432,1100.7280193566237,,45H3,5
23.585416666666674,58.48958333333334,14.0,4.182970698679725,1108.6067530877613,,45H3,5
9.493750000000006,58.57291666666666,537.0,29.909385391084932,0.0,,46F9,5
9.652083333333335,58.57291666666666,493.0,30.048556334196423,8.699228025585485,,46F9,5
9.810416666666669,58.57291666666666,510.0,32.99010037268349,18.36502374213357,,46F9,5
9.96875,58.57291666666666,534.0,38.19957521417096,28.18580844586049,,46F9,5
10.127083333333331,58.57291666666666,431.0,44.1022020096058,36.88502374213349,,46G0,5
10.285416666666665,58.57291666666666,308.0,47.61634130852049,46.70580844586058,,46G0,5
10.443749999999994,58.57291666666666,223.0,43.81030425563412,55.40502374213357,,46G0,5
10.602083333333326,58.57291666666666,157.0,35.084894715770744,65.2258084458605,,46G0,5
10.760416666666655,58.57291666666666,103.0,27.442264664750518,73.92502374213358,,46G0,5
10.918749999999989,58.57291666666666,72.0,18.9301503728392,82.77922802558548,,46G0,5
11.07708333333332,58.57291666666666,23.0,9.852128772693664,92.44502374213349,,46G1,5
11.235416666666652,58.57291666666666,6.0,2.143675446438708,101.29922802558558,,46G1,5
16.777083333333337,58.57291666666666,1.0,0.9268861880928692,865.7699784074002,27.0,46G6,3
16.93541666666667,58.57291666666666,18.0,3.707544752370062,864.896406633293,27.0,46G6,3
17.09375,58.57291666666666,29.0,7.551180935410701,864.896406633293,27.0,46G7,3
17.25208333333333,58.57291666666666,14.0,8.848504853419813,864.896406633293,27.0,46G7,3
17.410416666666663,58.57291666666666,37.0,12.652791514813208,865.4619859835773,27.0,46G7,0
17.568749999999994,58.57291666666666,46.0,13.368652414053091,868.4044332495954,27.0,46G7,0
17.727083333333326,58.57291666666666,59.0,18.834881654062,871.0802530873929,27.0,46G7,0
17.885416666666657,58.57291666666666,92.0,21.34016367773604,874.1475447523701,27.0,46G7,0
18.04374999999999,58.57291666666666,96.0,23.80969993812652,877.9944785745247,27.0,46G8,0
18.20208333333332,58.57291666666666,147.0,28.742598663560727,882.1735139824565,27.0,46G8,0
18.36041666666665,58.57291666666666,187.0,34.664824144502006,886.8487839439842,27.0,46G8,0
18.51875000000001,58.57291666666666,187.0,39.65264941883372,892.3470114152163,27.0,46G8,0
18.677083333333343,58.57291666666666,203.0,36.309079879655705,897.052753724528,27.0,46G8,0
18.835416666666674,58.57291666666666,217.0,28.80946618386412,902.369993380887,27.0,46G8,0
18.99375000000001,58.57291666666666,113.0,23.474523029095224,908.378381951824,27.0,46G8,0
19.152083333333337,58.57291666666666,41.0,20.483402728812365,915.0344785745248,29.0,46G9,0
19.31041666666667,58.57291666666666,63.0,20.756680954247543,919.7214362757288,29.0,46G9,0
19.46875,58.57291666666666,104.0,23.83567861761487,924.6817105222668,29.0,46G9,0
19.62708333333333,58.57291666666666,115.0,29.474456577771697,931.3580389702594,29.0,46G9,0
19.785416666666663,58.57291666666666,152.0,36.432760829010256,938.0593199691187,29.0,46G9,0
19.943749999999994,58.57291666666666,114.0,43.520794555379965,944.0777785161272,29.0,46G9,0
20.10208333333333,58.57291666666666,98.0,51.98366672670828,951.2179635477054,29.0,46H0,0
20.260416666666657,58.57291666666666,100.0,59.92011206528424,957.2388223835558,29.0,46H0,0
20.41874999999999,58.57291666666666,142.0,68.04980495920496,964.1441139498728,29.0,46H0,0
20.57708333333332,58.57291666666666,101.0,74.12818573680092,972.5001532093872,29.0,46H0,0
20.73541666666665,58.57291666666666,85.0,65.49635963448547,979.1206809853664,29.0,46H0,0
20.89375000000001,58.57291666666666,83.0,55.9335012312534,986.26769619835,29.0,46H0,0
21.052083333333343,58.57291666666666,97.0,46.41790169514927,992.940265893662,29.0,46H1,0
21.210416666666674,58.57291666666666,92.0,37.92375088949814,998.9775583224084,29.0,46H1,0
21.36875000000001,58.57291666666666,92.0,28.63785134653284,1006.11690324435,29.0,46H1,0
21.527083333333337,58.57291666666666,73.0,20.59097979673183,1012.1393199691202,29.0,46H1,0
21.68541666666667,58.57291666666666,33.0,12.71882238355571,1018.8352138904572,29.0,46H1,0
21.84375,58.57291666666666,37.0,8.092753724527944,1025.4856332349336,29.0,46H1,3
22.00208333333333,58.57291666666666,35.0,7.415089504740124,1032.7148322633825,29.0,46H2,3
22.160416666666663,58.57291666666666,36.0,4.707696198349847,1041.0963222814007,29.0,46H2,3
22.318749999999994,58.57291666666666,4.0,0.9268861880928692,1049.1257218368144,29.0,46H2,3
23.11041666666665,58.57291666666666,1.0,0.9268861880942844,1095.723949280345,29.0,46H3,5
23.427083333333343,58.57291666666666,8.0,1.9331621655906133,1108.6078459760745,29.0,46H3,5
9.493750000000006,58.65625,276.0,20.75119895560337,0.0,,46F9,5
9.652083333333335,58.65625,407.0,20.9508180068356,8.678512698134977,,46F9,5
9.810416666666669,58.65625,390.0,24.978507639994184,18.32129139222664,,46F9,5
9.96875,58.65625,491.0,31.418354178017456,28.16279141564722,,46F9,5
10.127083333333331,58.65625,359.0,35.61310861361023,36.84129139222655,,46G0,5
10.285416666666665,58.65625,241.0,39.231306987378005,46.68279141564732,,46G0,5
10.443749999999994,58.65625,181.0,40.97995423722481,55.36129139222664,,46G0,5
10.602083333333326,58.65625,111.0,31.70662202777728,65.20279141564721,,46G0,5
10.760416666666655,58.65625,102.0,23.3650351836789,73.88129139222663,,46G0,5
10.918749999999989,58.65625,59.0,15.390994974361268,82.75851269813498,,46G0,5
11.07708333333332,58.65625,57.0,7.932052205206571,92.40129139222655,,46G1,5
16.302083333333343,58.65625,17.0,0.9268861880914544,886.1064884169323,27.0,46G6,5
17.25208333333333,58.65625,21.0,4.634430940461517,875.07443094046,27.0,46G7,3
17.410416666666663,58.65625,28.0,4.75381504570218,875.07443094046,27.0,46G7,3
17.568749999999994,58.65625,10.0,6.417329923258971,877.5448772420658,27.0,46G7,3
17.727083333333326,58.65625,30.0,13.381776912053478,880.1508337011569,27.0,46G7,0
17.885416666666657,58.65625,67.0,12.087923311208153,882.8329586765338,27.0,46G7,0
18.04374999999999,58.65625,77.0,16.042177622425818,886.3467289441703,27.0,46G8,0
18.20208333333332,58.65625,82.0,22.714950770179037,890.2976003821623,27.0,46G8,0
18.36041666666665,58.65625,330.0,26.51159451412869,894.8466726827758,27.0,46G8,0
18.51875000000001,58.65625,263.0,32.7006444535379,899.8900392646863,27.0,46G8,0
18.677083333333343,58.65625,223.0,34.946980266957944,904.8667289441712,27.0,46G8,0
18.835416666666674,58.65625,137.0,35.957246687901694,910.1553667376734,27.0,46G8,0
18.99375000000001,58.65625,136.0,31.85365232257888,915.5080910755854,27.0,46G8,0
19.152083333333337,58.65625,69.0,29.723468368451904,922.2027259935204,29.0,46G9,0
19.31041666666667,58.65625,139.0,29.912000485429303,927.8537723761858,29.0,46G9,0
19.46875,58.65625,157.0,32.219225113289994,932.26966896223,29.0,46G9,0
19.62708333333333,58.65625,146.0,36.726883809443706,938.044375046303,29.0,46G9,0
19.785416666666663,58.65625,139.0,42.85068457082795,944.7351574653744,29.0,46G9,0
19.943749999999994,58.65625,146.0,49.05406764188438,951.2096612354736,29.0,46G9,0
20.10208333333333,58.65625,97.0,56.67998446166207,957.9034677171406,29.0,46H0,0
20.260416666666657,58.65625,103.0,64.02051118941687,963.915914652217,29.0,46H0,0
20.41874999999999,58.65625,153.0,71.66942691935277,970.4025684972952,29.0,46H0,0
20.57708333333332,58.65625,132.0,75.76178684585052,977.6148284165936,29.0,46H0,0
20.73541666666665,58.65625,76.0,67.3609849475208,984.9443855078824,29.0,46H0,0
20.89375000000001,58.65625,74.0,58.129594259209206,992.9277538375726,29.0,46H0,0
21.052083333333343,58.65625,97.0,49.06559872175732,999.616971210934,29.0,46H1,0
21.210416666666674,58.65625,81.0,41.14276964867747,1006.1110086971694,29.0,46H1,0
21.36875000000001,58.65625,81.0,32.804181600265444,1012.7846522214948,29.0,46H1,0
21.527083333333337,58.65625,71.0,26.09442757899364,1018.8151574653745,29.0,46H1,0
21.68541666666667,58.65625,61.0,20.477384803862098,1025.9625684972957,29.0,46H1,0
21.84375,58.65625,49.0,16.481058574657034,1031.9834677171405,29.0,46H1,0
22.00208333333333,58.65625,44.0,16.224143265992492,1038.049906475152,29.0,46H2,0
22.160416666666663,58.65625,40.0,12.791362427582444,1046.123243776149,29.0,46H2,0
22.318749999999994,58.65625,18.0,9.319005049763351,1054.0516059952888,29.0,46H2,3
22.47708333333333,58.65625,5.0,3.3843855078824285,1061.2072775781446,29.0,46H2,3
22.635416666666657,58.65625,8.0,3.707544752370062,1068.9146624347086,29.0,46H2,3
22.79374999999999,58.65625,8.0,3.7075447523686473,1078.1273700715583,29.0,46H2,3
22.95208333333332,58.65625,6.0,4.634430940460102,1086.631323257599,29.0,46H2,3
23.11041666666665,58.65625,2.0,0.964279387068968,1096.5371173994831,29.0,46H3,5
23.427083333333343,58.65625,3.0,1.8537723761857383,1114.2380303901498,29.0,46H3,5
9.493750000000006,58.73958333333334,141.0,11.767614970412708,0.0,,46F9,5
9.652083333333335,58.73958333333334,257.0,12.115336612653673,8.657779012192906,,46F9,5
9.810416666666669,58.73958333333334,372.0,18.05556593069357,18.277520285678836,,46F9,5
9.96875,58.73958333333334,269.0,25.044289414667062,28.139753987116222,,46F9,5
10.127083333333331,58.73958333333334,267.0,26.79995510943278,36.79752028567875,,46G0,5
10.285416666666665,58.73958333333334,201.0,30.94789496499714,46.65975398711631,,46G0,5
10.443749999999994,58.73958333333334,147.0,34.63606118877849,55.31752028567883,,46G0,5
10.602083333333326,58.73958333333334,112.0,27.672653080633776,65.17975398711621,,46G0,5
10.760416666666655,58.73958333333334,92.0,21.34597728072577,73.83752028567885,,46G0,5
10.918749999999989,58.73958333333334,53.0,13.501119564387354,82.73777901219292,,46G0,5
11.07708333333332,58.73958333333334,39.0,3.958411094347091,92.35752028567876,,46G1,5
17.09375,58.73958333333334,-0.0,0.0,884.3432928213861,27.0,46G7,3
17.410416666666663,58.73958333333334,9.0,0.9268861880942844,884.3432928213861,27.0,46G7,3
17.568749999999994,58.73958333333334,37.0,0.9268861880914544,886.3577933986342,27.0,46G7,3
17.727083333333326,58.73958333333334,16.0,6.766990583207653,888.9766517351705,27.0,46G7,3
17.885416666666657,58.73958333333334,31.0,2.9422430210390003,891.9024690770511,27.0,46G7,3
18.04374999999999,58.73958333333334,52.0,10.71611898177443,894.8451641323501,27.0,46G8,0
18.20208333333332,58.73958333333334,81.0,13.836344294280108,898.5918926577763,27.0,46G8,0
18.36041666666665,58.73958333333334,96.0,19.33977989945569,903.0626791266852,27.0,46G8,0
18.51875000000001,58.73958333333334,277.0,24.698239353512943,907.7651710080848,27.0,46G8,0
18.677083333333343,58.73958333333334,145.0,25.910382401505107,912.498363502148,27.0,46G8,0
18.835416666666674,58.73958333333334,127.0,29.866452877873787,917.925196886101,27.0,46G8,0
18.99375000000001,58.73958333333334,143.0,35.324402543025464,922.5734124461828,27.0,46G8,0
19.152083333333337,58.73958333333334,60.0,38.977210677006674,929.3817615035796,29.0,46G9,0
19.31041666666667,58.73958333333334,143.0,39.12082976723536,935.3550661459166,29.0,46G9,0
19.46875,58.73958333333334,155.0,40.907797690558766,940.1026791266862,29.0,46G9,0
19.62708333333333,58.73958333333334,119.0,44.73038577810666,945.414567171452,29.0,46G9,0
19.785416666666663,58.73958333333334,149.0,49.86944599946344,951.8750271805008,29.0,46G9,0
19.943749999999994,58.73958333333334,160.0,55.53707634479276,957.886866290936,29.0,46G9,0
20.10208333333333,58.73958333333334,134.0,62.40801390950254,965.128614986354,29.0,46H0,0
20.260416666666657,58.73958333333334,211.0,69.127788518691,971.058130745349,29.0,46H0,0
20.41874999999999,58.73958333333334,178.0,76.24995310586957,977.0662878229095,29.0,46H0,0
20.57708333333332,58.73958333333334,171.0,78.46352481798344,984.2320468033952,29.0,46H0,0
20.73541666666665,58.73958333333334,99.0,70.40631448705433,990.247170616248,29.0,46H0,0
20.89375000000001,58.73958333333334,90.0,61.65518792172126,997.922270194102,29.0,46H0,0
21.052083333333343,58.73958333333334,65.0,53.21714981951227,1006.1435571572812,29.0,46H1,0
21.210416666666674,58.73958333333334,88.0,46.03331181577833,1012.7704874671264,29.0,46H1,0
21.36875000000001,58.73958333333334,71.0,38.78046795001615,1019.453454900525,29.0,46H1,0
21.527083333333337,58.73958333333334,59.0,33.31175431563538,1025.955027180502,29.0,46H1,0
21.68541666666667,58.73958333333334,47.0,28.440236502910498,1032.6262878229095,29.0,46H1,0
21.84375,58.73958333333334,46.0,23.6502762327912,1039.2086149863549,29.0,46H1,0
22.00208333333333,58.73958333333334,25.0,18.968442156918996,1045.1381307453491,29.0,46H2,0
22.160416666666663,58.73958333333334,29.0,15.786282962852406,1051.8244641843942,29.0,46H2,0
22.318749999999994,58.73958333333334,14.0,8.706221694826333,1059.070602939125,29.0,46H2,3
22.47708333333333,58.73958333333334,1.0,0.9268861880914544,1066.464952873558,29.0,46H2,3
22.79374999999999,58.73958333333334,5.0,2.9422430210390003,1082.178130745349,29.0,46H2,3
22.95208333333332,58.73958333333334,7.0,6.022172666964582,1089.545342782263,29.0,46H2,3
23.11041666666665,58.73958333333334,4.0,0.9619756440629248,1098.526485306659,29.0,46H3,5
23.26875000000001,58.73958333333334,6.0,4.746343014109744,1107.843820622374,29.0,46H3,5
23.427083333333343,58.73958333333334,4.0,2.9422430210384607,1116.3558202668307,29.0,46H3,5
23.585416666666674,58.73958333333334,3.0,1.3359404370499903,1125.7516443333154,29.0,46H3,5
9.493750000000006,58.82291666666666,5.0,2.9414901183540207,0.0,,46F9,5
9.652083333333335,58.82291666666666,123.0,4.738870535829227,8.637027011619299,,46F9,5
9.810416666666669,58.82291666666666,381.0,12.707708117669071,18.233710515083576,,46F9,5
9.96875,58.82291666666666,180.0,15.786142803826344,28.11669620900087,,46F9,5
10.127083333333331,58.82291666666666,207.0,18.358673562487255,36.75371051508349,,46G0,5
10.285416666666665,58.82291666666666,163.0,22.65147148893132,46.63669620900097,,46G0,5
10.443749999999994,58.82291666666666,150.0,26.4740036060397,55.27371051508358,,46G0,5
10.602083333333326,58.82291666666666,117.0,23.264485598618325,65.15669620900088,,46G0,5
10.760416666666655,58.82291666666666,99.0,15.334456532932142,73.79371051508359,,46G0,5
10.918749999999989,58.82291666666666,48.0,8.67154906244662,82.71702701161931,,46G0,5
11.07708333333332,58.82291666666666,40.0,3.948548438919463,92.31371051508349,,46G1,5
17.568749999999994,58.82291666666666,19.0,1.8537723761857383,895.5189098060728,27.0,46G7,3
17.727083333333326,58.82291666666666,17.0,2.0873417296929797,898.1445461010765,27.0,46G7,3
18.04374999999999,58.82291666666666,47.0,5.335464108311335,903.6708356053044,27.0,46G8,3
18.20208333333332,58.82291666666666,60.0,6.016285926582613,906.9374309055804,27.0,46G8,3
18.36041666666665,58.82291666666666,88.0,12.110768351907856,911.3098485274248,27.0,46G8,0
18.51875000000001,58.82291666666666,81.0,15.873056023103874,915.8314873367584,27.0,46G8,0
18.677083333333343,58.82291666666666,101.0,17.123899690733634,920.2491385010816,27.0,46G8,0
18.835416666666674,58.82291666666666,96.0,22.65735626407169,925.546503682351,27.0,46G8,0
18.99375000000001,58.82291666666666,116.0,29.46711394372032,930.6949496928186,27.0,46G8,0
19.152083333333337,58.82291666666666,131.0,37.90738211995874,936.0098774497386,29.0,46G9,0
19.31041666666667,58.82291666666666,151.0,45.26655990095379,942.0223106380196,29.0,46G9,0
19.46875,58.82291666666666,134.0,49.80603109069996,947.8991394289706,29.0,46G9,0
19.62708333333333,58.82291666666666,121.0,53.069060851394845,953.1979799872904,29.0,46G9,0
19.785416666666663,58.82291666666666,143.0,57.528814010485824,958.6099371942048,29.0,46G9,0
19.943749999999994,58.82291666666666,150.0,62.49431753524892,965.1275538318124,29.0,46G9,0
20.10208333333333,58.82291666666666,170.0,68.88348781746787,971.7179799872904,29.0,46H0,0
20.260416666666657,58.82291666666666,177.0,75.03662910524908,977.7262072187824,29.0,46H0,0
20.41874999999999,58.82291666666666,194.0,81.62978461348108,984.2287277638808,29.0,46H0,0
20.57708333333332,58.82291666666666,169.0,82.12805283797185,990.9034487113636,29.0,46H0,0
20.73541666666665,58.82291666666666,130.0,74.48767418167037,996.9050697301268,29.0,46H0,0
20.89375000000001,58.82291666666666,87.0,66.29852160294323,1004.0833404305748,29.0,46H0,0
21.052083333333343,58.82291666666666,92.0,57.80134292620782,1011.1776406745686,29.0,46H1,0
21.210416666666674,58.82291666666666,50.0,49.400197041917046,1018.287901153206,29.0,46H1,0
21.36875000000001,58.82291666666666,48.0,40.17609277315289,1026.608173080563,29.0,46H1,0
21.527083333333337,58.82291666666666,55.0,32.05414838202214,1032.6104707920647,29.0,46H1,0
21.68541666666667,58.82291666666666,53.0,23.45349668121636,1039.7887277638808,29.0,46H1,0
21.84375,58.82291666666666,43.0,16.65519172902452,1045.7979799872903,29.0,46H1,0
22.00208333333333,58.82291666666666,23.0,11.265723859475964,1051.8062072187822,29.0,46H2,0
22.160416666666663,58.82291666666666,20.0,6.558673538107559,1059.0191394289704,29.0,46H2,3
22.318749999999994,58.82291666666666,6.0,6.558673538107345,1065.6498774497377,29.0,46H2,3
22.95208333333332,58.82291666666666,2.0,0.9268861880942844,1095.3487277638808,29.0,46H2,3
23.11041666666665,58.82291666666666,1.0,0.9596698660951948,1102.4864177898191,29.0,46H3,5
23.26875000000001,58.82291666666666,8.0,6.392411940307668,1111.01911274164,29.0,46H3,5
23.427083333333343,58.82291666666666,2.0,0.9268861880942844,1118.8757154624766,29.0,46H3,5
9.652083333333335,58.90625,5.0,0.9268861880928692,9.383889180965545,,46F9,5
9.810416666666669,58.90625,214.0,7.094486077014645,18.572455811069094,,46F9,5
9.96875,58.90625,87.0,6.558336435941799,28.139531445629565,,46F9,5
10.127083333333331,58.90625,167.0,10.124842387318628,36.735652502818034,,46G0,5
10.285416666666665,58.90625,146.0,14.187007805172874,46.61361813007763,,46G0,5
10.443749999999994,58.90625,162.0,17.610837573756026,55.229862173116,,46G0,5
10.602083333333326,58.90625,272.0,18.246920252004188,65.13361813007755,,46G0,5
10.760416666666655,58.90625,71.0,13.403062055573566,73.749862173116,,46G0,5
10.918749999999989,58.90625,20.0,4.786809993202532,82.6962567403129,,46G0,5
11.07708333333332,58.90625,167.0,1.91472410123495,92.26986217311592,,46G1,5
18.04374999999999,58.90625,36.0,2.940738170881449,912.9331435006995,27.0,46G8,3
18.36041666666665,58.90625,61.0,3.996870295288524,919.5916815842846,27.0,46G8,3
18.51875000000001,58.90625,77.0,6.764374349246767,923.8448976340236,27.0,46G8,3
18.677083333333343,58.90625,57.0,9.323706508540344,928.0864937533238,27.0,46G8,3
18.835416666666674,58.90625,81.0,17.507992663140747,933.3399555834696,27.0,46G8,0
18.99375000000001,58.90625,99.0,25.70274155882025,938.205856462384,27.0,46G8,0
19.152083333333337,58.90625,120.0,32.624700074834394,943.452910511082,29.0,46G9,0
19.31041666666667,58.90625,114.0,38.74725596001236,949.2107060418908,29.0,46G9,0
19.46875,58.90625,117.0,45.64204154892513,955.1856163989088,29.0,46G9,0
19.62708333333333,58.90625,131.0,53.8766274607669,960.8848976340236,29.0,46G9,0
19.785416666666663,58.90625,143.0,61.24782748953575,966.4165193107611,29.0,46G9,0
19.943749999999994,58.90625,161.0,65.29500334912622,971.7087935950668,29.0,46G9,0
20.10208333333333,58.90625,155.0,70.73962625030305,978.3676010353172,29.0,46H0,0
20.260416666666657,58.90625,167.0,76.32255900159981,984.9365193107612,29.0,46H0,0
20.41874999999999,58.90625,176.0,82.4165335509615,990.8918344910928,29.0,46H0,0
20.57708333333332,58.90625,182.0,84.2615839275105,997.562399139908,29.0,46H0,0
20.73541666666665,58.90625,154.0,75.65413433840473,1004.0783631899365,29.0,46H0,0
20.89375000000001,58.90625,122.0,66.09178722114225,1010.745616398909,29.0,46H0,0
21.052083333333343,58.90625,136.0,56.53184292403349,1017.4170083992452,29.0,46H1,0
21.210416666666674,58.90625,71.0,47.93119875834466,1023.9314824843362,29.0,46H1,0
21.36875000000001,58.90625,81.0,38.38132677198924,1031.4879398410894,29.0,46H1,0
21.527083333333337,58.90625,50.0,29.7974386804588,1039.034724101235,29.0,46H1,0
21.68541666666667,58.90625,69.0,20.288759321662813,1046.451834491093,29.0,46H1,0
21.84375,58.90625,11.0,11.816028591077286,1052.447601035318,29.0,46H1,0
22.00208333333333,58.90625,18.0,3.996870295288524,1059.0165193107612,29.0,46H2,3
23.11041666666665,58.90625,4.0,3.0182753251020915,1108.6823991399085,29.0,46H3,3
23.26875000000001,58.90625,7.0,4.634430940460102,1115.8907060418908,29.0,46H3,3
9.810416666666669,58.98958333333334,29.0,0.9268861880928692,22.513387383681955,,46F9,5
10.127083333333331,58.98958333333334,51.0,2.939987185719497,38.950104434736936,,46G0,5
10.285416666666665,58.98958333333334,66.0,6.557999834644068,48.185390064055774,,46G0,5
10.443749999999994,58.98958333333334,94.0,8.341975692831578,56.50658957185353,,46G0,5
10.602083333333326,58.98958333333334,126.0,9.609474721647317,66.10764656394466,,46G0,5
10.760416666666655,58.98958333333334,28.0,9.312098006291924,74.29906807849947,,46G0,5
10.918749999999989,58.98958333333334,38.0,5.879749100533146,82.87512917803608,,46G0,5
11.07708333333332,58.98958333333334,61.0,0.9268861880928692,92.32478631757508,,46G1,5
17.727083333333326,58.98958333333334,23.0,0.9550522247880644,916.03832930217,27.0,46G7,3
18.04374999999999,58.98958333333334,14.0,0.9268861880928692,921.66924946839,27.0,46G8,3
18.20208333333332,58.98958333333334,32.0,0.9550522247880644,924.250706270722,27.0,46G8,3
18.36041666666665,58.98958333333334,37.0,0.9268861880942844,928.7806585642772,27.0,46G8,3
18.51875000000001,58.98958333333334,30.0,2.780658564275778,932.2569390458956,27.0,46G8,3
18.677083333333343,58.98958333333334,44.0,7.2428311805369425,936.4292892794364,27.0,46G8,3
18.835416666666674,58.98958333333334,72.0,13.48775010274885,941.0652168456896,27.0,46G8,0
18.99375000000001,58.98958333333334,65.0,19.311123202971554,945.8509633537464,27.0,46G8,0
19.152083333333337,58.98958333333334,119.0,26.228526108699945,951.2685869910956,29.0,46G9,0
19.31041666666667,58.98958333333334,105.0,33.484702756830856,955.9530229005176,29.0,46G9,0
19.46875,58.98958333333334,117.0,41.25126301395022,961.8354434186638,29.0,46G9,0
19.62708333333333,58.98958333333334,97.0,49.073464813558296,968.9206498768727,29.0,46G9,0
19.785416666666663,58.98958333333334,104.0,52.95918539722456,973.940812524542,29.0,46G9,0
19.943749999999994,58.98958333333334,144.0,57.581062652089386,978.9110205558552,29.0,46G9,0
20.10208333333333,58.98958333333334,125.0,63.6745331410613,985.5533873836808,29.0,46H0,0
20.260416666666657,58.98958333333334,146.0,69.81046011745966,991.5482004092094,29.0,46H0,0
20.41874999999999,58.98958333333334,142.0,76.41017355317754,997.5424932939786,29.0,46H0,0
20.57708333333332,58.98958333333334,146.0,84.15423063873075,1004.7664650547986,29.0,46H0,0
20.73541666666665,58.98958333333334,182.0,75.78999156617981,1010.7323466098884,29.0,46H0,0
20.89375000000001,58.98958333333334,115.0,66.27193397623218,1017.3954434186636,29.0,46H0,0
21.052083333333343,58.98958333333334,146.0,56.76726515533706,1024.6074618836103,29.0,46H1,0
21.210416666666674,58.98958333333334,168.0,48.23111584431504,1030.5846351274988,29.0,46H1,0
21.36875000000001,58.98958333333334,152.0,38.78086635340588,1037.2485588436075,29.0,46H1,0
21.527083333333337,58.98958333333334,109.0,30.33362220592445,1043.9474556001376,29.0,46H1,0
21.68541666666667,58.98958333333334,67.0,21.095592785960136,1051.8704365863568,29.0,46H1,0
21.84375,58.98958333333334,92.0,13.1782042431824,1059.5714938592043,29.0,46H1,0
22.00208333333333,58.98958333333334,15.0,6.748586991095508,1065.6282004092104,29.0,46H2,3
22.160416666666663,58.98958333333334,14.0,5.642844753406892,1072.2818087758676,29.0,46H2,3
22.318749999999994,58.98958333333334,14.0,3.931493859205959,1079.4848479785985,29.0,46H2,3
22.95208333333332,58.98958333333334,3.0,0.9268861880942844,1114.1402123798046,29.0,46H2,3
23.11041666666665,58.98958333333334,14.0,2.0852230944598658,1116.2130691601217,29.0,46H3,3
23.427083333333343,58.98958333333334,4.0,0.9268861880928692,1128.5154434186638,29.0,46H3,3
23.585416666666674,58.98958333333334,-0.0,0.0,1136.0912149890676,29.0,46H3,3
10.631249999999994,59.07291666666666,77.0,5.791783523542429,69.1451101736431,,47G0,5
10.793749999999989,59.07291666666666,113.0,2.9392371699663262,78.31874383564711,,47G0,5
11.118750000000006,59.07291666666666,47.0,2.8582210543352717,97.4524696290843,,47G1,5
18.59375,59.07291666666666,10.0,2.084165420650996,942.266065088632,27.0,47G8,3
18.756249999999994,59.07291666666666,44.0,3.3705006090299845,947.178776329297,27.0,47G8,3
18.91874999999999,59.07291666666666,41.0,9.300493017519628,951.1681834474408,27.0,47G8,3
19.08125000000001,59.07291666666666,50.0,17.435020176948694,956.212656561294,29.0,47G9,0
19.24375000000001,59.07291666666666,88.0,26.42034115614896,961.6589754228396,29.0,47G9,0
19.40625,59.07291666666666,94.0,33.73961029505655,967.028413059362,29.0,47G9,0
19.568749999999994,59.07291666666666,96.0,39.37983012070842,973.6790807409498,29.0,47G9,0
19.73124999999999,59.07291666666666,87.0,43.01279085588252,979.6626966179566,29.0,47G9,0
19.89375000000001,59.07291666666666,88.0,48.51261894127111,984.9312850506076,29.0,47G9,0
20.05625000000001,59.07291666666666,100.0,55.1055347124939,990.3759211548492,29.0,47H0,0
20.21875,59.07291666666666,132.0,61.68591794279928,996.1914671147144,29.0,47H0,0
20.381249999999994,59.07291666666666,130.0,69.49713555075527,1003.4512850506068,29.0,47H0,0
20.54374999999999,59.07291666666666,118.0,77.6808051816913,1010.0573692509672,29.0,47H0,0
20.70625000000001,59.07291666666666,131.0,77.98349533258889,1016.7026966179576,29.0,47H0,0
20.86875000000001,59.07291666666666,130.0,68.66089107266862,1023.9182154455984,29.0,47H0,0
21.03125,59.07291666666666,132.0,60.33039439721673,1029.9052704924536,29.0,47H1,0
21.193749999999994,59.07291666666666,182.0,51.17574130831684,1036.5530456195968,29.0,47H1,0
21.35624999999999,59.07291666666666,164.0,42.195181695297855,1043.7681834474397,29.0,47H1,0
21.51875000000001,59.07291666666666,131.0,33.5289767387013,1050.4205062710191,29.0,47H1,0
21.68125000000001,59.07291666666666,151.0,26.25699661441117,1056.4413981843534,29.0,47H1,0
21.84375,59.07291666666666,119.0,19.3373561441654,1064.3274050749778,29.0,47H1,0
22.006249999999994,59.07291666666666,35.0,15.10415020856755,1072.2011027039832,29.0,47H2,0
22.16874999999999,59.07291666666666,34.0,14.86086968252308,1079.4782154455984,29.0,47H2,0
22.33125000000001,59.07291666666666,26.0,10.2254654308331,1086.1297107995797,29.0,47H2,0
22.49375000000001,59.07291666666666,18.0,5.11276263042091,1092.7853414739006,29.0,47H2,3
22.818749999999994,59.07291666666666,7.0,7.621921723974856,1110.0594459533888,29.0,47H2,3
22.98124999999999,59.07291666666666,12.0,9.751512811350809,1118.8219217239748,29.0,47H2,3
23.14375000000001,59.07291666666666,5.0,2.9394620724833165,1125.3836472396315,32.0,47H3,3
23.30625000000001,59.07291666666666,3.0,3.707544752370062,1130.4836957167004,32.0,47H3,3
10.46875,59.15625,19.0,1.9008529896272788,65.29319911567069,,47G0,5
10.631249999999994,59.15625,75.0,8.039964738030301,72.9192201444537,,47G0,5
10.793749999999989,59.15625,19.0,1.9008529896273696,81.69913450742976,,47G0,5
10.956250000000011,59.15625,21.0,0.9504265022230844,90.28226274872868,,47G0,5
18.59375,59.15625,76.0,1.9008529896271884,950.7705936732436,27.0,47G8,3
18.756249999999994,59.15625,4.0,1.327482023822151,954.9387114458104,27.0,47G8,3
18.91874999999999,59.15625,20.0,5.702558494628095,959.1076729220264,27.0,47G8,3
19.08125000000001,59.15625,39.0,13.301327330142776,963.9853550665216,29.0,47G9,0
19.24375000000001,59.15625,58.0,20.71651099381251,969.6798951970356,29.0,47G9,0
19.40625,59.15625,77.0,28.06338317363164,974.7258696301589,29.0,47G9,0
19.568749999999994,59.15625,82.0,30.8051959618477,980.3123326197648,29.0,47G9,0
19.73124999999999,59.15625,78.0,35.320837372359186,986.8715849489502,29.0,47G9,0
19.89375000000001,59.15625,81.0,41.82955667743365,992.811512043382,29.0,47G9,0
20.05625000000001,59.15625,100.0,49.307167442755706,997.8920810840176,29.0,47H0,0
20.21875,59.15625,100.0,56.549631975978215,1003.4486709623068,29.0,47H0,0
20.381249999999994,59.15625,112.0,64.96205868959065,1010.046543144528,29.0,47H0,0
20.54374999999999,59.15625,100.0,73.63149124426879,1016.6835920956272,29.0,47H0,0
20.70625000000001,59.15625,107.0,72.94252057885407,1023.9115849489503,29.0,47H0,0
20.86875000000001,59.15625,101.0,70.65349263629389,1030.5547910176329,29.0,47H0,0
21.03125,59.15625,126.0,63.32090427996626,1036.5322841043949,29.0,47H1,0
21.193749999999994,59.15625,134.0,54.69199704132205,1043.7598951970356,29.0,47H1,0
21.35624999999999,59.15625,127.0,46.41903267637403,1050.4039284773671,29.0,47H1,0
21.51875000000001,59.15625,121.0,38.73084412908143,1057.7233200803266,29.0,47H1,0
21.68125000000001,59.15625,162.0,32.58277910291963,1063.6083709684476,29.0,47H1,0
21.84375,59.15625,146.0,27.09961481341282,1070.2532312579551,29.0,47H1,0
22.006249999999994,59.15625,46.0,24.26818926798167,1077.5615035637095,29.0,47H2,0
22.16874999999999,59.15625,21.0,23.394420299395648,1084.7391751683588,29.0,47H2,0
22.33125000000001,59.15625,21.0,16.93166331635884,1092.7621311200264,29.0,47H2,0
22.49375000000001,59.15625,78.0,9.357674630027146,1099.9973769094238,29.0,47H2,3
22.65625,59.15625,19.0,8.334547066821582,1106.6272657432892,29.0,47H2,3
22.818749999999994,59.15625,23.0,11.994349617461133,1113.855461184777,29.0,47H2,0
22.98124999999999,59.15625,13.0,15.96362734237066,1121.406120210216,29.0,47H2,0
23.14375000000001,59.15625,17.0,12.08706385245337,1130.1076493487471,32.0,47H3,0
23.30625000000001,59.15625,20.0,10.615259430993968,1138.054547066822,32.0,47H3,0
23.46875,59.15625,12.0,2.6547982812411024,1143.6672657432905,32.0,47H3,3
10.46875,59.23958333333334,2.0,0.948110622697149,71.50693839580534,,47G0,5
10.631249999999994,59.23958333333334,349.0,3.7924423426923215,78.05846904757615,,47G0,5
18.43125000000001,59.23958333333334,23.0,0.9268861880914544,956.5695204452044,27.0,47G8,3
18.756249999999994,59.23958333333334,7.0,0.9481106226972392,962.9197196104724,27.0,47G8,3
18.91874999999999,59.23958333333334,11.0,1.3258250586171578,967.2047397636476,27.0,47G8,3
19.08125000000001,59.23958333333334,34.0,8.58215055750376,971.8434264046646,29.0,47G9,3
19.24375000000001,59.23958333333334,43.0,15.40086977025716,977.0663472786634,29.0,47G9,0
19.40625,59.23958333333334,73.0,18.91981732102659,982.4890633803916,29.0,47G9,0
19.568749999999994,59.23958333333334,87.0,22.780968619627547,987.8074259948812,29.0,47G9,0
19.73124999999999,59.23958333333334,77.0,28.580515482089357,993.4998759251762,29.0,47G9,0
19.89375000000001,59.23958333333334,68.0,36.30112479267769,1000.1389280050398,29.0,47G9,0
20.05625000000001,59.23958333333334,68.0,44.69446102808754,1005.956153013204,29.0,47H0,0
20.21875,59.23958333333334,70.0,52.558438786279744,1010.6925612723588,29.0,47H0,0
20.381249999999994,59.23958333333334,77.0,61.49882165186025,1016.6644953971918,29.0,47H0,0
20.54374999999999,59.23958333333334,93.0,66.74036228030602,1023.9049565525004,29.0,47H0,0
20.70625000000001,59.23958333333334,76.0,63.897788286341736,1030.539875925176,29.0,47H0,0
20.86875000000001,59.23958333333334,92.0,61.689800721470846,1037.1789280050386,29.0,47H0,0
21.03125,59.23958333333334,104.0,59.92176969088957,1043.7516095678832,29.0,47H1,0
21.193749999999994,59.23958333333334,97.0,59.32817358057982,1050.3873558862745,29.0,47H1,0
21.35624999999999,59.23958333333334,103.0,51.96961864829961,1057.7222644122537,29.0,47H1,0
21.51875000000001,59.23958333333334,105.0,45.18837293718876,1064.2720922242029,29.0,47H1,0
21.68125000000001,59.23958333333334,111.0,39.91390700674196,1070.2350011152298,29.0,47H1,0
21.84375,59.23958333333334,118.0,35.590283597303774,1077.5260589376967,29.0,47H1,0
22.006249999999994,59.23958333333334,115.0,33.489972479755934,1084.115722198122,29.0,47H2,0
22.16874999999999,59.23958333333334,120.0,29.810892279221584,1090.082811571622,29.0,47H2,0
22.33125000000001,59.23958333333334,110.0,22.571830764418596,1097.9849565525003,29.0,47H2,0
22.49375000000001,59.23958333333334,77.0,17.631148367682812,1105.7857866975862,29.0,47H2,0
22.65625,59.23958333333334,66.0,17.111402156220983,1113.8521470935514,29.0,47H2,0
22.818749999999994,59.23958333333334,13.0,20.011248480075164,1120.485411968246,29.0,47H2,0
22.98124999999999,59.23958333333334,55.0,23.408155063665923,1126.4577958315713,29.0,47H2,0
23.14375000000001,59.23958333333334,59.0,14.382516919062525,1134.4237457452373,32.0,47H3,0
23.30625000000001,59.23958333333334,75.0,6.72976786570838,1142.8257866975862,32.0,47H3,3
23.46875,59.23958333333334,17.0,3.395680966174055,1150.8921470935516,32.0,47H3,3
23.631249999999994,59.23958333333334,5.0,0.9268861880956994,1157.954879604385,32.0,47H3,3
10.631249999999994,59.32291666666666,20.0,0.9457927375413766,84.67930792835165,,47G0,5
18.756249999999994,59.32291666666666,48.0,0.9457927375397522,971.8371870927564,27.0,47G8,3
18.91874999999999,59.32291666666666,36.0,1.3241686384943754,975.5304187417344,27.0,47G8,3
19.08125000000001,59.32291666666666,33.0,5.433120113909036,980.136764808418,29.0,47G9,3
19.24375000000001,59.32291666666666,43.0,8.078110522482957,984.9234490037114,29.0,47G9,3
19.40625,59.32291666666666,40.0,10.009449576373898,990.1829283909672,29.0,47G9,0
19.568749999999994,59.32291666666666,50.0,16.14956096427476,995.573654152757,29.0,47G9,0
19.73124999999999,59.32291666666666,67.0,23.62103119736093,1000.2482485154684,29.0,47G9,0
19.89375000000001,59.32291666666666,52.0,32.52158890176872,1007.3823444915269,29.0,47G9,0
20.05625000000001,59.32291666666666,55.0,41.66310372559545,1013.5384873691428,29.0,47H0,0
20.21875,59.32291666666666,60.0,49.98738146330549,1018.2072154266036,29.0,47H0,0
20.381249999999994,59.32291666666666,66.0,59.29552964527284,1023.898330320322,29.0,47H0,0
20.54374999999999,59.32291666666666,68.0,58.20228356044968,1030.5249656662415,29.0,47H0,0
20.70625000000001,59.32291666666666,74.0,54.92783151134026,1037.155732352796,29.0,47H0,0
20.86875000000001,59.32291666666666,72.0,52.83152664434278,1044.4223444915265,29.0,47H0,0
21.03125,59.32291666666666,83.0,50.76104531378124,1050.3707886577524,29.0,47H1,0
21.193749999999994,59.32291666666666,99.0,50.06067085905732,1057.7212098733726,29.0,47H1,0
21.35624999999999,59.32291666666666,84.0,50.978740345086585,1064.262928390967,29.0,47H1,0
21.51875000000001,59.32291666666666,140.0,51.67504004329095,1070.880362784869,29.0,47H1,0
21.68125000000001,59.32291666666666,89.0,47.92103264434862,1077.5234490037117,29.0,47H1,0
21.84375,59.32291666666666,97.0,44.39336474236083,1084.1049065203028,29.0,47H1,0
22.006249999999994,59.32291666666666,93.0,42.15269670881095,1090.7254067115762,29.0,47H2,0
22.16874999999999,59.32291666666666,99.0,35.81050761085327,1097.349528609714,29.0,47H2,0
22.33125000000001,59.32291666666666,117.0,30.06854068956893,1103.947846474831,29.0,47H2,0
22.49375000000001,59.32291666666666,107.0,26.570138617262742,1110.9438577070446,29.0,47H2,0
22.65625,59.32291666666666,104.0,26.228973928994325,1119.1484883748872,29.0,47H2,0
22.818749999999994,59.32291666666666,101.0,28.5062463337566,1127.1029302401848,29.0,47H2,0
22.98124999999999,59.32291666666666,114.0,22.876958574650555,1133.693499456066,29.0,47H2,0
23.14375000000001,59.32291666666666,86.0,13.534678301028736,1140.3193079283528,32.0,47H3,0
23.30625000000001,59.32291666666666,70.0,4.696271899365216,1147.206096274982,32.0,47H3,3
23.46875,59.32291666666666,49.0,4.669528609713978,1155.0208790681856,32.0,47H3,3
23.631249999999994,59.32291666666666,62.0,9.273815484445098,1163.4272930801226,32.0,47H3,3
23.79374999999999,59.32291666666666,32.0,4.162630458978925,1171.429528609713,32.0,47H3,3
23.95625000000001,59.32291666666666,2.0,0.9268861880956994,1179.4063058851125,32.0,47H3,3
10.631249999999994,59.40625,33.0,1.8537723761829088,92.39871618730436,,47G0,5
18.10624999999999,59.40625,5.0,0.9434728516554914,980.2739375926596,27.0,47G8,5
18.43125000000001,59.40625,27.0,0.9268861880914544,977.2013034779392,27.0,47G8,5
18.59375,59.40625,6.0,0.9268861880914544,980.1472943404056,27.0,47G8,3
18.756249999999994,59.40625,4.0,0.9268861880914544,980.1472943404056,27.0,47G8,3
19.08125000000001,59.40625,20.0,4.68879802287006,988.2824638980276,29.0,47G9,3
19.24375000000001,59.40625,10.0,2.9362469427705,992.7968589458736,29.0,47G9,3
19.40625,59.40625,20.0,3.773891258733866,997.8593520415455,29.0,47G9,3
19.568749999999994,59.40625,29.0,13.208613194402462,1003.4408411873349,29.0,47G9,0
19.73124999999999,59.40625,41.0,21.699845656141196,1008.1042517996552,29.0,47G9,0
19.89375000000001,59.40625,40.0,31.13451561017386,1013.9799325492824,29.0,47G9,0
20.05625000000001,59.40625,44.0,40.5691367619421,1021.2455221993006,29.0,47H0,0
20.21875,59.40625,48.0,49.06024184966744,1026.1075666587078,29.0,47H0,0
20.381249999999994,59.40625,50.0,54.43943780892708,1031.2915874098303,29.0,47H0,0
20.54374999999999,59.40625,49.0,49.92552892118286,1037.132544387965,29.0,47H0,0
20.70625000000001,59.40625,96.0,46.076341959350096,1044.4148345205222,29.0,47H0,0
20.86875000000001,59.40625,62.0,43.92568440602547,1051.0199325492813,29.0,47H0,0
21.03125,59.40625,94.0,41.64819877799299,1057.72015647434,29.0,47H1,0
21.193749999999994,59.40625,87.0,40.79378571813237,1064.2537693464346,29.0,47H1,0
21.35624999999999,59.40625,94.0,41.70987846416072,1070.8629373859271,29.0,47H1,0
21.51875000000001,59.40625,76.0,42.55603579059326,1078.1285315384084,29.0,47H1,0
21.68125000000001,59.40625,69.0,44.99913866777257,1084.094096219951,29.0,47H1,0
21.84375,59.40625,84.0,45.4561317912563,1090.706326228321,29.0,47H1,0
22.006249999999994,59.40625,77.0,44.73699010128275,1097.971706316722,29.0,47H2,0
22.16874999999999,59.40625,74.0,42.98742082088331,1103.935383546363,29.0,47H2,0
22.33125000000001,59.40625,73.0,38.34801178791083,1110.5500504360357,29.0,47H2,0
22.49375000000001,59.40625,88.0,35.67787402037254,1117.8150464939265,29.0,47H2,0
22.65625,59.40625,91.0,35.4251555205784,1124.4342269523947,29.0,47H2,0
22.818749999999994,59.40625,92.0,33.43123965799632,1132.3655221993006,29.0,47H2,0
22.98124999999999,59.40625,97.0,25.681698893510006,1139.3982236256188,29.0,47H2,0
23.14375000000001,59.40625,95.0,17.894583834984484,1146.927717434519,32.0,47H3,0
23.30625000000001,59.40625,107.0,12.628488698315072,1154.2181034112918,32.0,47H3,0
23.46875,59.40625,105.0,12.628488698315124,1160.1500603853956,32.0,47H3,0
23.631249999999994,59.40625,87.0,15.9893433785336,1167.6055947716206,32.0,47H3,0
23.79374999999999,59.40625,67.0,8.613769346435726,1176.4382236256174,32.0,47H3,3
23.95625000000001,59.40625,58.0,5.069609709533691,1184.6300504360354,32.0,47H3,3
24.11875000000001,59.40625,42.0,3.707544752370062,1192.4480643743352,32.0,47H4,3
27.85624999999999,59.40625,6.0,0.9268861880914544,1412.237363962503,32.0,47H7,3
10.46875,59.48958333333334,196.0,3.707544752370062,100.99501582268562,,47G0,5
10.631249999999994,59.48958333333334,14.0,0.9268861880942844,101.15216272163532,,47G0,5
18.756249999999994,59.48958333333334,-0.0,0.9268861880942844,989.9019756928344,27.0,47G8,3
19.08125000000001,59.48958333333334,18.0,5.94207624761895,996.570232970404,29.0,47G9,3
19.24375000000001,59.48958333333334,14.0,4.195440037716547,1000.9602604601624,29.0,47G9,3
19.40625,59.48958333333334,13.0,3.9620758274811614,1005.951673924146,29.0,47G9,3
19.568749999999994,59.48958333333334,47.0,12.54254327377321,1010.9371644552148,29.0,47G9,0
19.73124999999999,59.48958333333334,48.0,20.88357848144469,1015.8977206088036,29.0,47G9,0
19.89375000000001,59.48958333333334,54.0,30.23374055751607,1021.242211460721,29.0,47G9,0
20.05625000000001,59.48958333333334,49.0,39.61124017308102,1027.8506342790345,29.0,47H0,0
20.21875,59.48958333333334,63.0,42.05726023667447,1033.8055198087409,29.0,47H0,0
20.381249999999994,59.48958333333334,85.0,46.37842279261008,1039.1991042258,29.0,47H0,0
20.54374999999999,59.48958333333334,79.0,42.064638790092495,1044.6228996956224,29.0,47H0,0
20.70625000000001,59.48958333333334,52.0,37.42746570821742,1051.0041691013168,29.0,47H0,0
20.86875000000001,59.48958333333334,24.0,34.752389593476686,1057.7191042258,29.0,47H0,0
21.03125,59.48958333333334,68.0,32.623376637002714,1064.035879861984,29.0,47H1,0
21.193749999999994,59.48958333333334,83.0,31.52806272960668,1070.8455198087406,29.0,47H1,0
21.35624999999999,59.48958333333334,85.0,32.44101658323486,1077.518235515589,29.0,47H1,0
21.51875000000001,59.48958333333334,116.0,33.51933923333561,1084.732814663519,29.0,47H1,0
21.68125000000001,59.48958333333334,63.0,36.1970634828532,1090.6872541375594,29.0,47H1,0
21.84375,59.48958333333334,57.0,36.19706348285319,1097.3410774972583,29.0,47H1,0
22.006249999999994,59.48958333333334,58.0,35.53171278831868,1104.5751602277064,29.0,47H2,0
22.16874999999999,59.48958333333334,62.0,34.65283997433021,1110.529323524357,29.0,47H2,0
22.33125000000001,59.48958333333334,58.0,32.562593715203455,1117.192651608731,29.0,47H2,0
22.49375000000001,59.48958333333334,61.0,33.09753365122528,1124.41767093136,29.0,47H2,0
22.65625,59.48958333333334,72.0,35.31254639196021,1131.0410229996305,29.0,47H2,0
22.818749999999994,59.48958333333334,81.0,32.18972390055907,1138.1158798619842,29.0,47H2,0
22.98124999999999,59.48958333333334,82.0,31.105738311880817,1144.539418645937,29.0,47H2,0
23.14375000000001,59.48958333333334,92.0,25.0812299949005,1152.4371071768685,32.0,47H3,0
23.30625000000001,59.48958333333334,87.0,21.65008232722332,1160.8032709666832,32.0,47H3,0
23.46875,59.48958333333334,88.0,21.650082327223352,1166.7493643360106,32.0,47H3,0
23.631249999999994,59.48958333333334,89.0,21.81723266316756,1173.5175812951277,32.0,47H3,0
23.79374999999999,59.48958333333334,84.0,16.742352650828803,1180.8106903792543,32.0,47H3,0
23.95625000000001,59.48958333333334,84.0,12.079846092452918,1189.1574807608636,32.0,47H3,0
24.11875000000001,59.48958333333334,96.0,10.005948765285629,1197.831377222604,32.0,47H4,0
24.28125,59.48958333333334,51.0,5.058806995313615,1204.5847612714515,32.0,47H4,3
24.443749999999994,59.48958333333334,38.0,1.8537723761871536,1212.718078750262,32.0,47H4,3
24.60624999999999,59.48958333333334,33.0,3.825248699192208,1221.6421016397649,32.0,47H4,3
24.76875000000001,59.48958333333334,35.0,2.641549453823586,1230.841958255579,32.0,47H4,3
26.881249999999994,59.48958333333334,12.0,2.6422114607198117,1355.3370434815563,32.0,47H6,3
27.04374999999999,59.48958333333334,18.0,6.488203316647256,1364.331610785399,32.0,47H7,3
27.206249999999983,59.48958333333334,24.0,5.5613171285558005,1374.2446037320185,32.0,47H7,3
27.36875000000001,59.48958333333334,30.0,4.634430940464346,1383.6561068555336,32.0,47H7,3
27.53125,59.48958333333334,27.0,6.756179607739289,1392.7646037320171,32.0,47H7,3
27.693749999999994,59.48958333333334,27.0,8.341975692834408,1402.1761068555318,32.0,47H7,3
27.85624999999999,59.48958333333334,30.0,9.923291406264594,1412.2257545541895,32.0,47H7,3
28.018749999999983,59.48958333333334,13.0,2.6422114607198117,1420.696106855532,32.0,47H8,3
10.631249999999994,59.57291666666666,161.0,0.938827097332696,110.31111979564363,,48G0,5
18.91874999999999,59.57291666666666,16.0,1.3192028098022817,1000.7124466351672,27.0,48G8,3
19.08125000000001,59.57291666666666,15.0,0.9388270973310834,1005.0807899410836,29.0,48G9,3
19.24375000000001,59.57291666666666,35.0,4.156316295528182,1009.2299901922852,29.0,48G9,3
19.40625,59.57291666666666,15.0,7.074114556064005,1013.8101979180672,29.0,48G9,3
19.568749999999994,59.57291666666666,31.0,13.831514180794304,1018.7175383793032,29.0,48G9,0
19.73124999999999,59.57291666666666,56.0,21.666353007736397,1023.878465253617,29.0,48G9,0
19.89375000000001,59.57291666666666,26.0,29.71926075269057,1028.9923652943023,29.0,48G9,0
20.05625000000001,59.57291666666666,31.0,30.589193682360765,1034.4433266708595,29.0,48H0,0
20.21875,59.57291666666666,30.0,33.65174051298085,1040.4756320155425,29.0,48H0,0
20.381249999999994,59.57291666666666,50.0,37.57249669909073,1047.0324921887502,29.0,48H0,0
20.54374999999999,59.57291666666666,57.0,34.90174790895685,1052.119732067559,29.0,48H0,0
20.70625000000001,59.57291666666666,51.0,29.162036580031643,1057.7180531384076,29.0,48H0,0
20.86875000000001,59.57291666666666,46.0,25.647903839492766,1064.235465995402,29.0,48H0,0
21.03125,59.57291666666666,40.0,23.786980611127404,1070.1621412138077,29.0,48H1,0
21.193749999999994,59.57291666666666,28.0,22.26495285542748,1077.5156320155422,29.0,48H1,0
21.35624999999999,59.57291666666666,89.0,23.172154702313243,1084.072492188749,29.0,48H1,0
21.51875000000001,59.57291666666666,29.0,24.65561852325194,1090.668190630034,29.0,48H1,0
21.68125000000001,59.57291666666666,50.0,26.944730252390794,1097.336856371252,29.0,48H1,0
21.84375,59.57291666666666,60.0,26.94473025239078,1103.910476057587,29.0,48H1,0
22.006249999999994,59.57291666666666,23.0,26.371016561956047,1110.508605779234,29.0,48H2,0
22.16874999999999,59.57291666666666,52.0,26.17215649630044,1117.166384904257,29.0,48H2,0
22.33125000000001,59.57291666666666,57.0,23.34164037839154,1123.749167960585,29.0,48H2,0
22.49375000000001,59.57291666666666,47.0,24.080481674432427,1130.3673766411862,29.0,48H2,0
22.65625,59.57291666666666,40.0,27.35068930218561,1137.6386897263674,29.0,48H2,0
22.818749999999994,59.57291666666666,64.0,23.190160096220275,1144.2421412138065,29.0,48H2,0
22.98124999999999,59.57291666666666,72.0,22.323901736769088,1150.8789019043177,29.0,48H2,0
23.14375000000001,59.57291666666666,67.0,24.92023490793344,1157.8815458630745,32.0,48H3,0
23.30625000000001,59.57291666666666,70.0,28.05715039919356,1165.436757458307,32.0,48H3,0
23.46875,59.57291666666666,82.0,28.36724412909431,1172.691479397152,32.0,48H3,0
23.631249999999994,59.57291666666666,81.0,27.947804740606077,1179.9611207563842,32.0,48H3,0
23.79374999999999,59.57291666666666,74.0,24.80336240260368,1187.1576541798977,32.0,48H3,0
23.95625000000001,59.57291666666666,69.0,20.927684782330555,1194.109333534882,32.0,48H3,0
24.11875000000001,59.57291666666666,86.0,17.23309831768177,1201.6612200338866,32.0,48H4,0
24.28125,59.57291666666666,84.0,12.075320081083436,1209.2574110806256,32.0,48H4,0
24.443749999999994,59.57291666666666,38.0,2.8164812329316646,1217.7443652010088,32.0,48H4,3
24.60624999999999,59.57291666666666,11.0,3.7553082416653503,1225.6756320155423,32.0,48H4,3
24.93125000000001,59.57291666666666,76.0,3.9586009184429,1241.6538363271563,32.0,48H4,3
25.09375,59.57291666666666,56.0,2.780658564278608,1250.6347497152458,32.0,48H5,3
25.256249999999994,59.57291666666666,8.0,1.8776541798975768,1259.5371762259706,32.0,48H5,3
25.41874999999999,59.57291666666666,18.0,5.928829371563356,1267.8611686733395,32.0,48H5,3
26.393749999999983,59.57291666666666,13.0,2.6389019043175703,1326.3346652582673,32.0,48H6,3
26.55625000000001,59.57291666666666,19.0,3.3556320155422195,1336.2564812329315,32.0,48H6,3
26.71875,59.57291666666666,27.0,4.656856371251872,1344.7059209448491,32.0,48H6,3
26.881249999999994,59.57291666666666,38.0,9.912492188750132,1354.7764812329317,32.0,48H6,3
27.04374999999999,59.57291666666666,43.0,15.757065197568872,1364.1647468904162,32.0,48H7,0
27.206249999999983,59.57291666666666,44.0,14.83017900947742,1374.235308241667,32.0,48H7,0
27.36875000000001,59.57291666666666,37.0,13.903292821385964,1383.623572644024,32.0,48H7,0
27.53125,59.57291666666666,38.0,15.558161227104137,1392.7553082416653,32.0,48H7,0
27.693749999999994,59.57291666666666,37.0,17.610837573756026,1402.143572644022,32.0,48H7,0
27.85624999999999,59.57291666666666,26.0,12.55116154073328,1412.214135191335,32.0,48H7,0
28.018749999999983,59.57291666666666,9.0,4.694135191336194,1420.6635726440222,32.0,48H8,3
10.631249999999994,59.65625,1.0,0.9268861880914544,120.38886188092586,,48G0,5
18.756249999999994,59.65625,6.0,0.9268861880914544,1009.3961694712611,27.0,48G8,3
18.91874999999999,59.65625,11.0,0.9268861880914544,1009.5366723909964,27.0,48G8,3
19.08125000000001,59.65625,23.0,2.0900066615499986,1013.3791024442912,29.0,48G9,3
19.24375000000001,59.65625,29.0,2.958118922815322,1017.5342908469806,29.0,48G9,3
19.40625,59.65625,36.0,6.48820331664867,1021.9530307143126,29.0,48G9,3
19.568749999999994,59.65625,73.0,11.386291169215417,1026.6037972489155,29.0,48G9,0
19.73124999999999,59.65625,50.0,18.924980759930765,1031.2584688319778,29.0,48G9,0
19.89375000000001,59.65625,37.0,20.476866580091887,1036.6686747486106,29.0,48G9,0
20.05625000000001,59.65625,24.0,21.71718904892736,1042.119044503146,29.0,48H0,0
20.21875,59.65625,27.0,25.843556026117454,1047.0216986772557,29.0,48H0,0
20.381249999999994,59.65625,28.0,29.055985231128208,1053.6091358971105,29.0,48H0,0
20.54374999999999,59.65625,37.0,26.2199040294165,1060.2926382571554,29.0,48H0,0
20.70625000000001,59.65625,23.0,21.722266291114792,1065.2088785719357,29.0,48H0,0
20.86875000000001,59.65625,30.0,16.724978841443345,1070.8107088183374,29.0,48H0,0
21.03125,59.65625,44.0,15.4654353845761,1076.7955935626132,29.0,48H1,0
21.193749999999994,59.65625,36.0,13.010038882863988,1083.387469511065,29.0,48H1,0
21.35624999999999,59.65625,59.0,13.90329282138738,1090.2297660828822,29.0,48H1,0
21.51875000000001,59.65625,23.0,16.250429181543613,1097.3326382571563,29.0,48H1,0
21.68125000000001,59.65625,53.0,17.709691363791546,1103.226340158398,29.0,48H1,0
21.84375,59.65625,26.0,17.709691363791528,1110.314909699032,29.0,48H1,0
22.006249999999994,59.65625,54.0,17.325760757903097,1117.1605312235524,29.0,48H2,0
22.16874999999999,59.65625,33.0,17.097485071819115,1123.065375864677,29.0,48H2,0
22.33125000000001,59.65625,29.0,14.183280006160128,1130.3269582684306,29.0,48H2,0
22.49375000000001,59.65625,42.0,15.366066592710975,1136.9923304788508,29.0,48H2,0
22.65625,59.65625,32.0,19.93566552079228,1143.58710180893,29.0,48H2,0
22.818749999999994,59.65625,43.0,14.533143731921326,1150.8755935626134,29.0,48H2,0
22.98124999999999,59.65625,36.0,13.110417977374064,1156.826321875524,29.0,48H2,0
23.14375000000001,59.65625,51.0,17.153440818287997,1163.5533495669974,32.0,48H3,0
23.30625000000001,59.65625,33.0,18.910578615673547,1171.4126382571565,32.0,48H3,0
23.46875,59.65625,52.0,19.36655511210861,1177.9780317492878,32.0,48H3,0
23.631249999999994,59.65625,63.0,18.748367050122805,1185.4389382031366,32.0,48H3,0
23.79374999999999,59.65625,72.0,22.161429582511385,1193.188763962791,32.0,48H3,0
23.95625000000001,59.65625,69.0,28.364483089204832,1199.8580103137094,32.0,48H3,0
24.11875000000001,59.65625,56.0,22.249071546158834,1207.6594243715588,32.0,48H4,0
24.28125,59.65625,78.0,14.250721596180808,1214.2542001583977,32.0,48H4,0
24.443749999999994,59.65625,79.0,6.706840984949185,1221.7893803087234,32.0,48H4,3
24.60624999999999,59.65625,14.0,7.908763962791063,1230.3140034448409,32.0,48H4,3
24.76875000000001,59.65625,83.0,7.474110637120953,1238.8091358971114,32.0,48H4,3
24.93125000000001,59.65625,70.0,3.3665568427804105,1245.5063768435975,32.0,48H4,3
25.09375,59.65625,80.0,5.271848323876899,1253.8249634135957,32.0,48H5,3
25.256249999999994,59.65625,86.0,9.4566723909964,1262.7265568427804,32.0,48H5,3
25.41874999999999,59.65625,52.0,5.447409052201295,1270.6618088334842,32.0,48H5,3
25.581249999999983,59.65625,62.0,3.859424371558816,1279.7530024626906,32.0,48H5,3
25.74375000000001,59.65625,9.0,0.9268861880914544,1288.5539061567804,32.0,48H5,3
25.90625,59.65625,47.0,3.7075447523686473,1298.2730024626906,32.0,48H5,3
26.068749999999994,59.65625,42.0,4.15421622894538,1307.6380106448073,32.0,48H6,3
26.23124999999999,59.65625,55.0,8.341975692830164,1316.7930024626903,32.0,48H6,3
26.393749999999983,59.65625,18.0,10.614109252215489,1326.158010644807,32.0,48H6,0
26.55625000000001,59.65625,10.0,12.194687708706873,1336.2495036571495,32.0,48H6,0
26.71875,59.65625,38.0,12.620174463423377,1344.6780106448089,32.0,48H6,0
26.881249999999994,59.65625,33.0,16.78828980406037,1354.7695036571497,32.0,48H6,0
27.04374999999999,59.65625,59.0,18.28204768342104,1364.1345107326586,32.0,48H7,0
27.206249999999983,59.65625,45.0,20.39149613803464,1374.2260048073442,32.0,48H7,0
27.36875000000001,59.65625,38.0,22.42848246036406,1383.591010628698,32.0,48H7,0
27.53125,59.65625,42.0,24.36036444060197,1392.7460048073426,32.0,48H7,0
27.693749999999994,59.65625,25.0,17.251729303514978,1402.111010628696,32.0,48H7,0
27.85624999999999,59.65625,15.0,8.355853683600564,1412.2025058985168,32.0,48H7,3
28.018749999999983,59.65625,2.0,0.9268861880914544,1420.631010628696,32.0,48H8,3
19.08125000000001,59.73958333333334,8.0,0.9341733990409442,1022.4235373862078,29.0,48G9,3
19.24375000000001,59.73958333333334,30.0,2.631625201904511,1026.0889265796247,29.0,48G9,3
19.40625,59.73958333333334,5.0,1.316060595857941,1030.2385512364965,29.0,48G9,3
19.568749999999994,59.73958333333334,72.0,9.750142095345712,1034.813142816874,29.0,48G9,3
19.73124999999999,59.73958333333334,80.0,15.77982099453239,1039.195954489749,29.0,48G9,0
19.89375000000001,59.73958333333334,89.0,11.277999221195046,1044.3848380120562,29.0,48G9,0
20.05625000000001,59.73958333333334,88.0,13.393929710027368,1049.767445825451,29.0,48H0,0
20.21875,59.73958333333334,109.0,19.36910901883545,1054.4200129549536,29.0,48H0,0
20.381249999999994,59.73958333333334,213.0,21.180920881228943,1060.2884231989112,29.0,48H0,0
20.54374999999999,59.73958333333334,37.0,17.095450406951326,1066.845593900351,29.0,48H0,0
20.70625000000001,59.73958333333334,53.0,16.282279180822588,1072.9400129549535,29.0,48H0,0
20.86875000000001,59.73958333333334,40.0,8.57078876870863,1078.3121185251991,29.0,48H0,3
21.03125,59.73958333333334,16.0,6.75140054297664,1083.3758935755873,29.0,48H1,3
21.193749999999994,59.73958333333334,19.0,3.82330978603085,1089.9636265873903,29.0,48H1,3
21.35624999999999,59.73958333333334,31.0,4.634430940461517,1096.6286775770402,29.0,48H1,3
21.51875000000001,59.73958333333334,72.0,9.595669549373005,1103.305777886982,29.0,48H1,3
21.68125000000001,59.73958333333334,7.0,8.54818368204491,1109.8016678578183,29.0,48H1,3
21.84375,59.73958333333334,38.0,8.54818368204487,1116.4652338822414,29.0,48H1,3
22.006249999999994,59.73958333333334,26.0,8.761108814493282,1123.3603955157805,29.0,48H2,3
22.16874999999999,59.73958333333334,10.0,8.301721340361052,1129.6398739241918,29.0,48H2,3
22.33125000000001,59.73958333333334,26.0,5.415004893688502,1136.3019553437694,29.0,48H2,3
22.49375000000001,59.73958333333334,17.0,8.011613343848142,1143.498130343486,29.0,48H2,3
22.65625,59.73958333333334,34.0,12.516415601413437,1150.3159544897492,29.0,48H2,0
22.818749999999994,59.73958333333334,37.0,7.514289662220634,1156.8171829175928,29.0,48H2,3
22.98124999999999,59.73958333333334,38.0,4.151280110075491,1163.393315755871,29.0,48H2,3
23.14375000000001,59.73958333333334,15.0,8.341975692831578,1170.1104316390572,32.0,48H3,3
23.30625000000001,59.73958333333334,24.0,9.991989800745232,1176.6618040935064,32.0,48H3,3
23.46875,59.73958333333334,21.0,10.828200745803333,1183.357206671938,32.0,48H3,0
23.631249999999994,59.73958333333334,50.0,9.682269072243631,1191.1849646049031,32.0,48H3,3
23.79374999999999,59.73958333333334,45.0,15.2652157434275,1198.524607176221,32.0,48H3,0
23.95625000000001,59.73958333333334,57.0,19.362513978716706,1206.4322864682265,32.0,48H3,0
24.11875000000001,59.73958333333334,52.0,20.52823304130203,1213.0158935755874,32.0,48H4,0
24.28125,59.73958333333334,52.0,19.79043301754812,1219.6694789774954,32.0,48H4,0
24.443749999999994,59.73958333333334,73.0,15.29551423574009,1227.3463649675807,32.0,48H4,0
24.60624999999999,59.73958333333334,83.0,15.857992788328826,1234.8412618663954,32.0,48H4,0
24.76875000000001,59.73958333333334,80.0,15.803626587390312,1242.9258350595735,32.0,48H4,0
24.93125000000001,59.73958333333334,83.0,11.47129459509196,1250.444847315718,32.0,48H4,0
25.09375,59.73958333333334,81.0,12.45886896255107,1258.6385998437506,32.0,48H5,0
25.256249999999994,59.73958333333334,89.0,17.34486406238858,1266.4681183062226,32.0,48H5,0
25.41874999999999,59.73958333333334,88.0,11.638551236496644,1273.9695961041764,32.0,48H5,0
25.581249999999983,59.73958333333334,101.0,10.604045507119611,1282.6425153446448,32.0,48H5,0
25.74375000000001,59.73958333333334,71.0,8.549099840086278,1291.4800559881428,32.0,48H5,3
25.90625,59.73958333333334,77.0,12.617410798793635,1300.5720871579297,32.0,48H5,0
26.068749999999994,59.73958333333334,53.0,13.110683695264315,1309.405557878205,32.0,48H6,0
26.23124999999999,59.73958333333334,81.0,16.56350578142198,1317.7225201381468,32.0,48H6,0
26.393749999999983,59.73958333333334,76.0,18.791097339369305,1326.4738674763798,32.0,48H6,0
26.55625000000001,59.73958333333334,59.0,20.953921243321084,1336.2425201381488,32.0,48H6,0
26.71875,59.73958333333334,82.0,13.431258001509516,1344.6500765719468,32.0,48H6,0
26.881249999999994,59.73958333333334,64.0,7.646391880866958,1354.7625201381488,32.0,48H6,3
27.04374999999999,59.73958333333334,63.0,10.522530003642313,1364.1042488210212,32.0,48H7,0
27.206249999999983,59.73958333333334,51.0,11.122634257108771,1374.216693448731,32.0,48H7,0
27.36875000000001,59.73958333333334,58.0,14.51619058943379,1383.558420878437,32.0,48H7,0
27.53125,59.73958333333334,31.0,20.664512911658168,1392.7366934487293,32.0,48H7,0
27.693749999999994,59.73958333333334,21.0,17.452167649351882,1402.0784208784353,32.0,48H7,0
27.85624999999999,59.73958333333334,11.0,8.797673263292394,1412.1908667003374,32.0,48H7,3
28.018749999999983,59.73958333333334,-0.0,0.9341733990409442,1420.5984208784353,32.0,48H8,3
28.34375,59.73958333333334,7.0,4.762515344646564,1441.470710410544,32.0,48H8,5
19.08125000000001,59.82291666666666,28.0,0.93184358320802,1031.5764066332931,29.0,48G9,3
19.24375000000001,59.82291666666666,28.0,3.822968641472549,1034.382370823847,29.0,48G9,3
19.40625,59.82291666666666,62.0,10.238359221428578,1038.9737723761843,29.0,48G9,0
19.568749999999994,59.82291666666666,40.0,14.467564971457964,1042.9857301152938,29.0,48G9,0
19.73124999999999,59.82291666666666,65.0,11.33197675141822,1047.111989800745,29.0,48G9,0
19.89375000000001,59.82291666666666,44.0,2.628319647534335,1052.0918040859424,29.0,48G9,3
20.05625000000001,59.82291666666666,85.0,7.679969323384432,1057.7149069498191,29.0,48H0,3
20.21875,59.82291666666666,54.0,12.049520445203056,1062.3364478381773,29.0,48H0,0
20.381249999999994,59.82291666666666,58.0,14.994529104982806,1067.5405892681808,29.0,48H0,0
20.54374999999999,59.82291666666666,9.0,8.297533581835808,1073.406509622615,29.0,48H0,3
20.70625000000001,59.82291666666666,50.0,9.283369497361518,1080.1088353108655,29.0,48H0,3
20.86875000000001,59.82291666666666,26.0,4.751090038477489,1086.0605892681808,29.0,48H0,3
21.03125,59.82291666666666,13.0,3.347834816977151,1090.707600205668,29.0,48H1,3
21.193749999999994,59.82291666666666,13.0,5.638961217578813,1096.6237187582387,29.0,48H1,3
21.35624999999999,59.82291666666666,32.0,3.822968641472549,1103.199885454071,29.0,48H1,3
21.51875000000001,59.82291666666666,19.0,3.7273741855221,1109.780175441745,29.0,48H1,3
21.68125000000001,59.82291666666666,10.0,2.0816619701065475,1115.8442112405496,29.0,48H1,3
21.84375,59.82291666666666,9.0,1.8636871516861628,1123.0356137481667,29.0,48H1,3
22.006249999999994,59.82291666666666,7.0,2.08124458036654,1129.616727794597,29.0,48H2,3
22.16874999999999,59.82291666666666,-0.0,2.07469758595314,1135.676166041584,29.0,48H2,3
22.33125000000001,59.82291666666666,3.0,0.9268861880914544,1142.8715069339523,29.0,48H2,3
22.49375000000001,59.82291666666666,9.0,2.780658564277193,1149.554407721156,29.0,48H2,3
22.65625,59.82291666666666,6.0,7.998312946877103,1156.5691501830518,29.0,48H2,3
22.818749999999994,59.82291666666666,13.0,0.9268861880914544,1163.3759312166387,29.0,48H2,3
23.14375000000001,59.82291666666666,1.0,0.9268861880914544,1176.6401292132798,32.0,48H3,3
23.30625000000001,59.82291666666666,34.0,3.727374185522279,1183.211053523537,32.0,48H3,3
23.46875,59.82291666666666,5.0,2.0746975859525016,1189.22371875824,32.0,48H3,3
23.631249999999994,59.82291666666666,7.0,2.795530690701882,1196.4808554314418,32.0,48H3,3
23.79374999999999,59.82291666666666,16.0,8.297533581835808,1203.8991514148431,32.0,48H3,3
23.95625000000001,59.82291666666666,27.0,10.23812586717521,1211.6889237008604,32.0,48H3,0
24.11875000000001,59.82291666666666,53.0,12.098944359803284,1219.297244262607,32.0,48H4,0
24.28125,59.82291666666666,53.0,13.279654427146877,1225.6678348169771,32.0,48H4,0
24.443749999999994,59.82291666666666,57.0,12.192332611747212,1232.839885454071,32.0,48H4,0
24.60624999999999,59.82291666666666,57.0,16.42631994486246,1240.1994237129902,32.0,48H4,0
24.76875000000001,59.82291666666666,65.0,22.3196151128364,1247.933114045484,32.0,48H4,0
24.93125000000001,59.82291666666666,61.0,20.583271955439955,1254.8010082466094,32.0,48H4,0
25.09375,59.82291666666666,68.0,21.148167505961307,1263.2013423871658,32.0,48H5,0
25.256249999999994,59.82291666666666,76.0,23.984812881782137,1271.4709078295907,32.0,48H5,0
25.41874999999999,59.82291666666666,78.0,20.255742521565622,1278.5421414420573,32.0,48H5,0
25.581249999999983,59.82291666666666,81.0,18.785419334308585,1286.6618393135564,32.0,48H5,0
25.74375000000001,59.82291666666666,83.0,17.709642226052864,1294.9791712874244,32.0,48H5,0
25.90625,59.82291666666666,68.0,20.875231870131422,1303.4931140454842,32.0,48H5,0
26.068749999999994,59.82291666666666,73.0,22.0434368507006,1312.323398315447,32.0,48H6,0
26.23124999999999,59.82291666666666,74.0,24.5061306248511,1320.5880596064746,32.0,48H6,0
26.393749999999983,59.82291666666666,51.0,27.665409873620536,1329.3877542992102,32.0,48H6,0
26.55625000000001,59.82291666666666,72.0,19.593075981179098,1338.455539848203,32.0,48H6,0
26.71875,59.82291666666666,73.0,11.22186141507898,1346.417268964924,32.0,48H6,0
26.881249999999994,59.82291666666666,22.0,2.0816619701065475,1355.6873741855222,32.0,48H6,3
27.04374999999999,59.82291666666666,65.0,7.513073756171264,1364.3934318117952,32.0,48H7,3
27.206249999999983,59.82291666666666,23.0,1.8537723761857383,1374.2073741855238,32.0,48H7,3
27.36875000000001,59.82291666666666,54.0,8.832563573627974,1383.5258034621816,32.0,48H7,3
27.53125,59.82291666666666,34.0,16.995886881715084,1392.727374185522,32.0,48H7,0
27.693749999999994,59.82291666666666,22.0,19.116762528677388,1402.04580346218,32.0,48H7,0
27.85624999999999,59.82291666666666,23.0,12.110907829592117,1412.1792176214174,32.0,48H7,0
28.018749999999983,59.82291666666666,10.0,5.258621994171632,1420.56580346218,32.0,48H8,3
28.18125000000001,59.82291666666666,22.0,4.634430940461517,1430.6992176214187,32.0,48H8,5
28.34375,59.82291666666666,10.0,6.246237265204127,1440.0176454986022,32.0,48H8,5
28.66874999999999,59.82291666666666,9.0,1.3144077211556917,1458.5376454986022,32.0,48H8,5
28.831249999999983,59.82291666666666,8.0,3.3478348169772505,1468.6710609836573,32.0,48H8,5
18.91874999999999,59.90625,-0.0,0.9268861880914544,1042.5295873758596,27.0,48G8,3
19.08125000000001,59.90625,49.0,2.073860613727378,1041.8468410527405,29.0,48G9,3
19.24375000000001,59.90625,112.0,8.56315319513792,1042.984249312632,29.0,48G9,3
19.40625,59.90625,85.0,16.531705550974294,1047.1085113005695,29.0,48G9,0
19.568749999999994,59.90625,63.0,20.898996029376047,1051.2479893495472,29.0,48G9,0
19.73124999999999,59.90625,128.0,13.40328573680955,1055.1448938497992,29.0,48G9,0
19.89375000000001,59.90625,179.0,7.645028328777609,1060.280002426201,29.0,48G9,3
20.05625000000001,59.90625,17.0,8.794709760085622,1065.1918132033318,29.0,48H0,3
20.21875,59.90625,5.0,2.780658564278608,1069.805689670542,29.0,48H0,3
20.381249999999994,59.90625,6.0,6.220326879597483,1075.219817320832,29.0,48H0,3
20.54374999999999,59.90625,16.0,2.788535329595081,1080.725428569613,29.0,48H0,3
20.70625000000001,59.90625,38.0,5.577070261769629,1086.6528268828822,29.0,48H0,3
20.86875000000001,59.90625,17.0,0.9268861880928692,1093.2199335364471,29.0,48H0,3
21.03125,59.90625,13.0,1.8590235775949748,1098.622993200575,29.0,48H1,3
21.193749999999994,59.90625,10.0,2.7885353295934845,1103.8607380887454,29.0,48H1,3
21.35624999999999,59.90625,16.0,5.577070261769807,1109.758691442124,29.0,48H1,3
21.51875000000001,59.90625,28.0,3.7180470374355967,1116.4520127253645,29.0,48H1,3
21.84375,59.90625,10.0,0.9295117961579216,1128.9458306264642,29.0,48H1,3
22.006249999999994,59.90625,16.0,3.83138647748832,1136.2854285696133,29.0,48H2,3
22.16874999999999,59.90625,4.0,2.0736514919087776,1142.2128268828822,29.0,48H2,3
22.33125000000001,59.90625,8.0,1.8590235775949748,1148.784834038076,29.0,48H2,3
22.49375000000001,59.90625,2.0,1.3127555037378698,1156.223390412198,29.0,48H2,3
22.65625,59.90625,14.0,2.073651491908062,1162.6893869296596,29.0,48H2,3
22.818749999999994,59.90625,33.0,2.93887712222719,1169.6988771222257,29.0,48H2,3
22.98124999999999,59.90625,3.0,0.9268861880914544,1175.9527551741403,29.0,48H2,3
23.14375000000001,59.90625,10.0,0.9268861880914544,1182.523956832919,32.0,48H3,3
23.631249999999994,59.90625,9.0,0.9295117961579216,1202.3586914421253,32.0,48H3,3
23.79374999999999,59.90625,10.0,0.9295117961579216,1209.7429932005753,32.0,48H3,3
23.95625000000001,59.90625,8.0,1.3125903187832575,1217.0048331356638,32.0,48H3,3
24.11875000000001,59.90625,22.0,6.571460941522787,1224.9456761525007,32.0,48H4,3
24.28125,59.90625,26.0,6.229956238404253,1231.6101549726395,32.0,48H4,3
24.443749999999994,59.90625,27.0,3.344462361582109,1238.7520262686617,32.0,48H4,3
24.60624999999999,59.90625,23.0,9.184661110658173,1246.0920127253644,32.0,48H4,3
24.76875000000001,59.90625,48.0,17.069018771924227,1253.337313001221,32.0,48H4,0
24.93125000000001,59.90625,50.0,22.283727279497228,1259.9996973317418,32.0,48H4,0
25.09375,59.90625,57.0,21.498940454887872,1267.923153195138,32.0,48H5,0
25.256249999999994,59.90625,63.0,24.48764171155437,1275.621166810239,32.0,48H5,0
25.41874999999999,59.90625,39.0,28.74838548390713,1283.2973909734148,32.0,48H5,0
25.581249999999983,59.90625,63.0,27.66155669108545,1291.6047147468933,32.0,48H5,0
25.74375000000001,59.90625,36.0,26.94437499115898,1299.7452402753174,32.0,48H5,0
25.90625,59.90625,69.0,29.11765413690511,1307.631745348806,32.0,48H5,0
26.068749999999994,59.90625,75.0,31.09566819651956,1315.9497687070254,32.0,48H6,0
26.23124999999999,59.90625,67.0,33.14475228164522,1323.6860029820257,32.0,48H6,0
26.393749999999983,59.90625,42.0,30.60289185119733,1332.2913027711631,32.0,48H6,0
26.55625000000001,59.90625,67.0,22.04596287117583,1341.3816101456828,32.0,48H6,0
26.71875,59.90625,37.0,15.123207894591822,1349.328453312518,32.0,48H6,0
26.881249999999994,59.90625,53.0,10.364303405830633,1358.533077560514,32.0,48H6,0
27.04374999999999,59.90625,20.0,9.29015497264105,1367.294588384672,32.0,48H7,3
27.206249999999983,59.90625,65.0,4.726841052740484,1376.358417804402,32.0,48H7,3
27.36875000000001,59.90625,43.0,10.592593629532804,1385.1810157537582,32.0,48H7,0
27.53125,59.90625,47.0,17.95888228385172,1393.643957683818,32.0,48H7,0
27.693749999999994,59.90625,45.0,11.169561840380974,1402.3117182331594,32.0,48H7,0
27.85624999999999,59.90625,18.0,8.546152299753475,1412.1675586863994,32.0,48H7,3
28.018749999999983,59.90625,15.0,12.090160264099287,1420.533158448929,32.0,48H8,5
28.18125000000001,59.90625,30.0,13.273672013067529,1430.687558686401,32.0,48H8,5
28.34375,59.90625,18.0,11.180738088745338,1439.9826686995627,32.0,48H8,5
28.506249999999994,59.90625,18.0,6.749727482865828,1450.1370702617685,32.0,48H8,5
28.66874999999999,59.90625,25.0,9.192755174140355,1458.5026686995627,32.0,48H8,5
28.831249999999983,59.90625,21.0,9.295115532892344,1468.6570702617682,32.0,48H8,5
28.99375000000001,59.90625,-0.0,0.0,1477.952178729407,32.0,48H8,5
29.96875,59.90625,4.0,2.6256761525007097,1534.2086243538745,32.0,48H9,5
30.131249999999994,59.90625,4.0,3.9387619063521,1543.6665817488213,32.0,48J0,5
18.91874999999999,59.98958333333334,19.0,1.3111039600991894,1051.2998340763456,27.0,48G8,3
19.08125000000001,59.98958333333334,110.0,9.985037365155856,1051.054290656819,29.0,48G9,3
19.24375000000001,59.98958333333334,114.0,15.101188415482012,1051.5112482949778,29.0,48G9,0
19.40625,59.98958333333334,96.0,19.102261548799227,1055.3853127208956,29.0,48G9,0
19.568749999999994,59.98958333333334,174.0,15.775582315445126,1059.7858398044814,29.0,48G9,0
19.73124999999999,59.98958333333334,215.0,11.609898856596544,1063.5606102415738,29.0,48G9,0
19.89375000000001,59.98958333333334,71.0,3.8232350608823937,1068.080024106427,29.0,48G9,3
20.05625000000001,59.98958333333334,28.0,2.781534069624148,1072.8943608900895,29.0,48H0,3
20.70625000000001,59.98958333333334,17.0,5.934282927958884,1093.4629944163346,29.0,48H0,3
20.86875000000001,59.98958333333334,7.0,1.3109388434284928,1099.9223883366678,29.0,48H0,3
21.03125,59.98958333333334,12.0,2.0728937583182545,1105.7984632740286,29.0,48H1,3
21.193749999999994,59.98958333333334,8.0,2.781534069625564,1111.4616096547843,29.0,48H1,3
21.35624999999999,59.98958333333334,39.0,2.622372996999766,1117.1371550690371,29.0,48H1,3
21.51875000000001,59.98958333333334,8.0,4.728213720924195,1123.005875057563,29.0,48H1,3
21.68125000000001,59.98958333333334,18.0,0.9271780428185062,1128.9251618415897,29.0,48H1,3
21.84375,59.98958333333334,58.0,2.621712530317041,1135.6571550690371,29.0,48H1,3
22.006249999999994,59.98958333333334,32.0,4.993873280319204,1142.1987600681805,29.0,48H2,3
22.16874999999999,59.98958333333334,27.0,4.147040342273929,1148.510485281888,29.0,48H2,3
22.33125000000001,59.98958333333334,28.0,1.8543560709283735,1155.4823883366669,29.0,48H2,3
22.49375000000001,59.98958333333334,14.0,0.9271780428169136,1162.0297494974643,29.0,48H2,3
22.65625,59.98958333333334,6.0,0.9268861880914544,1170.467544752369,29.0,48H2,3
22.98124999999999,59.98958333333334,8.0,0.9268861880942844,1181.862545608519,29.0,48H2,3
23.95625000000001,59.98958333333334,8.0,0.9268861880914544,1222.8376134032935,32.0,48H3,3
24.28125,59.98958333333334,26.0,3.342081252496792,1236.8118684851318,32.0,48H4,3
24.60624999999999,59.98958333333334,10.0,5.2427642749779055,1252.0083203811291,32.0,48H4,3
24.76875000000001,59.98958333333334,58.0,11.609898856596544,1258.8576333870485,32.0,48H4,0
24.93125000000001,59.98958333333334,35.0,13.681238496133767,1265.917170169891,32.0,48H4,0
25.09375,59.98958333333334,70.0,12.365376595822974,1273.1510240919536,32.0,48H5,0
25.256249999999994,59.98958333333334,34.0,17.029311348463615,1281.2226480413708,32.0,48H5,0
25.41874999999999,59.98958333333334,44.0,19.48656334636587,1287.9132345311791,32.0,48H5,0
25.581249999999983,59.98958333333334,43.0,20.823018449600404,1295.7291615092186,32.0,48H5,0
25.74375000000001,59.98958333333334,23.0,23.465222121647017,1304.3241268683971,32.0,48H5,0
25.90625,59.98958333333334,52.0,23.33745798384108,1312.3633636801133,32.0,48H5,0
26.068749999999994,59.98958333333334,63.0,25.810199606003334,1320.3273811958538,32.0,48H6,0
26.23124999999999,59.98958333333334,60.0,28.597301158880292,1327.808202465142,32.0,48H6,0
26.393749999999983,59.98958333333334,67.0,32.51225312499664,1336.3722342974154,32.0,48H6,0
26.55625000000001,59.98958333333334,61.0,23.62385579783648,1344.6483711972144,32.0,48H6,0
26.71875,59.98958333333334,51.0,15.532973536333724,1352.2277633189249,32.0,48H6,0
26.881249999999994,59.98958333333334,56.0,7.058578073164733,1361.0950082918937,32.0,48H6,3
27.04374999999999,59.98958333333334,55.0,3.3418708252744023,1369.8797299928617,32.0,48H7,3
27.206249999999983,59.98958333333334,62.0,10.847109849824156,1378.876964404839,32.0,48H7,0
27.36875000000001,59.98958333333334,57.0,17.25436089008969,1387.810829889312,32.0,48H7,0
27.53125,59.98958333333334,46.0,15.76201472694725,1395.75136811152,32.0,48H7,5
27.693749999999994,59.98958333333334,42.0,6.49024547612995,1404.8534895538796,32.0,48H7,5
28.018749999999983,59.98958333333334,11.0,3.707544752370062,1421.9201306960033,32.0,48H8,5
28.18125000000001,59.98958333333334,27.0,9.981240260436094,1430.7682137209258,32.0,48H8,5
28.34375,59.98958333333334,7.0,2.621712530317041,1439.9802617011376,32.0,48H8,5
28.506249999999994,59.98958333333334,23.0,6.748225172059458,1450.1230677421595,32.0,48H8,5
28.66874999999999,59.98958333333334,25.0,14.946506993349937,1458.4676624063177,32.0,48H8,5
28.831249999999983,59.98958333333334,24.0,13.118463274028423,1468.6430677421597,32.0,48H8,5
28.99375000000001,59.98958333333334,27.0,5.245406141753405,1477.9148386842896,32.0,48H8,5
29.15625,59.98958333333334,9.0,0.9268861880942844,1488.09024547613,32.0,48H9,5
29.318749999999994,59.98958333333334,4.0,0.9268861880942844,1497.362014726947,32.0,48H9,5
29.48124999999999,59.98958333333334,8.0,2.780658564277193,1505.6830677421594,32.0,48H9,5
29.643749999999983,59.98958333333334,8.0,3.342081252498411,1514.9548386842882,32.0,48H9,5
29.80625000000001,59.98958333333334,3.0,0.9271780428185062,1524.20306774216,32.0,48H9,5
29.96875,59.98958333333334,4.0,2.072606614522657,1532.547662406318,32.0,48H9,5
18.99375000000001,60.07291666666666,118.0,9.11580328642847,1061.201317128553,29.0,49G8,3
19.160416666666663,60.07291666666666,151.0,14.637119592900795,1061.201317128553,29.0,49G9,0
19.32708333333332,60.07291666666666,175.0,12.084844470523596,1061.855940452287,29.0,49G9,0
19.49375000000001,60.07291666666666,222.0,8.790281510341961,1066.0009431470207,29.0,49G9,3
19.660416666666663,60.07291666666666,128.0,6.204894418846354,1070.146779222045,29.0,49G9,3
19.82708333333332,60.07291666666666,9.0,2.780658564277193,1074.2934482194653,29.0,49G9,3
20.660416666666663,60.07291666666666,24.0,3.336252618542638,1100.3227612501548,29.0,49H0,3
20.82708333333332,60.07291666666666,9.0,0.924842328126605,1105.1137570406172,29.0,49H0,3
20.99375000000001,60.07291666666666,57.0,6.7471598005616205,1111.0273446422812,29.0,49H0,3
21.160416666666663,60.07291666666666,27.0,8.736340871964908,1117.7489152052228,29.0,49H1,3
21.49375000000001,60.07291666666666,21.0,2.0687162264274086,1128.9045034789492,29.0,49H1,3
21.660416666666663,60.07291666666666,9.0,0.9268861880942844,1134.9588023095052,29.0,49H1,3
21.82708333333332,60.07291666666666,20.0,2.619071220492306,1141.5110148678386,29.0,49H1,5
21.99375000000001,60.07291666666666,4.0,2.0715629644860147,1148.1121885160665,29.0,49H1,5
22.160416666666663,60.07291666666666,22.0,4.9808630410377415,1154.7889152052228,29.0,49H2,5
22.32708333333332,60.07291666666666,18.0,2.774526925604496,1161.5966597172644,29.0,49H2,3
22.82708333333332,60.07291666666666,9.0,1.3092880600617889,1182.5023705252124,29.0,49H2,3
24.32708333333332,60.07291666666666,4.0,0.9268861880942844,1244.768854301332,32.0,49H4,3
24.660416666666663,60.07291666666666,9.0,0.9268861880942844,1259.9416995002748,32.0,49H4,3
24.82708333333332,60.07291666666666,19.0,4.626772120454625,1267.219192948697,32.0,49H4,3
24.99375000000001,60.07291666666666,41.0,3.927368880792547,1274.2920960575937,32.0,49H4,3
25.160416666666663,60.07291666666666,42.0,7.0435512511797445,1281.8088543013332,32.0,49H5,3
25.32708333333332,60.07291666666666,33.0,10.844379389627308,1289.184039815136,32.0,49H5,0
25.49375000000001,60.07291666666666,33.0,10.56550411268183,1296.951951068137,32.0,49H5,0
25.660416666666663,60.07291666666666,12.0,14.496556287493036,1304.938330967845,32.0,49H5,0
25.82708333333332,60.07291666666666,43.0,13.903292821385964,1312.601106039094,32.0,49H5,0
25.99375000000001,60.07291666666666,42.0,15.531614806893076,1321.1286547597424,32.0,49H5,0
26.160416666666663,60.07291666666666,34.0,18.636549082177616,1329.3903425881915,32.0,49H6,0
26.32708333333332,60.07291666666666,64.0,24.20173565840398,1337.3688543013322,32.0,49H6,0
26.49375000000001,60.07291666666666,58.0,25.03311737592273,1345.4733466722794,32.0,49H6,0
26.660416666666663,60.07291666666666,51.0,15.827271117120592,1354.0291340420736,32.0,49H6,0
26.82708333333332,60.07291666666666,36.0,6.732504358293373,1362.3098442998355,32.0,49H6,3
27.160416666666663,60.07291666666666,54.0,8.734323659958626,1380.3255520109713,32.0,49H7,3
27.32708333333332,60.07291666666666,57.0,17.290330251623384,1387.877529603635,32.0,49H7,5
27.49375000000001,60.07291666666666,50.0,18.44372526852361,1396.6292494510524,32.0,49H7,5
27.660416666666663,60.07291666666666,42.0,10.015749062185352,1405.400644414326,32.0,49H7,5
27.82708333333332,60.07291666666666,33.0,5.561317128552971,1414.5680600005255,32.0,49H7,5
27.99375000000001,60.07291666666666,15.0,5.637807904058309,1423.3385072119995,32.0,49H7,5
28.160416666666663,60.07291666666666,42.0,10.015749062185352,1432.5138954739934,32.0,49H8,5
28.32708333333332,60.07291666666666,16.0,4.990351185886519,1441.3021163123387,32.0,49H8,5
28.49375000000001,60.07291666666666,24.0,7.96506193621209,1450.411839464658,32.0,49H8,5
28.660416666666663,60.07291666666666,35.0,16.169384893790042,1459.194575775412,32.0,49H8,5
28.82708333333332,60.07291666666666,37.0,16.369305116105487,1468.6290534544523,32.0,49H8,5
28.99375000000001,60.07291666666666,31.0,12.07261710264151,1477.877467257692,32.0,49H8,5
29.160416666666663,60.07291666666666,29.0,9.676220566895068,1487.1490534544523,32.0,49H9,5
29.32708333333332,60.07291666666666,28.0,10.195748069017318,1496.3974672576906,32.0,49H9,5
29.49375000000001,60.07291666666666,19.0,9.531391918266358,1505.669053454454,32.0,49H9,5
29.660416666666663,60.07291666666666,13.0,4.725924656578152,1514.917467257692,32.0,49H9,5
29.82708333333332,60.07291666666666,8.0,5.561317128552971,1524.1890534544525,32.0,49H9,5
18.660416666666663,60.15625,28.0,2.615110955732294,1073.8901390424703,29.0,49G8,3
18.82708333333332,60.15625,17.0,1.3076379852901807,1070.5849680517715,29.0,49G8,3
18.99375000000001,60.15625,178.0,9.08890274492422,1070.470179009479,29.0,49G8,3
19.160416666666663,60.15625,248.0,8.752817004405225,1070.470179009479,29.0,49G9,3
19.32708333333332,60.15625,88.0,2.929578402314895,1070.7272262405606,29.0,49G9,3
19.49375000000001,60.15625,53.0,2.615110955732294,1074.284055355476,29.0,49G9,3
19.660416666666663,60.15625,8.0,1.8537723761829088,1078.7873952899708,29.0,49G9,3
20.160416666666663,60.15625,19.0,2.780658564277193,1092.0553664127654,29.0,49H0,3
20.32708333333332,60.15625,1.0,0.9225046570263644,1097.4054675473228,29.0,49H0,3
20.660416666666663,60.15625,18.0,0.9268861880914544,1108.5901625447982,29.0,49H0,3
20.82708333333332,60.15625,25.0,4.970015362535094,1113.2649552687103,29.0,49H0,5
20.99375000000001,60.15625,29.0,3.805102648168247,1118.2547504981146,29.0,49H0,5
21.160416666666663,60.15625,17.0,4.704156956332408,1124.285446929592,29.0,49H1,5
21.32708333333332,60.15625,5.0,0.9225046570263644,1131.5737723761872,29.0,49H1,5
22.160416666666663,60.15625,9.0,0.9268861880914544,1161.325446929592,29.0,49H2,5
24.82708333333332,60.15625,4.0,1.3076379852901807,1273.1130180403943,32.0,49H4,3
24.99375000000001,60.15625,12.0,1.30780296040637,1280.4957708561988,32.0,49H4,3
25.160416666666663,60.15625,14.0,1.8450092993721332,1287.1253237224314,32.0,49H5,3
25.32708333333332,60.15625,15.0,1.8537723761829088,1294.8489424097208,32.0,49H5,3
25.49375000000001,60.15625,17.0,2.615110955732294,1302.3196983174232,32.0,49H5,3
25.660416666666663,60.15625,23.0,5.858935813185602,1310.044534971507,32.0,49H5,3
25.82708333333332,60.15625,24.0,4.634430940460102,1317.8389369432548,32.0,49H5,3
25.99375000000001,60.15625,15.0,6.744983295712368,1325.697713620479,32.0,49H5,3
26.160416666666663,60.15625,6.0,11.125461512914702,1333.519619307813,32.0,49H6,0
26.32708333333332,60.15625,52.0,17.08532427617597,1342.158480914257,32.0,49H6,0
26.49375000000001,60.15625,30.0,20.41223604546924,1350.1095889310116,32.0,49H6,0
26.660416666666663,60.15625,15.0,17.361599824482727,1358.1561188497417,32.0,49H6,0
26.82708333333332,60.15625,34.0,9.831497711747955,1366.4234524951269,32.0,49H6,3
26.99375000000001,60.15625,39.0,6.745878828893707,1375.1015422926534,32.0,49H6,3
27.160416666666663,60.15625,56.0,12.576369657955492,1383.3439654175422,32.0,49H7,0
27.32708333333332,60.15625,53.0,13.933747832124284,1392.6900184812885,32.0,49H7,5
27.49375000000001,60.15625,57.0,17.201236813267695,1400.57832373724,32.0,49H7,5
27.660416666666663,60.15625,45.0,17.004289419964493,1409.365009299372,32.0,49H7,5
27.82708333333332,60.15625,44.0,14.830179009478831,1417.4665378158,32.0,49H7,5
27.99375000000001,60.15625,45.0,14.8589594057117,1425.9213922479978,32.0,49H7,5
28.160416666666663,60.15625,39.0,17.004289419964493,1434.798804471605,32.0,49H8,5
28.32708333333332,60.15625,26.0,14.02563901115718,1443.7933507100397,32.0,49H8,5
28.49375000000001,60.15625,36.0,14.489264632863993,1452.822326755538,32.0,49H8,5
28.660416666666663,60.15625,34.0,12.049520445200226,1461.582155969225,32.0,49H8,5
28.82708333333332,60.15625,35.0,10.76569651131219,1470.691111421533,32.0,49H8,5
28.99375000000001,60.15625,18.0,3.336694809812929,1479.7306815025847,32.0,49H8,5
29.160416666666663,60.15625,6.0,0.9268861880914544,1488.6330285102931,32.0,49H9,5
29.32708333333332,60.15625,14.0,0.9268861880914544,1497.5330476565211,32.0,49H9,5
29.49375000000001,60.15625,13.0,2.61511095573217,1506.839920397205,32.0,49H9,5
29.660416666666663,60.15625,11.0,2.929578402315393,1515.9156980562946,32.0,49H9,5
29.82708333333332,60.15625,2.0,0.9268861880914544,1525.1645234068242,32.0,49H9,5
18.660416666666663,60.23958333333334,15.0,2.0603570555412105,1082.70301613487,29.0,49G8,3
18.82708333333332,60.23958333333334,54.0,1.305988635796633,1080.6482033166487,29.0,49G8,3
18.99375000000001,60.23958333333334,240.0,9.98077512430032,1080.6482033166487,29.0,49G8,3
19.160416666666663,60.23958333333334,86.0,10.526245537651349,1080.6482033166487,29.0,49G9,0
19.32708333333332,60.23958333333334,14.0,3.7951192213856992,1080.6482033166487,29.0,49G9,3
19.49375000000001,60.23958333333334,-0.0,0.0,1082.888929320226,29.0,49G9,3
19.660416666666663,60.23958333333334,1.0,0.9201650344612988,1087.0179959775014,29.0,49G9,3
20.32708333333332,60.23958333333334,2.0,0.9201650344612988,1104.744733724984,29.0,49H0,3
20.49375000000001,60.23958333333334,24.0,0.9268861880956994,1109.8888167153227,29.0,49H0,5
20.660416666666663,60.23958333333334,36.0,1.3061535376362907,1115.1189551597622,29.0,49H0,5
20.82708333333332,60.23958333333334,3.0,0.9268861880914544,1121.1746432892028,29.0,49H0,5
20.99375000000001,60.23958333333334,13.0,0.9268861880914544,1125.828760004478,29.0,49H0,5
21.160416666666663,60.23958333333334,33.0,3.680659991156473,1131.0261535376353,29.0,49H1,5
21.49375000000001,60.23958333333334,25.0,0.9201650344612988,1144.1644342048094,29.0,49H1,5
21.660416666666663,60.23958333333334,16.0,1.3059886357977464,1149.5461535376353,29.0,49H1,5
21.82708333333332,60.23958333333334,17.0,2.780658564278608,1155.6748212400712,29.0,49H1,5
21.99375000000001,60.23958333333334,4.0,1.8403300542549903,1161.98265046321,29.0,49H1,5
22.49375000000001,60.23958333333334,1.0,0.9201650344612988,1181.3887600044782,29.0,49H2,5
22.82708333333332,60.23958333333334,1.0,0.9268861880956994,1201.028300589627,29.0,49H2,5
25.49375000000001,60.23958333333334,15.0,1.3059886357977464,1307.6657817729028,32.0,49H5,3
25.82708333333332,60.23958333333334,4.0,1.8403300542549903,1322.79162171211,32.0,49H5,3
25.99375000000001,60.23958333333334,10.0,1.3061535376351772,1330.6005370457328,32.0,49H5,3
26.160416666666663,60.23958333333334,21.0,4.6215221168430585,1338.4013334565705,32.0,49H6,3
26.32708333333332,60.23958333333334,24.0,8.276668195058347,1346.2555793997085,32.0,49H6,3
26.49375000000001,60.23958333333334,19.0,11.160515721331365,1354.8722824734973,32.0,49H6,0
26.660416666666663,60.23958333333334,8.0,11.747956495657023,1363.0823222934866,32.0,49H6,0
26.82708333333332,60.23958333333334,38.0,8.392456333227912,1370.6504984879818,32.0,49H6,3
26.99375000000001,60.23958333333334,16.0,9.91615115263573,1379.1826362764425,32.0,49H6,3
27.160416666666663,60.23958333333334,32.0,3.7075447523686473,1387.4163663718766,32.0,49H7,3
27.32708333333332,60.23958333333334,55.0,4.724783255947486,1396.0179904231395,32.0,49H7,5
27.49375000000001,60.23958333333334,31.0,11.126486974589051,1404.262504155751,32.0,49H7,5
27.660416666666663,60.23958333333334,38.0,19.859467288311244,1412.8973416561437,32.0,49H7,5
27.82708333333332,60.23958333333334,43.0,23.24465564336531,1421.560485624119,32.0,49H7,5
27.99375000000001,60.23958333333334,33.0,24.116717670602807,1430.161968166224,32.0,49H7,5
28.160416666666663,60.23958333333334,24.0,19.17453576661348,1438.4109150301026,32.0,49H8,5
28.32708333333332,60.23958333333334,26.0,12.412292234789836,1447.1724719374415,32.0,49H8,5
28.49375000000001,60.23958333333334,28.0,7.205588437731636,1455.3443033390422,32.0,49H8,5
28.660416666666663,60.23958333333334,23.0,2.780658564274362,1464.0889648577386,32.0,49H8,5
28.82708333333332,60.23958333333334,25.0,4.611830572934563,1473.2454443437323,32.0,49H8,5
18.49375000000001,60.32291666666666,13.0,0.9268861880942844,1095.2891744976716,29.0,49G8,3
18.660416666666663,60.32291666666666,15.0,2.780658564277193,1091.5505863712203,29.0,49G8,3
18.82708333333332,60.32291666666666,46.0,7.829500148704578,1089.9170651975703,29.0,49G8,3
18.99375000000001,60.32291666666666,154.0,13.105455497874177,1089.9170651975703,29.0,49G8,0
19.160416666666663,60.32291666666666,60.0,15.33225170767549,1089.9170651975703,29.0,49G9,0
19.32708333333332,60.32291666666666,8.0,9.115805442211052,1089.9170651975703,29.0,49G9,3
19.49375000000001,60.32291666666666,23.0,4.724555526863679,1091.1818008138448,29.0,49G9,3
19.660416666666663,60.32291666666666,9.0,2.0684394854088146,1095.6083283495666,29.0,49G9,3
19.82708333333332,60.32291666666666,3.0,0.9178234653822192,1099.7292498751508,29.0,49G9,3
20.32708333333332,60.32291666666666,11.0,1.8537723761871536,1113.053772376183,29.0,49H0,3
20.49375000000001,60.32291666666666,37.0,2.780658564278608,1117.7241717529496,29.0,49H0,5
20.660416666666663,60.32291666666666,11.0,2.068439485408115,1122.7915825312307,29.0,49H0,5
20.82708333333332,60.32291666666666,21.0,2.0565936881265525,1128.1714052052164,29.0,49H0,5
21.32708333333332,60.32291666666666,1.0,1.8356469161066875,1144.0786101765077,29.0,49H1,5
21.49375000000001,60.32291666666666,12.0,2.0561754708721622,1151.1456241819433,29.0,49H1,5
21.660416666666663,60.32291666666666,26.0,0.9268861880942844,1157.3749931338289,29.0,49H1,5
21.82708333333332,60.32291666666666,6.0,2.0561754708721622,1162.3567750669918,29.0,49H1,5
22.49375000000001,60.32291666666666,3.0,0.9178234653822192,1188.208328349567,29.0,49H2,5
22.99375000000001,60.32291666666666,5.0,0.9178234653804676,1211.7251627130056,29.0,49H2,5
26.160416666666663,60.32291666666666,33.0,1.8356469161066875,1343.4032869418463,32.0,49H6,3
26.32708333333332,60.32291666666666,11.0,1.3043400283139632,1351.14877877641,32.0,49H6,3
26.49375000000001,60.32291666666666,18.0,2.068439485408115,1359.160210880916,32.0,49H6,3
26.660416666666663,60.32291666666666,24.0,5.389793366229776,1367.190728879502,32.0,49H6,3
26.82708333333332,60.32291666666666,12.0,1.3045048551918754,1375.8473253258985,32.0,49H6,3
26.99375000000001,60.32291666666666,37.0,5.8559958040048095,1383.5854554978744,32.0,49H6,3
27.160416666666663,60.32291666666666,12.0,3.8195743120034686,1391.9056241819433,32.0,49H7,3
27.32708333333332,60.32291666666666,13.0,4.724555526863373,1400.1147799755508,32.0,49H7,5
27.49375000000001,60.32291666666666,36.0,10.340117499414651,1408.349230412463,32.0,49H7,5
27.660416666666663,60.32291666666666,17.0,13.65033045540304,1416.9962534055571,32.0,49H7,5
27.82708333333332,60.32291666666666,36.0,14.02348905583364,1425.22877877641,32.0,49H7,5
27.99375000000001,60.32291666666666,36.0,17.3771299700348,1433.8941018427952,32.0,49H7,5
28.160416666666663,60.32291666666666,24.0,15.138685053865226,1442.106613816879,32.0,49H8,5
28.32708333333332,60.32291666666666,29.0,6.636363112007321,1451.0520904278512,32.0,49H8,5
28.660416666666663,60.32291666666666,10.0,1.3045048551928615,1470.1292498751516,32.0,49H8,5
18.32708333333332,60.40625,21.0,3.661919672525877,1108.325145372908,29.0,49G8,3
18.49375000000001,60.40625,13.0,1.3026921796306763,1103.4577905451947,29.0,49G8,3
18.660416666666663,60.40625,14.0,3.3129352593227184,1100.318248046795,29.0,49G8,3
18.82708333333332,60.40625,21.0,10.735931401913325,1100.0950895047388,29.0,49G8,0
18.99375000000001,60.40625,47.0,19.588957470676057,1100.0950895047388,29.0,49G8,0
19.160416666666663,60.40625,52.0,21.79927973614282,1100.0950895047388,29.0,49G9,0
19.32708333333332,60.40625,31.0,15.19894193360832,1100.0950895047388,29.0,49G9,0
19.49375000000001,60.40625,29.0,7.819611449665205,1100.1515040381423,29.0,49G9,3
19.660416666666663,60.40625,18.0,2.052410935512394,1103.858768748319,29.0,49G9,3
19.99375000000001,60.40625,14.0,1.302856929872966,1112.1795368083192,29.0,49G9,3
20.160416666666663,60.40625,27.0,2.051992589860342,1117.055408838669,29.0,49H0,3
20.32708333333332,60.40625,8.0,0.9154799547377456,1120.7178476973947,29.0,49H0,3
20.49375000000001,60.40625,6.0,5.386206639135109,1125.6146029098484,29.0,49H0,3
20.660416666666663,60.40625,15.0,2.746439805644348,1130.6514293778432,29.0,49H0,3
20.82708333333332,60.40625,3.0,0.915479954739318,1136.2359313613683,29.0,49H0,3
20.99375000000001,60.40625,2.0,0.9268861880914544,1141.451638635409,29.0,49H0,5
21.160416666666663,60.40625,8.0,2.0524109355125497,1146.376340454722,29.0,49H1,5
21.32708333333332,60.40625,1.0,0.915479954739318,1151.5697224454736,29.0,49H1,5
21.49375000000001,60.40625,10.0,1.8309598948339243,1157.363456051107,29.0,49H1,5
21.660416666666663,60.40625,15.0,0.915479954739318,1163.924117187023,29.0,49H1,5
21.99375000000001,60.40625,13.0,0.915479954739318,1175.4765965488732,29.0,49H1,5
26.49375000000001,60.40625,7.0,0.9154799547377456,1363.9470348790835,32.0,49H6,3
26.660416666666663,60.40625,13.0,0.915479954739318,1371.7828569298729,32.0,49H6,3
26.82708333333332,60.40625,14.0,2.898295683114417,1379.6805033799917,32.0,49H6,3
26.99375000000001,60.40625,1.0,1.3026921796295718,1387.733730785607,32.0,49H6,3
27.160416666666663,60.40625,29.0,2.8982956831142515,1396.4064171314078,32.0,49H7,5
27.32708333333332,60.40625,19.0,4.577399480833972,1404.1989419336085,32.0,49H7,5
27.49375000000001,60.40625,5.0,3.32894884096671,1412.4596142621797,32.0,49H7,5
27.660416666666663,60.40625,37.0,6.201579455679299,1420.66477927008,32.0,49H7,5
27.82708333333332,60.40625,24.0,4.9825767469251465,1429.3541012053795,32.0,49H7,5
27.99375000000001,60.40625,23.0,9.779530534048474,1437.550625956159,32.0,49H7,5
28.160416666666663,60.40625,28.0,12.08413237624343,1446.3909598948342,32.0,49H8,5
28.32708333333332,60.40625,21.0,7.189457610646139,1454.4413987921323,32.0,49H8,5
18.160416666666663,60.48958333333334,14.0,1.8537723761871536,1121.1642915259545,29.0,49G8,3
18.32708333333332,60.48958333333334,39.0,2.7394034639551066,1116.1817158889864,29.0,49G8,3
18.49375000000001,60.48958333333334,16.0,1.826269000352144,1112.0143917721564,29.0,49G8,3
18.660416666666663,60.48958333333334,34.0,6.656904280508781,1109.464067187057,29.0,49G8,3
18.82708333333332,60.48958333333334,56.0,14.006702424187193,1109.363951385665,29.0,49G8,0
18.99375000000001,60.48958333333334,33.0,22.292976274144635,1109.363951385665,29.0,49G8,0
19.160416666666663,60.48958333333334,52.0,27.779361877528977,1109.363951385665,29.0,49G9,0
19.32708333333332,60.48958333333334,23.0,20.8390902651764,1109.363951385665,29.0,49G9,0
19.49375000000001,60.48958333333334,48.0,14.346364912604226,1109.389036573894,29.0,49G9,0
19.660416666666663,60.48958333333334,38.0,7.447268471308066,1112.1224825816623,29.0,49G9,3
19.82708333333332,60.48958333333334,33.0,7.447268471308066,1116.5844147146024,29.0,49G9,3
19.99375000000001,60.48958333333334,21.0,5.635898169446809,1120.8661993532814,29.0,49G9,3
20.160416666666663,60.48958333333334,35.0,3.327144633293017,1125.036912233144,29.0,49H0,3
20.32708333333332,60.48958333333334,15.0,6.200334477387635,1128.979734442521,29.0,49H0,3
20.49375000000001,60.48958333333334,9.0,5.384414714603159,1133.6241231935048,29.0,49H0,3
20.660416666666663,60.48958333333334,30.0,7.819035407197428,1138.4304395887862,29.0,49H0,3
20.82708333333332,60.48958333333334,12.0,1.826269000352144,1143.3649361912178,29.0,49H0,3
20.99375000000001,60.48958333333334,8.0,2.739403463954932,1148.418051618945,29.0,49H0,3
21.160416666666663,60.48958333333334,21.0,3.3071054541368925,1154.857707990154,29.0,49H1,5
21.82708333333332,60.48958333333334,-0.0,0.0,1177.236507047705,29.0,49H1,5
26.99375000000001,60.48958333333334,9.0,1.3010451066036934,1392.3082714238658,32.0,49H6,5
27.160416666666663,60.48958333333334,3.0,0.9268861880956994,1400.4880494468466,32.0,49H7,5
27.32708333333332,60.48958333333334,6.0,0.913134507491635,1408.8212097785222,32.0,49H7,5
27.49375000000001,60.48958333333334,6.0,0.9268861880914544,1416.959473991804,32.0,49H7,5
27.99375000000001,60.48958333333334,13.0,0.9268861880914544,1441.2071435145128,32.0,49H7,5
28.160416666666663,60.48958333333334,16.0,2.926642077446352,1449.9072883979231,32.0,49H8,5
28.32708333333332,60.48958333333334,20.0,7.173332505423238,1458.097531083799,32.0,49H8,5
28.49375000000001,60.48958333333334,3.0,0.9131345074900666,1466.7325378836676,32.0,49H8,5
28.660416666666663,60.48958333333334,-0.0,0.0,1475.2765252537802,32.0,49H8,5
17.660416666666663,60.57291666666666,10.0,2.0440416433540483,1150.284041643354,30.0,50G7,3
18.160416666666663,60.57291666666666,23.0,8.197082403485327,1128.6134875748935,30.0,50G8,3
18.32708333333332,60.57291666666666,38.0,5.896404714679873,1124.5029060108477,30.0,50G8,3
18.49375000000001,60.57291666666666,30.0,7.167958801732973,1121.1608505003303,30.0,50G8,3
18.660416666666663,60.57291666666666,56.0,12.825202977055692,1119.5419756928304,30.0,50G8,0
18.82708333333332,60.57291666666666,38.0,19.083742352425677,1119.5419756928304,30.0,50G8,0
18.99375000000001,60.57291666666666,73.0,26.81812169879912,1119.5419756928304,30.0,50G8,0
19.160416666666663,60.57291666666666,63.0,33.84202609248619,1119.5419756928304,30.0,50G9,0
19.32708333333332,60.57291666666666,45.0,26.984961148474905,1119.5419756928304,30.0,50G9,0
19.49375000000001,60.57291666666666,42.0,20.28757673699526,1119.5419756928304,30.0,50G9,0
19.660416666666663,60.57291666666666,30.0,16.174541201784894,1120.7065765501088,30.0,50G9,0
19.82708333333332,60.57291666666666,36.0,16.174541201784894,1124.8372377956975,30.0,50G9,0
19.99375000000001,60.57291666666666,27.0,14.087545481499175,1128.9699646851795,30.0,50G9,0
20.160416666666663,60.57291666666666,21.0,12.186886136235326,1133.5378890407003,30.0,50H0,0
20.32708333333332,60.57291666666666,43.0,14.083965165151984,1137.623464244829,30.0,50H0,0
20.49375000000001,60.57291666666666,21.0,14.170258014698923,1141.7414584868632,30.0,50H0,0
20.660416666666663,60.57291666666666,16.0,11.032768675384496,1146.250070700057,30.0,50H0,0
20.82708333333332,60.57291666666666,17.0,4.722966627979706,1151.5424415435043,30.0,50H0,3
20.99375000000001,60.57291666666666,3.0,3.899183872292356,1156.1692201381152,30.0,50H0,3
21.160416666666663,60.57291666666666,1.0,0.9107871286007272,1161.3295359708416,30.0,50H1,3
21.49375000000001,60.57291666666666,-0.0,0.0,1174.2309300796526,30.0,50H1,5
28.32708333333332,60.57291666666666,14.0,2.780658564278608,1461.7417539045875,32.0,50H8,5
28.49375000000001,60.57291666666666,10.0,2.5986330210103143,1470.0377738159727,32.0,50H8,5
17.493750000000006,60.65625,9.0,0.9268861880914544,1161.7239907077224,30.0,50G7,3
17.660416666666663,60.65625,21.0,2.5960002016779065,1153.9985737945008,30.0,50G7,3
17.82708333333332,60.65625,26.0,8.161930895184781,1146.6803844331448,30.0,50G7,3
17.993750000000006,60.65625,34.0,4.129205842922112,1141.5040987718096,30.0,50G7,3
18.160416666666663,60.65625,46.0,11.043905454629646,1137.1580668126246,30.0,50G8,0
18.32708333333332,60.65625,30.0,14.372088207255851,1133.0419965363865,30.0,50G8,0
18.49375000000001,60.65625,39.0,14.937406951843366,1129.639004630249,30.0,50G8,0
18.660416666666663,60.65625,45.0,20.134228801878223,1128.810837573756,30.0,50G8,0
18.82708333333332,60.65625,52.0,25.60604110996557,1128.810837573756,30.0,50G8,0
18.99375000000001,60.65625,86.0,31.950695572966534,1128.810837573756,30.0,50G8,0
19.160416666666663,60.65625,71.0,39.39557471025881,1128.810837573756,30.0,50G9,0
19.32708333333332,60.65625,70.0,33.24098252101831,1128.810837573756,30.0,50G9,0
19.49375000000001,60.65625,65.0,28.09228939305177,1128.810837573756,30.0,50G9,0
19.660416666666663,60.65625,38.0,25.29018269499012,1129.3899544455496,30.0,50G9,0
19.82708333333332,60.65625,48.0,25.29018269499012,1133.537329079959,30.0,50G9,0
19.99375000000001,60.65625,48.0,22.530070715585698,1137.6210287123545,30.0,50G9,0
20.160416666666663,60.65625,29.0,21.396123303271597,1141.7370089172612,30.0,50H0,0
20.32708333333332,60.65625,35.0,22.907327413283404,1145.857125804952,30.0,50H0,0
20.49375000000001,60.65625,43.0,19.644010595494866,1150.3044995258128,30.0,50H0,0
20.660416666666663,60.65625,36.0,11.021044088042856,1154.4341188955393,30.0,50H0,0
20.82708333333332,60.65625,7.0,4.722740392036781,1158.9962991143186,30.0,50H0,3
20.99375000000001,60.65625,7.0,7.47041519675182,1164.0896627420932,30.0,50H0,3
21.160416666666663,60.65625,17.0,3.894246969508943,1169.356000201678,30.0,50H1,3
21.32708333333332,60.65625,3.0,0.9084378230306728,1174.5499734693208,30.0,50H1,3
28.49375000000001,60.65625,1.0,0.9084378230322332,1474.767178438345,32.0,50H8,5
17.32708333333332,60.73958333333334,14.0,0.906086595754143,1174.1095781778247,30.0,50G7,3
17.493750000000006,60.73958333333334,43.0,2.7182597289134365,1166.530473177953,30.0,50G7,3
17.660416666666663,60.73958333333334,47.0,10.74915091979478,1159.9123728937225,30.0,50G7,0
17.82708333333332,60.73958333333334,48.0,14.87015630733366,1154.7230091709696,30.0,50G7,0
17.993750000000006,60.73958333333334,53.0,13.10278716117186,1150.0937723761858,30.0,50G7,0
18.160416666666663,60.73958333333334,55.0,16.94224076341177,1145.4059682596596,30.0,50G8,0
18.32708333333332,60.73958333333334,47.0,23.455699364637063,1141.419990845671,30.0,50G8,0
18.49375000000001,60.73958333333334,53.0,23.805381291175355,1138.988861880926,30.0,50G8,0
18.660416666666663,60.73958333333334,62.0,27.35846757077667,1138.988861880926,30.0,50G8,0
18.82708333333332,60.73958333333334,60.0,33.09890289023857,1138.988861880926,30.0,50G8,0
18.99375000000001,60.73958333333334,88.0,38.51241180993734,1138.988861880926,30.0,50G8,0
19.160416666666663,60.73958333333334,82.0,44.866429117574185,1138.988861880926,30.0,50G9,0
19.32708333333332,60.73958333333334,78.0,40.66399674309955,1138.988861880926,30.0,50G9,0
19.49375000000001,60.73958333333334,74.0,36.58676053786643,1138.988861880926,30.0,50G9,0
19.660416666666663,60.73958333333334,65.0,34.487598940152914,1138.988861880926,30.0,50G9,0
19.82708333333332,60.73958333333334,73.0,34.487598940152914,1141.7323587714131,30.0,50G9,0
19.99375000000001,60.73958333333334,59.0,31.44157694783624,1145.8464005489852,30.0,50G9,0
20.160416666666663,60.73958333333334,42.0,30.641337887640017,1150.303465816408,30.0,50H0,0
20.32708333333332,60.73958333333334,37.0,31.39016829869646,1154.431016977784,30.0,50H0,0
20.49375000000001,60.73958333333334,39.0,23.595928498237488,1158.5593938066943,30.0,50H0,0
20.660416666666663,60.73958333333334,52.0,17.118069426303652,1162.688595858512,30.0,50H0,0
20.82708333333332,60.73958333333334,10.0,10.140420381337384,1166.8964569380616,30.0,50H0,0
20.99375000000001,60.73958333333334,12.0,2.06346581640824,1171.9460787186836,30.0,50H0,3
21.160416666666663,60.73958333333334,17.0,4.634430940461517,1177.0793938066945,30.0,50H1,3
21.32708333333332,60.73958333333334,1.0,0.9268861880914544,1182.046817180622,30.0,50H1,3
17.32708333333332,60.82291666666666,21.0,1.8074668889151653,1179.71368142931,30.0,50G7,3
17.493750000000006,60.82291666666666,43.0,8.598790231052162,1173.234788891971,30.0,50G7,3
17.660416666666663,60.82291666666666,44.0,14.420125383294431,1167.224476952078,30.0,50G7,0
17.82708333333332,60.82291666666666,50.0,22.419909517414887,1162.2984086916615,30.0,50G7,0
17.993750000000006,60.82291666666666,47.0,22.319034888609472,1158.1905565874222,30.0,50G7,0
18.160416666666663,60.82291666666666,65.0,24.762802296889063,1154.0881013910896,30.0,50G8,0
18.32708333333332,60.82291666666666,54.0,29.87674588601351,1150.829422806094,30.0,50G8,0
18.49375000000001,60.82291666666666,52.0,32.89513321606715,1148.2577237618489,30.0,50G8,0
18.660416666666663,60.82291666666666,64.0,35.54444579781641,1148.2577237618489,30.0,50G8,0
18.82708333333332,60.82291666666666,63.0,40.11930551907235,1148.2577237618489,30.0,50G8,0
18.99375000000001,60.82291666666666,80.0,46.01507929220136,1148.2577237618489,30.0,50G8,0
19.160416666666663,60.82291666666666,95.0,51.43737557920114,1148.2577237618489,30.0,50G9,0
19.32708333333332,60.82291666666666,91.0,48.72351859894025,1148.2577237618489,30.0,50G9,0
19.49375000000001,60.82291666666666,83.0,45.38533617584656,1148.2577237618489,30.0,50G9,0
19.660416666666663,60.82291666666666,93.0,43.71520562482194,1148.2577237618489,30.0,50G9,0
19.82708333333332,60.82291666666666,80.0,43.08237631693533,1150.302433428594,30.0,50G9,0
19.99375000000001,60.82291666666666,75.0,40.51376261525174,1154.4279190183656,30.0,50G9,0
20.160416666666663,60.82291666666666,66.0,39.89752723044978,1158.5542292157647,30.0,50H0,0
20.32708333333332,60.82291666666666,50.0,36.42710550714139,1162.6813635778378,30.0,50H0,0
20.49375000000001,60.82291666666666,50.0,28.142425830133877,1166.8093216616696,30.0,50H0,0
20.660416666666663,60.82291666666666,55.0,19.17366639823965,1171.3539256891968,30.0,50H0,0
20.82708333333332,60.82291666666666,25.0,10.318895140760365,1175.445876115698,30.0,50H0,0
20.99375000000001,60.82291666666666,22.0,2.588765439636049,1179.8098359553865,30.0,50H0,3
21.160416666666663,60.82291666666666,6.0,0.9268861880928692,1184.62534857043,30.0,50H1,3
17.32708333333332,60.90625,26.0,2.780658564277193,1186.172018238798,30.0,50G7,3
17.493750000000006,60.90625,61.0,9.436314139109143,1180.021784645218,30.0,50G7,3
17.660416666666663,60.90625,45.0,18.24772278239541,1175.006845242411,30.0,50G7,0
17.82708333333332,60.90625,44.0,27.194421725620963,1170.8830107413112,30.0,50G7,0
17.993750000000006,60.90625,16.0,31.566108436063303,1166.402990323952,30.0,50G7,0
18.160416666666663,60.90625,59.0,33.33431664666277,1162.2887175339954,30.0,50G8,0
18.32708333333332,60.90625,43.0,37.280995795712194,1159.056208721247,30.0,50G8,0
18.49375000000001,60.90625,42.0,42.06313063834702,1158.435748069017,30.0,50G8,0
18.660416666666663,60.90625,73.0,44.1605344986116,1158.435748069017,30.0,50G8,0
18.82708333333332,60.90625,77.0,47.910361994028335,1158.435748069017,30.0,50G8,0
18.99375000000001,60.90625,89.0,52.96276686619535,1158.435748069017,30.0,50G8,0
19.160416666666663,60.90625,104.0,58.7403842418677,1158.435748069017,30.0,50G9,0
19.32708333333332,60.90625,111.0,57.15089517735931,1158.435748069017,30.0,50G9,0
19.49375000000001,60.90625,97.0,54.340498734920494,1158.435748069017,30.0,50G9,0
19.660416666666663,60.90625,93.0,52.95722337167062,1158.435748069017,30.0,50G9,0
19.82708333333332,60.90625,102.0,51.770146230346015,1158.7892484777958,30.0,50G9,0
19.99375000000001,60.90625,90.0,49.65864161738474,1162.67414057835,30.0,50G9,0
20.160416666666663,60.90625,80.0,46.46720659674616,1166.800032548341,30.0,50H0,0
20.32708333333332,60.90625,85.0,37.55485044167492,1171.3497580795345,30.0,50H0,0
20.49375000000001,60.90625,60.0,28.71092528257299,1175.4397516679137,30.0,50H0,0
20.660416666666663,60.90625,60.0,20.026392334760924,1179.5525556753948,30.0,50H0,0
20.82708333333332,60.90625,47.0,11.856939021445818,1183.6721380120928,30.0,50H0,0
20.99375000000001,60.90625,27.0,3.8794512832439856,1188.2032143454103,30.0,50H0,3
21.160416666666663,60.90625,18.0,2.586136665892597,1192.7043040005046,30.0,50H1,3
17.32708333333332,60.98958333333334,31.0,4.044937552943133,1193.030525575361,30.0,50G7,3
17.493750000000006,60.98958333333334,47.0,12.718811016056083,1187.8628522765898,30.0,50G7,0
17.660416666666663,60.98958333333334,51.0,21.6503299470812,1183.248738519792,30.0,50G7,0
17.82708333333332,60.98958333333334,50.0,29.5817901627771,1179.1253207462294,30.0,50G7,0
17.993750000000006,60.98958333333334,21.0,37.98382156671339,1175.00272477535,30.0,50G7,0
18.160416666666663,60.98958333333334,35.0,42.201663334519885,1170.8809510467347,30.0,50G8,0
18.32708333333332,60.98958333333334,14.0,45.37563649113163,1168.6137723761858,30.0,50G8,0
18.49375000000001,60.98958333333334,17.0,50.00424867489988,1167.7046099499432,30.0,50G8,0
18.660416666666663,60.98958333333334,38.0,52.99737057823489,1167.7046099499432,30.0,50G8,0
18.82708333333332,60.98958333333334,87.0,56.15220125454268,1167.7046099499432,30.0,50G8,0
18.99375000000001,60.98958333333334,92.0,60.50942671847981,1167.7046099499432,30.0,50G8,0
19.160416666666663,60.98958333333334,102.0,65.83069999148405,1167.7046099499432,30.0,50G9,0
19.32708333333332,60.98958333333334,119.0,65.8049488705342,1167.7046099499432,30.0,50G9,0
19.49375000000001,60.98958333333334,117.0,63.385915119599645,1167.7046099499432,30.0,50G9,0
19.660416666666663,60.98958333333334,114.0,62.20722943441871,1167.7046099499432,30.0,50G9,0
19.82708333333332,60.98958333333334,97.0,60.630257725482,1168.6137723761858,30.0,50G9,0
19.99375000000001,60.98958333333334,97.0,57.17593105100305,1171.34559419615,30.0,50G9,0
20.160416666666663,60.98958333333334,95.0,48.57834371589082,1175.4336339200695,30.0,50H0,0
20.32708333333332,60.98958333333334,86.0,40.16190293328504,1179.5444172659734,30.0,50H0,0
20.49375000000001,60.98958333333334,75.0,32.06803076142933,1183.661958276869,30.0,50H0,0
20.660416666666663,60.98958333333334,50.0,23.96259012935798,1188.2024882347432,30.0,50H0,0
20.82708333333332,60.98958333333334,43.0,16.800263732522556,1192.3073956860294,30.0,50H0,0
20.99375000000001,60.98958333333334,14.0,9.88923256790948,1196.4252923782274,30.0,50H0,3
21.160416666666663,60.98958333333334,19.0,0.8990214334376703,1200.5463362321163,30.0,50H1,3
21.32708333333332,60.98958333333334,2.0,0.8990214334361262,1208.295106876284,30.0,50H1,3
17.352083333333326,61.07291666666666,38.0,4.578700603872424,1199.575704220268,30.0,51G7,3
17.522916666666674,61.07291666666666,30.0,13.483595717307267,1195.2098151493135,30.0,51G7,0
17.693749999999994,61.07291666666666,56.0,22.180243899607174,1191.1237437215125,30.0,51G7,0
17.864583333333343,61.07291666666666,63.0,30.411584564910683,1187.1337723761828,30.0,51G7,0
18.035416666666663,61.07291666666666,64.0,39.82758484153102,1182.0195277027797,30.0,51G8,0
18.20625000000001,61.07291666666666,50.0,48.536848283348725,1178.7548548370603,30.0,51G8,0
18.37708333333333,61.07291666666666,43.0,54.90737443030864,1177.8826342571087,30.0,51G8,0
18.54791666666665,61.07291666666666,34.0,59.19512597609673,1177.8826342571087,30.0,51G8,0
18.71875,61.07291666666666,51.0,62.64961936216165,1177.8826342571087,30.0,51G8,0
18.88958333333332,61.07291666666666,62.0,66.07367246631632,1177.8826342571087,30.0,51G8,0
19.06041666666667,61.07291666666666,69.0,70.27187186718336,1177.8826342571087,30.0,51G9,0
19.23124999999999,61.07291666666666,81.0,75.32648896749691,1177.8826342571087,30.0,51G9,0
19.402083333333337,61.07291666666666,110.0,73.4154277488911,1177.8826342571087,30.0,51G9,0
19.572916666666657,61.07291666666666,124.0,71.83419750563958,1177.8826342571087,30.0,51G9,0
19.74375000000001,61.07291666666666,127.0,70.79344475892385,1177.8826342571087,30.0,51G9,0
19.91458333333333,61.07291666666666,108.0,64.4462784819565,1178.0267280584103,30.0,51G9,0
20.085416666666674,61.07291666666666,110.0,55.45843541707462,1182.0195277027797,30.0,51H0,0
20.256249999999994,61.07291666666666,105.0,47.34174036960513,1186.1401794761457,30.0,51H0,0
20.427083333333343,61.07291666666666,92.0,39.51967630682376,1190.6394313339283,30.0,51H0,0
20.597916666666663,61.07291666666666,76.0,32.31308545403633,1194.7529218017166,30.0,51H0,0
20.76875000000001,61.07291666666666,56.0,23.457088296651104,1199.3093675014134,30.0,51H0,0
20.93958333333333,61.07291666666666,47.0,15.617649892008403,1203.419597171849,30.0,51H0,0
21.11041666666665,61.07291666666666,27.0,9.940307136191477,1207.9188940575812,30.0,51H1,3
21.28125,61.07291666666666,12.0,1.7933251236845724,1212.0386097105406,30.0,51H1,3
17.181250000000006,61.15625,1.0,0.894301807980128,1213.2673364429752,30.0,51G7,3
17.352083333333326,61.15625,22.0,2.0142929266564686,1207.9168397953215,30.0,51G7,3
17.522916666666674,61.15625,31.0,10.770158698127204,1203.4079211052476,30.0,51G7,0
17.693749999999994,61.15625,40.0,19.693839889066343,1199.299708835018,30.0,51G7,0
17.864583333333343,61.15625,66.0,28.6288079473363,1195.202141602933,30.0,51G7,0
18.035416666666663,61.15625,73.0,38.46087771839517,1190.635878493137,30.0,51G8,0
18.20625000000001,61.15625,71.0,47.400439907270446,1188.0606585642788,30.0,51G8,0
18.37708333333333,61.15625,60.0,56.34059394055294,1188.0606585642788,30.0,51G8,0
18.54791666666665,61.15625,33.0,65.28105053791614,1188.0606585642788,30.0,51G8,0
18.71875,61.15625,57.0,71.60282293303351,1188.0606585642788,30.0,51G8,0
18.88958333333332,61.15625,61.0,74.60939198134952,1188.0606585642788,30.0,51G8,0
19.06041666666667,61.15625,68.0,78.34196141436654,1188.0606585642788,30.0,51G9,0
19.23124999999999,61.15625,88.0,82.89434767402624,1188.0606585642788,30.0,51G9,0
19.402083333333337,61.15625,73.0,82.44998877451779,1188.0606585642788,30.0,51G9,0
19.572916666666657,61.15625,96.0,81.04894148025194,1188.0606585642788,30.0,51G9,0
19.74375000000001,61.15625,121.0,76.42371950129707,1188.0606585642788,30.0,51G9,0
19.91458333333333,61.15625,110.0,68.30702486724103,1188.0606585642788,30.0,51G9,0
20.085416666666674,61.15625,117.0,59.63748844147141,1190.635878493137,30.0,51H0,0
20.256249999999994,61.15625,109.0,52.131043630624745,1194.7473364429752,30.0,51H0,0
20.427083333333343,61.15625,96.0,44.40410563935782,1198.863609093048,30.0,51H0,0
20.597916666666663,61.15625,74.0,36.44911225079692,1202.981909797708,30.0,51H0,0
20.76875000000001,61.15625,66.0,28.40331665791877,1207.9168397953208,30.0,51H0,0
20.93958333333333,61.15625,47.0,21.391558997482026,1212.0345000909335,30.0,51H0,0
21.11041666666665,61.15625,25.0,12.820442207328234,1216.1529804505924,30.0,51H1,0
21.28125,61.15625,10.0,4.52971674600554,1220.2722804380803,30.0,51H1,3
21.45208333333332,61.15625,1.0,0.894301807980128,1224.896288888935,30.0,51H1,3
17.352083333333326,61.23958333333334,39.0,4.459695485232009,1216.1468225995898,30.0,51G7,3
17.522916666666674,61.23958333333334,38.0,13.379079205674833,1212.0303959594853,30.0,51G7,0
17.693749999999994,61.23958333333334,61.0,21.34372261891952,1207.914788281434,30.0,51G7,0
17.864583333333343,61.23958333333334,59.0,29.76869597455486,1203.3962588787856,30.0,51G7,0
18.035416666666663,61.23958333333334,83.0,39.29457000990966,1199.439449113883,30.0,51G8,0
18.20625000000001,61.23958333333334,61.0,48.05827920611267,1197.3295204452031,30.0,51G8,0
18.37708333333333,61.23958333333334,52.0,56.87362306499272,1197.3295204452031,30.0,51G8,0
18.54791666666665,61.23958333333334,62.0,65.71978105692625,1197.3295204452031,30.0,51G8,0
18.71875,61.23958333333334,48.0,74.4684448105274,1197.3295204452031,30.0,51G8,0
18.88958333333332,61.23958333333334,59.0,83.30195133356239,1197.3295204452031,30.0,51G8,0
19.06041666666667,61.23958333333334,66.0,86.65224512544671,1197.3295204452031,30.0,51G9,0
19.23124999999999,61.23958333333334,72.0,90.7782269124999,1197.3295204452031,30.0,51G9,0
19.402083333333337,61.23958333333334,80.0,91.53141232039611,1197.3295204452031,30.0,51G9,0
19.572916666666657,61.23958333333334,79.0,88.42596139105687,1197.3295204452031,30.0,51G9,0
19.74375000000001,61.23958333333334,100.0,80.52078811564635,1197.3295204452031,30.0,51G9,0
19.91458333333333,61.23958333333334,94.0,72.86243364187283,1197.3295204452031,30.0,51G9,0
20.085416666666674,61.23958333333334,122.0,64.50620557641462,1198.8559859706752,30.0,51H0,0
20.256249999999994,61.23958333333334,120.0,56.55827359172154,1202.972236526664,30.0,51H0,0
20.427083333333343,61.23958333333334,117.0,48.959015884973766,1207.6134350304303,30.0,51H0,0
20.597916666666663,61.23958333333334,94.0,40.5520824865406,1211.6754398263836,30.0,51H0,0
20.76875000000001,61.23958333333334,74.0,30.85525233797924,1216.146822599589,30.0,51H0,0
20.93958333333333,61.23958333333334,54.0,22.133577071862767,1220.264067767214,30.0,51H0,0
21.11041666666665,61.23958333333334,33.0,13.659777037919484,1224.8930099600109,30.0,51H1,0
21.28125,61.23958333333334,18.0,5.254058738238833,1228.928885671044,30.0,51H1,3
17.352083333333326,61.32291666666666,24.0,6.498683674815004,1224.3762674561044,30.0,51G7,3
17.522916666666674,61.32291666666666,52.0,14.977676310596191,1220.255866124227,30.0,51G7,0
17.693749999999994,61.32291666666666,56.0,23.603707412947013,1216.1406730323804,30.0,51G7,0
17.864583333333343,61.32291666666666,48.0,32.14688773670172,1212.026297359159,30.0,51G7,0
18.035416666666663,61.32291666666666,66.0,39.28671283617024,1208.3689768355523,30.0,51G8,0
18.20625000000001,61.32291666666666,59.0,46.60610677785864,1207.50754475237,30.0,51G8,0
18.37708333333333,61.32291666666666,47.0,54.38727539487429,1207.50754475237,30.0,51G8,0
18.54791666666665,61.32291666666666,52.0,62.45782804533657,1207.50754475237,30.0,51G8,0
18.71875,61.32291666666666,64.0,70.71871542943742,1207.50754475237,30.0,51G8,0
18.88958333333332,61.32291666666666,67.0,79.95505356271495,1207.50754475237,30.0,51G8,0
19.06041666666667,61.32291666666666,63.0,88.44750615507863,1207.50754475237,30.0,51G9,0
19.23124999999999,61.32291666666666,76.0,97.0063831393526,1207.50754475237,30.0,51G9,0
19.402083333333337,61.32291666666666,81.0,100.59761456763552,1207.50754475237,30.0,51G9,0
19.572916666666657,61.32291666666666,82.0,92.88383746482246,1207.50754475237,30.0,51G9,0
19.74375000000001,61.32291666666666,100.0,85.3774660867706,1207.50754475237,30.0,51G9,0
19.91458333333333,61.32291666666666,121.0,77.41968201723802,1207.50754475237,30.0,51G9,0
20.085416666666674,61.32291666666666,126.0,67.97982706840166,1207.6128824669347,30.0,51H0,0
20.256249999999994,61.32291666666666,119.0,59.12292655632759,1211.5111630574834,30.0,51H0,0
20.427083333333343,61.32291666666666,109.0,50.28244801190306,1215.7516719570774,30.0,51H0,0
20.597916666666663,61.32291666666666,93.0,41.46897135026589,1219.8516626380294,30.0,51H0,0
20.76875000000001,61.32291666666666,79.0,31.832209831304613,1224.3762674561044,30.0,51H0,0
20.93958333333333,61.32291666666666,56.0,23.1863090179562,1228.489416189794,30.0,51H0,0
21.11041666666665,61.32291666666666,43.0,14.84857235672968,1233.0193400134183,30.0,51H1,0
21.28125,61.32291666666666,19.0,7.868746566766518,1237.126131713126,30.0,51H1,3
21.45208333333332,61.32291666666666,7.0,3.249976333506181,1241.2373750560769,30.0,51H1,3
17.181250000000006,61.40625,9.0,1.282983376750904,1237.1170297385695,30.0,51G7,3
17.352083333333326,61.40625,69.0,8.195158672884915,1232.5982660086006,30.0,51G7,3
17.522916666666674,61.40625,80.0,15.247118777269286,1228.4863468403496,30.0,51G7,0
17.693749999999994,61.40625,55.0,19.32755087928236,1224.3752446199835,30.0,51G7,0
17.864583333333343,61.40625,59.0,25.911156078759856,1220.247675595076,30.0,51G7,0
18.035416666666663,61.40625,61.0,34.35191285007655,1217.0475593500205,30.0,51G8,0
18.20625000000001,61.40625,63.0,42.509574883670034,1216.776406633296,30.0,51G8,0
18.37708333333333,61.40625,46.0,50.90008672013649,1216.776406633296,30.0,51G8,0
18.54791666666665,61.40625,44.0,59.42485516227842,1216.776406633296,30.0,51G8,0
18.71875,61.40625,48.0,68.0333856452896,1216.776406633296,30.0,51G8,0
18.88958333333332,61.40625,65.0,77.56617314107802,1216.776406633296,30.0,51G8,0
19.06041666666667,61.40625,78.0,86.27198450066376,1216.776406633296,30.0,51G9,0
19.23124999999999,61.40625,85.0,95.00477578137593,1216.776406633296,30.0,51G9,0
19.402083333333337,61.40625,77.0,103.0695371382504,1216.776406633296,30.0,51G9,0
19.572916666666657,61.40625,86.0,94.23294263622556,1216.776406633296,30.0,51G9,0
19.74375000000001,61.40625,92.0,85.40140120225969,1216.776406633296,30.0,51G9,0
19.91458333333333,61.40625,120.0,76.57672878132409,1216.776406633296,30.0,51G9,0
20.085416666666674,61.40625,130.0,66.8808510287511,1216.8068138636058,30.0,51H0,0
20.256249999999994,61.40625,122.0,58.0815486795325,1219.4166559522846,30.0,51H0,0
20.427083333333343,61.40625,123.0,49.30470731180044,1224.1737723761871,30.0,51H0,0
20.597916666666663,61.40625,98.0,40.56498471744855,1228.157965543796,30.0,51H0,0
20.76875000000001,61.40625,77.0,31.031709702706483,1232.5982660086006,30.0,51H0,0
20.93958333333333,61.40625,60.0,22.25160070961544,1236.7110016935635,30.0,51H0,0
21.11041666666665,61.40625,34.0,13.433088675119874,1241.1223446935935,30.0,51H1,0
21.28125,61.40625,4.0,4.806706426320681,1245.4048322669903,30.0,51H1,3
17.181250000000006,61.48958333333334,28.0,0.8848398954218394,1245.400691698722,30.0,51G7,3
17.352083333333326,61.48958333333334,38.0,5.631157235408236,1240.815350451412,30.0,51G7,3
17.522916666666674,61.48958333333334,58.0,6.590537525211861,1236.7038457664426,30.0,51G7,3
17.693749999999994,61.48958333333334,40.0,13.569748418701096,1232.5931560418014,30.0,51G7,0
17.864583333333343,61.48958333333334,63.0,21.935737842834666,1229.0456536938348,30.0,51G7,0
18.035416666666663,61.48958333333334,71.0,31.440169852682494,1226.9544309404644,30.0,51G8,0
18.20625000000001,61.48958333333334,66.0,40.17237977863364,1226.9544309404644,30.0,51G8,0
18.37708333333333,61.48958333333334,59.0,48.943663566854,1226.9544309404644,30.0,51G8,0
18.54791666666665,61.48958333333334,54.0,57.73617141293798,1226.9544309404644,30.0,51G8,0
18.71875,61.48958333333334,44.0,66.54144440598147,1226.9544309404644,30.0,51G8,0
18.88958333333332,61.48958333333334,49.0,75.97174005899299,1226.9544309404644,30.0,51G8,0
19.06041666666667,61.48958333333334,80.0,84.30986295560369,1226.9544309404644,30.0,51G9,0
19.23124999999999,61.48958333333334,87.0,92.73603375542882,1226.9544309404644,30.0,51G9,0
19.402083333333337,61.48958333333334,79.0,102.08043365129964,1226.9544309404644,30.0,51G9,0
19.572916666666657,61.48958333333334,75.0,93.83358231356038,1226.9544309404644,30.0,51G9,0
19.74375000000001,61.48958333333334,88.0,84.98545952480337,1226.9544309404644,30.0,51G9,0
19.91458333333333,61.48958333333334,109.0,76.13764130835897,1226.9544309404644,30.0,51G9,0
20.085416666666674,61.48958333333334,120.0,66.40562181881937,1226.9544309404644,30.0,51H0,0
20.256249999999994,61.48958333333334,122.0,57.55918828003473,1228.1565268152565,30.0,51H0,0
20.427083333333343,61.48958333333334,125.0,48.71410653438358,1231.9859114432145,30.0,51H0,0
20.597916666666663,61.48958333333334,101.0,39.87135325093817,1236.3011856066316,30.0,51H0,0
20.76875000000001,61.48958333333334,75.0,30.149560116230937,1240.815350451412,30.0,51H0,0
20.93958333333333,61.48958333333334,53.0,21.322545260288507,1244.9486504448978,30.0,51H0,0
21.11041666666665,61.48958333333334,33.0,12.5289682288573,1249.05811692381,30.0,51H1,0
21.28125,61.48958333333334,20.0,3.9962789384916015,1253.5757902051655,30.0,51H1,3
21.45208333333332,61.48958333333334,3.0,1.9975099341617244,1257.681141076995,30.0,51H1,3
17.181250000000006,61.57291666666666,10.0,0.9268861880956994,1253.5677204086828,30.0,52G7,3
17.352083333333326,61.57291666666666,39.0,2.0532031809704057,1249.0540351747643,30.0,52G7,3
17.522916666666674,61.57291666666666,61.0,4.494680072135302,1244.946610139407,30.0,52G7,3
17.693749999999994,61.57291666666666,45.0,12.668483597454122,1240.8061601255731,30.0,52G7,0
17.864583333333343,61.57291666666666,69.0,21.0291003585916,1237.7953574843057,30.0,52G7,0
18.035416666666663,61.57291666666666,67.0,30.258785155391774,1236.223292821386,30.0,52G8,0
18.20625000000001,61.57291666666666,74.0,38.807282787802016,1236.223292821386,30.0,52G8,0
18.37708333333333,61.57291666666666,55.0,47.0721728805537,1236.223292821386,30.0,52G8,0
18.54791666666665,61.57291666666666,59.0,55.391734033385966,1236.223292821386,30.0,52G8,0
18.71875,61.57291666666666,46.0,63.84103308113255,1236.223292821386,30.0,52G8,0
18.88958333333332,61.57291666666666,53.0,73.23145823165827,1236.223292821386,30.0,52G8,0
19.06041666666667,61.57291666666666,69.0,81.82733080293572,1236.223292821386,30.0,52G9,0
19.23124999999999,61.57291666666666,96.0,90.46287885430402,1236.223292821386,30.0,52G9,0
19.402083333333337,61.57291666666666,75.0,99.99547985103554,1236.223292821386,30.0,52G9,0
19.572916666666657,61.57291666666666,77.0,94.34747503837224,1236.223292821386,30.0,52G9,0
19.74375000000001,61.57291666666666,86.0,85.57727940423543,1236.223292821386,30.0,52G9,0
19.91458333333333,61.57291666666666,93.0,76.82252849548834,1236.223292821386,30.0,52G9,0
20.085416666666674,61.57291666666666,122.0,67.21742607597317,1236.223292821386,30.0,52H0,0
20.256249999999994,61.57291666666666,126.0,58.5189964488708,1236.9093387196865,30.0,52H0,0
20.427083333333343,61.57291666666666,118.0,49.86977486891948,1239.973669672259,30.0,52H0,0
20.597916666666663,61.57291666666666,102.0,41.30076267954768,1244.6512304824207,30.0,52H0,0
20.76875000000001,61.57291666666666,75.0,32.04445766002625,1249.0540351747638,30.0,52H0,0
20.93958333333333,61.57291666666666,48.0,23.95243277293945,1253.162274678274,30.0,52H0,0
21.11041666666665,61.57291666666666,45.0,16.331950808368013,1257.2713282221616,30.0,52H1,0
21.28125,61.57291666666666,28.0,8.95454503764063,1261.9199134927408,30.0,52H1,3
21.45208333333332,61.57291666666666,7.0,2.559259503425784,1265.9485033493795,30.0,52H1,3
21.62291666666667,61.57291666666666,1.0,0.8824697252903726,1271.0170083587084,30.0,52H1,3
17.352083333333326,61.65625,13.0,1.7601953623450843,1257.2631715503924,30.0,52G7,3
17.522916666666674,61.65625,56.0,1.7601953623450843,1253.1561588910515,30.0,52G7,3
17.693749999999994,61.65625,58.0,10.361850235732549,1249.590806708007,30.0,52G7,0
17.864583333333343,61.65625,60.0,18.275672497807737,1246.6736564346488,30.0,52G7,0
18.035416666666663,61.65625,69.0,27.396913824683743,1246.4013171285558,30.0,52G8,0
18.20625000000001,61.65625,74.0,35.93903286161123,1246.4013171285558,30.0,52G8,0
18.37708333333333,61.65625,56.0,44.578125263955314,1246.4013171285558,30.0,52G8,0
18.54791666666665,61.65625,59.0,53.266986323977775,1246.4013171285558,30.0,52G8,0
18.71875,61.65625,53.0,61.984645252317534,1246.4013171285558,30.0,52G8,0
18.88958333333332,61.65625,51.0,71.5947213691588,1246.4013171285558,30.0,52G8,0
19.06041666666667,61.65625,48.0,80.34354819735582,1246.4013171285558,30.0,52G9,0
19.23124999999999,61.65625,83.0,89.1005356488312,1246.4013171285558,30.0,52G9,0
19.402083333333337,61.65625,65.0,98.73999700251257,1246.4013171285558,30.0,52G9,0
19.572916666666657,61.65625,73.0,95.40979161034026,1246.4013171285558,30.0,52G9,0
19.74375000000001,61.65625,85.0,86.88081355972768,1246.4013171285558,30.0,52G9,0
19.91458333333333,61.65625,104.0,78.4055460774694,1246.4013171285558,30.0,52G9,0
20.085416666666674,61.65625,125.0,68.73050718434189,1246.4013171285558,30.0,52H0,0
20.256249999999994,61.65625,117.0,59.9346234654018,1246.4013171285558,30.0,52H0,0
20.427083333333343,61.65625,123.0,51.14148682455795,1248.7120856944234,30.0,52H0,0
20.597916666666663,61.65625,98.0,42.35288387252772,1252.48551472373,30.0,52H0,0
20.76875000000001,61.65625,73.0,32.69511857144938,1257.2631715503917,30.0,52H0,0
20.93958333333333,61.65625,55.0,23.93427390700653,1261.412184599591,30.0,52H0,0
21.11041666666665,61.65625,36.0,15.223798954375445,1265.517164217263,30.0,52H1,0
21.28125,61.65625,15.0,6.761418115281586,1269.622957371168,30.0,52H1,3
17.522916666666674,61.73958333333334,19.0,1.2766070247251238,1261.9133773014764,30.0,52G7,3
17.693749999999994,61.73958333333334,68.0,7.9547657019105245,1258.3392457804966,30.0,52G7,3
17.864583333333343,61.73958333333334,69.0,16.704726098850333,1255.7741601865876,30.0,52G7,0
18.035416666666663,61.73958333333334,69.0,26.351517002036253,1255.6701790094817,30.0,52G8,0
18.20625000000001,61.73958333333334,77.0,35.12577853088733,1255.6701790094817,30.0,52G8,0
18.37708333333333,61.73958333333334,72.0,43.9016116745772,1255.6701790094817,30.0,52G8,0
18.54791666666665,61.73958333333334,50.0,52.67818776743795,1255.6701790094817,30.0,52G8,0
18.71875,61.73958333333334,34.0,61.45514323248918,1255.6701790094817,30.0,52G8,0
18.88958333333332,61.73958333333334,31.0,71.11000936561777,1255.6701790094817,30.0,52G8,0
19.06041666666667,61.73958333333334,38.0,79.8872374836477,1255.6701790094817,30.0,52G9,0
19.23124999999999,61.73958333333334,61.0,88.66446593735381,1255.6701790094817,30.0,52G9,0
19.402083333333337,61.73958333333334,67.0,98.31935841665953,1255.6701790094817,30.0,52G9,0
19.572916666666657,61.73958333333334,71.0,93.650449201238,1255.6701790094817,30.0,52G9,0
19.74375000000001,61.73958333333334,84.0,84.96969943642918,1255.6701790094817,30.0,52G9,0
19.91458333333333,61.73958333333334,104.0,76.30716942303087,1255.6701790094817,30.0,52G9,0
20.085416666666674,61.73958333333334,119.0,66.80797078721163,1255.6701790094817,30.0,52H0,0
20.256249999999994,61.73958333333334,125.0,58.21167603636075,1255.6701790094817,30.0,52H0,0
20.427083333333343,61.73958333333334,111.0,49.67302857198302,1257.4576705810068,30.0,52H0,0
20.597916666666663,61.73958333333334,90.0,41.22793514108336,1260.636607024726,30.0,52H0,0
20.76875000000001,61.73958333333334,69.0,32.13460861513825,1265.5141119255022,30.0,52H0,0
20.93958333333333,61.73958333333334,64.0,24.235883403579177,1269.6178687748572,30.0,52H0,0
21.11041666666665,61.73958333333334,47.0,17.09269901328335,1273.7224375816345,30.0,52H1,0
21.28125,61.73958333333334,26.0,8.730161098415037,1277.8278179214574,30.0,52H1,3
21.45208333333332,61.73958333333334,7.0,2.5527241400220086,1282.359782405364,30.0,52H1,3
17.352083333333326,61.82291666666666,6.0,1.2749745973386042,1273.7639883035272,30.0,52G7,3
17.522916666666674,61.82291666666666,64.0,6.197965538831098,1270.141912148517,30.0,52G7,3
17.693749999999994,61.82291666666666,53.0,12.891994916388455,1267.2273143849677,30.0,52G7,0
17.864583333333343,61.82291666666666,78.0,19.529187686428735,1265.8482033166472,30.0,52G7,0
18.035416666666663,61.82291666666666,82.0,28.206730918237373,1265.8482033166472,30.0,52G8,0
18.20625000000001,61.82291666666666,82.0,36.51818321245905,1265.8482033166472,30.0,52G8,0
18.37708333333333,61.82291666666666,76.0,45.00257746897849,1265.8482033166472,30.0,52G8,0
18.54791666666665,61.82291666666666,55.0,53.57777474364458,1265.8482033166472,30.0,52G8,0
18.71875,61.82291666666666,34.0,62.20618984121592,1265.8482033166472,30.0,52G8,0
18.88958333333332,61.82291666666666,38.0,71.73593940553796,1265.8482033166472,30.0,52G8,0
19.06041666666667,61.82291666666666,25.0,80.42260526250274,1265.8482033166472,30.0,52G9,0
19.23124999999999,61.82291666666666,60.0,89.1246788496572,1265.8482033166472,30.0,52G9,0
19.402083333333337,61.82291666666666,62.0,97.65283395534355,1265.8482033166472,30.0,52G9,0
19.572916666666657,61.82291666666666,73.0,91.80408285286472,1265.8482033166472,30.0,52G9,0
19.74375000000001,61.82291666666666,84.0,83.27357307946794,1265.8482033166472,30.0,52G9,0
19.91458333333333,61.82291666666666,95.0,74.78874959868658,1265.8482033166472,30.0,52G9,0
20.085416666666674,61.82291666666666,131.0,65.52947271532703,1265.8482033166472,30.0,52H0,0
20.256249999999994,61.82291666666666,117.0,56.94171980593987,1265.8482033166472,30.0,52H0,0
20.427083333333343,61.82291666666666,96.0,48.20439758561726,1266.3604281222397,30.0,52H0,0
20.597916666666663,61.82291666666666,65.0,39.472460347922976,1269.2698347411192,30.0,52H0,0
20.76875000000001,61.82291666666666,56.0,29.87928422958792,1273.3028457075125,30.0,52H0,0
20.93958333333333,61.82291666666666,45.0,21.18306010668584,1277.8186662367416,30.0,52H0,0
21.11041666666665,61.82291666666666,24.0,12.561507184165077,1281.9805064440577,30.0,52H1,0
21.28125,61.82291666666666,15.0,4.470103033477025,1286.081824318265,30.0,52H1,3
21.45208333333332,61.82291666666666,1.0,0.8753480343211453,1290.1839531999192,30.0,52H1,3
17.352083333333326,61.90625,10.0,1.2733432395992066,1282.4200504745716,30.0,52G7,3
17.522916666666674,61.90625,43.0,4.634430940461517,1278.8841482277087,30.0,52G7,3
17.693749999999994,61.90625,73.0,9.878350705016937,1275.9686393953268,30.0,52G7,3
17.864583333333343,61.90625,81.0,18.05250394904481,1275.1170651975733,30.0,52G7,0
18.035416666666663,61.90625,73.0,27.43779531899715,1275.1170651975733,30.0,52G8,0
18.20625000000001,61.90625,78.0,36.06622763001903,1275.1170651975733,30.0,52G8,0
18.37708333333333,61.90625,82.0,44.73155749917763,1275.1170651975733,30.0,52G8,0
18.54791666666665,61.90625,68.0,53.41578776069319,1275.1170651975733,30.0,52G8,0
18.71875,61.90625,46.0,61.15646528582288,1275.1170651975733,30.0,52G8,0
18.88958333333332,61.90625,39.0,69.36018130973953,1275.1170651975733,30.0,52G8,0
19.06041666666667,61.90625,34.0,77.08863394873316,1275.1170651975733,30.0,52G9,0
19.23124999999999,61.90625,54.0,85.00216070800677,1275.1170651975733,30.0,52G9,0
19.402083333333337,61.90625,49.0,93.86486360791436,1275.1170651975733,30.0,52G9,0
19.572916666666657,61.90625,68.0,90.26786120736976,1275.1170651975733,30.0,52G9,0
19.74375000000001,61.90625,75.0,81.60173672064263,1275.1170651975733,30.0,52G9,0
19.91458333333333,61.90625,98.0,72.94763047157784,1275.1170651975733,30.0,52G9,0
20.085416666666674,61.90625,137.0,63.447946748211976,1275.1170651975733,30.0,52H0,0
20.256249999999994,61.90625,129.0,54.83878045352796,1275.1170651975733,30.0,52H0,0
20.427083333333343,61.90625,91.0,46.27010362499304,1275.3342152981302,30.0,52H0,0
20.597916666666663,61.90625,88.0,37.7695591693008,1278.0060880017377,30.0,52H0,0
20.76875000000001,61.90625,61.0,28.57041082433198,1281.689041339578,30.0,52H0,0
20.93958333333333,61.90625,47.0,20.520019141708747,1286.077765639713,30.0,52H0,0
21.11041666666665,61.90625,30.0,12.629672450696445,1290.177863425081,30.0,52H1,0
21.28125,61.90625,11.0,4.741099156249018,1294.278770626133,30.0,52H1,3
17.522916666666674,61.98958333333334,10.0,3.707544752370062,1287.7831210553588,30.0,52G7,3
17.693749999999994,61.98958333333334,56.0,9.466868326062842,1285.295089504743,30.0,52G7,3
17.864583333333343,61.98958333333334,66.0,17.811463136617636,1285.295089504743,30.0,52G7,0
18.035416666666663,61.98958333333334,76.0,27.2563385417097,1285.295089504743,30.0,52G8,0
18.20625000000001,61.98958333333334,80.0,34.83739987866828,1285.295089504743,30.0,52G8,0
18.37708333333333,61.98958333333334,90.0,41.537488028565605,1285.295089504743,30.0,52G8,0
18.54791666666665,61.98958333333334,74.0,48.86288099854068,1285.295089504743,30.0,52G8,0
18.71875,61.98958333333334,48.0,56.57114756778663,1285.295089504743,30.0,52G8,0
18.88958333333332,61.98958333333334,44.0,65.33066207190645,1285.295089504743,30.0,52G8,0
19.06041666666667,61.98958333333334,64.0,73.46312415965004,1285.295089504743,30.0,52G9,0
19.23124999999999,61.98958333333334,74.0,81.70704558312852,1285.295089504743,30.0,52G9,0
19.402083333333337,61.98958333333334,54.0,90.86782772260422,1285.295089504743,30.0,52G9,0
19.572916666666657,61.98958333333334,55.0,89.6607873267819,1285.295089504743,30.0,52G9,0
19.74375000000001,61.98958333333334,88.0,80.95727285424529,1285.295089504743,30.0,52G9,0
19.91458333333333,61.98958333333334,103.0,72.25374899920601,1285.295089504743,30.0,52G9,0
20.085416666666674,61.98958333333334,139.0,62.67994076295639,1285.295089504743,30.0,52H0,0
20.256249999999994,61.98958333333334,120.0,53.97607031283852,1285.295089504743,30.0,52H0,0
20.427083333333343,61.98958333333334,108.0,45.27039434524517,1285.295089504743,30.0,52H0,0
20.597916666666663,61.98958333333334,85.0,36.56464373281643,1286.9213080038642,30.0,52H0,0
20.76875000000001,61.98958333333334,66.0,26.988248977014287,1290.1717824501268,30.0,52H0,0
20.93958333333333,61.98958333333334,43.0,18.28238833571683,1293.8470108471156,30.0,52H0,0
21.11041666666665,61.98958333333334,32.0,9.57649754962606,1298.4481247791605,30.0,52H1,3
21.28125,61.98958333333334,1.0,0.870590973421673,1302.5449812497525,30.0,52H1,3
17.54374999999999,62.07291666666666,67.0,4.438315654958488,1296.2489783180029,30.0,53G7,3
17.71875,62.07291666666666,37.0,13.09162689698304,1294.563951385666,30.0,53G7,0
17.89375000000001,62.07291666666666,73.0,16.62875253267752,1294.563951385666,30.0,53G7,0
18.068749999999994,62.07291666666666,79.0,23.471130546477674,1294.563951385666,30.0,53G8,0
18.24375000000001,62.07291666666666,86.0,30.67799272874525,1294.563951385666,30.0,53G8,0
18.41874999999999,62.07291666666666,88.0,38.489935670754285,1294.563951385666,30.0,53G8,0
18.59375,62.07291666666666,80.0,47.42567917258061,1294.563951385666,30.0,53G8,0
18.76875000000001,62.07291666666666,68.0,56.55540760200052,1294.563951385666,30.0,53G8,0
18.943749999999994,62.07291666666666,68.0,64.95468562362106,1294.563951385666,30.0,53G8,0
19.11875000000001,62.07291666666666,86.0,74.26370113394125,1294.563951385666,30.0,53G9,0
19.29374999999999,62.07291666666666,67.0,82.76974204868938,1294.563951385666,30.0,53G9,0
19.46875,62.07291666666666,55.0,91.30506363915948,1294.563951385666,30.0,53G9,0
19.64375000000001,62.07291666666666,83.0,85.68343661991265,1294.563951385666,30.0,53G9,0
19.818749999999994,62.07291666666666,94.0,76.39596379472107,1294.563951385666,30.0,53G9,0
19.99375000000001,62.07291666666666,147.0,67.7162734447447,1294.563951385666,30.0,53G9,0
20.16874999999999,62.07291666666666,137.0,59.03668323760834,1294.563951385666,30.0,53H0,0
20.34375,62.07291666666666,111.0,49.487509245716765,1294.563951385666,30.0,53H0,0
20.51875000000001,62.07291666666666,92.0,39.93741270424203,1294.7670310085955,30.0,53H0,0
20.693749999999994,62.07291666666666,69.0,31.255437004960125,1297.393723174968,30.0,53H0,0
20.86875000000001,62.07291666666666,54.0,21.70520467213017,1300.931823603508,30.0,53H0,0
21.04374999999999,62.07291666666666,20.0,13.023137140795487,1304.5896659512318,30.0,53H1,0
21.21875,62.07291666666666,10.0,4.341048103182156,1309.0795178743,30.0,53H1,3
17.54374999999999,62.15625,17.0,1.853772376184324,1305.1379731388522,30.0,53G7,3
17.71875,62.15625,37.0,4.091602064887398,1304.7419756928302,30.0,53G7,3
17.89375000000001,62.15625,54.0,10.284449363750191,1304.7419756928302,30.0,53G7,0
18.068749999999994,62.15625,70.0,18.99945541812983,1304.7419756928302,30.0,53G8,0
18.24375000000001,62.15625,81.0,27.38892283427701,1304.7419756928302,30.0,53G8,0
18.41874999999999,62.15625,80.0,35.902721658294446,1304.7419756928302,30.0,53G8,0
18.59375,62.15625,86.0,45.32788779437266,1304.7419756928302,30.0,53G8,0
18.76875000000001,62.15625,84.0,54.78439528944176,1304.7419756928302,30.0,53G8,0
18.943749999999994,62.15625,87.0,63.39656754097629,1304.7419756928302,30.0,53G8,0
19.11875000000001,62.15625,80.0,72.88039860005362,1304.7419756928302,30.0,53G9,0
19.29374999999999,62.15625,60.0,81.04519875758862,1304.7419756928302,30.0,53G9,0
19.46875,62.15625,64.0,88.03499989504895,1304.7419756928302,30.0,53G9,0
19.64375000000001,62.15625,95.0,81.77940709366877,1304.7419756928302,30.0,53G9,0
19.818749999999994,62.15625,112.0,73.0734027454762,1304.7419756928302,30.0,53G9,0
19.99375000000001,62.15625,139.0,65.34597875377229,1304.7419756928302,30.0,53G9,0
20.16874999999999,62.15625,133.0,57.270955594218016,1304.7419756928302,30.0,53H0,0
20.34375,62.15625,114.0,48.516195854860776,1304.7419756928302,30.0,53H0,0
20.51875000000001,62.15625,89.0,39.82778891117472,1304.7419756928302,30.0,53H0,0
20.693749999999994,62.15625,64.0,31.169644385990072,1306.2964290327666,30.0,53H0,0
20.86875000000001,62.15625,57.0,21.645626416060136,1309.5253613562645,30.0,53H0,0
21.04374999999999,62.15625,38.0,12.987390169823604,1312.774475145672,30.0,53H1,0
21.21875,62.15625,9.0,4.32913244330324,1316.9661037226272,30.0,53H1,3
17.71875,62.23958333333334,57.0,1.8537723761857383,1314.010837573756,30.0,53G7,3
17.89375000000001,62.23958333333334,70.0,8.833502537514741,1314.010837573756,30.0,53G7,3
18.068749999999994,62.23958333333334,67.0,18.231749612580742,1314.010837573756,30.0,53G8,0
18.24375000000001,62.23958333333334,85.0,26.83811170867604,1314.010837573756,30.0,53G8,0
18.41874999999999,62.23958333333334,79.0,35.459210754239976,1314.010837573756,30.0,53G8,0
18.59375,62.23958333333334,89.0,44.94927378344978,1314.010837573756,30.0,53G8,0
18.76875000000001,62.23958333333334,91.0,54.44282142270217,1314.010837573756,30.0,53G8,0
18.943749999999994,62.23958333333334,91.0,61.12761133483113,1314.010837573756,30.0,53G8,0
19.11875000000001,62.23958333333334,81.0,68.56266525524299,1314.010837573756,30.0,53G9,0
19.29374999999999,62.23958333333334,85.0,75.7107093046691,1314.010837573756,30.0,53G9,0
19.46875,62.23958333333334,73.0,83.1305538616991,1314.010837573756,30.0,53G9,0
19.64375000000001,62.23958333333334,124.0,78.68232867579597,1314.010837573756,30.0,53G9,0
19.818749999999994,62.23958333333334,114.0,69.61663513784309,1314.010837573756,30.0,53G9,0
19.99375000000001,62.23958333333334,114.0,61.48007098819176,1314.010837573756,30.0,53G9,0
20.16874999999999,62.23958333333334,119.0,53.49073099672162,1314.010837573756,30.0,53H0,0
20.34375,62.23958333333334,112.0,44.9662945326232,1314.010837573756,30.0,53H0,0
20.51875000000001,62.23958333333334,79.0,36.22976861942131,1314.010837573756,30.0,53H0,0
20.693749999999994,62.23958333333334,65.0,28.15070775346296,1315.0242939846232,30.0,53H0,0
20.86875000000001,62.23958333333334,53.0,19.79789353436011,1318.6275447523687,30.0,53H0,0
21.04374999999999,62.23958333333334,34.0,13.442457318422193,1321.4655141458006,30.0,53H1,0
21.21875,62.23958333333334,8.0,6.113922691941868,1325.147490931479,30.0,53H1,3
17.54374999999999,62.32291666666666,26.0,4.9436321775196665,1325.1424540821563,30.0,53G7,3
17.71875,62.32291666666666,93.0,9.268861880925863,1324.1888618809232,30.0,53G7,3
17.89375000000001,62.32291666666666,67.0,12.643087008114824,1324.1888618809232,30.0,53G7,0
18.068749999999994,62.32291666666666,75.0,20.29700168117664,1324.1888618809232,30.0,53G8,0
18.24375000000001,62.32291666666666,80.0,28.221125407871213,1324.1888618809232,30.0,53G8,0
18.41874999999999,62.32291666666666,73.0,34.76828277361845,1324.1888618809232,30.0,53G8,0
18.59375,62.32291666666666,86.0,41.54604753126846,1324.1888618809232,30.0,53G8,0
18.76875000000001,62.32291666666666,86.0,48.55716583876028,1324.1888618809232,30.0,53G8,0
18.943749999999994,62.32291666666666,106.0,55.47712632169998,1324.1888618809232,30.0,53G8,0
19.11875000000001,62.32291666666666,84.0,63.55546927726111,1324.1888618809232,30.0,53G9,0
19.29374999999999,62.32291666666666,94.0,71.18789639203598,1324.1888618809232,30.0,53G9,0
19.46875,62.32291666666666,121.0,78.94824199310655,1324.1888618809232,30.0,53G9,0
19.64375000000001,62.32291666666666,108.0,76.58826170328844,1324.1888618809232,30.0,53G9,0
19.818749999999994,62.32291666666666,112.0,67.26846983703763,1324.1888618809232,30.0,53G9,0
19.99375000000001,62.32291666666666,133.0,58.832986154190976,1324.1888618809232,30.0,53G9,0
20.16874999999999,62.32291666666666,117.0,50.45116178742002,1324.1888618809232,30.0,53H0,0
20.34375,62.32291666666666,113.0,41.3321930056953,1324.1888618809232,30.0,53H0,0
20.51875000000001,62.32291666666666,85.0,32.40591692219667,1324.1888618809232,30.0,53H0,0
20.693749999999994,62.32291666666666,65.0,24.63540013929068,1324.2288813152811,30.0,53H0,0
20.86875000000001,62.32291666666666,31.0,16.45438113731112,1327.187547840436,30.0,53H0,0
21.04374999999999,62.32291666666666,16.0,7.96603924661423,1330.0785602253843,30.0,53H1,3
21.21875,62.32291666666666,5.0,2.043887513674707,1333.3161687949555,30.0,53H1,3
17.54374999999999,62.40625,1.0,0.9268861880914544,1333.951091090412,30.0,53G7,3
17.89375000000001,62.40625,80.0,8.586659451767845,1333.457723761849,30.0,53G7,3
18.068749999999994,62.40625,96.0,15.744892235710232,1333.457723761849,30.0,53G8,0
18.24375000000001,62.40625,55.0,22.31352966938939,1333.457723761849,30.0,53G8,0
18.41874999999999,62.40625,56.0,28.317782782606223,1333.457723761849,30.0,53G8,0
18.59375,62.40625,67.0,35.38720752270294,1333.457723761849,30.0,53G8,0
18.76875000000001,62.40625,105.0,43.27521402607102,1333.457723761849,30.0,53G8,0
18.943749999999994,62.40625,107.0,50.89851501058241,1333.457723761849,30.0,53G8,0
19.11875000000001,62.40625,98.0,59.46317204267336,1333.457723761849,30.0,53G9,0
19.29374999999999,62.40625,116.0,67.42563661646855,1333.457723761849,30.0,53G9,0
19.46875,62.40625,90.0,73.4496054056715,1333.457723761849,30.0,53G9,0
19.64375000000001,62.40625,116.0,74.31716367614179,1333.457723761849,30.0,53G9,0
19.818749999999994,62.40625,120.0,65.11009372044012,1333.457723761849,30.0,53G9,0
19.99375000000001,62.40625,101.0,56.80163532401899,1333.457723761849,30.0,53G9,0
20.16874999999999,62.40625,110.0,48.583040656599046,1333.457723761849,30.0,53H0,0
20.34375,62.40625,80.0,39.579718518590816,1333.457723761849,30.0,53H0,0
20.51875000000001,62.40625,71.0,30.16908468515201,1333.457723761849,30.0,53H0,0
20.693749999999994,62.40625,49.0,21.637074308556365,1333.4777102952346,30.0,53H0,0
20.86875000000001,62.40625,37.0,12.333837299253242,1336.220658564279,30.0,53H0,0
21.04374999999999,62.40625,8.0,4.418046336901222,1339.0673250045852,30.0,53H1,3
21.21875,62.40625,3.0,0.8586661805816928,1341.9573454577717,30.0,53H1,3
17.368750000000006,62.48958333333334,9.0,0.9268861880914544,1346.2277092476663,30.0,53G7,3
17.71875,62.48958333333334,55.0,1.2617929310038611,1343.6357480690174,30.0,53G7,3
17.89375000000001,62.48958333333334,102.0,2.5234235544972314,1343.6357480690174,30.0,53G7,3
18.068749999999994,62.48958333333334,49.0,9.79375763398399,1343.6357480690174,30.0,53G8,3
18.24375000000001,62.48958333333334,21.0,15.722902716700284,1343.6357480690174,30.0,53G8,0
18.41874999999999,62.48958333333334,49.0,22.33324757376412,1343.6357480690174,30.0,53G8,0
18.59375,62.48958333333334,65.0,30.671648636210072,1343.6357480690174,30.0,53G8,0
18.76875000000001,62.48958333333334,109.0,39.2849628692645,1343.6357480690174,30.0,53G8,0
18.943749999999994,62.48958333333334,112.0,47.32902951784369,1343.6357480690174,30.0,53G8,0
19.11875000000001,62.48958333333334,113.0,55.086779376111,1343.6357480690174,30.0,53G9,0
19.29374999999999,62.48958333333334,152.0,60.83102186706704,1343.6357480690174,30.0,53G9,0
19.46875,62.48958333333334,99.0,67.16409860265101,1343.6357480690174,30.0,53G9,0
19.64375000000001,62.48958333333334,128.0,72.9333075744429,1343.6357480690174,30.0,53G9,0
19.818749999999994,62.48958333333334,119.0,63.5541156939234,1343.6357480690174,30.0,53G9,0
19.99375000000001,62.48958333333334,119.0,55.036785062574566,1343.6357480690174,30.0,53G9,0
20.16874999999999,62.48958333333334,79.0,46.53327444996784,1343.6357480690174,30.0,53H0,0
20.34375,62.48958333333334,65.0,37.20677715822123,1343.6357480690174,30.0,53H0,0
20.51875000000001,62.48958333333334,53.0,27.936909128690093,1343.6357480690174,30.0,53H0,0
20.693749999999994,62.48958333333334,38.0,19.62664833658985,1343.6357480690174,30.0,53H0,0
20.86875000000001,62.48958333333334,32.0,10.931500162450703,1344.856390578226,30.0,53H0,0
21.04374999999999,62.48958333333334,15.0,4.281378477779924,1347.7387670150088,30.0,53H1,3
18.068749999999994,62.57291666666666,96.0,3.161462761798667,1352.904609949939,30.0,54G8,3
18.24375000000001,62.57291666666666,61.0,10.467922893420884,1352.904609949939,30.0,54G8,0
18.41874999999999,62.57291666666666,52.0,18.50856950086908,1352.904609949939,30.0,54G8,0
18.59375,62.57291666666666,91.0,27.16189835446891,1352.904609949939,30.0,54G8,0
18.76875000000001,62.57291666666666,122.0,35.6096573938932,1352.904609949939,30.0,54G8,0
18.943749999999994,62.57291666666666,206.0,41.98800073221009,1352.904609949939,30.0,54G8,0
19.11875000000001,62.57291666666666,194.0,48.2356083371013,1352.904609949939,30.0,54G9,0
19.29374999999999,62.57291666666666,111.0,54.6870339157124,1352.904609949939,30.0,54G9,0
19.46875,62.57291666666666,130.0,61.556953028396784,1352.904609949939,30.0,54G9,0
19.64375000000001,62.57291666666666,117.0,68.20132406037874,1352.904609949939,30.0,54G9,0
19.818749999999994,62.57291666666666,100.0,63.18641904712936,1352.904609949939,30.0,54G9,0
19.99375000000001,62.57291666666666,81.0,54.64792324687377,1352.904609949939,30.0,54G9,0
20.16874999999999,62.57291666666666,79.0,46.10933636955858,1352.904609949939,30.0,54H0,0
20.34375,62.57291666666666,56.0,36.71680259529704,1352.904609949939,30.0,54H0,0
20.51875000000001,62.57291666666666,38.0,27.324194778762,1352.904609949939,30.0,54H0,0
20.693749999999994,62.57291666666666,37.0,18.785412087031336,1352.904609949939,30.0,54H0,0
20.86875000000001,62.57291666666666,19.0,9.392715513986628,1353.813772376183,30.0,54H0,3
21.04374999999999,62.57291666666666,2.0,0.8538835131569859,1356.6725458937033,30.0,54H1,3
18.24375000000001,62.65625,108.0,7.0165936331324605,1363.0826342571088,30.0,54G8,3
18.41874999999999,62.65625,104.0,14.70453977654601,1363.0826342571088,30.0,54G8,0
18.59375,62.65625,105.0,22.75786678360766,1363.0826342571088,30.0,54G8,0
18.76875000000001,62.65625,124.0,29.47294744663053,1363.0826342571088,30.0,54G8,0
18.943749999999994,62.65625,199.0,35.05019828653412,1363.0826342571088,30.0,54G8,0
19.11875000000001,62.65625,188.0,42.31567639431268,1363.0826342571088,30.0,54G9,0
19.29374999999999,62.65625,146.0,48.96302523136104,1363.0826342571088,30.0,54G9,0
19.46875,62.65625,148.0,55.030796867091446,1363.0826342571088,30.0,54G9,0
19.64375000000001,62.65625,127.0,62.35487788352271,1363.0826342571088,30.0,54G9,0
19.818749999999994,62.65625,125.0,61.31081397964768,1363.0826342571088,30.0,54G9,0
19.99375000000001,62.65625,128.0,54.49598662753661,1363.0826342571088,30.0,54G9,0
20.16874999999999,62.65625,76.0,46.15506470361514,1363.0826342571088,30.0,54H0,0
20.34375,62.65625,53.0,36.82157836115749,1363.0826342571088,30.0,54H0,0
20.51875000000001,62.65625,32.0,27.51385101815728,1363.0826342571088,30.0,54H0,0
20.693749999999994,62.65625,25.0,19.106446959810544,1363.0826342571088,30.0,54H0,0
20.86875000000001,62.65625,14.0,10.078376468879435,1363.0826342571088,30.0,54H0,0
21.04374999999999,62.65625,4.0,1.9386695130108416,1365.3776503464392,30.0,54H1,3
18.24375000000001,62.73958333333334,75.0,3.803423978631977,1373.2606585642786,30.0,54G8,3
18.41874999999999,62.73958333333334,95.0,10.044076867987298,1373.2606585642786,30.0,54G8,0
18.59375,62.73958333333334,113.0,16.327455925165516,1373.2606585642786,30.0,54G8,0
18.76875000000001,62.73958333333334,93.0,22.516984722425494,1373.2606585642786,30.0,54G8,0
18.943749999999994,62.73958333333334,193.0,29.425555027747823,1373.2606585642786,30.0,54G8,0
19.11875000000001,62.73958333333334,180.0,36.385104847088606,1373.2606585642786,30.0,54G9,0
19.29374999999999,62.73958333333334,171.0,42.54534262766211,1373.2606585642786,30.0,54G9,0
19.46875,62.73958333333334,152.0,49.38967444092702,1373.2606585642786,30.0,54G9,0
19.64375000000001,62.73958333333334,108.0,57.41655674954122,1373.2606585642786,30.0,54G9,0
19.818749999999994,62.73958333333334,96.0,56.58539603761615,1373.2606585642786,30.0,54G9,0
19.99375000000001,62.73958333333334,88.0,49.141897396809576,1373.2606585642786,30.0,54G9,0
20.16874999999999,62.73958333333334,71.0,42.08355228216013,1373.2606585642786,30.0,54H0,0
20.34375,62.73958333333334,60.0,34.99799109570269,1373.2606585642786,30.0,54H0,0
20.51875000000001,62.73958333333334,40.0,27.17091841728444,1373.2606585642786,30.0,54H0,0
20.693749999999994,62.73958333333334,19.0,18.68003451487472,1373.2606585642786,30.0,54H0,0
20.86875000000001,62.73958333333334,7.0,9.340026703157042,1373.2606585642786,30.0,54H0,3
21.04374999999999,62.73958333333334,3.0,0.8490936205195467,1374.2836379967794,30.0,54H1,3
17.89375000000001,62.82291666666666,62.0,1.693391940645249,1383.560295752901,30.0,54G7,3
18.068749999999994,62.82291666666666,34.0,0.9268861880914544,1382.9981258549471,30.0,54G8,3
18.41874999999999,62.82291666666666,95.0,3.255334258302859,1382.5295204452002,30.0,54G8,3
18.59375,62.82291666666666,121.0,9.428569848274773,1382.5295204452002,30.0,54G8,3
18.76875000000001,62.82291666666666,127.0,17.620713840564292,1382.5295204452002,30.0,54G8,0
18.943749999999994,62.82291666666666,194.0,23.26293386182115,1382.5295204452002,30.0,54G8,0
19.11875000000001,62.82291666666666,174.0,30.162892781127248,1382.5295204452002,30.0,54G9,0
19.29374999999999,62.82291666666666,154.0,37.345101402316914,1382.5295204452002,30.0,54G9,0
19.46875,62.82291666666666,141.0,44.96790498583808,1382.5295204452002,30.0,54G9,0
19.64375000000001,62.82291666666666,107.0,51.30717981907008,1382.5295204452002,30.0,54G9,0
19.818749999999994,62.82291666666666,83.0,53.07182091619725,1382.5295204452002,30.0,54G9,0
19.99375000000001,62.82291666666666,92.0,45.07616553161302,1382.5295204452002,30.0,54G9,0
20.16874999999999,62.82291666666666,63.0,37.27974282277405,1382.5295204452002,30.0,54H0,0
20.34375,62.82291666666666,56.0,29.125341125271035,1382.5295204452002,30.0,54H0,0
20.51875000000001,62.82291666666666,50.0,21.85312281483637,1382.5295204452002,30.0,54H0,0
20.693749999999994,62.82291666666666,23.0,16.665512385522494,1382.5295204452002,30.0,54H0,0
20.86875000000001,62.82291666666666,7.0,11.888246259460049,1382.5295204452002,30.0,54H0,0
21.04374999999999,62.82291666666666,3.0,3.510864976249288,1382.9981258549467,30.0,54H1,3
21.21875,62.82291666666666,1.0,0.8466959774084314,1385.9518338714688,30.0,54H1,3
17.89375000000001,62.90625,47.0,0.9268861880914544,1392.70754475237,30.0,54G7,3
18.41874999999999,62.90625,16.0,0.8442965432009557,1393.07436827921,30.0,54G8,3
18.59375,62.90625,71.0,5.149168533837654,1392.70754475237,30.0,54G8,3
18.76875000000001,62.90625,131.0,10.728155975978332,1392.70754475237,30.0,54G8,0
18.943749999999994,62.90625,235.0,17.319241689135907,1392.70754475237,30.0,54G8,0
19.11875000000001,62.90625,188.0,25.83693300567128,1392.70754475237,30.0,54G9,0
19.29374999999999,62.90625,144.0,33.92681974699738,1392.70754475237,30.0,54G9,0
19.46875,62.90625,143.0,38.34519980025834,1392.70754475237,30.0,54G9,0
19.64375000000001,62.90625,128.0,44.26697946081562,1392.70754475237,30.0,54G9,0
19.818749999999994,62.90625,106.0,49.447472380582376,1392.70754475237,30.0,54G9,0
19.99375000000001,62.90625,68.0,41.840941098807285,1392.70754475237,30.0,54G9,0
20.16874999999999,62.90625,58.0,34.356296021237775,1392.70754475237,30.0,54H0,0
20.34375,62.90625,72.0,25.30605337193844,1392.70754475237,30.0,54H0,0
20.51875000000001,62.90625,62.0,16.510473384823673,1392.70754475237,30.0,54H0,0
20.693749999999994,62.90625,26.0,9.360956419400251,1392.70754475237,30.0,54H0,3
20.86875000000001,62.90625,10.0,5.811603068981805,1392.70754475237,30.0,54H0,3
21.04374999999999,62.90625,3.0,1.9264670214329016,1392.70754475237,30.0,54H1,3
21.39375000000001,62.90625,2.0,0.8442965432009557,1399.6233042071017,30.0,54H1,3
17.71875,62.98958333333334,3.0,0.8418953229670709,1404.9528320630436,30.0,54G7,3
18.59375,62.98958333333334,84.0,1.6837906317992613,1401.9764066332962,30.0,54G8,3
18.76875000000001,62.98958333333334,132.0,6.735161396304194,1401.9764066332962,30.0,54G8,3
18.943749999999994,62.98958333333334,159.0,14.632036849444049,1401.9764066332962,30.0,54G8,0
19.11875000000001,62.98958333333334,125.0,22.149647418263275,1401.9764066332962,30.0,54G9,0
19.29374999999999,62.98958333333334,154.0,25.98188059734491,1401.9764066332962,30.0,54G9,0
19.46875,62.98958333333334,134.0,31.15618254069634,1401.9764066332962,30.0,54G9,0
19.64375000000001,62.98958333333334,119.0,37.93855669261463,1401.9764066332962,30.0,54G9,0
19.818749999999994,62.98958333333334,108.0,45.282574736694734,1401.9764066332962,30.0,54G9,0
19.99375000000001,62.98958333333334,94.0,38.36461376609315,1401.9764066332962,30.0,54G9,0
20.16874999999999,62.98958333333334,92.0,30.34360437237176,1401.9764066332962,30.0,54H0,0
20.34375,62.98958333333334,55.0,21.85689303758729,1401.9764066332962,30.0,54H0,0
20.51875000000001,62.98958333333334,77.0,14.342182797805808,1401.9764066332962,30.0,54H0,0
20.693749999999994,62.98958333333334,35.0,6.735161396304194,1401.9764066332962,30.0,54H0,3
20.86875000000001,62.98958333333334,2.0,1.6837906317992613,1401.9764066332962,30.0,54H0,3
21.04374999999999,62.98958333333334,14.0,3.132398599015512,1401.9764066332962,30.0,54H1,3
21.21875,62.98958333333334,4.0,0.8418953229670709,1403.5291793089011,30.0,54H1,3
21.39375000000001,62.98958333333334,3.0,0.8418953229670709,1407.3319594859045,30.0,54H1,3
18.660416666666663,63.07291666666666,28.0,0.8394923217921075,1412.2299582163323,30.0,55G8,3
18.84375,63.07291666666666,127.0,6.965389767704525,1412.1544309404617,30.0,55G8,3
19.027083333333337,63.07291666666666,136.0,11.827154804306923,1412.1544309404617,30.0,55G9,0
19.210416666666674,63.07291666666666,173.0,15.916014804031336,1412.1544309404617,30.0,55G9,0
19.39375000000001,63.07291666666666,151.0,22.372761685250246,1412.1544309404617,30.0,55G9,0
19.57708333333332,63.07291666666666,138.0,29.65578589164244,1412.1544309404617,30.0,55G9,0
19.760416666666657,63.07291666666666,117.0,37.442186210611055,1412.1544309404617,30.0,55G9,0
19.943749999999994,63.07291666666666,108.0,37.83635254889538,1412.1544309404617,30.0,55G9,0
20.12708333333333,63.07291666666666,85.0,29.99341932491286,1412.1544309404617,30.0,55H0,0
20.31041666666667,63.07291666666666,82.0,21.00472674507626,1412.1544309404617,30.0,55H0,0
20.49375000000001,63.07291666666666,79.0,11.78770098855009,1412.1544309404617,30.0,55H0,0
20.677083333333343,63.07291666666666,35.0,2.6832867269951985,1412.1544309404617,30.0,55H0,3
20.86041666666665,63.07291666666666,14.0,1.2506267084023557,1412.1544309404617,30.0,55H0,3
21.04374999999999,63.07291666666666,12.0,6.969734286523275,1412.1544309404617,30.0,55H1,3
21.22708333333333,63.07291666666666,16.0,5.809654050616688,1412.7953915661683,30.0,55H1,3
21.410416666666663,63.07291666666666,-0.0,0.0,1416.4873050905298,30.0,55H1,3
21.59375,63.07291666666666,3.0,1.2506267084032163,1420.7355174087172,30.0,55H1,5
18.660416666666663,63.15625,38.0,0.9268861880914544,1421.4485780447687,30.0,55G8,3
19.027083333333337,63.15625,75.0,3.707544752370062,1421.423292821386,30.0,55G9,3
19.210416666666674,63.15625,155.0,9.31945978039502,1421.423292821386,30.0,55G9,3
19.39375000000001,63.15625,190.0,17.162331599096092,1421.423292821386,30.0,55G9,0
19.57708333333332,63.15625,142.0,24.588008987240364,1421.423292821386,30.0,55G9,0
19.760416666666657,63.15625,97.0,30.48781275002462,1421.423292821386,30.0,55G9,0
19.943749999999994,63.15625,98.0,33.70703057401921,1421.423292821386,30.0,55G9,0
20.12708333333333,63.15625,66.0,25.6390917240497,1421.423292821386,30.0,55H0,0
20.31041666666667,63.15625,79.0,17.205599346418296,1421.423292821386,30.0,55H0,0
20.49375000000001,63.15625,67.0,10.189935501673736,1421.423292821386,30.0,55H0,0
20.677083333333343,63.15625,32.0,7.657885795877153,1421.423292821386,30.0,55H0,3
20.86041666666665,63.15625,39.0,4.478791870230996,1421.423292821386,30.0,55H0,3
21.04374999999999,63.15625,15.0,6.240404021767956,1421.423292821386,30.0,55H1,3
21.22708333333333,63.15625,13.0,1.9134196269362895,1421.649230928863,30.0,55H1,3
21.410416666666663,63.15625,8.0,0.8370875447535934,1424.6474600598897,30.0,55H1,3
18.660416666666663,63.23958333333334,3.0,0.8346809969429156,1432.1399449662936,30.0,55G8,3
18.84375,63.23958333333334,19.0,0.9268861880942844,1431.6013171285558,30.0,55G8,3
19.027083333333337,63.23958333333334,4.0,0.8346809969443493,1431.6637128355355,30.0,55G9,3
19.210416666666674,63.23958333333334,38.0,4.473129153871748,1431.6013171285558,30.0,55G9,3
19.39375000000001,63.23958333333334,29.0,12.253158249945852,1431.6013171285558,30.0,55G9,0
19.57708333333332,63.23958333333334,109.0,18.83427582271494,1431.6013171285558,30.0,55G9,0
19.760416666666657,63.23958333333334,116.0,21.894927958909037,1431.6013171285558,30.0,55G9,0
19.943749999999994,63.23958333333334,90.0,25.505329336448536,1431.6013171285558,30.0,55G9,0
20.12708333333333,63.23958333333334,71.0,24.205691757981867,1431.6013171285558,30.0,55H0,0
20.31041666666667,63.23958333333334,73.0,15.024244304195982,1431.6013171285558,30.0,55H0,0
20.49375000000001,63.23958333333334,45.0,5.842766190282565,1431.6013171285558,30.0,55H0,3
20.86041666666665,63.23958333333334,21.0,9.181487869399652,1431.6013171285558,30.0,55H0,3
21.04374999999999,63.23958333333334,16.0,3.817999271320073,1431.6013171285558,30.0,55H1,3
21.22708333333333,63.23958333333334,-0.0,0.0,1431.6637128355355,30.0,55H1,3
19.210416666666674,63.32291666666666,19.0,1.245630486831056,1440.870179009479,30.0,55G9,3
19.39375000000001,63.32291666666666,31.0,7.546506103365648,1440.870179009479,30.0,55G9,3
19.57708333333332,63.32291666666666,83.0,9.84695664774592,1440.870179009479,30.0,55G9,3
19.760416666666657,63.32291666666666,58.0,13.039688295637136,1440.870179009479,30.0,55G9,0
19.943749999999994,63.32291666666666,52.0,17.78598878188398,1440.870179009479,30.0,55G9,0
20.12708333333333,63.32291666666666,67.0,21.098797521678183,1440.870179009479,30.0,55H0,0
20.31041666666667,63.32291666666666,104.0,17.634866075494354,1440.870179009479,30.0,55H0,0
20.49375000000001,63.32291666666666,68.0,10.952224926518884,1440.870179009479,30.0,55H0,0
20.677083333333343,63.32291666666666,33.0,8.341975692831578,1440.870179009479,30.0,55H0,3
20.86041666666665,63.32291666666666,11.0,11.431219119003224,1440.870179009479,30.0,55H0,0
21.04374999999999,63.32291666666666,9.0,4.063667166355619,1440.870179009479,30.0,55H1,3
21.22708333333333,63.32291666666666,-0.0,0.0,1440.8936222583395,30.0,55H1,3
21.410416666666663,63.32291666666666,2.0,0.8322726834494409,1442.3399149855456,30.0,55H1,3
21.59375,63.32291666666666,2.0,2.4917438194385118,1445.5282050797318,30.0,55H1,5
21.777083333333337,63.32291666666666,6.0,2.032129632714715,1449.8250804475713,30.0,55H1,5
21.960416666666674,63.32291666666666,9.0,1.8537723761857383,1455.7885593615313,30.0,55H1,5
22.32708333333332,63.32291666666666,5.0,1.664545352843183,1474.875023173489,30.0,55H2,5
19.39375000000001,63.40625,24.0,3.4459638692188967,1451.0482033166486,30.0,55G9,3
19.57708333333332,63.40625,9.0,3.103371997556351,1451.0482033166486,30.0,55G9,3
19.760416666666657,63.40625,40.0,4.975121331461176,1451.0482033166486,30.0,55G9,3
19.943749999999994,63.40625,63.0,8.704619235943008,1451.0482033166486,30.0,55G9,3
20.12708333333333,63.40625,27.0,14.290384934059588,1451.0482033166486,30.0,55H0,0
20.31041666666667,63.40625,94.0,22.33565183902268,1451.0482033166486,30.0,55H0,0
20.49375000000001,63.40625,34.0,19.137183117086423,1451.0482033166486,30.0,55H0,0
20.677083333333343,63.40625,37.0,17.610837573757443,1451.0482033166486,30.0,55H0,0
20.86041666666665,63.40625,4.0,10.126575348678967,1451.0482033166486,30.0,55H0,0
21.04374999999999,63.40625,5.0,2.0309465285446806,1451.0482033166486,30.0,55H1,3
21.22708333333333,63.40625,9.0,1.8537723761871536,1451.84957730261,30.0,55H1,3
21.410416666666663,63.40625,14.0,4.634430940461517,1451.9750895047405,30.0,55H1,3
21.59375,63.40625,21.0,3.80284425355614,1454.406956647746,30.0,55H1,5
21.777083333333337,63.40625,4.0,3.237954403638461,1458.4459702768522,30.0,55H1,5
21.960416666666674,63.40625,12.0,3.104532249649818,1462.4363443145048,30.0,55H1,5
22.14375000000001,63.40625,16.0,2.901953511974632,1469.558132676323,30.0,55H2,5
19.57708333333332,63.48958333333334,11.0,0.827450779795833,1460.3170651975734,30.0,55G9,3
19.760416666666657,63.48958333333334,10.0,0.8274507797959909,1460.3170651975734,30.0,55G9,3
19.943749999999994,63.48958333333334,13.0,2.4823522833234355,1460.3170651975734,30.0,55G9,3
20.12708333333333,63.48958333333334,32.0,11.584304539667736,1460.3170651975734,30.0,55H0,0
20.31041666666667,63.48958333333334,22.0,18.55607400131205,1460.3170651975734,30.0,55H0,0
20.49375000000001,63.48958333333334,41.0,17.88303187762254,1460.3170651975734,30.0,55H0,0
20.677083333333343,63.48958333333334,32.0,12.737460784281014,1460.3170651975734,30.0,55H0,0
20.86041666666665,63.48958333333334,14.0,11.8697546437635,1460.3170651975734,30.0,55H0,0
21.04374999999999,63.48958333333334,27.0,5.802735387986611,1460.3170651975734,30.0,55H1,3
21.22708333333333,63.48958333333334,44.0,9.299671611286463,1460.6626140430958,30.0,55H1,3
21.410416666666663,63.48958333333334,31.0,13.871551161944152,1461.2439513856646,30.0,55H1,5
21.59375,63.48958333333334,31.0,8.084614907859747,1463.1039055962522,30.0,55H1,5
21.777083333333337,63.48958333333334,10.0,4.707825720201779,1466.808206644657,30.0,55H1,5
21.960416666666674,63.48958333333334,17.0,8.650090739264764,1470.7773099704086,30.0,55H1,5
22.14375000000001,63.48958333333334,12.0,2.780658564277193,1475.5129736083172,30.0,55H2,5
19.943749999999994,63.57291666666666,18.0,2.6426317002032294,1470.4950895047389,,56G9,3
20.12708333333333,63.57291666666666,26.0,6.407526898700382,1470.4950895047389,,56H0,3
20.31041666666667,63.57291666666666,29.0,9.305401359151942,1470.4950895047389,,56H0,3
20.49375000000001,63.57291666666666,36.0,12.17093331744109,1470.4950895047389,,56H0,0
20.677083333333343,63.57291666666666,25.0,4.973356822787323,1470.4950895047389,,56H0,3
20.86041666666665,63.57291666666666,23.0,4.31433434817259,1470.4950895047389,,56H0,3
21.04374999999999,63.57291666666666,30.0,12.678794630431703,1470.4950895047389,,56H1,0
21.22708333333333,63.57291666666666,36.0,16.593005959438223,1470.4950895047389,,56H1,0
21.410416666666663,63.57291666666666,38.0,20.978730149034003,1471.4219756928303,,56H1,5
21.59375,63.57291666666666,42.0,15.396643410745614,1472.052637204965,,56H1,5
21.777083333333337,63.57291666666666,29.0,13.92785786111008,1475.258001798088,,56H1,5
21.960416666666674,63.57291666666666,29.0,14.612269623496264,1479.3706993945486,,56H1,5
22.14375000000001,63.57291666666666,23.0,9.049539266748056,1483.6291763815398,,56H2,5
22.32708333333332,63.57291666666666,5.0,0.825037199837681,1489.0081287930818,,56H2,5
20.31041666666667,63.65625,3.0,0.8226218745956239,1479.7639513856643,,56H0,3
20.49375000000001,63.65625,27.0,4.963347688313161,1479.7639513856643,,56H0,3
20.677083333333343,63.65625,27.0,6.175430764398738,1479.7639513856643,,56H0,3
20.86041666666665,63.65625,2.0,0.8226218745942109,1479.7639513856643,,56H0,3
21.04374999999999,63.65625,27.0,7.388360398984515,1479.7639513856643,,56H1,3
21.22708333333333,63.65625,39.0,15.505112178704367,1479.7639513856643,,56H1,5
21.410416666666663,63.65625,48.0,24.284763305282592,1480.6908375737562,,56H1,5
21.59375,63.65625,39.0,24.095140538815723,1480.997290617241,,56H1,5
21.777083333333337,63.65625,34.0,23.186858915208266,1484.3806585642787,,56H1,5
21.960416666666674,63.65625,30.0,19.949419679288194,1487.6851738056214,,56H1,5
22.14375000000001,63.65625,37.0,11.662298877419616,1491.7407502201638,,56H2,5
22.32708333333332,63.65625,23.0,4.454593503520533,1496.1559051949516,,56H2,5
22.510416666666657,63.65625,6.0,0.8226218745956239,1502.0085814732688,,56H2,5
20.31041666666667,63.73958333333334,1.0,0.8202048091792079,1489.982307491702,,56H0,3
20.49375000000001,63.73958333333334,7.0,2.4606143717229267,1489.9419756928346,,56H0,3
20.677083333333343,63.73958333333334,13.0,4.203873906445862,1489.9419756928346,,56H0,3
20.86041666666665,63.73958333333334,5.0,0.82020480918046,1489.982307491702,,56H0,3
21.04374999999999,63.73958333333334,12.0,4.921228366689758,1489.9419756928346,,56H1,5
21.22708333333333,63.73958333333334,43.0,12.977196776196678,1489.9419756928346,,56H1,5
21.410416666666663,63.73958333333334,56.0,21.013427905135657,1490.2982321200925,,56H1,5
21.59375,63.73958333333334,56.0,29.6164725536621,1490.8688618809258,,56H1,5
21.777083333333337,63.73958333333334,35.0,31.953718862756773,1492.924764077256,,56H1,5
21.960416666666674,63.73958333333334,40.0,24.13522424677673,1496.098078857464,,56H1,5
22.14375000000001,63.73958333333334,32.0,17.343218646869214,1500.1280922832032,,56H2,5
22.32708333333332,63.73958333333334,35.0,11.809806850227492,1504.5705786159967,,56H2,5
22.510416666666657,63.73958333333334,17.0,3.712321391103708,1509.0227605970958,,56H2,5
22.693749999999994,63.73958333333334,3.0,0.8202048091806166,1514.88530128901,,56H2,5
20.86041666666665,63.82291666666666,18.0,1.8801609699869768,1499.229921496264,,56H0,5
21.04374999999999,63.82291666666666,21.0,2.472478663443115,1499.2108375737562,,56H1,5
21.22708333333333,63.82291666666666,52.0,10.794722873865446,1499.2108375737562,,56H1,5
21.410416666666663,63.82291666666666,60.0,19.719963376865437,1499.3818555559185,,56H1,5
21.59375,63.82291666666666,62.0,28.69082860834435,1500.1377237618474,,56H1,5
21.777083333333337,63.82291666666666,52.0,36.90863711144336,1501.973772376183,,56H1,5
21.960416666666674,63.82291666666666,40.0,29.986520026887455,1505.0349774147326,,56H1,5
22.14375000000001,63.82291666666666,34.0,21.20500931081247,1508.5900924918774,,56H2,5
22.32708333333332,63.82291666666666,41.0,12.73736504229491,1512.6339612458823,,56H2,5
22.510416666666657,63.82291666666666,22.0,4.49062490288036,1517.0648531913876,,56H2,5
20.86041666666665,63.90625,9.0,0.8153654782862477,1509.3888618809258,,56H0,5
21.04374999999999,63.90625,31.0,9.784381760786957,1509.3888618809258,,56H1,5
21.22708333333333,63.90625,56.0,15.37751245273282,1509.3888618809258,,56H1,5
21.410416666666663,63.90625,55.0,22.539139648409616,1509.3888618809258,,56H1,5
21.59375,63.90625,61.0,30.67595622609639,1510.3157480690174,,56H1,5
21.777083333333337,63.90625,61.0,39.18505760512819,1510.606000517529,,56H1,5
21.960416666666674,63.90625,53.0,32.94887063226974,1513.7242907450009,,56H1,5
22.14375000000001,63.90625,61.0,24.70004116981865,1516.883821507904,,56H2,5
22.32708333333332,63.90625,38.0,16.8105755310635,1521.109278196497,,56H2,5
22.510416666666657,63.90625,37.0,9.205092999229167,1525.5377081777551,,56H2,5
22.693749999999994,63.90625,8.0,2.6161579364734133,1529.952161052145,,56H2,5
22.87708333333333,63.90625,-0.0,0.0,1534.9040445792036,,56H2,5
23.06041666666667,63.90625,4.0,1.630730942662512,1541.4470352248193,,56H3,5
21.04374999999999,63.98958333333334,37.0,6.760721061934998,1518.657723761852,,56H1,5
21.22708333333333,63.98958333333334,48.0,15.552177843291664,1518.657723761852,,56H1,5
21.410416666666663,63.98958333333334,73.0,24.451336420880725,1518.657723761852,,56H1,5
21.59375,63.98958333333334,76.0,33.11661481117762,1519.5846099499431,,56H1,5
21.777083333333337,63.98958333333334,80.0,39.63238373213571,1519.737750690711,,56H1,5
21.960416666666674,63.98958333333334,81.0,36.94367512238623,1522.4357282097692,,56H1,5
22.14375000000001,63.98958333333334,65.0,29.087518443227488,1525.5723214147592,,56H2,5
22.32708333333332,63.98958333333334,75.0,22.092295257508088,1529.520774296906,,56H2,5
22.510416666666657,63.98958333333334,48.0,14.284086359136694,1533.5444095385435,,56H2,5
22.693749999999994,63.98958333333334,36.0,7.960471241543748,1537.979875068689,,56H2,5
22.87708333333333,63.98958333333334,9.0,4.911760995576584,1542.822837907038,,56H2,5
23.06041666666667,63.98958333333334,16.0,7.989810426037168,1548.0407742969066,,56H3,5
23.24375000000001,63.98958333333334,6.0,5.237814747369883,1554.2919043132729,,56H3,5
21.11875000000001,64.07291666666666,29.0,8.312115902176936,1528.8438254781297,,57H1,5
21.30625000000001,64.07291666666666,64.0,16.926243913866944,1528.8377680211015,,57H1,5
21.49375000000001,64.07291666666666,92.0,23.23175734626994,1528.835748069016,,57H1,5
21.68125000000001,64.07291666666666,96.0,30.272740887213217,1529.764486460943,,57H1,5
21.86875000000001,64.07291666666666,94.0,36.21228901169548,1529.829120433772,,57H1,5
22.05625000000001,64.07291666666666,90.0,38.06798518974344,1532.727027411281,,57H2,5
22.24375000000001,64.07291666666666,81.0,30.217044186912428,1536.0114668462136,,57H2,5
22.43125000000001,64.07291666666666,63.0,23.151268129125192,1540.1196375233649,,57H2,5
22.61875000000001,64.07291666666666,63.0,17.527988117019003,1544.326195937069,,57H2,5
22.80625000000001,64.07291666666666,34.0,14.022918261895542,1549.1408441867045,,57H2,5
22.99375000000001,64.07291666666666,32.0,15.70835742507449,1553.6871897662973,,57H2,5
23.18125000000001,64.07291666666666,36.0,10.175305260513676,1559.1211670717548,,57H3,5
23.36875000000001,64.07291666666666,4.0,1.3732793244126371,1565.2729621335664,,57H3,5
23.55625000000001,64.07291666666666,1.0,1.0131490585084597,1572.0339517359605,,57H3,5
21.11875000000001,64.15625,3.0,4.444327275789242,1538.1088295296838,,57H1,5
21.30625000000001,64.15625,32.0,10.240111368993793,1538.1056649306297,,57H1,5
21.49375000000001,64.15625,71.0,17.69895773499842,1538.1046099499415,,57H1,5
21.68125000000001,64.15625,108.0,23.273496612709007,1539.013772376186,,57H1,5
21.86875000000001,64.15625,106.0,29.488913411322105,1539.940658564277,,57H1,5
22.05625000000001,64.15625,105.0,36.69823920717597,1541.7944309404616,,57H2,5
22.24375000000001,64.15625,72.0,36.14367876504965,1544.8056830762632,,57H2,5
22.43125000000001,64.15625,94.0,30.35417621124091,1548.239447967388,,57H2,5
22.61875000000001,64.15625,77.0,25.629154280293506,1552.4558505591522,,57H2,5
22.80625000000001,64.15625,25.0,23.243912013224865,1557.533772376186,,57H2,5
22.99375000000001,64.15625,41.0,21.76028089803702,1562.0146520280168,,57H2,5
23.18125000000001,64.15625,29.0,13.906210713918195,1566.6216681115873,,57H3,5
23.36875000000001,64.15625,27.0,8.583759719784627,1572.085282545407,,57H3,5
23.55625000000001,64.15625,12.0,4.1460098681739,1578.3138010973123,,57H3,5
21.30625000000001,64.23958333333334,22.0,5.364379816729635,1548.2826342571118,,57H1,5
21.49375000000001,64.23958333333334,26.0,10.337774132107995,1548.2826342571118,,57H1,5
21.68125000000001,64.23958333333334,87.0,16.57670184079663,1548.2826342571118,,57H1,5
21.86875000000001,64.23958333333334,107.0,23.924036770175512,1549.209520445203,,57H1,5
22.05625000000001,64.23958333333334,112.0,31.339709755961845,1550.2231406150831,,57H2,5
22.24375000000001,64.23958333333334,101.0,38.242000694563984,1553.42639673295,,57H2,5
22.43125000000001,64.23958333333334,90.0,38.11832587489548,1556.6633058362036,,57H2,5
22.61875000000001,64.23958333333334,83.0,34.233966002358514,1561.2135019276302,,57H2,5
22.80625000000001,64.23958333333334,56.0,32.49215676405968,1565.427446118688,,57H2,5
22.99375000000001,64.23958333333334,51.0,26.798293166927063,1569.999667969438,,57H2,5
23.18125000000001,64.23958333333334,37.0,20.822199683159425,1574.394326628665,,57H3,5
23.36875000000001,64.23958333333334,38.0,12.9516357576666,1579.6765770929237,,57H3,5
23.55625000000001,64.23958333333334,21.0,4.896343586330292,1585.1279401827385,,57H3,5
23.74375000000001,64.23958333333334,9.0,2.1098101614168563,1591.277023582727,,57H3,5
21.49375000000001,64.32291666666666,26.0,4.121162496445383,1558.460658564279,,57H1,5
21.68125000000001,64.32291666666666,61.0,11.64385360014095,1558.460658564279,,57H1,5
21.86875000000001,64.32291666666666,101.0,18.38574160531776,1559.38754475237,,57H1,5
22.05625000000001,64.32291666666666,117.0,25.578166761575257,1559.38754475237,,57H2,5
22.24375000000001,64.32291666666666,100.0,33.66106271465419,1562.4724779034923,,57H2,5
22.43125000000001,64.32291666666666,91.0,42.12487281596663,1565.783975797278,,57H2,5
22.61875000000001,64.32291666666666,60.0,43.11494796641261,1569.156852012607,,57H2,5
22.80625000000001,64.32291666666666,71.0,39.72108343771999,1573.3756413620572,,57H2,5
22.99375000000001,64.32291666666666,82.0,33.23714842285468,1578.041251993889,,57H2,5
23.18125000000001,64.32291666666666,47.0,25.199839263519497,1583.0580774431892,,57H3,5
23.36875000000001,64.32291666666666,25.0,17.782883119050524,1587.363950287372,,57H3,5
23.55625000000001,64.32291666666666,15.0,12.703704190931688,1592.3758536681762,,57H3,5
23.74375000000001,64.32291666666666,21.0,6.835114278333714,1598.1876454310152,,57H3,5
21.68125000000001,64.40625,34.0,5.4551514808966255,1567.729520445203,,57H1,5
21.86875000000001,64.40625,90.0,13.523340791022324,1568.379861206925,,57H1,5
22.05625000000001,64.40625,104.0,22.31884273520417,1568.6564066332946,,57H2,5
22.24375000000001,64.40625,106.0,31.23309007307445,1571.0437344398374,,57H2,5
22.43125000000001,64.40625,81.0,40.187088848184274,1574.1957669821736,,57H2,5
22.61875000000001,64.40625,60.0,49.15906582370599,1577.6269198166656,,57H2,5
22.80625000000001,64.40625,66.0,45.48480897921165,1581.8264748312365,,57H2,5
22.99375000000001,64.40625,65.0,37.73757569166629,1586.0383412633853,,57H2,5
23.18125000000001,64.40625,44.0,30.70557953027669,1590.6016625328516,,57H3,5
23.36875000000001,64.40625,28.0,24.99992038425014,1595.4489141599431,,57H3,5
23.55625000000001,64.40625,23.0,19.504474020264592,1600.204937676916,,57H3,5
23.74375000000001,64.40625,35.0,11.676641985292417,1605.0980462470286,,57H3,5
23.93125000000001,64.40625,16.0,4.413442213997478,1611.11153993752,,57H3,5
21.49375000000001,64.48958333333334,22.0,1.3618931573828728,1577.9075447523687,,57H1,5
21.68125000000001,64.48958333333334,17.0,5.324481805533387,1577.9075447523687,,57H1,5
21.86875000000001,64.48958333333334,92.0,13.50053424378361,1577.9075447523687,,57H1,5
22.05625000000001,64.48958333333334,97.0,22.27926522760537,1578.8344309404642,,57H2,5
22.24375000000001,64.48958333333334,94.0,31.17693524400968,1579.8503104136723,,57H2,5
22.43125000000001,64.48958333333334,87.0,40.11442600195651,1583.0643435686477,,57H2,5
22.61875000000001,64.48958333333334,86.0,49.06992713880633,1586.3943630440958,,57H2,5
22.80625000000001,64.48958333333334,86.0,50.44871924940036,1589.9924730454388,,57H2,5
22.99375000000001,64.48958333333334,75.0,43.61521789599514,1594.5737723761858,,57H2,5
23.18125000000001,64.48958333333334,63.0,37.71546416647467,1598.6292542983788,,57H3,5
23.36875000000001,64.48958333333334,44.0,31.7548448300412,1603.250248242976,,57H3,5
23.55625000000001,64.48958333333334,36.0,24.552126972246132,1607.964640061178,,57H3,5
23.74375000000001,64.48958333333334,38.0,16.78422556562268,1613.0937723761858,,57H3,5
23.93125000000001,64.48958333333334,29.0,9.735749810457133,1618.052807580674,,57H3,5
24.11875000000001,64.48958333333334,10.0,4.087016439664627,1624.15621388031,,57H4,5
21.49375000000001,64.57291666666666,13.0,0.9949244636388752,1587.1764066332917,,58H1,5
21.68125000000001,64.57291666666666,57.0,8.369944719684625,1587.1764066332917,,58H1,5
21.86875000000001,64.57291666666666,105.0,16.59134929209494,1587.1764066332917,,58H1,5
22.05625000000001,64.57291666666666,110.0,25.31980258585232,1588.1032928213874,,58H2,5
22.24375000000001,64.57291666666666,100.0,33.521955187432226,1588.6641694918746,,58H2,5
22.43125000000001,64.57291666666666,95.0,41.93977921919243,1591.6137105259058,,58H2,5
22.61875000000001,64.57291666666666,87.0,50.548995945212255,1594.8240324024048,,58H2,5
22.80625000000001,64.57291666666666,87.0,56.50752169872301,1598.233660094553,,58H2,5
22.99375000000001,64.57291666666666,89.0,50.52001652113363,1602.4361486068417,,58H2,5
23.18125000000001,64.57291666666666,72.0,44.35530654462414,1606.6443538061064,,58H3,5
23.36875000000001,64.57291666666666,62.0,36.92517696809879,1611.167086132277,,58H3,5
23.55625000000001,64.57291666666666,50.0,29.50408308670293,1616.0008466316528,,58H3,5
23.74375000000001,64.57291666666666,21.0,22.525697268923857,1620.7639818309017,,58H3,5
23.93125000000001,64.57291666666666,21.0,16.48649971239747,1625.529403683594,,58H3,5
24.11875000000001,64.57291666666666,18.0,8.369944719683359,1631.1198880544605,,58H4,5
24.30625000000001,64.57291666666666,8.0,2.9847732836239254,1637.22461846509,,58H4,5
21.30625000000001,64.65625,20.0,2.1893401268442294,1598.2287176262869,,58H1,5
21.49375000000001,64.65625,56.0,6.48820331664867,1597.3544309404615,,58H1,5
21.68125000000001,64.65625,53.0,11.043452242993428,1597.3544309404615,,58H1,5
21.86875000000001,64.65625,110.0,19.014213229312336,1597.3544309404615,,58H1,5
22.05625000000001,64.65625,109.0,27.58336617443697,1598.2287176262869,,58H2,5
22.24375000000001,64.65625,93.0,36.32987339310424,1598.281317128556,,58H2,5
22.43125000000001,64.65625,61.0,44.952644622583584,1600.3964913176644,,58H2,5
22.61875000000001,64.65625,75.0,53.53269575032123,1603.6629264155526,,58H2,5
22.80625000000001,64.65625,85.0,61.87662994885816,1606.9395903213758,,58H2,5
22.99375000000001,64.65625,80.0,57.05573173824096,1610.574967035226,,58H2,5
23.18125000000001,64.65625,75.0,49.41878544903268,1615.078088278823,,58H3,5
23.36875000000001,64.65625,73.0,42.30730967958116,1619.231228114914,,58H3,5
23.55625000000001,64.65625,71.0,35.37134923767816,1623.85987188883,,58H3,5
23.74375000000001,64.65625,35.0,28.478416181883592,1628.560952347225,,58H3,5
23.93125000000001,64.65625,17.0,21.12628562442177,1633.598088278823,,58H3,5
24.11875000000001,64.65625,22.0,13.196644663349373,1638.5685526018874,,58H4,5
24.30625000000001,64.65625,8.0,4.846417602793165,1643.9961495209125,,58H4,5
21.30625000000001,64.73958333333334,5.0,1.3552146319807084,1606.937676876633,,58H1,5
21.49375000000001,64.73958333333334,33.0,9.930151061357757,1606.6232928213874,,58H1,5
21.68125000000001,64.73958333333334,71.0,18.10803420055253,1606.6232928213874,,58H1,5
21.86875000000001,64.73958333333334,87.0,23.80646137010551,1606.6232928213874,,58H1,5
22.05625000000001,64.73958333333334,102.0,31.06160194002211,1606.937676876633,,58H2,5
22.24375000000001,64.73958333333334,108.0,39.014407034245714,1607.5501790094818,,58H2,5
22.43125000000001,64.73958333333334,87.0,47.31432394779696,1609.2384107433395,,58H2,5
22.61875000000001,64.73958333333334,106.0,55.8066369658838,1612.189579840803,,58H2,5
22.80625000000001,64.73958333333334,90.0,63.48242571995592,1615.442602792443,,58H2,5
22.99375000000001,64.73958333333334,70.0,62.041279244389045,1618.8409981208886,,58H2,5
23.18125000000001,64.73958333333334,71.0,55.02157712497298,1623.0413996242178,,58H3,5
23.36875000000001,64.73958333333334,55.0,48.212830468078,1627.2452904058655,,58H3,5
23.55625000000001,64.73958333333334,76.0,40.9385830698236,1631.861157985068,,58H3,5
23.74375000000001,64.73958333333334,35.0,32.766041012753035,1636.586552386423,,58H3,5
23.93125000000001,64.73958333333334,32.0,24.19814123485884,1641.3345904409566,,58H3,5
24.11875000000001,64.73958333333334,23.0,15.550540396971591,1646.0875187340546,,58H4,5
24.30625000000001,64.73958333333334,12.0,7.532106425470402,1651.2313990354576,,58H4,5
24.49375000000001,64.73958333333334,8.0,3.412746519577807,1657.0762010989692,,58H4,5
21.30625000000001,64.82291666666666,27.0,5.647850331696493,1616.801317128553,,58H1,5
21.49375000000001,64.82291666666666,32.0,11.310379215777502,1616.801317128553,,58H1,5
21.68125000000001,64.82291666666666,62.0,19.521386599269828,1616.801317128553,,58H1,5
21.86875000000001,64.82291666666666,70.0,27.69628198620209,1616.801317128553,,58H1,5
22.05625000000001,64.82291666666666,92.0,33.757970801785866,1616.801317128553,,58H2,5
22.24375000000001,64.82291666666666,87.0,40.63998332904448,1617.7282033166473,,58H2,5
22.43125000000001,64.82291666666666,58.0,45.3803802084739,1618.3717351202868,,58H2,5
22.61875000000001,64.82291666666666,100.0,50.69851960120569,1620.970610416858,,58H2,5
22.80625000000001,64.82291666666666,82.0,56.57096795630165,1624.2623985005912,,58H2,5
22.99375000000001,64.82291666666666,72.0,62.04182608642733,1627.4854659313662,,58H2,5
23.18125000000001,64.82291666666666,77.0,60.89161009880058,1631.613772376183,,58H3,5
23.36875000000001,64.82291666666666,75.0,52.2737124011946,1635.661062697751,,58H3,5
23.55625000000001,64.82291666666666,76.0,43.7656086670511,1639.8351280803608,,58H3,5
23.74375000000001,64.82291666666666,47.0,35.44654879653274,1644.464081245713,,58H3,5
23.93125000000001,64.82291666666666,41.0,27.488811196648854,1649.1525778587836,,58H3,5
24.11875000000001,64.82291666666666,29.0,20.32150704409929,1654.181062697751,,58H4,5
24.30625000000001,64.82291666666666,23.0,11.867477910650344,1658.781484743654,,58H4,5
24.49375000000001,64.82291666666666,4.0,3.0996367988323037,1663.8607110229857,,58H4,5
21.30625000000001,64.90625,21.0,2.0982933921837983,1626.070179009479,,58H1,5
21.49375000000001,64.90625,48.0,8.762913387874573,1626.070179009479,,58H1,5
21.68125000000001,64.90625,47.0,14.936591866339338,1626.070179009479,,58H1,5
21.86875000000001,64.90625,67.0,20.96149329450729,1626.070179009479,,58H1,5
22.05625000000001,64.90625,61.0,28.17955403128502,1626.070179009479,,58H2,5
22.24375000000001,64.90625,74.0,32.680505928602464,1626.9970651975732,,58H2,5
22.43125000000001,64.90625,76.0,37.96347982934734,1627.2719320838185,,58H2,5
22.61875000000001,64.90625,78.0,43.75349928755379,1629.8172479315026,,58H2,5
22.80625000000001,64.90625,68.0,49.82121578142444,1633.1656884968656,,58H2,5
22.99375000000001,64.90625,66.0,54.02480925685073,1636.055737594911,,58H2,5
23.18125000000001,64.90625,78.0,59.23908230817111,1639.4450456317877,,58H3,5
23.36875000000001,64.90625,83.0,55.39253114901442,1643.6417985628243,,58H3,5
23.55625000000001,64.90625,79.0,47.473655110013325,1647.8410601689593,,58H3,5
23.74375000000001,64.90625,38.0,39.72248878363808,1652.4768726173688,,58H3,5
23.93125000000001,64.90625,32.0,31.24262887834708,1657.178741881052,,58H3,5
24.11875000000001,64.90625,18.0,23.050116145071676,1661.909090286294,,58H4,5
24.30625000000001,64.90625,14.0,15.6044225822184,1666.6476868680736,,58H4,5
24.49375000000001,64.90625,8.0,9.45072826666104,1671.5379904989168,,58H4,5
24.68125000000001,64.90625,10.0,4.196872617368286,1676.9204490659913,,58H4,5
24.86875000000001,64.90625,2.0,2.780658564278608,1683.7555925515242,,58H4,5
25.24375000000001,64.90625,2.0,2.1733317166985784,1701.0734355168072,,58H5,5
21.49375000000001,64.98958333333334,22.0,2.780658564274362,1636.2482033166473,,58H1,5
21.68125000000001,64.98958333333334,33.0,8.272449735298053,1636.2482033166473,,58H1,5
21.86875000000001,64.98958333333334,69.0,16.33388771212527,1636.2482033166473,,58H1,5
22.05625000000001,64.98958333333334,49.0,20.138270151715684,1636.2482033166473,,58H2,5
22.24375000000001,64.98958333333334,52.0,25.322692797296053,1636.5382184631344,,58H2,5
22.43125000000001,64.98958333333334,57.0,30.960422474136017,1637.175089504743,,58H2,5
22.61875000000001,64.98958333333334,28.0,37.81824619191081,1638.9788926271776,,58H2,5
22.80625000000001,64.98958333333334,45.0,41.53101679550276,1641.5552011933949,,58H2,5
22.99375000000001,64.98958333333334,88.0,46.47573838885312,1644.8601603295588,,58H2,5
23.18125000000001,64.98958333333334,78.0,52.42556662196652,1648.0432697553315,,58H3,5
23.36875000000001,64.98958333333334,90.0,56.83306175282135,1652.1149519560267,,58H3,5
23.55625000000001,64.98958333333334,74.0,48.02459057697116,1656.2576585744966,,58H3,5
23.74375000000001,64.98958333333334,26.0,39.21850813305296,1660.4371797539154,,58H3,5
23.93125000000001,64.98958333333334,22.0,30.417000287444072,1665.062903415374,,58H3,5
24.11875000000001,64.98958333333334,14.0,21.62577791046876,1670.202166798901,,58H4,5
24.30625000000001,64.98958333333334,18.0,12.86609870470515,1674.7776585744966,,58H4,5
24.49375000000001,64.98958333333334,11.0,4.333963669934272,1679.3854673290512,,58H4,5
25.05625000000001,64.98958333333334,10.0,5.031009010211182,1696.274809854666,,58H5,5
21.635416666666657,65.07291666666666,14.0,2.6924454443369026,1645.517065197569,,59H1,5
21.83125000000001,65.07291666666666,52.0,8.117228579854821,1645.517065197569,,59H1,5
22.027083333333337,65.07291666666666,29.0,12.109014333418472,1645.517065197569,,59H2,5
22.222916666666663,65.07291666666666,45.0,17.48502294601415,1645.5474624491342,,59H2,5
22.41874999999999,65.07291666666666,39.0,24.59566858069771,1646.4439513856646,,59H2,5
22.614583333333343,65.07291666666666,27.0,29.30217064278499,1647.7975527122487,,59H2,5
22.81041666666667,65.07291666666666,64.0,33.753817397028506,1650.9733321807512,,59H2,5
23.006249999999994,65.07291666666666,90.0,40.29522611324704,1653.9265771498904,,59H3,5
23.20208333333332,65.07291666666666,87.0,46.35821993831421,1657.122900087875,,59H3,5
23.397916666666674,65.07291666666666,89.0,50.64778481237703,1660.4310236149254,,59H3,5
23.59375,65.07291666666666,60.0,46.07898896889198,1665.283779157093,,59H3,5
23.78958333333333,65.07291666666666,27.0,37.31931420574573,1669.747329652757,,59H3,5
23.98541666666665,65.07291666666666,22.0,27.612525014499152,1674.774283073033,,59H3,5
24.18125000000001,65.07291666666666,20.0,18.933980069057657,1679.3769034173897,,59H4,5
24.37708333333333,65.07291666666666,6.0,10.452016521685737,1684.050455536951,,59H4,5
24.572916666666657,65.07291666666666,2.0,2.095438761197765,1689.5111623523471,,59H4,5
24.964583333333337,65.07291666666666,6.0,1.8537723761829088,1700.820218726919,,59H4,5
25.160416666666663,65.07291666666666,2.0,3.397595977057136,1706.5333321807502,,59H5,5
25.35624999999999,65.07291666666666,6.0,1.346333595029762,1712.9293496175178,,59H5,5
21.635416666666657,65.15625,18.0,1.3443392471211084,1655.6950895047387,,59H1,5
21.83125000000001,65.15625,2.0,1.344339247121216,1655.6950895047387,,59H1,5
22.027083333333337,65.15625,19.0,4.783626564949467,1655.6950895047387,,59H2,5
22.222916666666663,65.15625,33.0,12.95239359435381,1655.6950895047387,,59H2,5
22.41874999999999,65.15625,9.0,17.717513657566162,1656.6219756928303,,59H2,5
22.614583333333343,65.15625,21.0,21.114314413289133,1656.846831636954,,59H2,5
22.81041666666667,65.15625,56.0,26.937669541979968,1659.57241382478,,59H2,5
23.006249999999994,65.15625,68.0,33.62661672285663,1662.515838554119,,59H3,5
23.20208333333332,65.15625,87.0,40.58540447090694,1665.6634395134438,,59H3,5
23.397916666666674,65.15625,82.0,41.50993124990599,1669.4888999365735,,59H3,5
23.59375,65.15625,56.0,40.82880517315764,1673.5746916502478,,59H3,5
23.78958333333333,65.15625,23.0,39.281756458022805,1677.7165463473484,,59H3,5
23.98541666666665,65.15625,23.0,30.244824685852063,1682.4684086833493,,59H3,5
24.18125000000001,65.15625,22.0,22.45603134775412,1687.4140152244129,,59H4,5
24.37708333333333,65.15625,14.0,15.454215935696771,1692.1113284874484,,59H4,5
24.572916666666657,65.15625,15.0,9.208514546308129,1697.4346006465753,,59H4,5
24.76875000000001,65.15625,10.0,7.116602238113173,1702.1598022639446,,59H4,5
24.964583333333337,65.15625,7.0,4.003647840666771,1709.4480471894915,,59H4,5
25.160416666666663,65.15625,10.0,3.3951382549960507,1713.501849740649,,59H5,5
21.83125000000001,65.23958333333334,7.0,0.9268861880914544,1664.9639513856646,,59H1,5
22.027083333333337,65.23958333333334,22.0,7.383759475968646,1664.9639513856646,,59H2,5
22.222916666666663,65.23958333333334,16.0,10.752203154902558,1664.9639513856646,,59H2,5
22.41874999999999,65.23958333333334,36.0,8.564193013594787,1665.6591526400823,,59H2,5
22.614583333333343,65.23958333333334,12.0,14.312049219153456,1665.9981178987623,,59H2,5
22.81041666666667,65.23958333333334,52.0,20.21000218700525,1668.653772376186,,59H2,5
23.006249999999994,65.23958333333334,78.0,28.324642631988937,1671.5351155885387,,59H3,5
23.20208333333332,65.23958333333334,92.0,34.16724948522752,1674.465545863893,,59H3,5
23.397916666666674,65.23958333333334,80.0,32.446482032428094,1677.7121808931352,,59H3,5
23.59375,65.23958333333334,59.0,31.573209022140983,1681.45411690986,,59H3,5
23.78958333333333,65.23958333333334,43.0,33.25485640633153,1685.8489827098988,,59H3,5
23.98541666666665,65.23958333333334,23.0,34.83424537168386,1690.79432872406,,59H3,5
24.18125000000001,65.23958333333334,15.0,28.198901156363167,1695.3713413884602,,59H4,5
24.37708333333333,65.23958333333334,13.0,22.267830292824065,1699.97411690986,,59H4,5
24.572916666666657,65.23958333333334,8.0,14.557595950356063,1705.693772376186,,59H4,5
24.76875000000001,65.23958333333334,2.0,5.823043379438428,1710.1186340492557,,59H4,5
24.964583333333337,65.23958333333334,15.0,3.882029272310167,1715.9270854596643,,59H4,5
25.160416666666663,65.23958333333334,14.0,3.39058045960351,1721.4152300824617,,59H5,5
21.83125000000001,65.32291666666666,13.0,1.9348918592915485,1675.1980459674005,,59H1,5
22.027083333333337,65.32291666666666,16.0,2.67916184809747,1675.1419756928317,,59H2,5
22.222916666666663,65.32291666666666,25.0,6.836318174899045,1675.1419756928317,,59H2,5
22.41874999999999,65.32291666666666,8.0,2.1457188992071314,1675.1419756928317,,59H2,5
22.614583333333343,65.32291666666666,27.0,7.716827300277758,1676.0688618809231,,59H2,5
22.81041666666667,65.32291666666666,49.0,15.890626803697335,1677.4021774734845,,59H2,5
23.006249999999994,65.32291666666666,78.0,21.465198563366744,1680.343585155012,,59H3,5
23.20208333333332,65.32291666666666,76.0,27.57561426950862,1683.110365375867,,59H3,5
23.397916666666674,65.32291666666666,77.0,23.54352391057457,1686.2307662066764,,59H3,5
23.59375,65.32291666666666,49.0,22.328621094451886,1690.0544886750588,,59H3,5
23.78958333333333,65.32291666666666,24.0,24.64226349031711,1694.0300907674782,,59H3,5
23.98541666666665,65.32291666666666,19.0,28.89165904512228,1698.699977920929,,59H3,5
24.18125000000001,65.32291666666666,27.0,30.47394594043155,1703.040134432533,,59H4,5
24.37708333333333,65.32291666666666,28.0,21.97877059909257,1707.8604011308653,,59H4,5
24.572916666666657,65.32291666666666,14.0,12.86270164191002,1713.0381758074147,,59H4,5
24.76875000000001,65.32291666666666,27.0,6.035683038253774,1717.9755199969436,,59H4,5
24.964583333333337,65.32291666666666,26.0,7.424207911343383,1723.1398030863938,,59H4,5
25.160416666666663,65.32291666666666,8.0,3.978643218785741,1729.061773409744,,59H5,5
22.027083333333337,65.40625,3.0,0.9643824549564636,1684.4108375737562,,59H2,5
22.222916666666663,65.40625,16.0,1.853772376184324,1684.4108375737562,,59H2,5
22.41874999999999,65.40625,16.0,2.675625194368953,1684.4108375737562,,59H2,5
22.614583333333343,65.40625,48.0,4.821911747686716,1685.3377237618474,,59H2,5
22.81041666666667,65.40625,31.0,8.356210345490494,1686.2252693580824,,59H2,5
23.006249999999994,65.40625,91.0,15.043748981487626,1689.4998026533538,,59H3,5
23.20208333333332,65.40625,76.0,20.87989473068146,1692.089430550131,,59H3,5
23.397916666666674,65.40625,99.0,15.087887788335916,1695.0312663415857,,59H3,5
23.59375,65.40625,39.0,13.1183348005306,1698.6920009661296,,59H3,5
23.78958333333333,65.40625,38.0,16.745753762922703,1702.045992995528,,59H3,5
23.98541666666665,65.40625,14.0,20.481875618975668,1706.7832944329623,,59H3,5
24.18125000000001,65.40625,16.0,22.26600341666105,1711.203654362997,,59H4,5
24.37708333333333,65.40625,13.0,21.303914662349765,1715.5682342371083,,59H4,5
24.572916666666657,65.40625,13.0,11.723746620876664,1720.7736344381165,,59H4,5
24.76875000000001,65.40625,20.0,3.43687248772116,1725.7446332476975,,59H4,5
24.964583333333337,65.40625,8.0,0.9643824549564636,1731.0578412123527,,59H4,5
25.160416666666663,65.40625,7.0,4.821911747685538,1735.7595968930716,,59H5,5
22.027083333333337,65.48958333333334,8.0,1.3352727965020676,1694.6387380085823,,59H2,5
22.222916666666663,65.48958333333334,20.0,1.3352727965020676,1694.5888618809258,,59H2,5
22.41874999999999,65.48958333333334,12.0,2.134118001929045,1694.5888618809258,,59H2,5
22.614583333333343,65.48958333333334,14.0,2.0883466702824576,1695.5157480690175,,59H2,5
22.81041666666667,65.48958333333334,38.0,2.883950675810793,1695.5611254677983,,59H2,5
23.006249999999994,65.48958333333334,50.0,10.297616268720594,1698.2965162383955,,59H3,5
23.20208333333332,65.48958333333334,74.0,16.747477867249422,1700.9134388580685,,59H3,5
23.397916666666674,65.48958333333334,21.0,8.53315390918757,1703.7003699696295,,59H3,5
23.59375,65.48958333333334,42.0,4.175846241605609,1707.5475447523688,,59H3,5
23.78958333333333,65.48958333333334,14.0,8.397025368305927,1710.6076846867263,,59H3,5
23.98541666666665,65.48958333333334,15.0,11.286955296814638,1714.761839593075,,59H3,5
24.18125000000001,65.48958333333334,12.0,13.011807367853892,1719.2668273612949,,59H4,5
24.37708333333333,65.48958333333334,18.0,15.075384394570476,1723.6954935512997,,59H4,5
24.572916666666657,65.48958333333334,15.0,15.786203486695108,1728.6258867188606,,59H4,5
24.76875000000001,65.48958333333334,9.0,11.491822894250417,1733.281839593075,,59H4,5
24.964583333333337,65.48958333333334,9.0,7.66090757561278,1738.7463998250123,,59H4,5
25.160416666666663,65.48958333333334,5.0,5.5509640574487245,1743.551207796446,,59H5,5
22.41874999999999,65.57291666666666,19.0,2.086936016150441,1703.857723761849,,60H2,5
22.81041666666667,65.57291666666666,45.0,1.3332868752795062,1704.8083415010817,,60H2,5
23.006249999999994,65.57291666666666,35.0,7.47659290228308,1707.54754475237,,60H3,5
23.20208333333332,65.57291666666666,16.0,10.658349715606846,1710.1016531850742,,60H3,5
23.397916666666674,65.57291666666666,53.0,9.476739486835989,1712.664768976461,,60H3,5
23.59375,65.57291666666666,29.0,5.749495274008459,1715.9543396211511,,60H3,5
23.78958333333333,65.57291666666666,2.0,0.9582493654990574,1719.2838154114254,,60H3,5
23.98541666666665,65.57291666666666,13.0,2.665912008212583,1723.0563070001683,,60H3,5
24.18125000000001,65.57291666666666,22.0,3.82922363531336,1727.375655261463,,60H4,5
24.37708333333333,65.57291666666666,22.0,8.511054579133656,1731.542742522524,,60H4,5
24.572916666666657,65.57291666666666,21.0,6.558427058721611,1736.4446109342753,,60H4,5
24.76875000000001,65.57291666666666,12.0,6.259116841198986,1741.143985346591,,60H4,5
24.964583333333337,65.57291666666666,8.0,2.940989918540003,1746.33484708987,,60H4,5
22.81041666666667,65.65625,12.0,0.9551797769071476,1715.003730553323,,60H2,5
23.006249999999994,65.65625,12.0,0.9268861880914544,1716.226951361603,,60H3,5
23.20208333333332,65.65625,10.0,5.8046370409151145,1718.8834414907587,,60H3,5
23.397916666666674,65.65625,7.0,8.652636135226608,1721.4862309755113,,60H3,5
23.59375,65.65625,13.0,7.327581657402086,1725.0223846124177,,60H3,5
23.78958333333333,65.65625,3.0,0.0,1728.0029049401871,,60H3,5
23.98541666666665,65.65625,1.0,1.910359527605893,1731.5376182887587,,60H3,5
24.18125000000001,65.65625,13.0,2.661503158844956,1735.3251626521867,,60H4,5
24.37708333333333,65.65625,14.0,5.322124378737833,1739.512725037762,,60H4,5
24.572916666666657,65.65625,-0.0,0.9268861880914544,1744.7087634536622,,60H4,5
24.76875000000001,65.65625,3.0,0.9268861880914544,1748.93960958108,,60H4,5
22.41874999999999,65.73958333333334,9.0,2.780658564277193,1723.3046099499418,,60H2,5
22.614583333333343,65.73958333333334,14.0,2.0841226098780004,1724.213772376186,,60H2,5
22.81041666666667,65.73958333333334,7.0,1.328659255015861,1727.0770182078295,,60H2,5
23.006249999999994,65.73958333333334,18.0,1.853772376184324,1725.299294064197,,60H3,5
23.20208333333332,65.73958333333334,1.0,0.9268861880928692,1728.0023854189276,,60H3,5
23.397916666666674,65.73958333333334,12.0,1.328659255015861,1730.6981742108137,,60H3,5
23.59375,65.73958333333334,10.0,2.6579789397617195,1733.6159519230096,,60H3,5
23.98541666666665,65.73958333333334,12.0,2.856324398558713,1740.3075637172385,,60H3,5
24.18125000000001,65.73958333333334,7.0,2.083841852777344,1743.8192940641975,,60H4,5
24.37708333333333,65.73958333333334,3.0,2.938995460595204,1747.9704018892703,,60H4,5
22.41874999999999,65.82291666666666,3.0,0.9490345444640604,1733.4826342571089,,60H2,5
22.81041666666667,65.82291666666666,5.0,1.3264587340285168,1734.995754103816,,60H2,5
23.20208333333332,65.82291666666666,2.0,0.9268861880942844,1736.7746530228524,,60H3,5
