,x_lon,y_lat,year,country,HaulNumber,doty,trawl_depth,trawl_dur,trawl_net,time_minutes,ntd,depth,dts,dto,dfb,transparency,bottom_oxygen,salinity,temperature,126417,126425,126505,126436,126507,127214,126438,126426,125999,126822,127141,126736,127139,126868,127385,127082,127219,127023,126756,127143,127186,127123,150637,127203,126375,101172,126964,126421,126892,127393,126752,126484,127149,126450,126986,254529,154675,127190,127187,105923,127137,126281,126916,126437,151308
0,19.4613,63.1488,2007,SE,1,274,40.0,30,16.0,279,0,167.0,20.481314263897133,1420.4964066332946,127.0,8.60378646850586,290.490478515625,5.63,3.48,1,1,1,0,1,0,0,0,0,0,0,0,0,0,0,0,0,0,0,0,0,0,0,0,0,0,0,0,0,0,0,0,0,0,0,0,0,0,0,0,0,0,0,0,0
1,18.812,62.4123,2007,SE,10,275,80.0,31,15.0,779,1,109.0,44.33412528920953,1334.3846099499406,29.0,8.727511405944824,285.4656677246094,6.15,3.11,1,1,1,0,0,0,0,0,0,0,0,0,0,0,0,0,1,0,0,0,0,0,0,0,0,0,0,0,0,0,0,0,0,0,0,0,0,0,0,0,0,0,0,0,0
2,19.404,62.406,2007,SE,11,275,63.6,60,13.4,921,0,91.0,71.66410333797768,1333.457723761849,27.4,8.755273818969727,285.7255249023437,6.09,2.98,1,1,1,0,0,0,0,0,0,0,0,0,0,0,0,0,1,0,0,0,0,0,0,0,0,0,0,0,0,0,0,0,0,0,0,0,0,0,0,0,0,0,0,0,0
3,20.3698,62.3898,2007,SE,12,275,2.4,30,17.6,1155,-1,76.0,38.05906233315363,1331.6039513856615,73.6,8.836431503295898,318.4564819335937,5.32,9.12,1,1,1,0,0,0,0,0,0,0,0,0,0,0,0,0,0,0,0,0,0,0,0,0,0,0,0,0,0,0,0,0,0,0,0,0,0,0,0,0,0,0,0,0,0
4,19.1682,62.0292,2007,SE,13,276,14.6,30,18.5,305,0,80.0,77.05058680469551,1289.9295204452046,65.4,8.778097152709961,276.1612854003906,4.91,8.71,1,1,1,0,0,0,0,0,0,0,0,0,0,0,0,0,0,0,0,0,0,0,0,0,0,0,0,0,0,0,0,0,0,0,0,0,0,0,0,0,0,0,0,0,0
5,17.9218,62.1738,2007,SE,14,276,3.3,30,17.0,564,1,64.0,11.020820142318923,1306.5957480690145,60.7,8.631743431091309,286.5860595703125,4.78,8.49,1,1,1,0,0,0,0,0,0,0,0,0,0,0,0,0,0,0,0,0,0,0,0,0,0,0,0,0,0,0,0,0,0,0,0,0,0,0,0,0,0,0,0,0,0
6,17.7558,61.9737,2007,SE,15,276,53.0,30,12.0,698,1,78.0,12.338318059860386,1283.441317128557,25.0,8.706792831420898,276.3281555175781,5.85,3.22,1,1,1,0,0,0,0,0,0,0,0,0,0,0,0,0,1,0,0,0,0,0,0,0,0,0,0,0,0,0,0,0,0,0,0,0,0,0,0,0,0,0,0,0,0
7,18.0817,61.8302,2007,SE,16,276,22.0,46,18.0,866,1,79.0,30.173854445156035,1266.775089504743,57.0,8.782017707824707,261.8937072753906,5.03,8.6,1,1,1,0,0,0,0,0,0,0,0,0,0,0,0,0,0,0,0,0,0,1,0,0,0,0,0,0,0,0,0,0,0,0,0,0,0,0,0,0,0,0,0,0,0
8,18.501,61.8075,2007,SE,17,276,35.0,30,17.0,1006,0,72.0,50.67373619292009,1263.9944309404643,37.0,8.711420059204102,257.2165832519531,5.42,3.96,1,1,1,0,0,0,0,0,0,0,0,0,0,0,0,0,1,0,0,0,0,0,0,0,0,0,0,0,0,0,0,0,0,0,0,0,0,0,0,0,0,0,0,0,0
9,19.24,61.6672,2007,SE,18,276,9.5,40,17.0,1087,-1,77.0,89.89288810656232,1247.3282033166472,67.5,8.767129898071289,272.4916381835937,4.97,8.71,1,1,1,0,0,0,0,0,0,0,0,0,0,0,0,0,0,0,0,0,0,0,0,0,0,0,0,0,0,0,0,0,0,0,0,0,0,0,0,0,0,0,0,0,0
10,20.5873,62.112,2007,SE,19,277,58.0,50,15.3,382,1,84.0,36.4145934986295,1300.2076810919232,26.0,8.848347663879395,325.2540588378906,6.07,3.66,1,1,1,0,0,0,0,0,0,0,0,1,0,0,0,0,1,0,0,0,0,0,0,0,0,0,0,0,0,0,0,0,0,0,0,0,0,0,0,0,0,0,0,0,0
11,20.2715,63.2997,2007,SE,2,274,26.0,30,15.0,645,1,105.0,17.894422763756886,1438.0895204452004,79.0,8.641406059265137,309.1899108886719,5.29,7.97,1,1,1,0,0,0,0,0,0,0,0,1,0,0,0,0,0,0,0,0,0,0,0,0,0,0,0,0,0,0,0,0,0,0,0,0,0,0,0,0,0,0,0,0,0
12,20.8553,61.9435,2007,SE,20,277,23.7,50,19.6,526,1,53.0,23.3265195904435,1286.9235113554485,29.3,8.59451961517334,332.66070556640625,5.5,8.94,1,1,1,0,0,0,0,0,0,0,0,0,0,0,0,0,0,0,0,0,0,0,0,0,0,0,0,0,0,0,0,0,0,0,0,0,0,0,0,0,0,0,0,0,0
13,20.875,61.7645,2007,SE,21,277,33.0,31,17.0,686,1,69.0,26.216181145877005,1270.4613182768337,36.0,8.703990936279297,326.0652770996094,5.55,7.65,1,1,1,0,0,0,0,0,0,0,0,1,0,0,0,0,0,0,0,0,0,0,0,0,0,0,0,0,0,0,0,0,0,0,0,0,0,0,0,0,0,0,0,0,0
14,20.5143,61.3828,2007,SE,22,277,64.0,50,15.3,913,0,112.0,45.48783405985171,1223.6036382243396,48.0,8.998068809509277,320.573486328125,6.39,4.72,1,1,1,0,0,0,0,0,0,0,0,0,0,0,0,0,1,0,0,0,0,0,0,0,0,0,0,0,0,0,0,0,0,0,0,0,0,0,0,0,0,0,0,0,0
15,19.5881,61.5518,2007,SE,23,277,8.9,40,18.1,1180,-1,77.0,93.21713955633852,1233.4426342571087,68.1,8.878255844116211,286.13922119140625,4.97,8.91,1,1,1,0,0,0,0,0,0,0,0,0,0,0,0,0,0,0,0,0,0,0,0,0,0,0,0,0,0,0,0,0,0,0,0,0,0,0,0,0,0,0,0,0,0
16,17.9599,61.2041,2007,SE,24,278,22.0,31,9.4,284,0,79.0,34.26675260265223,1197.629284749546,57.0,8.781513214111328,259.3727111816406,5.02,9.85,1,1,1,0,0,0,0,0,0,0,0,0,0,0,0,0,0,0,0,0,0,0,0,0,0,0,0,0,0,0,0,0,0,0,0,0,0,0,0,0,0,0,0,0,0
17,18.0673,61.1226,2007,SE,25,278,24.9,30,18.3,395,1,71.0,39.63651920663501,1187.1337723761872,46.1,8.81140422821045,257.4891357421875,5.06,9.92,1,1,1,0,0,1,0,0,0,0,0,0,0,0,0,0,0,0,0,0,0,0,0,0,0,0,0,0,0,0,0,0,0,0,0,0,0,0,0,0,0,0,0,0,0
18,18.7309,61.1367,2007,SE,26,281,29.1,30,15.5,433,1,60.0,70.03317030668744,1185.2977237618477,30.9,8.894028663635254,280.19464111328125,5.31,6.9,1,1,1,0,0,0,0,0,0,0,0,0,0,0,0,0,0,0,0,0,0,0,0,0,0,0,0,0,0,0,0,0,0,0,0,0,0,0,0,0,0,0,0,0,0
19,19.2934,61.093,2007,SE,27,281,58.0,30,14.0,807,1,102.0,76.91527797598401,1179.7364066332946,44.0,8.909235954284668,286.6509704589844,5.99,3.12,1,1,1,0,0,0,0,0,0,0,0,0,0,0,0,0,1,0,0,0,0,0,0,0,0,0,0,0,0,0,0,0,0,0,0,0,0,0,0,0,0,0,0,0,0
20,19.5531,61.0879,2007,SE,28,281,50.0,32,12.3,985,0,116.0,73.78169585369878,1179.7364066332946,66.0,8.89736270904541,298.9107666015625,5.83,3.15,1,1,1,0,0,0,0,0,0,0,0,0,0,0,0,0,1,0,0,0,0,0,0,0,0,0,0,0,0,0,0,0,0,0,0,0,0,0,0,0,0,0,0,0,0
21,20.2436,61.1146,2007,SE,29,281,18.9,30,17.0,1272,-1,111.0,50.34585272404478,1190.2488763982726,92.1,8.991226196289062,313.22509765625,5.26,9.59,1,1,1,0,0,0,0,0,0,0,0,0,0,0,0,0,1,0,0,0,0,0,0,0,0,0,0,0,0,0,0,0,0,0,0,0,0,0,0,0,0,0,0,0,0
22,20.5278,62.9752,2007,SE,3,274,26.0,30,20.0,823,1,77.0,15.162749072043573,1400.12263425711,51.0,8.580978393554688,338.3194580078125,5.35,8.24,1,1,1,0,0,0,0,0,0,0,0,1,0,0,0,0,0,0,0,0,0,0,0,0,0,0,0,0,0,0,0,0,0,0,0,0,0,0,0,0,0,0,0,0,0
23,20.3896,60.8865,2007,SE,30,282,47.0,34,16.4,390,1,81.0,33.710177746112386,1171.350591304819,34.0,9.03872299194336,320.4638061523437,6.18,4.95,1,0,1,0,0,0,0,0,0,0,0,0,0,0,0,0,0,0,0,0,0,0,0,0,0,0,0,0,0,0,0,0,0,0,0,0,0,0,0,0,0,0,0,0,0
24,19.9261,60.9121,2007,SE,31,282,63.2,31,22.2,557,1,102.0,51.22277876594645,1161.8457706655563,38.8,8.977816581726074,324.89276123046875,6.37,4.88,1,1,1,0,0,0,0,0,0,0,0,0,0,0,0,0,0,0,0,0,0,1,0,0,0,0,0,0,0,0,0,0,0,0,0,0,0,0,0,0,0,0,0,0,0
25,19.4131,60.938,2007,SE,32,282,84.0,60,12.0,705,1,117.0,59.11121930695917,1162.1432928213874,33.0,8.896133422851562,317.53271484375,6.59,4.3,1,1,1,0,0,0,0,0,0,0,0,0,0,0,0,0,1,0,0,0,0,0,0,0,0,0,0,0,0,0,0,0,0,0,0,0,0,0,0,0,0,0,0,0,0
26,18.7309,60.8829,2007,SE,33,282,46.0,30,15.0,912,0,73.0,42.94824912022903,1155.6550895047403,27.0,8.858470916748047,288.9047241210937,5.66,3.59,1,1,1,0,0,0,0,0,0,0,0,0,0,0,0,0,1,0,0,0,0,0,0,0,0,0,0,0,0,0,0,0,0,0,0,0,0,0,0,0,0,0,0,0,0
27,18.6636,60.9081,2007,SE,34,282,2.0,40,21.6,987,0,73.0,44.1605344986116,1158.435748069017,71.0,8.826982498168945,286.2460632324219,5.11,9.47,1,1,1,0,0,0,0,0,0,0,0,0,0,0,0,0,0,0,0,0,0,0,0,0,0,0,0,0,0,0,0,0,0,0,0,0,0,0,0,0,0,0,0,0,0
28,17.8292,60.7748,2007,SE,35,282,17.5,30,21.2,1192,-1,52.0,18.19433728086923,1157.434523190064,34.5,8.858952522277832,316.9687805175781,5.07,9.83,1,1,1,0,0,0,0,0,0,0,0,1,0,0,0,0,0,0,0,0,0,1,0,0,0,0,0,0,0,0,0,0,0,0,0,0,0,0,0,0,0,0,0,0,0
29,20.0543,60.8335,2007,SE,36,283,42.0,30,15.9,288,0,72.0,40.94463293811396,1156.9252633713052,30.0,9.010834693908691,330.8446960449219,6.02,5.48,1,1,1,0,0,0,0,0,0,0,0,0,0,0,0,0,0,0,0,0,0,0,0,0,0,0,0,0,0,0,0,0,0,0,0,0,0,0,0,0,0,0,0,0,0
30,18.9647,60.6176,2007,SE,37,283,40.0,30,16.0,705,1,62.0,27.70694667469803,1124.1764066332946,22.0,8.958989143371582,332.4222717285156,5.46,5.09,1,1,1,0,0,0,0,0,0,0,0,0,0,0,0,0,0,0,0,0,0,0,0,0,0,0,0,0,0,0,0,0,0,0,0,0,0,0,0,0,0,0,0,0,0
31,20.2313,62.915,2007,SE,4,274,29.0,30,14.8,957,0,64.0,30.86513988134689,1393.6344309404617,35.0,8.785202026367188,328.3013916015625,5.43,5.62,1,0,1,0,0,0,0,0,0,0,0,0,0,0,0,0,1,0,0,0,0,0,0,0,0,0,0,0,0,0,0,0,0,0,0,0,0,0,0,0,0,0,0,0,0
32,19.8218,62.7943,2007,SE,5,274,21.0,41,17.5,1141,-1,96.0,53.982994882779614,1379.7488618809232,75.0,8.793015480041504,310.4212646484375,5.24,8.6,1,0,1,0,0,0,0,0,0,0,0,0,0,0,0,0,1,0,0,0,0,0,0,0,0,0,0,0,0,0,0,0,0,0,0,0,0,0,0,0,0,0,0,0,0
33,19.1692,62.7452,2007,SE,6,275,53.0,31,12.9,303,0,187.0,37.4907030508657,1374.18754475237,134.0,8.728126525878906,279.11834716796875,5.93,3.16,1,0,1,0,0,0,0,0,0,0,0,0,0,0,0,0,0,0,0,0,0,0,0,0,0,0,0,0,0,0,0,0,0,0,0,0,0,0,0,0,0,0,0,0,0
34,18.8155,62.6122,2007,SE,7,275,60.0,30,16.7,423,1,149.0,34.07612817890782,1358.448203316647,89.0,8.72851276397705,285.7149658203125,6.02,3.14,1,0,1,0,0,0,0,0,0,0,0,0,0,0,0,0,0,0,0,0,0,0,0,0,0,0,0,0,0,0,0,0,0,0,0,0,0,0,0,0,0,0,0,0,0
35,18.5648,62.5313,2007,SE,8,275,24.0,30,20.1,530,1,66.0,27.24174127561325,1348.2701790094775,42.0,8.650148391723633,298.640625,5.13,6.91,1,1,1,0,1,0,0,0,0,0,0,0,0,0,0,0,0,0,0,0,0,0,0,0,0,1,0,0,0,0,0,0,0,0,0,0,0,0,0,0,0,0,0,0,0
36,18.7185,62.422,2007,SE,9,275,3.1,30,17.0,710,1,94.0,39.37442076670781,1336.2206585642746,90.9,8.707475662231445,285.1054382324219,4.77,8.53,1,1,1,0,0,0,0,0,0,0,0,0,0,0,0,0,0,0,0,0,0,0,0,0,0,0,0,0,0,0,0,0,0,0,0,0,0,0,1,0,0,0,0,0,0
37,18.6966,62.7897,2008,SE,1,266,84.7,32,12.7,524,1,119.0,15.7200838596613,1378.8219756928315,34.3,8.370992660522461,283.0782165527344,6.12,3.52,1,1,1,0,0,0,0,0,0,0,0,0,0,0,0,0,1,0,0,0,0,0,0,0,0,0,0,0,0,0,0,0,0,0,0,0,0,0,0,0,0,0,0,0,0
38,20.2561,62.5916,2008,SE,10,267,14.3,30,16.4,1025,0,78.0,41.01656988311814,1355.66754475237,63.7,9.184378623962402,309.4962463378906,5.41,9.46,1,1,1,0,1,0,0,0,0,0,0,0,0,0,0,0,0,0,0,0,0,0,0,0,0,0,0,0,0,0,0,0,0,0,0,0,0,0,0,0,0,0,0,0,0
39,18.8312,62.4473,2008,SE,11,268,71.7,30,13.0,278,0,108.0,43.48279786089157,1339.0013171285516,36.3,8.597254753112793,276.1434020996094,6.03,3.39,1,1,1,0,0,0,0,0,0,0,0,0,0,0,0,0,0,0,0,0,0,0,0,0,0,0,0,0,0,0,0,0,0,0,0,0,0,0,0,0,0,0,0,0,0
40,19.0918,62.3766,2008,SE,12,268,16.4,31,12.5,390,1,84.0,59.473555597010574,1329.7501790094789,67.6,8.62756633758545,289.9726257324219,4.78,8.93,1,1,1,0,1,0,0,0,0,0,0,0,0,0,0,0,0,0,0,0,0,0,0,0,0,0,0,0,0,0,0,0,0,0,0,0,0,0,1,0,0,0,0,0,0
41,19.6222,62.3773,2008,SE,13,268,79.2,30,10.6,538,1,118.0,75.78449477605693,1330.6770651975703,38.8,8.77295207977295,296.1986999511719,6.15,3.39,1,1,1,0,0,0,0,0,0,0,0,0,0,0,0,0,0,0,0,0,0,0,0,0,0,0,0,0,0,0,0,0,0,0,0,0,0,0,0,0,0,0,0,0,0
42,20.1019,62.3639,2008,SE,14,268,70.8,30,12.97,673,1,123.0,52.914761799435695,1328.8232928213874,52.2,8.98115348815918,308.9985046386719,6.27,3.39,1,1,1,0,0,0,0,0,0,0,0,0,0,0,0,0,0,0,0,0,0,0,0,0,0,0,0,0,0,0,0,0,0,0,0,0,0,0,0,0,0,0,0,0,0
43,20.4914,62.1279,2008,SE,15,268,16.1,30,14.7,918,1,97.0,41.59373661707405,1301.961317128553,80.9,9.175909996032717,309.8894348144531,5.45,9.53,1,1,1,0,1,0,0,0,0,0,0,0,0,0,0,0,0,0,0,0,0,0,0,0,0,0,0,0,0,0,0,0,0,0,0,0,0,0,0,0,0,0,0,0,0
44,18.9884,62.124,2008,SE,16,268,15.3,31,13.6,1215,-1,87.0,66.43336149188622,1301.0344309404616,71.7,8.727181434631348,268.6764831542969,4.85,9.55,1,1,1,0,0,0,0,0,0,0,0,0,0,0,0,0,1,0,0,0,0,0,0,0,0,0,0,0,0,0,0,0,0,0,0,0,0,0,0,0,0,0,0,0,0
45,18.3456,61.6238,2008,SE,17,269,15.2,30,14.6,274,0,57.0,43.66205271306524,1241.7846099499418,41.8,8.928564071655273,269.97509765625,5.16,9.73,1,1,1,0,1,0,0,0,0,0,0,0,0,0,0,0,0,0,0,0,0,0,0,0,0,0,0,0,0,0,0,0,0,0,0,0,0,0,0,0,0,0,0,0,0
46,18.9152,61.5849,2008,SE,18,269,15.6,30,15.0,431,1,57.0,73.87617937425453,1237.1501790094817,41.4,9.042892456054688,299.4682006835937,5.26,9.32,1,1,1,0,0,0,0,0,0,0,0,0,0,0,0,0,0,0,0,0,1,0,0,0,0,0,0,0,0,0,0,0,0,0,0,0,0,0,0,0,0,0,0,0,0
47,19.1975,61.6161,2008,SE,19,269,14.8,30,14.5,539,1,92.0,87.92155060525414,1240.8577237618504,77.2,9.05341339111328,255.96649169921875,5.26,9.53,1,1,1,0,1,0,0,0,0,0,0,0,0,0,0,0,0,0,0,0,1,0,0,0,0,0,0,0,0,0,0,0,0,0,0,0,0,0,0,0,0,0,0,0,0
48,18.9561,62.8927,2008,SE,2,266,88.2,30,14.8,688,1,171.0,18.994056395184785,1389.9446099499405,82.8,8.460358619689941,284.3255615234375,6.13,3.52,1,0,1,0,0,0,0,0,0,0,0,0,0,0,0,0,0,0,0,0,0,0,0,0,0,0,0,0,0,0,0,0,0,0,0,0,0,0,0,0,0,0,0,0,0
49,19.7258,61.621,2008,SE,20,269,4.9,30,18.49,700,1,85.0,87.27560976972853,1241.7846099499418,80.1,8.991321563720703,281.57196044921875,5.12,9.4,1,1,1,0,0,0,0,0,0,0,0,0,0,0,0,0,0,0,0,0,0,0,0,0,0,0,0,0,0,0,0,0,0,0,0,0,0,0,0,0,0,0,0,0,0
50,20.2028,61.6198,2008,SE,21,269,90.2,30,13.6,832,1,123.0,62.32976934148416,1241.8646555475018,32.8,8.947162628173828,314.2336120605469,6.46,3.73,1,1,1,0,0,0,0,0,0,0,0,0,0,0,1,0,1,0,0,0,1,0,0,0,0,0,0,0,0,0,0,0,0,0,0,0,0,0,0,0,0,0,0,0,0
51,20.482,61.6204,2008,SE,22,269,15.3,30,15.5,933,0,115.0,48.459510934071176,1246.1760607003446,99.7,9.007901191711426,319.757568359375,5.42,10.03,1,1,1,0,1,0,0,0,0,0,0,0,0,0,0,0,0,0,0,0,0,0,0,0,0,0,0,0,0,0,0,0,0,0,0,0,0,0,0,0,0,0,0,0,0
52,18.2214,61.2148,2008,SE,23,270,34.2,30,18.0,335,0,67.0,48.560381744147136,1194.548861880926,32.8,8.89919376373291,269.39312744140625,5.45,5.17,1,1,1,0,1,0,0,0,0,0,0,0,0,0,0,0,0,0,0,0,0,0,0,0,0,0,0,0,0,0,0,0,0,0,0,0,0,0,0,0,0,0,0,0,0
53,19.2791,61.3823,2008,SE,25,273,20.0,60,16.4,404,1,83.0,98.12768970678148,1213.9957480690175,63.0,9.083385467529297,243.6354522705078,5.42,9.15,1,1,1,0,0,0,0,0,0,0,0,0,0,0,0,0,0,0,0,0,1,0,0,0,0,0,0,0,0,0,0,0,0,0,0,0,0,0,0,0,0,0,0,0,0
54,19.9221,61.39,2008,SE,26,273,75.3,45,10.6,601,1,123.0,75.91870623287619,1214.9226342571087,47.7,9.05756664276123,312.05535888671875,6.3,3.77,1,1,1,0,0,0,0,0,0,0,0,0,0,0,0,0,0,0,0,0,0,0,0,0,0,0,0,0,0,0,0,0,0,0,0,0,0,0,0,0,0,0,0,0,0
55,20.3617,61.3933,2008,SE,27,273,82.2,45,13.5,750,1,130.0,53.1177731060615,1220.601172593826,47.8,9.04040813446045,315.734619140625,6.46,3.84,1,0,1,0,0,0,0,0,0,0,0,0,0,0,0,0,0,0,0,0,0,1,0,0,0,0,0,0,0,0,0,0,0,0,0,0,0,0,0,0,0,0,0,0,0
56,20.2504,61.1117,2008,SE,28,273,15.1,30,13.4,1059,-1,111.0,50.34585272404478,1190.2488763982726,95.9,9.042059898376465,323.7161865234375,5.44,9.99,1,1,1,0,0,0,0,0,0,0,0,0,0,0,0,0,0,0,0,0,0,0,0,0,0,0,0,0,0,0,0,0,0,0,0,0,0,0,0,0,0,0,0,0,0
57,19.9272,60.9691,2008,SE,29,273,21.4,30,17.2,1202,-1,107.0,57.57730707741173,1167.630818960581,85.6,9.063520431518556,326.007080078125,5.51,10.07,1,1,1,0,0,0,0,0,0,0,0,0,0,0,0,0,0,0,0,0,0,0,0,0,0,0,0,0,0,0,0,0,0,0,0,0,0,0,0,0,0,0,0,0,0
58,19.2793,63.1268,2008,SE,3,266,69.6,29,13.4,828,1,163.0,14.292106046998866,1417.7157480690175,93.4,8.284456253051758,287.7058410644531,6.01,3.4,1,1,1,0,0,0,0,0,0,0,0,0,0,0,0,0,0,0,0,0,0,0,0,0,0,0,0,0,0,0,0,0,0,0,0,0,0,0,0,0,0,0,0,0,0
59,18.7711,61.0984,2008,SE,30,274,21.0,60,15.2,293,0,66.0,66.3686710552146,1180.663292821386,45.0,9.034547805786133,287.4847717285156,5.35,9.72,1,1,1,0,0,0,0,0,0,0,0,0,0,0,0,0,0,0,0,0,0,0,0,0,0,0,0,0,0,0,0,0,0,0,0,0,0,0,0,0,0,0,0,0,0
60,18.9548,60.9426,2008,SE,31,274,74.1,45,11.4,536,1,92.0,54.88176603686824,1162.1432928213874,17.900000000000006,8.900059700012207,287.0517883300781,6.25,3.54,1,1,0,0,0,0,0,0,0,0,0,0,0,0,0,0,1,0,0,0,0,0,0,0,0,0,0,0,0,0,0,0,0,0,0,0,0,0,0,0,0,0,0,0,0
61,19.8835,60.908,2008,SE,32,274,81.1,45,12.7,761,1,101.0,50.9764629282838,1159.784987373922,19.900000000000006,9.07211685180664,328.4549560546875,6.56,4.62,1,1,1,0,0,0,0,0,0,0,0,0,0,0,0,0,0,0,0,0,0,0,0,0,0,0,0,0,0,0,0,0,0,0,0,0,0,0,0,0,0,0,0,0,0
62,20.4367,60.8736,2008,SE,33,274,16.6,30,18.4,1014,0,61.0,30.81652468497221,1170.8838353718518,44.4,9.05885124206543,331.19140625,5.59,10.12,1,1,1,0,0,0,0,0,0,0,0,1,0,0,0,0,0,0,0,0,0,1,0,0,0,0,0,0,0,0,0,0,0,0,0,1,0,0,0,0,0,0,0,0,0
63,20.219,60.7526,2008,SE,34,274,20.2,30,16.7,1219,-1,61.0,32.897002941737995,1153.6129694675844,40.8,8.992709159851074,342.3212585449219,5.56,9.68,1,1,1,0,0,0,0,0,1,0,0,0,0,0,0,0,0,0,0,0,0,1,0,0,0,0,0,0,0,0,0,0,0,0,0,0,0,0,0,0,0,0,0,0,0
64,20.0816,63.3364,2008,SE,4,266,46.9,30,12.9,1025,0,82.0,18.20960171901871,1442.7239513856646,35.1,8.243353843688965,306.3382873535156,5.85,4.83,1,1,1,0,0,0,0,0,0,0,0,0,0,0,0,0,1,0,0,0,0,1,0,0,0,0,0,0,0,0,0,0,0,0,0,1,0,0,0,0,0,0,0,0,0
65,20.4206,63.3785,2008,SE,5,266,9.7,20,15.1,1140,-1,72.0,18.225567489051432,1448.26754475237,62.3,8.254769325256348,304.18829345703125,4.41,9.05,1,1,1,0,1,0,0,0,0,0,0,1,0,0,0,0,0,0,0,0,0,0,0,0,0,0,0,0,0,0,0,0,0,0,0,0,0,0,0,0,0,0,0,0,0
66,19.4565,63.1355,2008,SE,6,267,69.3,30,14.1,276,0,163.0,20.96980741943475,1419.5695204452004,93.7,8.334428787231445,285.7264709472656,5.96,3.34,1,1,1,0,0,0,0,0,0,0,0,0,0,0,0,0,0,0,0,0,0,1,0,0,0,0,0,0,0,0,0,0,0,0,0,0,0,0,0,0,0,0,0,0,0
67,19.4909,62.9102,2008,SE,7,267,88.1,30,13.5,405,1,127.0,39.326775765192856,1392.70754475237,38.900000000000006,8.589001655578613,295.68182373046875,6.09,3.48,1,1,1,0,0,0,0,0,0,0,0,0,0,0,0,0,1,0,0,0,0,0,0,0,0,0,0,0,0,0,0,0,0,0,0,0,0,0,0,0,0,0,0,0,0
68,19.8058,62.8734,2008,SE,8,267,61.8,45,12.5,526,1,94.0,51.79576488979862,1388.090837573756,32.2,8.666875839233398,297.0297241210937,6.1,3.36,1,0,1,0,0,0,0,0,0,0,0,0,0,0,0,0,0,0,0,0,0,0,0,0,0,0,0,0,0,0,0,0,0,0,0,0,0,0,0,0,0,0,0,0,0
69,20.0768,62.8745,2008,SE,9,267,16.3,30,12.3,663,1,86.0,39.32170375931829,1388.090837573756,69.7,8.710268020629883,301.58135986328125,4.85,8.97,1,1,1,0,1,0,0,0,0,0,0,0,0,0,0,0,0,0,0,0,0,0,0,0,0,0,0,0,0,0,0,0,0,0,0,0,0,0,0,0,0,0,0,0,0
70,21.48167,58.09167,2008,EE,1,294,20.0,30,16.0,395,1,39.0,29.73742988121673,977.265520980884,19.0,9.319544792175291,312.8680114746094,6.92,11.22,1,1,1,0,0,1,0,0,0,0,0,0,0,0,0,0,0,0,0,0,0,0,0,0,0,0,0,0,0,0,0,0,0,0,0,0,0,0,0,0,0,0,0,0,0
71,20.90333,58.08667,2008,EE,2,294,44.0,30,13.0,620,1,60.0,57.4562627314135,949.759495823538,16.0,9.31935977935791,283.9812316894531,7.66,6.6,1,1,1,0,0,1,0,0,0,0,0,0,0,0,0,0,0,0,0,0,0,0,0,0,0,0,0,0,0,0,0,0,0,0,0,0,0,0,0,0,0,0,0,0,0
72,20.48667,58.40167,2008,EE,3,294,23.0,30,18.0,950,0,136.0,69.10120990192115,955.266639627834,113.0,9.40410614013672,69.81595611572266,6.65,11.21,1,1,1,1,1,1,0,0,0,0,0,0,0,0,0,0,0,0,0,0,0,0,0,0,0,0,0,0,0,0,0,0,0,0,0,0,0,0,0,0,0,0,0,0,0
73,21.17167,58.40167,2008,EE,4,295,36.0,30,16.0,370,0,93.0,35.59580020321137,983.6529767445452,57.0,9.36422061920166,138.5767059326172,7.01,8.68,1,1,1,0,1,1,0,0,0,0,0,0,0,0,0,0,0,0,0,0,0,0,0,0,0,0,0,0,0,0,0,0,0,0,0,0,0,0,0,0,0,0,0,0,0
74,22.59167,59.23167,2008,EE,5,297,23.0,30,18.0,335,0,69.0,15.757065197570288,1109.9329414466315,46.0,9.016228675842283,250.581787109375,6.53,10.53,1,1,1,0,1,1,0,0,0,0,0,1,0,0,0,0,0,0,0,0,0,0,0,0,0,0,0,0,0,0,0,0,0,0,0,0,0,0,0,0,0,0,0,0,0
75,23.025,59.29833,2008,EE,6,297,56.0,30,14.0,500,1,115.0,19.8762317852013,1133.6949901599628,59.0,8.864786148071289,89.53670501708984,7.86,7.12,1,1,1,0,1,1,0,0,0,0,0,1,0,0,0,0,0,0,0,0,0,0,0,0,0,0,0,0,0,0,0,0,0,0,0,0,0,0,0,0,0,0,0,0,0
76,23.03833,59.615,2008,EE,7,297,31.0,15,17.0,715,1,68.0,18.48361614732801,1156.2782135091118,37.0,8.669062614440918,256.1279602050781,6.64,9.5,1,1,1,0,1,1,0,0,0,0,0,0,0,0,0,0,0,0,0,0,0,0,0,0,0,0,0,0,0,0,0,0,0,0,0,0,0,0,0,0,0,0,0,0,0
77,22.72833,59.61,2008,EE,8,297,33.0,30,17.0,865,0,55.0,22.17138643284872,1142.9145023596332,22.0,8.65661907196045,249.7831573486328,6.93,8.54,1,1,1,0,1,1,0,0,0,0,0,1,0,0,0,0,0,0,0,0,0,0,0,0,0,0,0,0,0,0,0,0,0,0,0,0,0,0,0,0,0,0,0,0,0
78,20.089,63.3375,2009,SE,1,264,59.0,30,11.7,349,1,87.0,18.639321873137547,1442.7239513856646,28.0,8.272775650024414,302.3315734863281,6.05,4.27,1,1,1,0,1,0,0,0,0,0,0,1,0,0,0,0,0,0,0,0,0,0,0,0,0,0,0,0,0,0,0,0,0,0,0,0,0,0,0,0,0,0,0,0,0
79,20.5443,62.372,2009,SE,11,266,47.0,40,17.0,273,0,71.0,29.910788082328917,1329.7501790094789,24.0,8.475025177001953,295.26922607421875,6.02,3.88,1,1,1,0,0,0,0,0,0,0,0,1,0,0,0,0,0,0,0,0,0,1,0,0,0,0,0,0,0,0,0,0,0,0,0,0,0,0,0,0,0,0,0,0,0
80,20.2935,62.1103,2009,SE,12,266,82.0,30,12.1,515,1,111.0,52.03488295671184,1299.1806585642746,29.0,8.47487735748291,302.1561279296875,6.5,3.9,1,0,1,0,0,0,0,0,0,0,0,0,0,0,0,0,1,0,0,0,0,0,0,0,0,0,0,0,0,0,0,0,0,0,0,0,0,0,0,0,0,0,0,0,0
81,19.9382,62.1467,2009,SE,13,266,86.0,50,12.9,650,1,139.0,68.073133492829,1303.8150895047388,53.0,8.614568710327148,298.9274597167969,6.49,3.94,1,0,1,0,0,0,0,0,0,0,0,0,0,0,0,0,1,0,0,0,0,0,0,0,0,0,0,0,0,0,0,0,0,0,0,0,0,0,0,0,0,0,0,0,0
82,18.92,62.1718,2009,SE,14,266,19.2,30,16.9,924,1,83.0,62.38021532535731,1306.5957480690145,63.8,8.663187980651855,270.3027038574219,5.05,9.4,1,1,1,0,0,0,0,0,0,0,0,0,0,0,0,0,0,0,0,0,0,0,0,0,0,0,0,0,0,0,0,0,0,0,0,0,0,0,0,0,0,0,0,0,0
83,17.867,62.1348,2009,SE,15,266,19.9,46,20.0,1176,-1,72.0,10.755097071486484,1301.961317128553,52.1,8.313642501831055,285.5245056152344,5.07,8.37,1,0,1,0,0,0,0,0,0,0,0,0,0,0,0,0,1,0,0,0,0,0,0,0,0,0,0,0,0,0,0,0,0,0,0,0,0,0,0,0,0,0,0,0,0
84,19.1715,62.089,2009,SE,16,267,57.0,44,13.9,277,0,80.0,76.45518690164414,1296.417723761852,23.0,8.648613929748535,263.5639038085937,5.92,3.34,1,1,1,0,0,0,0,0,0,0,0,0,0,0,0,0,1,0,0,0,0,0,0,0,0,0,0,0,0,0,0,0,0,0,0,0,0,0,0,0,0,0,0,0,0
85,18.409,62.0538,2009,SE,17,267,63.0,40,11.7,471,1,89.0,39.250321178537945,1292.7101790094816,26.0,8.712950706481934,260.53387451171875,5.95,3.3,1,1,1,0,0,0,0,0,0,0,0,0,0,0,0,0,0,0,0,0,0,0,0,0,0,0,0,0,0,0,0,0,0,0,0,0,0,0,0,0,0,0,0,0,0
86,17.9425,61.7468,2009,SE,18,267,50.0,50,12.4,654,1,77.0,21.146746652038036,1256.597065197573,27.0,8.804239273071289,254.7089385986328,5.81,3.17,1,0,1,0,0,0,0,0,0,0,0,0,0,0,0,0,0,0,0,0,0,0,0,0,0,0,0,0,0,0,0,0,0,0,0,0,0,0,0,0,0,0,0,0,0
87,18.0812,61.6933,2009,SE,19,267,47.0,45,13.2,813,1,74.0,28.360854602186016,1250.1088618809258,27.0,8.860679626464844,252.56716918945312,5.83,3.2,1,0,1,0,0,0,0,0,0,0,0,0,0,0,0,0,1,0,0,0,0,0,0,0,0,0,0,0,0,0,0,0,0,0,0,0,0,0,0,0,0,0,0,0,0
88,20.382,63.2467,2009,SE,2,264,55.5,43,13.4,430,1,74.0,11.720549742830675,1432.5282033166473,18.5,8.1459379196167,293.1727600097656,6.1,3.94,1,1,1,0,0,0,0,0,0,0,0,1,0,0,0,0,0,0,0,0,0,1,0,0,0,0,0,0,0,0,0,0,0,0,0,0,0,0,0,0,0,0,0,0,0
89,18.941,61.5805,2009,SE,20,267,9.0,35,15.7,1062,-1,57.0,75.596932900617,1237.1501790094817,48.0,8.721786499023438,299.3443603515625,5.12,9.26,1,1,1,0,0,0,0,0,0,0,0,0,0,0,0,0,1,0,0,0,0,0,0,0,0,0,0,0,0,0,0,0,0,0,0,0,0,0,0,0,0,0,0,0,0
90,19.417,61.6118,2009,SE,21,267,18.0,30,17.9,1213,-1,73.0,99.26160009889442,1240.8577237618504,55.0,8.647669792175293,289.59149169921875,5.24,9.35,1,1,1,0,0,0,0,0,0,0,0,0,0,0,0,0,0,0,0,0,0,0,0,0,0,0,0,0,0,0,0,0,0,0,0,0,0,0,0,0,0,0,0,0,0
91,17.9263,61.0873,2009,SE,22,268,40.0,46,14.8,274,0,68.0,33.28671970880004,1187.1337723761858,28.0,8.898208618164062,252.873291015625,5.54,4.2,1,1,1,0,1,0,0,0,0,0,0,0,0,0,0,0,1,0,0,0,0,1,0,0,0,0,0,0,0,0,0,0,0,0,0,0,0,0,0,0,0,0,0,0,0
92,17.6348,60.9062,2009,SE,23,268,33.7,40,16.4,425,1,51.0,16.467619828898467,1175.9411809376184,17.299999999999997,9.022643089294434,293.99169921875,5.38,5.46,1,1,1,0,0,0,0,0,0,0,0,0,0,0,0,0,0,0,0,0,0,0,0,0,0,0,0,0,0,0,0,0,0,0,0,0,0,0,0,0,0,0,0,0,0
93,18.1083,61.2772,2009,SE,24,271,60.4,45,13.2,299,0,77.0,43.90449377477137,1202.5509343267463,16.6,8.898235321044922,239.3137664794922,5.84,3.1,1,1,1,0,0,0,0,0,0,0,0,0,0,0,0,0,1,0,0,0,0,0,0,0,0,0,0,0,0,0,0,0,0,0,0,0,0,0,0,0,0,0,0,0,0
94,18.9585,61.4118,2009,SE,25,271,15.5,30,16.6,527,1,74.0,80.86974647574169,1217.703292821387,58.5,8.734416007995605,269.71710205078125,5.16,9.21,1,1,1,0,1,1,0,0,0,0,0,0,0,0,0,0,1,0,0,0,0,0,0,0,0,0,0,0,0,0,0,0,0,0,0,0,0,0,0,0,0,0,0,0,0
95,19.7333,61.5623,2009,SE,26,271,25.0,40,15.5,735,1,86.0,86.3507605601052,1235.2964066332945,61.0,8.691868782043457,284.9888000488281,5.43,8.79,1,1,1,0,1,0,0,0,0,0,0,0,0,0,0,0,0,0,0,0,0,0,0,0,0,0,0,0,0,0,0,0,0,0,0,0,0,0,0,0,0,0,0,0,0
96,20.1043,61.697,2009,SE,27,271,84.0,30,12.0,932,0,120.0,66.99087870540986,1251.0357480690177,36.0,8.694432258605957,305.6789855957031,6.56,4.02,1,1,1,0,0,0,0,0,0,0,0,0,0,0,0,0,0,0,0,0,0,0,0,0,0,0,0,0,0,0,0,0,0,0,0,0,0,0,0,0,0,0,0,0,0
97,20.4915,61.5783,2009,SE,28,272,65.3,63,12.6,289,0,114.0,46.654916458171385,1242.8333118737048,48.7,8.588770866394043,313.2484741210937,6.45,4.07,1,1,1,0,0,0,0,0,0,0,0,0,0,0,0,0,1,0,0,0,0,0,0,0,0,0,0,0,0,0,0,0,0,0,0,0,0,0,0,0,0,0,0,0,0
98,20.2653,61.4272,2009,SE,29,272,82.0,54,12.5,521,1,124.0,57.769399051230266,1221.9353839392318,42.0,8.629088401794434,308.9473571777344,6.55,4.17,1,1,1,0,0,0,0,0,0,0,0,0,0,0,0,0,0,0,0,0,0,0,0,0,0,0,0,0,0,0,0,0,0,0,0,0,0,0,0,0,0,0,0,0,0
99,19.9555,63.0828,2009,SE,3,264,68.0,43,11.9,803,1,105.0,36.66232077262591,1413.0813171285558,37.0,8.453303337097168,288.2381896972656,6.09,3.62,1,0,1,0,0,0,0,0,0,0,0,0,0,0,0,0,1,0,0,0,1,0,0,0,0,0,0,0,0,0,0,0,0,0,0,0,0,0,0,0,0,0,0,0,0
100,19.7432,61.3312,2009,SE,31,272,72.0,60,14.1,869,1,100.0,85.77487445577327,1208.4344309404644,28.0,8.804707527160645,295.4569396972656,6.31,3.82,1,1,1,0,0,0,0,0,0,0,0,0,0,0,0,0,1,0,0,0,0,1,0,0,0,0,0,0,0,0,0,0,0,0,0,0,0,0,0,0,0,0,0,0,0
101,20.1408,61.2355,2009,SE,32,272,15.5,45,13.5,1062,-1,120.0,62.093071452098485,1200.095244982257,104.5,8.68244457244873,317.0572814941406,5.38,10.25,1,1,1,0,0,0,0,0,0,0,0,0,0,0,0,0,0,0,0,0,0,0,0,0,0,0,0,0,0,0,0,0,0,0,0,0,0,0,0,0,0,0,0,0,0
102,18.0783,60.7938,2009,SE,33,273,34.0,60,17.5,651,1,57.0,20.473702130771727,1153.6111848017554,23.0,8.764449119567871,283.5687255859375,5.47,5.57,1,1,1,0,0,0,0,0,0,0,0,0,0,0,0,0,0,0,0,0,0,0,0,0,0,0,0,0,0,0,0,0,0,0,0,0,0,0,0,0,0,0,0,0,0
103,19.0768,60.9385,2009,SE,34,273,78.0,60,14.6,935,0,104.0,58.67806747957442,1162.1432928213874,26.0,8.81590461730957,293.86297607421875,6.24,3.61,1,1,1,0,0,0,0,0,0,0,0,0,0,0,0,0,1,0,0,0,0,0,0,0,0,0,0,0,0,0,0,0,0,0,0,0,1,0,0,0,0,0,0,0,0
104,20.1533,60.9607,2009,SE,35,273,21.8,46,19.1,1188,-1,97.0,47.7662857812473,1172.9426616628418,75.2,8.739763259887695,319.9501647949219,5.3,10.12,1,1,1,0,0,0,0,0,0,0,0,0,0,0,0,0,1,0,0,0,0,0,0,0,0,0,0,0,0,0,0,0,0,0,0,0,0,0,0,0,0,0,0,0,0
105,19.2053,60.6297,2009,SE,36,274,33.5,60,14.3,285,0,61.0,35.973283991655286,1126.0301790094788,27.5,8.751723289489746,326.2351989746094,5.5,5.91,1,1,1,0,0,0,0,0,0,0,0,0,0,0,0,0,0,0,0,0,0,0,0,0,0,0,0,0,0,0,0,0,0,0,0,0,0,0,0,0,0,0,0,0,0
106,18.9392,60.5317,2009,SE,37,274,55.5,50,9.3,427,1,125.0,21.885433475082287,1114.90754475237,69.5,8.707295417785645,328.1435852050781,6.69,4.66,1,1,1,0,0,0,0,0,1,0,0,1,0,0,0,0,0,0,0,0,0,0,0,0,0,0,0,0,0,0,0,0,0,0,0,0,0,0,0,0,0,0,0,0,0
107,19.7142,63.1175,2009,SE,4,264,80.6,39,12.8,981,0,118.0,32.729761495995945,1416.788861880926,37.400000000000006,8.405769348144531,289.1529541015625,6.27,3.84,1,1,1,0,0,0,0,0,0,0,0,0,0,0,0,0,1,0,0,0,0,0,0,0,0,0,0,0,0,0,0,0,0,0,0,0,0,0,0,0,0,0,0,0,0
108,19.153,62.9228,2009,SE,5,264,23.6,35,18.7,1229,-1,195.0,26.925588788815386,1394.561317128553,171.4,8.46965217590332,284.4772644042969,5.22,8.37,1,1,1,0,0,0,0,0,0,0,0,0,0,0,0,0,1,0,0,0,0,0,0,0,0,0,0,0,0,0,0,0,0,0,0,0,0,0,0,0,0,0,0,0,0
109,20.2878,62.628,2009,SE,6,265,52.0,46,13.0,319,0,57.0,39.217792795538834,1360.3019756928304,5.0,8.422375679016113,313.6240539550781,6.02,3.79,1,1,1,0,0,0,0,0,0,0,0,1,0,0,0,0,1,0,0,0,0,0,0,0,0,0,0,0,0,0,0,0,0,0,0,0,0,0,0,0,0,0,0,0,0
110,20.0868,62.7107,2009,SE,7,265,63.0,40,14.1,476,1,82.0,46.47040509943167,1369.570837573756,19.0,8.45328426361084,301.1184997558594,6.19,3.5,1,1,1,0,0,0,0,0,0,0,0,0,0,0,0,0,0,0,0,0,0,0,0,0,0,0,0,0,0,0,0,0,0,0,0,0,0,0,0,0,0,0,0,0,0
111,19.5193,62.6227,2009,SE,8,265,85.0,45,11.2,681,1,130.0,60.0416928080092,1359.3750895047388,45.0,8.539044380187988,289.7508850097656,6.07,3.75,1,0,1,0,0,0,0,0,0,0,0,0,0,0,0,0,1,0,0,0,0,0,0,0,0,0,0,0,0,0,0,0,0,0,0,0,0,0,0,0,0,0,0,0,0
112,18.8045,62.5953,2009,SE,9,265,89.0,44,12.4,893,1,146.0,35.512169753901546,1356.5944309404615,57.0,8.649160385131836,277.8890380859375,6.1,3.97,1,0,1,0,0,0,0,0,0,0,0,0,0,0,0,0,1,0,0,0,0,1,0,0,0,0,0,0,0,0,0,0,0,0,0,0,0,0,0,0,0,0,0,0,0
113,20.4448,63.2249,2010,SE,1,263,19.0,47,17.7,221,0,73.0,8.401702633536852,1429.74754475237,54.0,8.550251007080078,303.5939636230469,5.08,8.5,1,1,1,0,0,0,0,0,0,0,0,0,0,0,0,0,0,0,0,0,0,0,0,0,0,0,0,0,0,0,0,0,0,0,0,0,0,0,0,0,0,0,0,0,0
114,18.0157,62.3512,2010,SE,10,264,65.0,30,12.2,807,1,82.0,15.98728703525338,1326.9695204452005,17.0,8.404597282409668,281.0599060058594,6.0,3.05,1,0,1,0,0,0,0,0,0,0,0,0,0,0,0,0,1,0,0,0,0,0,0,0,0,0,0,0,0,0,0,0,0,0,0,0,0,0,0,0,0,0,0,0,0
115,20.4277,62.4179,2010,SE,11,265,20.0,69,18.7,173,-1,74.0,35.23435233802934,1334.3846099499406,54.0,9.221879959106444,316.4089660644531,5.43,6.75,1,1,1,0,0,0,0,0,0,0,0,0,0,0,0,0,0,0,0,0,0,0,0,0,0,0,0,0,0,0,0,0,0,0,0,0,0,0,0,0,0,0,0,0,0
116,20.7827,62.1316,2010,SE,12,265,40.0,79,13.8,416,1,68.0,26.86272096704856,1305.1386116958067,28.0,9.140121459960938,327.08453369140625,5.7,4.3,1,1,1,0,0,0,0,0,0,0,0,1,0,0,0,0,0,0,0,0,0,0,0,0,0,0,0,0,0,0,0,0,0,0,0,0,0,0,0,0,0,0,0,0,0
117,19.8518,62.1306,2010,SE,13,265,80.0,57,10.9,721,1,124.0,73.53543129188435,1301.961317128553,44.0,9.017407417297363,311.9200134277344,6.47,2.69,1,0,1,0,0,0,0,0,0,0,0,0,0,0,0,0,1,0,0,0,0,0,0,0,0,0,0,0,0,0,0,0,0,0,0,0,0,0,0,0,0,0,0,0,0
118,19.2239,62.1144,2010,SE,14,265,16.0,40,12.2,984,0,73.0,78.57611283713173,1300.10754475237,57.0,8.876626968383789,270.0398864746094,5.15,7.35,1,1,1,0,0,0,0,0,0,0,0,0,0,0,0,0,0,0,0,0,0,0,0,0,0,0,0,0,0,0,0,0,0,0,0,0,0,0,0,0,0,0,0,0,0
119,18.7078,62.0743,2010,SE,15,265,17.0,30,13.3,1150,-1,77.0,53.21932131649,1294.563951385666,60.0,8.963382720947266,258.8218994140625,5.12,8.1,1,1,1,0,0,0,0,0,0,0,0,0,0,0,0,0,1,0,0,0,0,0,0,0,0,0,0,0,0,0,0,0,0,0,0,0,0,0,0,0,0,0,0,0,0
120,19.5608,61.8538,2010,SE,16,266,19.0,53,14.8,187,-1,65.0,91.94046869240184,1269.5557480690177,46.0,9.119521141052246,287.74761962890625,5.29,5.93,1,1,1,0,0,0,0,0,0,0,0,0,0,0,0,0,0,0,0,0,0,0,0,0,0,0,0,0,0,0,0,0,0,0,0,0,0,0,0,0,0,0,0,0,0
121,20.651,61.8431,2010,SE,17,266,21.0,60,14.8,432,1,69.0,36.7511721297821,1271.9091281839292,48.0,9.168743133544922,322.6101379394531,5.42,7.41,1,1,1,0,1,0,0,0,0,0,0,0,0,0,0,0,0,0,0,0,1,0,0,0,0,0,0,0,0,0,0,0,0,0,0,0,0,0,0,0,0,0,0,0,0
122,20.685,61.6055,2010,SE,18,266,73.0,80,11.8,724,1,89.0,37.9918111860669,1249.8982520690668,16.0,9.16514778137207,319.8136901855469,6.46,3.43,1,1,1,0,0,0,0,0,0,0,0,0,0,0,0,0,0,0,0,0,0,0,0,0,0,0,0,0,0,0,0,0,0,0,0,0,0,0,0,0,0,0,0,0,0
123,19.7945,61.5947,2010,SE,19,266,21.9,40,17.0,1045,0,85.0,83.33475313500789,1239.0039513856643,63.1,9.183964729309082,280.6663513183594,5.4,5.54,1,1,1,0,0,0,0,0,0,0,0,0,0,0,0,0,1,0,0,0,0,0,0,0,0,0,0,0,0,0,0,0,0,0,0,0,0,0,0,0,0,0,0,0,0
124,17.6156,60.9289,2010,SE,20,267,28.0,41,17.8,164,-1,51.0,16.30138998688545,1178.7523678471696,23.0,8.207884788513184,302.93121337890625,5.0,7.97,1,1,1,0,0,0,0,0,0,0,0,0,0,0,0,0,0,0,0,0,0,0,0,0,0,0,0,0,0,0,0,0,0,0,0,0,0,0,0,0,0,0,0,0,0
125,19.286,60.6744,2010,SE,21,270,22.0,56,17.4,200,-1,72.0,35.83287701036341,1130.664609949939,50.0,8.927160263061523,337.6959228515625,5.24,7.56,1,1,1,0,0,0,0,0,0,0,0,0,0,0,0,0,0,0,0,0,1,0,0,0,0,0,0,0,0,0,0,0,0,0,0,0,0,0,0,0,0,0,0,0,0
126,20.1266,60.847,2010,SE,22,270,20.63,38,17.0,466,1,73.0,42.636764652252175,1160.2410535395022,52.370000000000005,9.174365043640137,333.1949462890625,5.33,6.27,1,1,1,0,1,0,0,0,0,0,0,0,0,0,0,0,0,0,0,0,0,0,0,0,0,0,0,0,0,0,0,0,0,0,0,0,0,0,0,0,0,0,0,0,0
127,20.501,60.9136,2010,SE,23,270,19.72,30,16.7,663,1,61.0,28.930944985583505,1176.24355291426,41.28,9.134401321411133,332.1058654785156,5.36,6.61,1,1,1,0,1,0,0,0,0,0,0,0,0,0,0,0,0,0,0,0,0,0,0,0,0,0,0,0,0,0,0,0,0,0,0,0,0,0,0,0,0,0,0,0,0
128,20.4482,61.0928,2010,SE,24,270,22.8,30,18.6,931,0,101.0,39.80806710230677,1192.6942421999731,78.2,9.220046043395996,329.26708984375,5.39,4.77,1,1,1,0,1,0,0,0,0,0,0,0,0,0,0,0,1,0,0,0,0,0,0,0,0,0,0,0,0,0,0,0,0,0,0,0,0,0,0,0,0,0,0,0,0
129,20.985,61.2514,2010,SE,25,270,21.32,30,15.5,1116,-1,55.0,20.587327737109263,1221.915093422179,33.68,9.011555671691896,332.1139831542969,5.53,8.77,1,1,1,0,0,0,0,0,0,0,0,1,0,0,0,0,0,0,0,0,0,0,0,0,0,0,0,0,0,0,0,0,0,0,0,0,0,0,0,0,0,0,0,0,0
130,19.5135,61.0833,2010,SE,26,271,40.0,44,17.2,282,0,110.0,73.2493130506703,1178.8095204452031,70.0,9.19030475616455,309.9176025390625,5.56,3.1,1,1,1,0,0,0,0,0,0,0,0,0,0,0,0,0,0,0,0,0,0,0,0,0,0,0,0,0,0,0,0,0,0,0,0,0,0,0,0,0,0,0,0,0,0
131,19.098,61.3162,2010,SE,27,271,20.79,50,16.2,467,1,68.0,90.4178546406741,1206.5806585642788,47.21,9.058283805847168,255.8212280273437,5.18,7.09,1,1,1,0,0,0,0,0,0,0,0,0,0,0,0,0,0,0,0,0,0,0,0,0,0,0,0,0,0,0,0,0,0,0,0,0,0,0,0,0,0,0,0,0,0
132,18.8127,61.6248,2010,SE,28,271,20.82,30,16.8,658,1,52.0,67.76918508099332,1241.7846099499418,31.18,9.037989616394045,286.4728698730469,5.25,5.68,1,1,1,0,0,0,0,0,0,0,0,0,0,0,0,0,0,0,0,0,0,0,0,0,0,0,0,0,0,0,0,0,0,0,0,0,0,0,0,0,0,0,0,0,0
133,18.4302,61.7885,2010,SE,29,271,57.84,30,16.0,819,1,79.0,46.93810266937645,1262.1406585642787,21.159999999999997,8.854701042175293,263.5599975585937,5.95,2.62,1,1,1,0,0,0,0,0,0,0,0,0,0,0,0,0,1,0,0,0,0,0,0,0,0,0,0,0,0,0,0,0,0,0,0,0,0,0,0,0,0,0,0,0,0
134,19.3729,63.1741,2010,SE,3,263,69.0,45,13.0,616,1,127.0,15.543145634856373,1423.2770651975702,58.0,8.424093246459961,287.2196655273437,6.11,3.22,1,0,1,0,0,0,0,0,0,0,0,0,0,0,0,0,0,0,0,0,0,0,0,0,0,0,0,0,0,0,0,0,0,0,0,0,0,0,0,0,0,0,0,0,0
135,17.7449,61.692,2010,SE,30,271,21.42,31,17.83,1044,0,65.0,11.17691590216205,1252.2720444281956,43.58,8.4365234375,279.341796875,4.96,7.95,1,1,1,0,0,0,0,0,0,0,0,0,0,0,0,0,1,0,0,0,0,0,0,0,0,0,0,0,0,0,0,0,0,0,0,0,0,0,0,0,0,0,0,0,0
136,17.863,61.0962,2010,SE,31,272,30.14,40,15.4,148,-1,66.0,29.584563026271603,1189.3982774916012,35.86,8.349977493286133,274.7221984863281,5.18,5.14,1,0,1,0,0,0,0,0,0,0,0,0,0,0,0,0,0,0,0,0,0,0,0,0,0,0,0,0,0,0,0,0,0,0,0,0,0,0,0,0,0,0,0,0,0
137,18.515,60.8583,2010,SE,32,272,21.98,47,12.0,358,1,54.0,36.70232858566278,1152.8744309404617,32.019999999999996,8.603039741516113,295.4704895019531,5.17,6.18,1,1,1,0,0,0,0,0,0,0,0,0,0,0,0,0,0,0,0,0,1,0,0,0,0,0,0,0,0,0,0,0,0,0,0,0,0,0,0,0,0,0,0,0,0
138,18.6604,61.0413,2010,SE,33,272,12.39,30,17.33,529,1,41.0,58.36383778700115,1174.1750895047387,28.61,8.658209800720215,313.6941833496094,4.98,9.13,1,1,1,0,0,0,0,0,0,0,0,0,0,0,1,0,0,0,0,0,1,0,0,0,0,0,0,0,0,0,0,0,0,0,0,0,0,0,0,0,0,0,0,0,0
139,18.8252,61.1934,2010,SE,34,272,10.59,30,16.6,665,1,60.0,76.89283041875257,1191.7682033166473,49.41,8.888371467590332,278.1056823730469,5.05,9.47,1,1,1,0,0,0,0,0,0,0,0,0,0,0,0,0,0,0,0,0,1,0,0,0,0,0,0,0,0,0,0,0,0,0,0,0,0,0,0,0,0,0,0,0,0
140,18.8368,60.9137,2010,SE,35,272,31.85,41,14.12,837,1,80.0,49.1629253264749,1159.3626342571088,48.15,8.770822525024414,282.1592712402344,5.3,4.98,1,1,1,0,0,0,0,0,0,0,0,0,0,0,0,0,0,0,0,0,0,1,0,0,0,0,0,0,0,0,0,0,0,0,0,0,0,0,0,0,0,0,0,0,0
141,19.1983,60.8285,2010,SE,36,272,21.01,36,16.5,983,0,95.0,53.15773587315585,1149.1846099499433,73.99,9.015880584716797,320.7831115722656,5.25,6.58,1,1,1,0,0,0,0,0,0,0,0,0,0,0,0,0,1,0,0,0,0,0,0,0,0,0,0,0,0,0,0,0,0,0,0,0,0,0,0,0,0,0,0,0,0
142,19.4357,62.9402,2010,SE,4,263,18.0,30,13.8,805,1,133.0,34.84128615895229,1396.4150895047403,115.0,8.63802433013916,300.2164306640625,4.82,9.28,1,1,1,0,1,0,0,0,0,0,0,0,0,0,0,0,0,0,0,0,0,0,0,0,0,0,0,0,0,0,0,0,0,0,0,0,0,0,0,0,0,0,0,0,0
143,20.1509,62.9236,2010,SE,5,263,18.3,40,18.1,975,0,67.0,34.316914354754225,1394.561317128553,48.7,8.777626037597656,300.3218994140625,5.12,7.98,1,1,1,0,1,0,0,0,0,0,0,1,0,0,0,0,1,0,0,0,0,0,0,0,0,0,0,0,0,0,0,0,0,0,0,0,0,0,0,0,0,0,0,0,0
144,20.4642,62.8315,2010,SE,6,263,9.9,40,13.5,1130,-1,59.0,23.77268331282982,1383.456406633296,49.1,8.874573707580566,320.02197265625,5.24,8.51,1,1,1,0,1,0,0,0,0,0,0,1,0,0,0,0,0,0,0,0,1,0,0,0,0,0,0,0,0,0,0,0,0,0,0,0,0,0,0,0,0,0,0,0,0
145,19.0727,62.6947,2010,SE,7,264,78.0,40,12.0,151,-1,196.0,37.63891985772711,1367.7170651975705,118.0,8.715548515319824,294.5644836425781,6.11,3.46,1,0,1,0,0,0,0,0,0,0,0,1,0,0,0,0,1,0,0,0,0,0,0,0,0,0,0,0,0,0,0,0,0,0,0,0,0,0,0,0,0,0,0,0,0
146,18.5605,62.6625,2010,SE,8,264,72.0,35,12.4,331,1,96.0,20.832195107914508,1364.0095204452002,24.0,8.678942680358887,267.89117431640625,6.18,3.57,1,0,1,0,0,0,0,0,0,0,0,0,0,0,0,0,1,0,0,0,0,0,0,0,0,0,0,0,0,0,0,0,0,0,0,0,0,0,0,0,0,0,0,0,0
147,17.8702,62.3195,2010,SE,9,264,59.0,61,12.3,604,1,73.0,12.074760625861742,1324.1888618809232,14.0,8.19482707977295,285.9018859863281,5.88,2.86,1,0,1,0,0,0,0,0,0,0,0,0,0,0,0,0,0,0,0,0,0,0,0,0,0,0,0,0,0,0,0,0,0,0,0,0,0,0,0,0,0,0,0,0,0
148,12.1823,54.3917,2010,DE,1,279,8.0,30,8.0,1026,0,20.0,14.103431111690352,466.7075447523701,12.0,9.42873477935791,250.3442840576172,12.73,12.38,1,1,1,0,0,0,1,1,0,1,0,1,0,0,0,0,0,0,0,0,0,0,0,0,0,0,0,0,0,0,0,0,0,0,0,0,0,0,0,0,0,0,0,0,0
149,12.7905,54.7198,2010,DE,2,279,13.0,30,8.0,1247,-1,22.0,24.984440978819563,437.0826342571088,9.0,8.860795021057129,276.98883056640625,12.0,12.55,1,1,1,1,0,0,1,1,1,1,0,1,0,0,0,0,0,0,0,0,0,0,0,0,0,0,0,0,0,0,0,0,0,0,0,0,0,0,0,0,0,0,0,0,0
150,13.2857,54.7165,2010,DE,3,279,19.0,30,8.0,1389,-1,27.0,4.634430940464346,438.9611645512576,8.0,8.346220016479492,280.2909240722656,11.63,12.44,1,1,1,1,0,0,1,1,1,1,1,0,0,0,0,0,0,0,0,0,0,0,0,0,0,0,0,0,1,0,0,0,0,0,0,0,0,0,0,0,0,0,0,0,0
151,13.8015,54.72,2010,DE,4,280,28.0,30,8.0,100,-1,38.0,18.88535282223182,452.3845327294599,10.0,8.364843368530273,265.95074462890625,12.16,12.47,1,1,1,0,0,0,1,1,1,1,0,1,0,0,0,0,0,0,0,0,0,0,0,0,0,0,0,0,0,0,0,0,0,0,0,0,0,0,0,0,0,0,0,0,0
152,14.1232,54.6245,2010,DE,5,280,14.0,30,8.0,1005,0,24.0,28.92992886377558,473.5346721857619,10.0,8.325324058532715,288.19830322265625,7.35,11.58,1,1,1,1,0,0,0,0,0,0,0,1,0,0,0,0,0,0,0,0,0,0,0,0,0,0,0,0,0,0,0,0,0,0,0,0,0,0,0,0,0,0,0,0,0
153,13.7517,54.5632,2010,DE,6,280,13.0,30,8.0,1137,-1,24.0,4.836551502606158,465.8950730243557,11.0,7.447784900665283,254.7384490966797,7.41,11.72,1,1,1,1,0,0,1,0,1,0,1,1,1,0,0,0,0,1,0,0,0,0,0,0,0,0,0,0,0,0,0,0,0,0,0,0,0,0,0,0,0,1,0,0,0
154,13.7233,54.4542,2010,DE,7,280,12.0,30,8.0,1219,-1,21.0,7.250069354632017,476.0764152837928,9.0,6.397977828979492,254.9384765625,7.31,12.2,1,1,1,1,0,0,1,0,1,1,1,1,0,0,0,0,0,0,0,0,0,0,0,0,0,0,0,0,0,0,0,0,0,0,0,0,0,0,0,0,0,0,0,0,1
155,14.7165,54.5607,2010,DE,8,281,20.0,30,8.0,52,-1,33.0,51.43236970014144,507.3396458526136,13.0,8.873420715332031,292.5932006835937,7.19,11.41,1,1,1,1,0,0,1,0,0,0,1,0,0,0,0,0,0,0,0,0,0,0,0,0,0,0,0,0,0,0,0,0,0,0,0,0,0,0,0,0,0,0,0,0,0
156,14.1473,54.9015,2010,DE,9,281,26.0,30,8.0,1019,0,41.0,41.06126482334167,454.1648037940081,15.0,8.752202033996582,225.42286682128903,9.64,11.56,1,1,1,1,0,0,1,1,1,1,1,1,0,0,0,0,0,0,0,0,0,0,0,0,1,0,0,0,0,0,0,0,0,0,0,0,0,0,0,0,0,0,0,0,0
157,13.4433,54.8908,2010,DE,10,281,33.0,30,8.0,1202,-1,46.0,23.186019566205005,424.282416405144,13.0,8.88586139678955,207.77471923828125,15.71,12.97,1,1,1,1,0,0,0,1,1,0,1,0,0,0,0,0,0,0,0,0,0,0,0,0,0,0,0,0,0,0,0,0,0,0,0,0,0,0,0,0,0,0,0,0,0
158,12.8077,54.9063,2010,DE,11,281,17.0,30,8.0,1379,-1,28.0,17.24217894490393,415.7819756928309,11.0,8.645805358886719,270.6632385253906,8.56,12.2,1,1,1,0,0,0,0,1,1,1,0,0,0,0,0,0,0,0,0,0,0,0,0,0,0,0,0,0,0,0,0,0,0,0,0,0,0,0,0,0,0,0,0,0,0
159,12.3202,54.7935,2010,DE,12,282,11.0,30,8.0,98,-1,22.0,11.400400683448424,426.2240965969416,11.0,8.714544296264648,246.09829711914065,13.16,12.49,1,1,1,1,0,0,0,1,1,1,0,0,0,0,0,0,1,0,0,0,0,0,0,0,1,0,0,0,0,0,0,0,0,0,0,0,0,0,0,0,0,0,0,0,0
160,12.7587,55.0837,2010,DE,13,282,19.0,30,8.0,1068,-1,29.0,16.95334364677913,395.40820331664446,10.0,8.987000465393066,279.76715087890625,9.78,12.29,1,1,1,0,0,0,0,1,1,1,0,0,0,0,0,0,0,0,0,0,0,0,0,0,0,0,0,0,0,0,0,0,0,0,0,0,0,0,0,0,0,0,0,0,0
161,13.2325,55.0832,2010,DE,14,282,39.0,30,8.0,1205,-1,41.0,29.60715309147184,399.0052863868525,2.0,8.991265296936035,209.0622100830078,17.12,12.78,1,1,1,1,0,0,1,1,1,1,0,0,0,1,0,0,0,0,0,1,0,0,0,0,1,0,0,0,0,0,0,0,0,0,0,0,0,0,0,0,0,0,0,0,0
162,13.856,55.0813,2010,DE,15,282,35.0,30,8.0,1372,-1,45.0,35.69791942215562,426.1441701317375,10.0,9.159927368164062,179.5078582763672,12.35,12.73,1,1,1,1,0,0,1,1,1,1,0,0,0,0,0,0,0,0,0,0,0,0,0,0,0,0,0,0,0,0,0,0,0,0,0,0,0,0,0,0,0,0,0,0,0
163,14.2518,55.0515,2010,DE,16,283,37.0,30,8.0,64,-1,47.0,28.24599247443974,450.3545472822181,10.0,8.852416038513184,199.10122680664065,15.42,13.43,1,1,0,1,0,0,1,0,0,0,0,0,0,0,0,0,0,1,0,0,0,0,0,0,1,0,0,0,0,0,0,0,0,0,0,0,0,0,0,0,0,0,0,0,0
164,14.1327,55.2663,2010,DE,17,283,19.0,30,8.0,1081,-1,31.0,12.976406633295218,434.3534157430343,12.0,9.28779125213623,313.0061340332031,7.18,10.77,1,1,0,1,0,0,1,1,1,0,0,0,0,0,0,0,0,0,0,0,0,0,0,0,0,0,0,0,0,0,0,0,0,0,0,0,0,0,0,0,0,0,0,0,0
165,13.7058,55.2682,2010,DE,18,283,30.0,30,8.0,1208,-1,40.0,15.619685759030611,407.9592685574493,10.0,9.115926742553713,234.1035614013672,9.96,12.09,1,1,0,1,0,0,0,0,1,1,0,0,0,0,0,0,0,0,0,0,0,0,0,0,0,0,0,0,0,0,0,0,0,0,0,0,0,0,0,0,0,0,0,0,0
166,13.2545,55.2613,2010,DE,19,283,28.0,30,8.0,1335,-1,38.0,9.302583107392614,383.040718606169,10.0,9.094276428222656,231.47622680664065,8.91,11.85,1,1,0,1,0,0,0,1,1,1,0,0,0,0,0,0,0,0,0,0,0,0,0,0,0,0,0,0,0,0,0,0,0,0,0,0,0,0,0,0,0,0,0,0,0
167,12.9995,55.2702,2010,DE,20,283,17.0,30,8.0,1426,-1,27.0,12.09293603435312,374.1075447523701,10.0,9.113262176513672,284.5040588378906,7.66,11.97,1,1,0,1,0,0,0,0,1,0,0,0,0,0,0,0,0,0,0,0,0,0,0,0,0,0,0,0,0,0,0,0,0,0,0,0,0,0,0,0,0,0,0,0,0
168,11.6193,54.2307,2010,DE,21,284,12.0,30,8.0,1035,0,26.0,10.122049187487942,460.1845949959428,14.0,9.491195678710938,110.66883087158205,14.47,12.57,1,1,0,0,0,0,1,1,0,1,0,0,0,0,0,0,0,0,0,0,0,0,0,0,0,0,0,0,0,0,0,0,0,0,0,0,0,0,0,0,0,0,0,0,0
169,11.2747,54.1278,2010,DE,22,284,15.0,30,8.0,1152,-1,25.0,14.17732826076565,469.4882033166473,10.0,9.613664627075195,48.16650772094727,17.39,13.11,1,1,1,0,0,0,1,1,1,1,0,0,0,0,0,0,0,0,1,0,0,0,0,0,0,0,0,0,0,0,0,0,0,0,0,0,0,0,0,0,0,0,0,0,0
170,11.3963,54.3112,2010,DE,23,284,10.0,30,8.0,1330,-1,22.0,11.666701566423438,448.18754475237006,12.0,9.486322402954102,145.58706665039062,13.1,12.35,1,1,1,0,0,0,1,1,0,1,0,0,1,1,0,0,0,0,0,0,0,0,0,0,0,0,0,0,0,0,0,0,0,0,0,0,0,0,0,0,0,0,0,0,0
171,11.4753,54.5358,2010,DE,24,285,8.0,30,8.0,11,-1,19.0,6.5380756588454245,425.1406105236315,11.0,9.624378204345703,255.63217163085932,14.56,12.51,1,1,1,1,0,0,1,1,0,1,0,0,1,0,0,0,0,0,0,0,0,0,0,0,0,0,0,0,0,0,0,0,0,0,0,0,0,1,0,0,0,0,0,0,0
172,11.2137,54.6,2010,DE,25,285,15.0,30,8.0,113,-1,28.0,9.813897566438175,414.8550895047394,13.0,9.806964874267578,191.6731414794922,17.84,12.95,1,1,1,1,0,0,1,1,0,0,0,0,1,0,0,0,0,0,0,0,0,0,0,1,0,0,0,0,1,0,0,0,0,0,0,0,0,0,0,0,0,0,0,0,0
173,10.69,54.498,2010,DE,26,285,10.0,30,8.0,1027,0,21.0,16.180002442652135,425.9777237618482,11.0,10.625128746032717,192.34329223632807,14.29,12.25,1,1,1,1,0,1,1,1,0,1,0,0,0,0,0,0,0,0,0,0,0,0,0,0,1,0,0,0,0,0,0,0,0,0,0,0,0,0,0,0,0,0,0,0,0
174,10.4533,54.7723,2010,DE,27,285,14.0,30,8.0,1238,-1,24.0,5.787717748760774,398.5480371295681,10.0,10.506770133972168,175.80633544921875,18.07,13.04,1,1,1,1,0,0,1,1,0,1,0,0,1,1,0,0,0,0,0,0,0,0,0,0,0,0,0,0,0,0,0,0,0,0,0,0,0,0,0,0,0,0,0,0,0
175,10.2095,54.6213,2010,DE,28,285,11.0,30,8.0,1415,-1,21.0,11.269132254865982,421.4946464904263,10.0,11.10644245147705,159.10968017578125,15.2,12.75,1,1,1,0,0,0,1,1,1,1,0,0,1,1,0,0,0,0,0,0,0,0,0,0,0,0,0,0,0,0,0,0,0,0,0,0,0,0,0,0,0,0,0,0,0
176,10.1733,54.8555,2010,DE,29,286,21.0,30,8.0,103,-1,31.0,6.978460025265338,402.75396344494624,10.0,11.03735637664795,82.13461303710938,23.29,12.55,1,1,1,0,0,0,1,1,0,1,0,0,1,1,0,0,0,0,0,0,0,0,0,0,1,0,0,0,0,0,0,0,0,0,0,0,0,0,0,0,0,0,0,0,0
177,10.0355,55.0468,2010,DE,30,286,17.0,30,8.0,968,0,34.0,4.887557837356696,379.6422640681675,17.0,11.347824096679688,54.96379470825195,18.73,12.91,1,1,1,0,0,0,1,1,0,1,0,0,0,0,0,0,0,0,0,0,0,0,0,0,0,0,0,0,0,0,0,0,0,0,0,0,0,0,0,0,0,0,0,0,0
178,9.8108,55.096,2010,DE,31,286,12.0,30,8.0,1064,-1,24.0,2.8922825126109326,373.1806585642779,12.0,11.390908241271973,163.37457275390625,14.76,12.7,1,1,1,0,0,0,1,1,0,1,0,0,1,1,0,0,0,0,0,0,0,0,0,0,0,0,0,0,1,1,0,0,0,0,0,0,0,0,0,0,0,0,0,0,0
179,10.2327,55.699,2010,DE,32,286,11.0,31,8.0,1414,-1,21.0,5.61617126636668,293.7529560114755,10.0,10.741284370422363,140.59054565429688,21.66,13.44,1,1,1,1,0,0,1,1,1,1,1,0,0,1,0,0,0,1,0,0,0,0,0,0,0,0,0,0,0,0,0,0,0,0,0,0,0,1,0,0,0,0,0,0,0
180,10.4635,55.8643,2010,DE,33,287,17.0,30,8.0,136,-1,30.0,4.009933961310533,270.6456091792958,13.0,10.93978214263916,198.794677734375,26.54,14.23,1,1,1,1,0,0,1,1,1,1,0,0,0,1,0,0,0,0,0,0,0,0,0,0,0,0,0,0,1,0,0,0,0,0,0,0,0,0,0,0,0,0,0,0,0
181,10.6617,56.0423,2010,DE,34,287,15.0,30,8.0,991,0,24.0,7.963211006149442,247.57027076044145,9.0,11.333281517028809,210.104248046875,25.92,13.58,1,1,1,0,0,0,1,1,0,1,0,0,0,1,0,0,0,0,0,0,0,0,0,0,0,0,0,0,0,0,0,0,0,0,0,0,0,0,0,0,0,0,0,0,0
182,10.929,55.7943,2010,DE,35,287,10.0,30,8.0,1200,-1,22.0,5.561317128552971,274.11017900948167,12.0,10.696105003356934,199.0863494873047,16.92,12.51,1,1,1,0,0,0,1,1,1,1,0,0,0,1,0,0,0,0,0,0,0,0,0,0,0,0,0,0,0,0,0,0,0,0,1,0,0,0,0,0,0,0,0,0,0
183,10.8663,55.462,2010,DE,36,287,15.0,30,8.0,1385,-1,26.0,6.619637666088751,313.0039513856653,11.0,10.595181465148926,194.9244079589844,22.54,13.45,1,1,1,1,0,0,0,1,1,0,0,0,0,1,0,0,0,0,0,0,0,0,0,0,0,0,0,0,0,0,0,0,0,0,0,0,0,0,0,0,0,0,0,0,0
184,10.9988,55.294,2010,DE,37,288,11.0,30,8.0,54,-1,21.0,4.031109752931342,332.4508375737596,10.0,10.420933723449709,186.2398834228516,19.0,13.06,1,1,1,1,0,1,1,1,1,1,0,0,1,1,0,0,0,0,0,0,0,0,0,0,0,0,0,0,0,0,0,0,0,0,0,0,0,0,0,0,0,0,0,0,0
185,11.2865,55.1402,2010,DE,38,288,17.0,30,8.0,1048,-1,19.0,6.536618424442746,351.82519168430025,2.0,9.846824645996094,203.85269165039065,24.12,14.21,1,1,1,0,0,0,1,1,1,1,0,0,1,1,0,0,0,0,0,0,0,0,0,0,0,0,0,0,1,0,0,0,0,0,0,0,0,0,0,0,0,0,0,0,0
186,10.8913,54.9288,2010,DE,39,288,16.0,30,8.0,1232,-1,26.0,3.994130426205348,375.961317128553,10.0,10.13810920715332,229.89044189453125,22.44,13.56,1,1,1,1,0,0,1,1,1,1,0,0,1,1,0,0,0,0,0,0,0,0,0,0,0,0,0,0,0,0,0,0,0,0,0,0,0,0,0,0,0,0,0,0,0
187,12.8648,55.7757,2010,DE,40,289,13.0,30,8.0,1010,0,21.0,2.990465746791967,319.2269397618926,8.0,9.9061861038208,204.0137481689453,27.89,12.96,1,1,0,1,0,0,1,0,0,1,0,0,0,0,0,0,0,0,0,0,0,0,0,0,0,0,0,0,0,0,0,0,0,0,0,0,0,0,0,0,0,0,0,0,0
188,12.7223,55.9237,2010,DE,41,289,16.0,30,8.0,1115,-1,40.0,1.2108297139347637,299.9518424699808,24.0,10.469966888427734,199.1606903076172,31.51,12.86,1,1,0,1,0,0,1,0,1,1,0,0,0,0,0,0,0,0,0,0,0,0,0,0,0,0,0,0,0,0,0,0,0,0,0,0,0,0,0,0,0,0,0,0,0
189,12.4862,56.1677,2010,DE,42,289,12.0,30,8.0,1256,-1,24.0,4.231113737218338,269.0867485497486,12.0,10.617941856384276,192.4932861328125,29.49,12.69,1,1,1,0,0,0,1,0,0,1,0,0,1,1,0,1,0,0,0,0,0,0,1,0,0,0,0,0,0,0,0,0,0,0,0,0,0,0,0,0,0,0,0,0,0
190,12.3625,56.1672,2010,DE,43,289,13.0,30,8.0,1379,-1,25.0,5.073884022411943,264.1097462587744,12.0,11.46215534210205,202.16493225097656,30.6,12.68,1,1,1,0,0,0,1,1,1,1,0,0,1,1,0,1,0,0,0,0,0,0,0,0,0,0,0,0,0,0,0,0,0,0,0,0,0,0,0,0,0,0,0,0,0
191,11.7548,56.1185,2010,DE,44,290,10.0,30,8.0,1063,-1,22.0,9.772657409736372,250.57028313538743,12.0,12.028003692626951,215.3361053466797,21.52,12.74,1,1,0,0,0,0,1,1,0,1,0,0,1,1,0,1,0,0,0,0,0,0,1,0,0,0,1,0,0,0,0,0,0,0,0,0,0,0,0,0,0,0,0,0,0
192,10.9767,56.1218,2010,DE,45,290,10.0,30,8.0,1253,-1,22.0,10.37353999446086,236.1432928213867,12.0,11.35784912109375,209.91026306152344,19.27,12.65,1,1,1,0,0,0,1,1,0,1,0,0,0,1,0,0,0,1,0,0,0,0,0,0,0,0,0,1,0,0,0,0,0,0,0,0,0,0,0,0,0,0,0,0,0
193,11.137,56.308,2010,DE,46,290,11.0,31,8.0,1369,-1,24.0,14.861038291409573,215.94330811196008,13.0,11.422173500061035,212.5396423339844,21.4,12.75,1,1,1,0,0,0,1,1,1,1,0,0,0,1,0,1,0,1,0,0,0,0,0,0,0,0,0,0,0,0,0,0,0,0,1,0,0,0,0,0,0,0,0,0,0
194,11.7538,56.3653,2010,DE,47,291,12.0,30,8.0,94,-1,23.0,18.793026066006263,225.00623098995777,11.0,11.971177101135254,210.70448303222656,20.59,12.59,1,0,1,0,0,0,1,1,0,1,0,0,1,1,0,1,0,0,0,0,0,0,0,0,0,0,0,0,0,0,0,1,0,0,0,0,0,0,0,0,0,0,0,0,0
195,12.092,56.3803,2010,DE,48,291,19.0,30,8.0,972,0,32.0,24.43124067775097,234.14736959384516,13.0,12.212130546569824,214.26934814453125,31.02,13.22,1,1,1,0,0,0,1,1,0,1,0,0,0,1,0,1,0,0,0,0,0,0,0,0,0,0,0,1,0,0,0,0,0,0,0,0,0,0,0,0,0,0,0,0,0
196,12.0175,56.5763,2010,DE,49,291,17.0,30,8.0,1096,-1,28.0,28.508990467058695,214.0152806418588,11.0,12.308324813842772,235.50961303710932,29.21,13.45,1,1,1,0,0,0,1,1,0,1,0,0,0,0,0,1,0,1,0,0,0,0,0,0,0,0,0,0,0,0,0,0,0,0,0,0,0,0,0,0,0,0,0,0,0
197,11.8687,56.6212,2010,DE,50,292,20.0,30,8.0,1002,0,32.0,17.901422736034622,203.70885894095832,12.0,12.148181915283203,221.57571411132807,32.4,13.77,1,0,0,0,0,0,1,1,0,1,0,0,0,1,0,1,0,1,0,0,0,0,0,0,0,0,0,0,0,0,0,0,0,0,0,0,0,0,0,0,0,0,0,0,0
198,11.7042,56.6408,2010,DE,51,292,22.0,30,8.0,1076,-1,34.0,9.866453089885471,197.04464470482023,12.0,11.99311351776123,218.5087127685547,32.98,14.04,1,1,1,0,0,0,1,1,0,1,0,0,0,1,0,1,0,0,0,0,0,0,0,0,0,0,0,0,0,0,0,1,0,0,0,0,0,0,0,0,0,0,0,0,0
199,11.7243,56.8822,2010,DE,52,293,37.0,30,8.0,9,-1,55.0,17.438580008829557,175.5665500024119,18.0,12.323801040649414,234.7784881591797,33.93,12.61,1,1,0,0,0,0,1,0,1,1,0,0,0,1,0,1,0,0,0,0,0,0,1,0,0,0,0,0,0,0,0,1,0,0,0,0,0,0,0,1,0,0,0,0,0
200,11.585,57.1103,2010,DE,53,293,17.0,30,8.0,148,-1,27.0,30.811118827223243,150.89657574496374,10.0,12.752645492553713,247.0524444580078,32.45,13.68,1,0,0,0,0,0,1,1,0,1,0,0,0,1,0,1,0,0,0,0,0,0,0,0,0,0,0,0,0,0,0,0,0,0,0,0,0,0,0,0,0,0,0,0,0
201,11.9443,57.1653,2010,DE,54,293,43.0,30,8.0,1102,-1,57.0,11.06345507346124,164.72141695060628,14.0,12.353360176086426,235.672103881836,34.64,10.44,1,0,0,0,0,0,0,0,1,1,0,0,0,1,0,0,0,0,0,0,0,0,0,0,0,0,0,0,0,0,0,0,0,0,0,0,0,0,0,1,0,0,0,0,0
202,12.2073,56.8572,2010,DE,55,293,26.0,30,8.0,1267,-1,37.0,11.749152990917189,198.58130722780868,11.0,12.094496726989746,226.96551513671875,34.27,10.93,1,1,1,0,0,0,1,1,1,1,0,0,0,1,0,1,0,0,0,0,0,0,0,0,0,0,0,1,0,0,0,1,0,0,0,0,0,0,0,0,0,0,0,0,0
203,12.337,56.7443,2010,DE,56,293,21.0,30,8.0,1353,-1,30.0,16.495402575934826,212.62137118684777,9.0,11.9835205078125,221.2186279296875,33.67,11.38,1,1,0,0,0,0,1,1,0,0,0,0,0,1,0,1,0,0,0,0,0,0,0,0,0,0,0,0,0,0,0,1,0,0,0,0,0,0,0,0,0,0,0,0,0
204,12.4307,56.489,2010,DE,57,294,19.0,30,8.0,41,-1,30.0,8.535748222432693,236.6737143742017,11.0,11.824878692626951,214.66278076171875,32.65,12.03,1,1,0,0,0,0,1,1,0,1,0,0,0,1,0,1,0,1,0,0,0,0,1,0,0,0,0,0,0,0,0,0,0,0,0,0,0,0,0,0,0,0,0,0,0
205,20.3225,63.2518,2011,SE,1,269,24.0,35,14.0,399,1,77.0,14.217763955387856,1432.5282033166473,53.0,8.492974281311035,313.2578430175781,5.47,11.05,1,1,1,0,1,0,0,0,0,0,0,1,0,0,1,0,0,0,0,0,0,0,0,0,0,0,0,0,0,0,0,0,0,0,0,0,0,0,0,0,0,0,0,0,0
206,18.1725,62.3827,2011,SE,10,271,20.0,45,13.1,814,1,80.0,21.40457215449715,1330.6770651975703,60.0,8.39293098449707,274.9996643066406,5.45,6.09,1,1,1,0,1,0,0,0,0,0,0,0,0,0,0,0,0,0,0,0,1,0,0,0,0,0,0,0,0,0,0,0,0,0,0,0,0,0,0,0,0,0,0,0,0
207,17.8813,62.1022,2011,SE,11,271,17.8,31,12.2,951,0,70.0,13.291720697157103,1299.1806585642746,52.2,7.8347673416137695,279.2481689453125,5.27,7.91,1,1,1,0,0,0,0,0,0,0,0,0,0,0,1,0,1,0,0,0,0,0,0,0,0,0,0,0,0,0,0,0,0,0,0,1,0,0,0,0,0,0,0,0,0
208,18.7955,62.0968,2011,SE,12,271,16.0,30,12.5,1288,-1,77.0,56.71459911825063,1297.344609949943,61.0,8.76028823852539,255.385986328125,4.82,10.32,1,1,1,0,1,0,0,0,0,0,0,0,0,0,0,0,1,0,0,0,0,0,0,0,0,0,0,0,0,0,0,0,0,0,0,0,0,0,0,0,0,0,0,0,0
209,19.6432,62.1198,2011,SE,13,272,16.8,30,15.2,72,-1,89.0,83.27523529776853,1301.0344309404616,72.2,8.517123222351074,287.4658203125,4.86,9.72,1,1,1,0,1,0,0,0,0,0,0,0,0,0,0,0,0,0,0,0,0,0,0,0,0,0,0,0,0,0,0,0,0,0,0,0,0,0,0,0,0,0,0,0,0
210,20.1042,62.1145,2011,SE,14,272,19.0,30,10.0,247,0,142.0,61.47078323657528,1300.10754475237,123.0,8.884723663330078,314.4405212402344,5.27,9.56,1,1,1,0,1,0,0,0,0,0,0,0,0,0,0,0,0,0,0,0,0,0,0,0,0,0,0,0,0,0,0,0,0,0,0,0,0,0,0,0,0,0,0,0,0
211,20.5707,61.8738,2011,SE,15,272,15.4,30,12.4,537,1,87.0,39.68810177490537,1274.222984997649,71.6,9.111923217773438,322.80322265625,5.47,10.39,1,1,1,0,1,0,0,0,0,0,0,0,0,0,1,0,0,0,0,0,1,0,0,0,0,0,0,0,0,0,0,0,0,0,0,0,0,0,0,0,0,0,0,0,0
212,19.7818,61.8693,2011,SE,16,272,18.6,30,15.1,750,1,83.0,80.4271380144573,1271.4095204452044,64.4,8.664729118347168,286.2047424316406,4.99,9.05,1,1,1,0,1,0,0,0,0,0,0,0,0,0,0,0,0,0,0,0,0,0,0,0,0,0,0,0,0,0,0,0,0,0,0,0,0,0,0,0,0,0,0,0,0
213,18.289,61.8772,2011,SE,17,272,19.0,45,12.0,1078,-1,78.0,40.82450015517578,1272.336406633296,59.0,8.605158805847168,238.54383850097656,4.87,9.73,1,1,1,0,1,0,0,0,0,0,0,0,0,0,1,0,1,0,0,0,0,0,0,0,0,0,0,0,0,0,0,0,0,0,0,0,0,0,1,0,0,0,0,0,0
214,17.9157,61.6418,2011,SE,18,272,17.9,60,11.6,1316,-1,67.0,21.45219276252151,1244.54754475237,49.1,8.40664005279541,254.67013549804688,5.01,7.59,1,1,1,0,1,0,0,0,0,0,0,0,0,0,0,0,1,0,0,0,0,0,0,0,0,0,0,0,0,0,0,0,0,0,0,0,0,0,0,0,0,0,0,0,0
215,18.7282,61.6397,2011,SE,19,273,15.0,30,16.0,145,-1,52.0,63.1197188553049,1244.54754475237,37.0,8.910371780395508,276.3799743652344,5.02,9.83,1,1,1,0,0,0,0,0,0,0,0,0,0,0,0,0,1,0,0,0,0,0,0,0,0,1,0,0,0,0,0,0,0,0,0,0,0,0,0,0,0,0,0,0,0
216,20.5773,61.6208,2011,SE,21,273,82.0,63,9.6,667,1,106.0,43.17514472233548,1249.051588860071,24.0,9.27286148071289,327.5262145996094,6.62,3.09,1,1,1,0,0,0,0,0,0,0,0,0,0,0,0,0,0,0,0,0,0,1,0,0,0,0,0,0,0,0,0,0,0,0,0,0,0,0,0,0,0,0,0,0,0
217,20.0958,61.3695,2011,SE,22,273,21.0,45,13.5,1022,0,126.0,67.42769276798441,1213.1114296007715,105.0,9.006876945495605,309.8441162109375,5.25,9.15,1,1,1,0,0,0,0,0,0,0,0,0,0,0,0,0,1,0,0,0,0,0,0,0,0,0,0,0,0,0,0,0,0,0,0,0,0,0,0,0,0,0,0,0,0
218,19.1032,61.3525,2011,SE,23,273,21.6,45,15.8,1274,-1,77.0,90.05274715569237,1211.2150895047405,55.4,9.008493423461914,248.6140899658203,5.22,9.32,1,1,1,0,0,0,0,0,0,0,0,0,0,0,0,0,0,0,0,0,0,0,0,0,0,0,0,0,0,0,0,0,0,0,0,0,0,0,0,0,0,0,0,0,0
219,18.1537,61.3647,2011,SE,24,274,15.4,40,15.9,98,-1,60.0,41.99148099772002,1212.1419756928344,44.6,8.76923656463623,231.5361175537109,4.82,9.75,1,1,1,0,0,0,0,0,0,0,0,0,0,0,0,0,0,0,0,0,0,0,0,0,0,0,0,0,0,0,0,0,0,0,0,0,0,0,0,0,0,0,0,0,0
220,17.9933,61.1253,2011,SE,25,274,37.0,78,13.0,403,1,71.0,36.08491867610304,1188.5876369495163,34.0,8.675055503845215,236.18667602539065,5.81,2.33,1,1,1,0,0,0,0,0,0,0,0,0,0,0,0,0,0,0,0,0,1,0,0,0,0,0,0,0,0,0,0,0,0,0,0,0,0,0,0,0,0,0,0,0,0
221,18.8843,61.1287,2011,SE,26,274,15.3,30,14.0,662,1,62.0,71.694585338493,1184.370837573756,46.7,8.908529281616211,276.4377136230469,5.07,10.05,1,1,1,0,1,0,0,0,0,0,0,0,0,0,0,0,0,0,0,0,0,0,0,0,0,0,0,0,0,0,0,0,0,0,0,0,0,0,0,0,0,0,0,0,0
222,19.39,61.1382,2011,SE,27,274,25.9,30,10.2,838,1,83.0,80.83651755229334,1185.2977237618477,57.1,9.09617042541504,295.4618835449219,5.44,4.48,1,1,1,0,1,0,0,0,0,0,0,0,0,0,0,0,0,0,0,0,0,0,0,0,0,0,0,0,0,0,0,0,0,0,0,0,0,0,0,0,0,0,0,0,0
223,20.2157,61.1258,2011,SE,28,274,21.0,60,16.0,1067,-1,112.0,52.35902980610574,1190.2487061519994,91.0,9.117507934570312,323.0650939941406,5.29,9.32,1,1,1,0,0,0,0,0,0,0,0,0,0,0,0,0,1,0,0,0,0,0,0,0,0,0,0,0,0,0,0,0,0,0,0,0,0,0,0,0,0,0,0,0,0
224,20.6555,60.9603,2011,SE,29,274,21.2,30,14.3,1316,-1,54.0,22.33949901511528,1184.485176120249,32.8,9.23556423187256,327.9132385253906,5.38,9.11,1,1,1,0,0,0,0,0,0,0,0,0,0,0,0,0,1,0,0,0,0,1,0,0,0,0,0,0,0,0,0,0,0,0,0,0,0,0,0,0,0,0,0,0,0
225,19.0583,62.9015,2011,SE,3,269,20.0,60,12.5,1111,-1,196.0,23.03083388945476,1391.7806585642786,176.0,8.099034309387207,294.5068664550781,5.27,7.48,1,1,1,0,0,0,0,0,0,0,0,0,0,0,0,0,1,0,0,0,0,0,0,0,0,0,0,0,0,0,0,0,0,0,0,0,0,0,0,0,0,0,0,0,0
226,20.205,60.7892,2011,SE,30,275,20.0,45,14.0,218,-1,64.0,36.43331937981769,1156.492622890347,44.0,9.141616821289062,333.6081848144531,5.26,9.61,1,1,1,0,0,0,0,0,0,0,0,0,0,0,0,0,0,0,0,0,1,0,0,0,0,0,0,0,0,0,0,0,0,0,0,0,0,0,0,0,0,0,0,0,0
227,19.4018,60.8767,2011,SE,31,275,20.0,60,11.4,546,1,102.0,52.37779815953405,1154.728203316649,82.0,9.104619026184082,335.1048583984375,5.28,8.99,1,1,1,0,0,0,0,0,0,0,0,0,0,0,1,0,0,0,0,0,1,1,0,0,0,0,0,0,0,0,0,0,0,0,0,0,0,0,0,0,0,0,0,0,0
228,18.6528,60.8737,2011,SE,32,275,14.4,60,14.2,808,1,69.0,40.67967476574065,1154.728203316649,54.6,8.82112979888916,275.3992919921875,5.01,10.01,1,1,1,0,1,0,0,0,0,0,0,0,0,0,1,0,0,0,0,0,1,0,0,0,0,0,0,0,0,0,0,0,0,0,0,0,0,0,0,0,0,0,0,0,0
229,18.7472,60.7342,2011,SE,34,276,12.7,25,14.9,107,-1,51.0,29.314700539988152,1138.0619756928315,38.3,8.888519287109375,291.8074645996094,5.1,10.01,1,1,1,0,0,0,0,0,0,0,0,0,0,0,0,0,0,0,0,0,0,1,0,0,0,0,0,0,0,0,0,0,0,0,0,0,0,0,0,0,0,0,0,0,0
230,19.0465,60.7343,2011,SE,35,276,18.0,30,15.4,231,-1,109.0,39.63367814815353,1138.0619756928315,91.0,9.065458297729492,337.7274780273437,5.19,10.03,1,1,1,0,0,0,0,0,0,0,0,0,0,0,0,0,0,0,0,0,0,1,0,0,0,0,0,0,0,0,0,0,0,0,0,0,0,0,0,0,0,0,0,0,0
231,19.685,63.0955,2011,SE,4,269,21.0,45,14.7,1417,-1,119.0,32.41749940436764,1414.9350895047387,98.0,8.29854965209961,296.8461608886719,5.45,4.73,1,0,1,0,1,0,0,0,0,0,0,0,0,0,0,0,1,0,0,0,0,0,0,0,0,0,0,0,0,0,0,0,0,0,0,0,0,0,0,0,0,0,0,0,0
232,20.3962,62.9173,2011,SE,5,270,25.0,45,14.0,262,0,63.0,22.62096617498906,1393.6344309404617,38.0,8.653005599975586,320.183837890625,5.59,10.39,1,1,1,0,1,0,0,0,0,0,0,1,0,0,1,0,0,0,0,0,0,0,0,0,0,0,0,0,0,0,0,0,0,0,0,0,0,0,0,0,0,0,0,0,0
233,19.8487,62.631,2011,SE,6,270,80.0,75,9.3,634,1,124.0,62.22589519048305,1360.3019756928304,44.0,8.552033424377441,312.0505676269531,6.54,2.41,1,1,1,0,1,0,0,0,0,0,0,0,0,0,0,0,0,0,0,0,0,0,0,0,0,0,0,0,0,0,0,0,0,0,0,0,0,0,0,0,0,0,0,0,0
234,18.8595,62.6797,2011,SE,7,270,18.0,60,11.0,1044,0,195.0,30.065303727398568,1365.863292821386,177.0,8.062631607055664,289.4740905761719,5.0,10.27,1,1,1,0,0,0,0,0,0,0,0,0,0,0,0,0,1,0,0,0,1,0,0,0,0,0,0,0,0,0,0,0,0,0,0,0,0,0,0,0,0,0,0,0,0
235,20.4562,62.3218,2011,SE,8,271,20.0,45,12.1,151,-1,95.0,35.62032686613275,1324.1888618809232,75.0,8.71427059173584,316.3197631835937,5.64,10.48,1,1,1,0,1,0,0,0,0,0,0,0,0,0,1,0,1,0,0,0,0,0,0,0,0,0,0,0,0,0,0,0,0,0,0,0,0,0,0,0,0,0,0,0,0
236,19.3,62.3413,2011,SE,9,271,55.0,71,10.8,479,1,99.0,70.38307212802566,1326.0426342571088,44.0,8.449700355529785,281.0845947265625,6.06,2.41,1,1,1,0,1,0,0,0,0,0,0,0,0,0,0,0,0,0,0,0,0,0,0,0,0,0,0,0,0,0,0,0,0,0,0,0,0,0,0,0,0,0,0,0,0
237,10.9837,54.9768,2011,DE,1,280,23.0,30,7.0,1066,-1,29.0,6.116739238140335,370.4177237618482,6.0,10.824481010437012,236.70118713378903,23.48,13.55,0,0,0,0,0,0,0,0,0,0,0,0,0,0,0,0,0,0,0,0,0,0,0,0,0,0,0,0,0,0,0,0,0,0,0,0,0,0,0,0,0,0,0,0,0
238,11.3243,55.111,2011,DE,2,280,10.0,30,10.0,1211,-1,18.0,8.675752707214492,355.54323821511485,8.0,10.471616744995115,230.88926696777344,17.52,12.93,1,1,1,1,0,0,0,1,1,1,0,0,1,1,0,0,0,0,0,1,0,0,0,0,0,0,0,0,1,0,0,0,0,0,0,0,0,0,0,0,0,0,0,0,0
239,10.9942,55.2807,2011,DE,3,280,12.0,30,9.0,1376,-1,21.0,5.782149932777152,334.3046099499425,9.0,11.27420139312744,208.6551971435547,19.28,13.23,1,1,1,0,0,0,1,1,1,1,0,0,1,0,0,0,0,0,0,0,0,0,0,0,0,0,0,0,0,0,0,0,0,0,0,0,0,0,0,0,0,0,0,0,0
240,10.861,55.43,2011,DE,4,281,10.0,30,8.0,97,-1,20.0,7.832479171924986,317.6206585642779,10.0,11.41535186767578,191.07525634765625,19.49,13.22,1,1,1,0,0,0,1,1,0,1,0,0,1,0,0,1,0,0,0,1,0,0,0,0,0,0,0,0,0,0,0,0,0,0,1,0,0,0,0,0,0,0,0,0,0
241,10.7958,55.738,2011,DE,5,281,12.0,30,7.0,1081,-1,41.0,5.478851297362451,281.50754475236937,29.0,11.36917781829834,210.09494018554688,19.61,13.09,0,0,0,0,0,0,1,1,1,1,0,0,1,1,0,1,0,0,0,0,0,0,0,0,0,0,0,0,0,0,0,0,0,0,0,0,0,0,0,0,0,0,0,0,0
242,11.054,55.8687,2011,DE,6,281,10.0,30,8.0,1236,-1,18.0,4.845258514006587,266.6950895047394,8.0,11.701918601989746,248.213623046875,18.52,12.93,1,1,0,0,0,0,0,1,1,1,0,0,1,1,0,1,0,0,0,0,0,0,0,0,0,0,0,0,0,0,0,0,0,0,0,0,0,0,0,0,0,0,0,0,0
243,10.5753,56.0685,2011,DE,7,281,7.0,30,7.0,1411,-1,28.0,4.834915210683289,247.69121608203343,21.0,12.208984375,208.55946350097656,23.37,13.05,1,1,0,0,0,0,1,1,1,1,0,0,1,0,0,1,0,0,0,1,0,0,1,0,0,0,0,0,0,0,0,0,0,0,0,0,0,0,0,0,0,0,0,0,0
244,10.4873,55.8438,2011,DE,8,282,8.0,30,8.0,116,-1,30.0,3.1220760463758106,272.114739168271,22.0,11.784180641174316,211.68800354003903,22.02,13.11,1,1,0,1,0,0,1,1,1,1,0,0,1,1,0,1,0,0,0,1,0,0,0,0,0,0,0,0,0,0,0,0,0,0,0,0,0,0,0,0,1,0,0,0,0
245,10.3037,55.706,2011,DE,9,282,12.0,30,8.0,971,0,24.0,4.634430940460809,290.7314057457932,12.0,11.907944679260254,218.2426300048828,25.8,13.49,0,1,1,0,0,0,0,0,0,0,0,0,0,0,0,1,0,1,0,0,0,0,0,0,0,0,0,0,0,0,0,0,0,0,0,0,0,0,0,0,0,0,0,0,0
246,10.1032,55.6912,2011,DE,10,282,10.0,30,8.0,1045,0,19.0,4.792164224903722,299.2089181455084,9.0,11.31443214416504,202.65890502929688,26.31,13.11,1,1,1,0,0,0,1,1,1,1,0,0,0,1,0,0,0,1,0,0,0,0,0,0,0,0,0,0,0,0,0,0,0,0,0,0,0,0,0,0,0,0,0,0,0
247,9.7792,55.1737,2011,DE,11,282,10.0,30,8.0,1377,-1,21.0,6.213336552927129,363.92952044520376,11.0,11.483530044555664,78.78303527832031,19.0,13.37,1,1,1,0,0,0,1,1,1,0,0,0,0,0,0,0,0,0,0,0,0,0,0,0,0,0,0,0,1,0,0,0,0,0,0,0,0,0,0,0,0,0,0,0,0
248,10.0097,55.0747,2011,DE,12,283,14.0,30,9.0,44,-1,29.0,4.864680680364419,376.451760774789,15.0,11.540005683898926,70.46138000488281,21.35,13.34,1,1,1,0,0,0,1,1,1,0,0,0,0,0,0,0,0,0,0,0,0,0,0,0,0,0,0,0,1,1,0,0,0,0,0,0,0,0,0,0,0,0,0,0,0
249,10.1657,54.6343,2011,DE,13,283,10.0,30,8.0,968,0,22.0,8.852505323408595,421.9239341137534,12.0,10.99741554260254,94.05064392089844,19.28,13.83,1,1,1,0,0,0,0,1,0,0,0,0,0,0,0,0,0,0,0,0,0,0,0,0,1,0,0,0,0,0,0,0,0,0,0,0,0,0,0,0,0,0,0,0,0
250,10.3668,54.795,2011,DE,14,283,13.0,30,8.0,1168,-1,28.0,4.038960086924016,399.3597784566614,15.0,11.465619087219238,131.4456787109375,20.01,13.8,1,1,1,0,0,0,1,0,1,0,0,0,0,0,0,0,0,0,0,0,0,0,0,0,0,0,0,0,0,0,0,0,0,0,0,0,0,0,0,0,0,0,0,0,0
251,10.7135,54.4662,2011,DE,15,283,12.0,30,9.0,1391,-1,20.0,13.75390258528146,430.5944309404608,8.0,11.491307258605955,185.27420043945312,17.82,13.39,1,1,1,0,0,0,1,1,1,1,0,0,1,0,0,0,0,0,0,0,0,0,0,0,0,0,0,0,0,0,0,0,0,0,0,0,0,0,0,0,0,0,0,0,0
252,10.9203,54.6248,2011,DE,16,284,14.0,30,10.0,97,-1,28.0,14.223381597430407,412.0744309404616,14.0,10.829948425292969,218.13368225097656,20.1,13.5,1,1,1,0,0,0,1,1,1,1,0,0,1,0,0,0,0,0,0,0,0,0,0,0,0,0,0,0,0,0,0,0,0,0,0,0,0,0,0,0,0,0,0,0,0
253,11.3573,54.5357,2011,DE,17,284,18.0,33,11.0,982,0,29.0,9.148216676899098,421.91467567705854,11.0,10.24706745147705,228.933349609375,19.6,13.44,1,1,1,0,0,0,0,0,1,0,0,0,0,0,0,0,0,0,0,0,0,0,0,0,1,0,0,0,0,0,0,0,0,0,0,0,0,0,0,0,0,0,0,0,0
254,11.3955,54.3095,2011,DE,18,284,12.0,30,9.0,1117,-1,22.0,12.485117318954876,449.1144309404616,10.0,10.239587783813477,141.91207885742188,15.37,13.45,1,1,1,0,0,1,1,1,0,1,0,0,0,0,0,0,0,0,0,0,0,0,0,0,1,0,0,0,0,0,0,0,0,0,0,0,0,0,0,0,0,0,0,0,0
255,11.1287,54.118,2011,DE,19,284,12.0,30,9.0,1245,-1,23.0,9.194758648907724,471.3419756928309,11.0,10.143706321716309,30.404050827026367,17.95,13.53,1,1,1,1,0,0,1,0,1,1,0,0,0,0,0,0,0,0,0,0,0,0,0,0,0,0,0,0,0,0,0,0,0,0,0,0,0,0,0,0,0,0,0,0,0
256,11.4138,54.1663,2011,DE,20,284,14.0,30,10.0,1370,-1,23.0,12.243533503055902,465.7806585642779,9.0,9.953709602355955,53.35778427124024,19.57,13.46,1,1,1,0,0,1,0,0,0,1,0,0,0,0,0,0,0,0,0,0,0,0,0,0,0,0,0,0,0,0,0,0,0,0,0,0,0,0,0,0,0,0,0,0,0
257,11.6208,54.2408,2011,DE,21,285,12.0,15,10.0,29,-1,25.0,10.976976758289547,459.36989953546765,13.0,10.06393337249756,129.78433227539062,16.89,13.58,1,0,1,0,0,0,1,0,0,0,0,0,0,0,0,0,0,0,0,0,0,0,0,0,0,0,0,0,0,0,0,0,0,0,0,0,0,0,0,0,0,0,0,0,0
258,12.1662,54.3978,2011,DE,22,285,12.0,30,10.0,1001,0,21.0,15.22137526459991,465.7806585642751,9.0,9.872130393981934,239.76817321777344,15.82,13.52,1,1,1,0,0,0,1,1,0,1,0,0,0,0,0,0,0,0,0,0,0,0,0,0,0,0,0,0,0,0,0,0,0,0,0,0,0,0,0,0,0,0,0,0,0
259,12.8807,54.7148,2011,DE,23,285,12.0,30,9.0,1223,-1,23.0,20.047549968744004,438.0095204452003,11.0,9.319106101989746,266.1269836425781,9.68,12.07,1,1,1,1,0,0,0,0,1,1,0,0,0,0,0,0,0,0,0,0,0,0,0,0,0,0,0,0,0,0,0,0,1,0,0,0,0,0,0,0,0,0,0,0,0
260,13.3247,54.7177,2011,DE,24,285,9.0,30,9.0,1346,-1,30.0,4.634430940464346,439.3270317544362,21.0,9.073175430297852,259.0238037109375,8.55,11.94,1,1,1,1,0,0,1,0,1,1,1,1,1,0,0,0,0,0,0,0,0,0,0,1,1,0,0,0,0,0,0,0,0,0,0,0,0,0,0,0,0,0,0,0,0
261,13.6152,54.7162,2011,DE,25,286,8.0,30,8.0,3,-1,39.0,12.609193679380551,446.9326396087845,31.0,8.857217788696289,251.3062286376953,7.93,11.96,1,1,1,0,0,0,0,0,1,0,0,1,0,0,0,0,0,0,0,1,0,0,0,0,0,0,0,0,0,0,0,0,0,0,0,0,0,0,0,0,0,0,0,0,0
262,14.1217,54.6312,2011,DE,26,286,14.0,20,10.0,1000,0,26.0,29.149009881437067,472.8166099466539,12.0,8.35414981842041,268.7846069335937,7.65,12.3,1,1,1,0,0,0,0,0,0,0,0,0,0,0,0,0,0,0,0,0,0,0,0,0,0,0,0,0,0,0,0,0,0,0,0,0,0,0,0,0,0,0,0,0,0
263,13.8055,54.5643,2011,DE,27,286,13.0,30,8.0,1121,-1,22.0,8.060918491811352,467.4259647840641,9.0,8.705716133117676,269.38787841796875,7.88,12.15,1,1,0,0,0,0,1,0,1,0,0,1,0,0,0,0,0,0,0,0,0,0,0,0,0,0,0,0,0,0,0,0,0,0,0,0,0,0,0,0,0,0,0,0,0
264,13.7268,54.4942,2011,DE,28,286,18.0,30,9.0,1190,-1,21.0,4.901004266852864,471.685906933475,3.0,8.340038299560547,273.33428955078125,9.99,13.17,1,1,1,0,0,0,1,0,0,0,0,1,1,0,0,0,0,0,0,0,0,0,0,0,1,0,0,0,0,0,0,0,0,0,0,0,0,0,0,0,0,0,0,0,1
265,14.7738,54.5708,2011,DE,29,287,20.0,30,8.0,49,-1,40.0,49.664803485386095,509.1764486181096,20.0,8.504400253295898,234.7680206298828,7.27,12.69,1,1,0,0,0,0,0,0,0,0,1,0,0,0,0,0,0,0,0,0,0,0,0,0,0,0,0,0,0,0,0,0,0,0,0,0,0,0,0,0,0,0,0,0,0
266,14.2058,54.9005,2011,DE,30,287,20.0,30,8.0,1003,0,39.0,37.70985578413532,457.18665680306367,19.0,9.007587432861328,205.63633728027344,8.14,12.04,1,1,0,1,0,0,1,0,1,0,1,1,0,0,0,0,0,0,0,0,0,0,0,0,0,0,0,0,0,0,0,0,0,0,0,0,0,0,0,0,0,0,0,0,0
267,13.754,54.8898,2011,DE,31,287,27.0,30,9.0,1139,-1,46.0,31.1680417434102,435.6459096033369,19.0,9.13514518737793,183.1845703125,10.85,12.96,1,1,1,0,0,0,0,0,1,0,1,0,0,0,0,0,0,0,0,0,0,0,0,0,0,0,0,0,0,0,0,0,0,0,0,0,0,0,0,0,0,0,0,0,0
268,12.8217,54.9007,2011,DE,32,287,12.0,30,9.0,1358,-1,27.0,18.34108256794188,416.7088618809224,15.0,9.213157653808594,267.49346923828125,8.11,11.6,1,1,1,1,0,1,0,0,0,0,0,0,0,0,0,0,0,0,0,0,0,0,0,0,0,0,0,0,0,0,0,0,0,0,0,0,0,0,0,0,0,0,0,0,0
269,12.404,54.8467,2011,DE,33,288,10.0,30,8.0,44,-1,20.0,12.112946276832606,425.10068447534354,10.0,9.333565711975098,242.9989624023437,10.8,12.44,1,1,1,0,0,0,0,0,0,0,0,0,0,0,0,0,0,0,0,0,0,0,0,0,0,0,0,0,0,0,0,0,0,0,0,0,0,0,0,0,0,0,0,0,0
270,12.6972,55.0928,2011,DE,34,288,12.0,30,8.0,1048,-1,28.0,14.500299430876485,394.481317128553,16.0,9.28839874267578,279.72589111328125,8.07,11.62,1,1,1,1,0,0,0,1,1,1,0,0,0,0,0,0,0,0,0,0,0,0,0,0,0,0,0,0,0,0,0,0,0,0,0,0,0,0,0,0,0,0,0,0,0
271,13.2547,55.0827,2011,DE,35,288,30.0,30,9.0,1195,-1,41.0,29.265112023013064,399.7312049476633,11.0,9.380596160888672,196.1494140625,10.73,11.74,1,1,0,0,0,1,0,0,1,0,0,0,0,0,0,0,0,0,0,0,0,0,0,0,0,0,0,0,0,0,0,0,0,0,0,0,0,0,0,0,0,0,0,0,0
272,13.6922,55.083,2011,DE,36,288,33.0,30,8.0,1323,-1,45.0,34.87628468131958,418.31266072353424,12.0,9.325669288635254,101.9104232788086,13.54,12.87,1,1,0,0,0,0,1,0,0,0,0,0,0,0,0,0,0,0,0,0,0,0,0,0,0,0,0,0,0,0,0,0,0,0,0,0,0,0,0,0,0,0,0,0,0
273,14.195,55.026,2011,DE,37,289,30.0,30,8.0,24,-1,47.0,32.70526543656656,447.79970843032,17.0,9.089073181152344,138.53286743164062,10.65,13.33,1,1,0,1,0,0,0,0,1,0,0,1,0,0,0,0,0,0,0,0,0,0,0,0,0,0,0,0,0,0,0,0,0,0,0,0,0,0,0,0,0,0,0,0,0
274,14.1755,55.2668,2011,DE,38,289,12.0,30,9.0,1063,-1,24.0,12.976406633295218,437.3905759858472,12.0,9.188365936279297,325.35235595703125,7.32,8.5,1,1,0,1,0,0,0,0,0,0,1,0,0,0,0,0,0,0,0,0,0,0,0,0,0,0,0,0,0,0,0,0,0,0,0,0,0,0,0,0,0,1,0,0,0
275,13.748,55.2667,2011,DE,39,289,30.0,30,9.0,1181,-1,41.0,16.834100099383097,410.60876954199296,11.0,9.364664077758787,222.4639434814453,9.35,9.27,1,1,0,0,0,0,0,0,1,0,1,0,0,0,0,0,0,0,0,0,0,0,0,0,0,0,0,0,0,0,0,0,0,0,0,0,0,0,0,0,0,0,0,0,0
276,13.4627,55.268,2011,DE,40,289,30.0,30,9.0,1280,-1,37.0,10.47268371211932,394.02092811310223,7.0,9.31946849822998,286.6567687988281,8.62,8.76,1,1,0,1,0,0,0,0,0,0,0,0,0,0,0,0,0,0,0,0,0,0,0,0,0,0,0,0,0,0,0,0,0,0,0,0,0,0,0,0,0,0,0,0,0
277,12.9957,55.2752,2011,DE,41,289,12.0,30,9.0,1419,-1,27.0,12.09293603435312,374.1075447523701,15.0,9.136736869812012,263.84771728515625,8.0,10.78,1,1,0,0,0,0,0,0,0,0,0,0,0,0,0,0,0,0,0,0,0,0,0,0,0,0,0,0,0,0,0,0,0,0,0,0,0,0,0,0,0,0,0,0,0
278,12.8733,55.7627,2011,DE,42,290,8.0,15,8.0,1002,0,23.0,2.5232337394926523,320.0340810917086,15.0,9.704635620117188,196.81060791015625,15.2,12.27,1,1,0,1,0,0,1,0,0,1,0,0,0,0,0,0,0,0,0,0,0,0,0,0,0,0,0,0,0,0,0,0,0,0,0,0,0,0,0,0,0,0,0,0,0
279,12.8317,55.8015,2011,DE,43,290,12.0,15,10.0,1051,-1,20.0,5.5613171285558005,315.450269852728,8.0,9.582290649414062,204.4888458251953,23.1,13.04,1,0,0,1,0,0,0,0,0,0,0,0,0,0,0,0,0,0,0,0,0,0,0,0,0,0,0,0,0,0,0,0,0,0,0,0,0,0,0,0,0,1,0,0,0
280,12.4858,56.1792,2011,DE,44,290,12.0,35,9.0,1244,-1,23.0,4.126997850685266,267.56667611132525,11.0,10.454428672790527,164.6680145263672,23.4,13.15,1,1,1,1,0,0,1,1,0,1,0,0,1,1,0,1,0,0,0,0,0,0,0,0,0,0,0,0,0,0,0,0,0,0,0,0,0,0,0,0,0,0,0,0,0
281,12.3757,56.1672,2011,DE,45,290,8.0,30,8.0,1346,-1,25.0,5.574695956123601,264.8277919624557,17.0,11.936107635498049,152.34811401367188,20.36,12.85,1,1,0,0,0,0,1,1,1,1,0,0,1,1,0,1,0,0,0,0,0,0,0,0,0,0,0,0,0,0,0,0,0,0,0,0,0,0,0,0,0,0,0,0,0
282,11.4415,56.1168,2011,DE,46,294,10.0,15,9.0,405,0,21.0,16.394295253875963,242.6137723761829,11.0,12.820693016052246,206.0126190185547,20.72,12.99,1,1,0,0,0,0,0,1,0,0,0,0,0,0,0,0,0,0,0,0,0,0,0,0,0,0,0,0,0,0,0,0,0,0,0,0,0,0,0,0,0,0,0,0,0
283,10.9408,56.1273,2011,DE,47,294,10.0,30,9.0,535,1,21.0,8.264743648264869,235.21640663329524,11.0,12.445642471313477,197.1189117431641,21.62,13.07,1,1,0,0,0,0,0,0,0,1,0,0,0,0,0,0,0,0,0,0,0,0,0,0,0,0,0,0,0,0,0,0,0,0,0,0,0,0,0,0,0,0,0,0,0
284,11.6075,56.3682,2011,DE,48,294,9.0,30,8.0,742,1,24.0,19.5389278886254,220.6345088107375,15.0,13.042074203491213,150.96751403808594,20.83,13.1,1,1,0,0,0,0,0,1,0,1,0,0,0,0,0,1,0,0,0,0,0,0,0,0,0,0,0,0,0,0,0,0,0,0,0,0,0,0,0,0,0,0,0,0,0
285,12.0165,56.369,2011,DE,49,294,12.0,30,8.0,859,1,31.0,26.86816151283474,232.3759341256157,19.0,13.40944480895996,156.4995880126953,22.29,13.08,1,1,0,0,0,0,0,1,0,1,0,0,0,0,0,0,0,0,0,0,0,0,1,0,0,0,0,0,0,0,0,0,0,0,0,0,0,0,0,0,0,0,0,0,0
286,11.6998,56.8688,2011,DE,50,295,10.0,30,9.0,449,1,22.0,16.04858597743422,174.90892167312757,12.0,13.241669654846191,189.97442626953125,24.23,13.26,0,0,0,0,0,0,0,0,0,1,0,0,0,0,0,1,0,0,0,0,0,0,0,0,0,0,0,0,0,0,0,0,0,0,0,0,0,0,0,0,0,0,0,0,0
287,11.8938,56.8675,2011,DE,51,295,12.0,30,9.0,527,1,34.0,21.25525352427433,183.77506977026076,22.0,13.443185806274414,193.6808319091797,25.02,13.38,1,1,0,0,0,0,0,1,0,1,0,0,0,0,0,1,0,1,0,0,0,0,0,0,0,0,0,0,0,0,0,0,0,0,0,0,0,0,0,0,0,0,0,0,0
288,12.2087,56.8598,2011,DE,52,295,12.0,30,9.0,623,1,37.0,11.749152990917189,198.58130722780868,25.0,12.507229804992676,168.27288818359375,24.56,13.46,1,1,0,0,0,0,0,1,0,1,0,0,0,1,0,1,0,0,0,0,0,0,0,0,0,0,0,0,0,0,0,0,0,0,0,0,0,0,0,0,0,0,0,0,0
289,12.373,56.7127,2011,DE,53,295,10.0,30,8.0,721,1,28.0,15.697870264729136,216.64834988943647,18.0,12.302982330322266,165.5331573486328,23.28,13.36,1,1,0,1,0,0,1,0,0,1,0,0,1,1,0,0,0,0,0,0,0,0,1,0,0,0,0,0,0,0,0,0,0,0,0,0,0,0,0,0,0,0,0,0,0
290,12.4325,56.4908,2011,DE,54,295,10.0,30,9.0,837,1,30.0,8.535748222432693,236.6737143742017,20.0,12.256887435913086,137.2382049560547,22.22,13.23,1,1,0,0,0,0,0,1,0,1,0,0,0,1,0,1,0,0,0,0,0,0,0,0,0,0,0,0,0,0,0,0,0,0,0,0,0,0,0,0,0,0,0,0,0
291,11.733,54.2712,2012,DE,1,278,12.5,30,9.0,1016,0,25.0,13.90329282138738,458.98689060557473,12.5,10.124939918518066,113.97266387939452,15.49,13.75,1,1,0,0,0,0,1,0,0,1,0,0,0,0,0,0,0,0,0,0,0,0,0,0,0,0,0,0,0,0,0,0,0,0,0,0,0,0,0,0,0,0,0,0,0
292,11.1255,54.0823,2012,DE,2,278,5.0,30,8.0,1229,-1,23.0,7.592678306518417,475.0495204452002,18.0,10.16344165802002,40.32755661010742,12.16,12.43,1,0,1,1,0,0,1,0,1,0,0,0,0,0,0,0,0,1,0,0,0,0,0,0,0,0,0,0,0,0,0,0,0,0,0,0,0,0,0,0,0,0,0,0,0
293,11.3805,54.2903,2012,DE,3,278,10.0,30,8.0,1372,-1,21.0,13.85742577703265,450.968203316648,11.0,10.165611267089844,178.60983276367188,13.0,12.97,1,1,1,1,0,0,1,0,1,1,0,0,0,0,0,0,0,0,0,0,0,0,0,0,0,0,0,0,0,0,0,0,0,0,0,0,0,0,0,0,0,0,0,0,0
294,11.244,54.585,2012,DE,4,279,18.0,30,8.0,111,-1,28.0,8.85408895388947,416.7088618809224,10.0,10.38610553741455,195.8241424560547,21.38,14.12,1,1,1,1,0,0,1,0,1,0,1,0,1,0,0,0,0,0,0,0,0,0,0,0,0,0,0,0,0,0,0,0,0,0,0,0,0,0,0,0,0,0,0,0,0
295,10.7205,54.6285,2012,DE,5,279,15.0,30,8.0,974,0,22.0,10.321728441605725,411.1475447523701,7.0,11.265061378479004,182.99774169921875,21.22,13.66,1,1,1,0,0,0,0,0,0,1,0,0,1,0,0,0,0,0,0,0,0,0,0,0,0,0,0,0,0,0,0,0,0,0,0,0,0,0,0,0,0,0,0,0,0
296,10.6888,54.498,2012,DE,6,279,12.0,30,8.0,1062,0,21.0,16.180002442652135,425.9777237618482,9.0,11.413427352905272,179.65821838378906,17.97,13.26,1,1,0,0,0,0,1,0,1,1,0,0,0,1,0,0,0,0,0,0,0,0,0,0,0,0,0,0,0,0,0,0,0,0,0,0,0,0,0,0,0,0,0,0,0
297,10.351,54.6575,2012,DE,7,279,11.0,30,8.0,1390,-1,21.0,18.967140665686816,413.0806701160875,10.0,11.629685401916504,143.55162048339844,19.42,13.96,1,1,1,1,0,1,1,0,1,1,0,0,1,0,0,0,0,0,0,0,0,0,0,0,0,0,0,0,0,0,0,0,0,0,0,0,0,0,0,0,0,0,0,0,0
298,10.043,55.0432,2012,DE,8,280,19.0,30,8.0,986,0,36.0,5.213846959643743,380.82655367703705,17.0,11.879660606384276,74.74296569824219,24.31,14.32,0,0,1,0,0,0,1,0,1,0,0,0,1,0,0,0,0,0,0,0,0,0,0,0,0,0,0,0,0,0,0,0,0,0,0,0,0,0,0,0,0,0,0,0,0
299,9.7778,55.1267,2012,DE,9,280,11.5,30,8.0,1090,-1,24.0,4.702197182887929,369.4908375737568,12.5,12.049942016601562,99.33848571777344,18.98,13.03,1,1,1,1,0,0,1,0,0,0,0,0,0,0,0,0,0,0,0,0,0,0,0,0,0,0,0,0,0,0,0,0,0,0,0,0,0,0,0,0,0,0,0,0,0
300,10.0423,55.664,2012,DE,10,280,12.0,30,8.0,1397,-1,20.0,3.78950240997796,303.6027652896306,8.0,11.295575141906738,188.96615600585932,26.29,12.96,1,1,1,1,0,0,1,0,1,1,0,0,1,1,0,1,0,0,0,0,0,0,0,0,0,0,0,0,0,0,0,0,0,0,0,0,0,0,0,0,0,0,0,0,0
301,10.3372,55.6998,2012,DE,11,281,16.0,30,8.0,65,-1,24.0,5.61617126636668,291.0359155434814,8.0,11.649829864501951,164.07028198242188,28.96,14.62,1,1,0,1,0,0,1,0,1,1,0,0,1,1,0,0,0,0,0,0,0,0,0,0,0,0,0,0,0,0,0,0,0,0,0,0,0,1,0,0,0,0,0,0,0
302,10.7013,56.0305,2012,DE,12,281,12.0,30,8.0,1027,0,20.0,9.318197963410016,247.57040672924992,8.0,12.017929077148438,219.8110809326172,22.94,12.99,1,1,0,0,0,0,0,0,0,1,0,0,0,1,0,1,0,0,0,0,0,0,0,0,0,0,0,0,0,0,0,0,0,0,0,0,0,0,0,0,0,0,0,0,0
303,11.0138,55.8872,2012,DE,13,282,12.5,30,8.0,971,0,19.0,4.787470553068382,263.91443094046434,6.5,11.718071937561035,252.45578002929688,18.56,12.49,0,0,0,0,0,0,0,0,0,1,0,0,0,0,0,0,0,0,0,0,0,0,0,0,0,0,0,0,0,0,0,0,0,0,0,0,0,0,0,0,0,0,0,0,0
304,10.9425,55.7942,2012,DE,14,282,13.5,30,8.0,1083,-1,21.0,5.561317128552971,274.11017900948167,7.5,11.617491722106934,216.47640991210932,17.98,12.5,1,0,0,1,0,0,1,0,1,1,0,0,1,1,0,1,0,0,0,0,0,0,0,0,0,0,0,0,0,0,0,0,0,0,1,0,0,1,0,0,0,0,0,0,0
305,10.8548,55.4225,2012,DE,15,282,14.0,30,8.0,1337,-1,20.0,7.212220794042006,318.5475447523729,6.0,11.30029582977295,175.43812561035156,21.99,13.14,1,1,1,1,0,0,1,1,1,1,0,0,1,1,0,1,0,0,0,0,0,0,0,0,0,0,1,0,0,0,0,0,0,0,1,0,0,0,0,0,0,0,0,0,0
306,10.9853,55.2738,2012,DE,16,283,15.0,30,8.0,50,-1,24.0,6.536296058669691,336.1406585642751,9.0,11.167829513549805,204.92642211914065,21.27,13.1,1,1,1,0,0,1,1,0,1,1,1,0,1,1,0,0,0,0,0,0,0,0,0,0,0,0,1,0,1,0,0,0,0,0,0,0,0,1,0,0,0,1,0,0,0
307,11.2853,55.1403,2012,DE,17,283,14.0,30,8.0,1032,0,19.0,6.536618424442746,351.82519168430025,5.0,10.71945095062256,238.42108154296875,22.07,13.18,1,1,0,1,0,0,1,1,1,1,1,0,1,1,0,0,0,0,0,0,0,0,1,0,0,0,1,0,0,0,0,0,0,0,0,0,0,0,0,0,0,0,0,0,0
308,10.7995,54.7427,2012,DE,18,283,5.0,30,8.0,1317,-1,22.0,4.013141198131272,398.18886188092233,17.0,10.751954078674316,207.19927978515625,14.09,12.5,1,1,1,1,0,1,0,0,1,1,0,0,1,0,0,0,0,1,0,0,0,0,0,0,1,0,0,0,0,0,0,0,0,0,0,0,0,0,0,0,0,0,0,0,0
309,12.1737,54.3852,2012,DE,19,284,12.0,30,8.0,1020,0,20.0,14.086781345302262,467.6344309404616,8.0,10.052536010742188,222.489501953125,13.68,13.44,1,1,1,0,0,0,1,0,0,1,0,0,0,0,0,0,0,0,0,0,0,0,0,0,0,0,0,0,0,0,0,0,0,0,0,0,0,0,0,0,0,0,0,0,0
310,12.7155,54.7168,2012,DE,20,284,11.5,30,9.0,1248,-1,21.0,28.27086264077349,438.0095204452003,9.5,9.41154956817627,274.8939514160156,9.92,12.19,1,1,1,1,0,1,1,0,1,1,0,0,1,0,0,0,0,0,0,0,0,0,0,0,0,0,0,0,0,0,0,0,0,0,0,0,0,0,0,0,0,0,0,0,0
311,13.1945,54.7162,2012,DE,21,284,12.0,30,9.0,1392,-1,26.0,7.288057561436735,438.03618425770594,14.0,9.194947242736816,261.9632263183594,8.76,12.04,1,1,1,1,0,0,0,0,1,1,0,0,0,0,0,0,0,0,0,0,0,0,0,0,0,0,0,0,0,0,0,0,0,0,0,0,0,0,0,0,0,0,0,0,0
312,13.4967,54.7132,2012,DE,22,285,20.0,30,9.0,58,-1,31.0,5.466655962515178,443.2905522437616,11.0,9.046346664428713,253.0658264160156,10.92,12.99,1,1,1,1,0,0,1,0,1,0,1,0,0,0,0,0,0,0,1,0,0,0,0,0,0,0,0,0,0,0,0,0,0,0,0,0,0,0,0,0,0,0,0,0,0
313,14.1172,54.6323,2012,DE,23,285,15.0,30,9.0,1005,0,26.0,29.149009881437067,472.8166099466539,11.0,8.392107963562012,282.3412475585937,8.22,12.45,1,1,0,1,0,1,0,0,0,0,0,0,0,0,0,0,0,0,0,0,0,0,0,0,0,0,0,0,0,0,0,0,0,0,0,0,0,0,0,0,0,0,0,0,0
314,13.8853,54.5667,2012,DE,24,285,10.0,30,9.0,1118,-1,19.0,12.897466938016311,469.866798920327,9.0,8.859638214111328,275.9876403808594,8.32,12.16,1,1,1,1,0,0,0,0,1,1,1,0,0,0,0,0,0,0,0,0,0,0,0,0,0,0,0,0,0,0,0,0,0,0,0,0,0,0,0,0,0,0,0,0,0
315,13.7243,54.4892,2012,DE,25,285,13.0,30,9.0,1206,-1,23.0,4.90168216396729,472.408250907089,10.0,8.536320686340332,272.3789978027344,8.72,12.69,1,1,0,1,0,0,1,0,1,1,1,1,0,0,0,0,0,0,0,0,0,0,0,0,0,0,0,0,1,0,0,0,0,0,0,0,0,0,1,0,0,1,0,0,1
316,14.0972,54.4177,2012,DE,26,285,4.0,30,9.0,1378,-1,14.0,21.73623704947321,491.16934948154926,10.0,8.156425476074219,308.9197692871094,8.29,12.42,1,1,1,0,0,0,0,0,0,0,1,0,0,0,0,0,0,0,0,0,0,0,0,0,0,0,0,0,0,0,0,0,0,0,0,0,0,0,1,0,0,0,0,0,0
317,14.6552,54.548,2012,DE,27,286,15.0,30,9.0,140,-1,24.0,54.49033739511077,505.5163573531153,9.0,8.257563591003418,267.01300048828125,7.86,13.06,1,1,0,1,0,0,0,0,0,0,0,0,0,0,0,0,0,0,0,0,0,0,0,0,0,0,0,0,0,0,0,0,0,0,0,0,0,0,0,0,0,0,0,0,0
318,14.2312,54.8868,2012,DE,28,286,21.0,30,8.0,1036,-1,37.0,36.958085712096384,459.0052785827454,16.0,8.702997207641602,224.3486328125,8.71,11.98,1,1,0,1,0,0,1,0,1,0,1,0,0,0,0,0,0,0,0,0,0,0,0,0,0,0,0,0,0,0,0,0,0,0,0,0,0,0,0,0,0,0,0,0,0
319,13.7787,54.9025,2012,DE,29,286,30.0,30,9.0,1174,-1,46.0,33.61552444740199,435.643697974568,16.0,9.026169776916504,167.15940856933594,13.79,14.68,1,1,0,0,0,0,1,0,1,1,0,0,0,0,0,0,0,0,0,1,0,0,0,0,0,0,0,0,0,0,0,0,0,0,0,0,0,0,0,0,0,0,0,0,0
320,12.9318,54.9015,2012,DE,30,286,23.0,30,8.0,1396,-1,34.0,25.085704314123248,416.7088618809224,11.0,9.353804588317873,259.6044006347656,9.84,12.5,1,1,1,1,0,0,0,0,1,1,0,0,0,0,0,0,0,0,0,0,0,0,0,0,0,0,0,0,0,0,0,0,0,0,0,0,0,0,0,0,0,0,0,0,0
321,12.396,54.8437,2012,DE,31,287,11.5,30,8.0,118,-1,22.0,12.2426599179968,426.3143002983438,10.5,9.342775344848633,266.44342041015625,10.71,12.46,1,1,1,0,0,1,1,0,0,1,0,0,0,0,0,0,0,0,0,0,0,0,0,0,0,0,0,0,0,0,0,0,0,0,0,0,0,0,0,0,0,0,0,0,0
322,12.7155,55.0838,2012,DE,32,287,20.0,30,9.0,1064,-1,29.0,15.112172566099096,395.40820331664446,9.0,9.258901596069336,282.7465209960937,10.75,12.11,1,1,1,1,0,0,1,0,1,1,1,0,0,0,0,0,0,0,0,0,0,0,0,0,0,0,0,0,1,0,0,0,0,0,0,0,0,0,0,0,0,0,0,0,0
323,13.0755,55.082,2012,DE,33,287,19.0,15,9.0,1181,-1,30.0,31.957682144071654,396.33508950473873,11.0,9.24276638031006,263.3664855957031,8.52,11.77,1,1,1,1,0,0,0,0,1,1,0,0,0,0,0,0,0,0,0,0,0,0,0,0,0,0,0,0,0,0,0,0,0,0,0,0,0,0,0,0,0,1,0,0,0
324,13.6462,55.0842,2012,DE,34,287,28.0,30,6.0,1327,-1,45.0,33.61815273806547,415.8906282623732,17.0,9.103489875793455,164.2203369140625,10.87,12.78,1,1,1,1,0,0,1,0,1,0,0,0,0,0,0,0,0,0,0,1,0,0,0,0,0,0,0,0,0,0,0,0,0,0,0,0,0,0,0,0,0,0,0,0,0
325,14.2548,55.065,2012,DE,35,288,28.0,30,9.0,93,-1,47.0,27.99583946443273,449.60320428620514,19.0,8.968257904052734,171.33230590820312,10.47,11.92,1,1,0,1,0,0,1,0,1,0,0,0,0,0,0,0,0,0,0,1,0,0,0,0,0,0,0,0,0,0,0,0,0,0,0,0,0,0,0,0,0,0,0,0,0
326,14.361,55.3222,2012,DE,36,288,17.0,30,8.0,1032,-1,46.0,12.038959611486586,448.4351435688672,29.0,9.35048484802246,248.57846069335932,7.69,11.03,1,1,0,1,0,0,0,0,0,0,1,0,0,0,0,0,0,0,0,0,0,0,0,0,0,0,0,0,0,0,0,0,0,0,0,0,0,0,0,0,0,0,0,0,0
327,13.9015,55.2678,2012,DE,37,288,22.0,15,8.0,1181,-1,39.0,16.07767021164902,420.4126038768928,17.0,9.235580444335938,250.92384338378903,7.91,9.9,1,1,0,1,0,0,0,0,0,0,0,0,0,0,0,0,0,0,0,0,0,0,0,0,0,0,0,0,0,0,0,0,0,0,0,0,0,0,0,0,0,0,0,0,0
328,13.3728,55.2717,2012,DE,38,288,18.0,25,8.0,1326,-1,37.0,7.415089504739416,387.9137313431222,19.0,9.243305206298828,256.82196044921875,8.31,10.37,1,1,0,0,0,1,0,0,1,0,0,0,0,0,0,0,0,0,0,0,0,0,0,0,0,0,0,0,0,0,0,0,0,0,0,0,0,0,0,0,0,0,0,0,0
329,12.9953,55.2712,2012,DE,39,289,15.0,30,8.0,4,-1,27.0,12.09293603435312,374.1075447523701,12.0,9.226730346679688,272.1976318359375,8.4,11.01,1,0,0,1,0,0,1,0,1,1,0,0,0,0,0,0,0,0,0,0,0,0,0,0,0,0,0,0,0,0,0,0,0,0,0,0,0,0,0,0,0,0,0,0,0
330,12.8727,55.7652,2012,DE,40,289,12.0,15,9.0,1033,-1,23.0,2.5232337394926523,320.0340810917086,11.0,9.65495491027832,213.0655517578125,20.51,12.7,1,1,1,1,0,0,1,0,0,1,0,0,0,0,0,0,0,0,0,0,0,0,0,0,0,0,0,0,0,0,0,0,0,0,0,0,0,0,0,0,0,0,0,0,0
331,12.781,55.8103,2012,DE,41,289,13.0,15,9.0,1093,-1,21.0,5.192948707965783,313.07639061309936,8.0,9.7838773727417,204.4546813964844,24.04,13.0,1,1,0,1,0,0,1,0,0,1,0,0,0,0,0,0,0,1,0,0,0,0,0,0,0,0,0,0,0,0,0,0,0,0,0,0,0,0,0,0,0,1,0,0,0
332,12.5297,56.1375,2012,DE,42,289,17.0,30,8.0,1281,-1,25.0,3.2339458839420736,272.5408851772807,8.0,10.454952239990234,199.4078521728516,26.99,13.24,1,1,1,0,0,0,1,0,0,1,0,0,1,0,0,1,0,0,0,0,0,0,0,0,0,0,0,0,0,0,0,0,0,0,0,0,0,0,0,0,0,0,0,0,0
333,12.4252,56.1405,2012,DE,43,289,15.0,30,9.0,1411,-1,26.0,4.748254949172355,268.94035231662,11.0,11.319171905517578,178.32313537597656,25.02,13.29,1,1,1,0,0,0,1,0,1,1,0,0,1,1,0,1,0,0,0,0,0,0,0,0,0,0,0,0,0,0,0,0,0,0,0,0,0,0,0,0,0,0,0,0,0
334,12.2335,56.2148,2012,DE,44,290,16.5,30,8.0,973,0,25.0,10.24785232988612,254.60000150375848,8.5,12.544466018676758,173.30990600585938,24.89,13.52,1,1,0,0,0,0,0,1,0,1,0,0,0,1,0,0,0,0,0,0,0,0,0,0,0,0,0,0,0,1,0,0,0,0,0,0,0,0,0,0,0,0,0,0,0
335,11.7968,56.1263,2012,DE,45,290,13.0,30,8.0,1096,-1,21.0,9.80969395015208,250.53244450318485,8.0,12.8068208694458,191.0321807861328,21.96,12.97,1,1,1,0,0,0,1,1,1,1,0,0,0,1,0,1,0,0,0,0,0,0,0,0,0,0,0,0,0,0,0,0,0,0,0,0,0,0,0,0,1,0,0,0,0
336,11.7198,56.3672,2012,DE,46,291,13.0,30,8.0,1061,-1,22.0,18.566264050856397,224.09377237618364,9.0,12.958370208740234,174.9285430908203,22.05,12.95,0,0,1,0,0,0,1,0,0,0,0,0,0,0,0,1,0,0,0,0,0,0,0,0,0,0,0,0,0,0,0,0,0,0,0,0,0,0,0,0,0,0,0,0,0
337,12.1063,56.3988,2012,DE,47,291,22.0,30,8.0,1191,-1,30.0,24.271109213904293,233.2427181296696,8.0,13.077381134033203,155.3417510986328,28.26,14.33,1,1,0,0,0,0,1,0,0,1,0,0,0,0,0,1,0,1,0,0,0,0,0,0,0,0,0,0,0,0,0,0,0,0,0,0,0,0,0,0,0,0,0,0,0
338,11.7835,56.6177,2012,DE,48,291,28.0,30,8.0,1374,-1,36.0,14.803023589248228,201.31446458259848,8.0,13.245380401611328,163.21961975097656,31.79,13.97,1,1,0,0,0,0,1,1,1,1,0,0,1,0,0,1,0,0,0,0,0,0,1,0,0,0,0,0,0,0,0,0,0,0,0,0,0,0,0,1,1,0,0,0,0
339,11.8423,56.8805,2012,DE,49,292,15.5,30,8.0,1038,-1,27.0,20.65606977777412,180.3491472636967,11.5,13.485379219055176,197.862533569336,26.47,13.88,1,1,1,1,0,0,0,0,1,1,0,0,0,0,0,1,0,1,0,0,0,0,0,0,0,0,0,0,0,0,0,0,0,0,0,0,0,0,0,0,0,0,0,0,0
340,11.5872,57.1177,2012,DE,50,292,22.0,30,8.0,1181,-1,28.0,30.9782661903695,151.31830816537737,6.0,13.59300422668457,232.11019897460932,30.54,14.47,1,0,0,0,0,0,1,1,1,1,0,0,0,1,0,1,0,1,0,0,0,0,0,0,0,0,0,0,0,0,0,0,0,0,0,0,0,0,0,1,0,0,0,0,0
341,11.3292,57.3712,2012,DE,51,292,30.0,30,9.0,1341,-1,41.0,9.744276880717834,120.8553288226028,11.0,13.840996742248535,235.2115020751953,32.25,13.88,1,1,0,0,0,0,1,1,0,1,0,0,1,0,0,1,0,1,0,0,0,0,0,0,0,0,0,0,0,0,0,1,0,0,0,0,0,0,0,0,0,0,0,0,0
342,11.6923,57.3853,2012,DE,52,293,37.0,30,8.0,38,-1,51.0,14.01885023709879,140.00908209549436,14.0,13.141180992126465,207.88510131835932,33.15,12.94,1,0,0,0,0,0,1,0,1,1,0,0,1,1,0,0,0,1,0,0,0,0,0,0,0,0,0,0,0,0,0,1,0,0,0,0,0,0,0,0,1,0,0,0,0
343,12.009,57.0592,2012,DE,53,293,45.0,30,8.0,964,0,55.0,12.840328596985708,175.547105962336,10.0,13.0795259475708,184.7261199951172,33.17,11.82,1,1,0,0,0,0,1,1,1,1,0,0,0,1,0,1,0,0,0,0,0,0,0,0,0,0,0,0,0,0,0,1,0,0,0,0,0,0,0,1,0,0,0,0,0
344,12.1925,56.8745,2012,DE,54,293,28.0,30,9.0,1073,-1,41.0,11.55095550609744,196.75095550609757,13.0,12.565311431884766,186.15155029296875,29.95,13.98,1,0,0,0,0,1,0,1,1,1,0,0,0,1,0,1,0,1,0,0,0,0,0,0,0,0,0,0,0,0,0,1,0,0,0,0,0,0,0,0,0,0,0,0,0
345,12.4332,56.6203,2012,DE,55,293,20.0,30,8.0,1216,-1,28.0,17.292247469508144,225.6881382089892,8.0,12.968602180480955,198.91439819335932,28.87,13.81,1,1,0,1,0,0,1,1,1,1,0,0,0,1,0,1,0,1,0,0,0,0,0,0,0,0,0,0,0,0,0,1,0,0,0,0,0,0,0,0,0,0,0,0,0
346,12.4313,56.4437,2012,DE,56,293,18.0,30,8.0,1318,-1,29.0,7.23241718764128,240.85620070690072,11.0,12.18346118927002,182.824462890625,25.81,13.48,1,1,0,0,0,0,1,1,1,1,0,0,1,1,0,1,0,1,0,0,0,0,1,0,0,0,0,0,0,0,0,1,0,0,0,0,0,0,0,0,0,0,0,0,0
347,19.4351,60.6278,2012,FI,13,283,35.0,40,11.2,367,0,53.0,27.64616980781689,1126.0301790094788,18.0,8.881319999694824,339.6372985839844,5.83,4.43,1,1,1,0,0,0,0,0,0,0,0,0,0,0,1,0,0,0,0,0,1,0,0,0,0,0,0,0,0,0,0,0,0,0,0,0,0,0,0,0,0,0,0,0,0
348,20.4978,60.8468,2012,FI,14,283,48.0,30,11.4,729,1,59.0,27.993768935572508,1169.6837232952505,11.0,8.967408180236816,334.6410217285156,6.24,4.43,1,1,1,0,1,0,0,0,0,0,0,0,0,0,0,0,0,0,0,0,0,0,0,0,0,0,0,0,0,0,0,0,0,0,0,0,0,0,0,0,0,0,0,0,0
349,20.4958,61.2917,2012,FI,15,283,23.6,40,14.1,979,0,103.0,46.408553580803336,1214.0854317369442,79.4,9.097412109375,327.8628845214844,5.31,6.48,1,1,1,0,0,0,0,0,0,0,0,0,0,0,0,0,1,0,0,0,0,0,0,0,0,0,0,0,0,0,0,0,0,0,0,0,0,0,0,0,0,0,0,0,0
350,20.4914,61.7727,2012,FI,16,283,12.4,30,12.9,1244,-1,104.0,45.43297907225683,1262.2757192924305,91.6,9.150800704956056,324.3246765136719,5.21,9.51,1,1,1,0,0,0,0,0,0,0,0,0,0,0,0,0,1,0,0,0,0,0,0,0,0,0,0,0,0,0,0,0,0,0,0,0,0,0,0,0,0,0,0,0,0
351,20.4808,62.2032,2012,FI,17,284,17.0,30,14.5,38,-1,85.0,39.941886153557306,1310.3032928213877,68.0,9.162724494934082,318.5765380859375,5.27,9.36,1,1,1,0,0,0,0,0,0,0,0,1,0,0,0,0,1,0,0,0,0,0,0,0,0,0,0,0,0,0,0,0,0,0,0,0,0,0,0,0,0,0,0,0,0
352,20.4862,62.713,2012,FI,18,284,26.0,30,12.9,303,0,68.0,28.893534223780623,1369.570837573756,42.0,8.843878746032715,321.95123291015625,5.48,9.87,1,1,1,0,1,0,0,0,0,0,0,1,0,0,0,0,0,0,0,0,0,0,0,0,0,0,0,0,0,0,0,0,0,0,0,0,0,0,0,0,0,0,0,0,0
353,20.464,63.1138,2012,FI,19,284,40.0,38,13.3,530,1,67.0,13.923039064444742,1416.788861880926,27.0,8.9137601852417,321.25518798828125,5.67,5.37,1,1,1,0,0,0,0,0,0,0,0,1,0,0,0,0,0,0,0,0,0,0,0,0,0,0,0,0,0,0,0,0,0,0,0,0,0,0,0,0,0,0,0,0,0
354,19.6745,63.2022,2012,FI,20,284,78.0,40,9.4,786,1,148.0,23.752874146884015,1426.9846099499432,70.0,8.61802864074707,292.6814880371094,6.23,2.67,1,1,1,0,0,0,0,0,0,0,0,1,0,0,1,0,1,0,0,0,0,0,0,0,0,0,0,0,0,0,0,0,0,0,0,0,0,0,0,0,0,0,0,0,0
355,19.5097,62.7793,2012,FI,21,284,20.1,30,14.0,1083,-1,137.0,49.250357507009184,1377.8950895047403,116.9,8.877582550048828,286.30792236328125,5.34,6.33,1,1,1,0,0,0,0,0,0,0,0,0,0,0,1,0,1,0,0,0,0,0,0,0,0,0,0,0,0,0,0,0,0,0,0,0,0,0,0,0,0,0,0,0,0
356,18.5892,62.6781,2012,FI,22,284,20.0,40,13.8,1342,-1,102.0,21.28829699922535,1365.863292821386,82.0,8.513330459594727,291.71240234375,5.24,8.77,1,1,1,0,1,0,0,0,0,0,0,1,0,0,1,0,1,0,0,0,0,0,0,0,0,0,0,0,0,0,0,0,0,0,0,0,0,0,0,0,0,0,0,0,0
357,18.4953,62.3392,2012,FI,23,285,33.0,45,9.1,122,-1,83.0,36.505714795141145,1326.0426342571088,50.0,8.765896797180176,291.6405029296875,5.51,5.18,1,1,1,0,0,0,0,0,0,0,0,1,0,0,0,0,1,0,0,0,0,0,0,0,0,0,0,0,0,0,0,0,0,0,0,0,0,0,0,0,0,0,0,0,0
358,19.2497,62.2464,2012,FI,24,285,55.0,40,11.8,377,0,91.0,73.02863125945453,1314.9377237618476,36.0,8.87654972076416,270.6085510253906,6.09,2.41,1,1,1,0,0,0,0,0,0,0,0,0,0,0,0,0,1,0,0,0,0,0,0,0,0,0,0,0,0,0,0,0,0,0,0,0,0,0,0,0,0,0,0,0,0
359,19.4068,61.7318,2012,FI,25,285,52.0,50,11.0,722,1,67.0,98.32828835176814,1254.7432928213875,15.0,8.961740493774414,283.1351623535156,6.03,2.64,1,1,1,0,0,0,0,0,0,0,0,0,0,0,0,0,1,0,0,0,0,0,0,0,0,0,0,0,0,0,0,0,0,0,0,0,0,0,0,0,0,0,0,0,0
360,18.4671,61.7449,2012,FI,26,285,32.4,42,13.2,1007,-1,75.0,48.30998718553311,1256.597065197573,42.6,8.764668464660645,260.6911926269531,5.76,2.78,1,1,1,0,0,0,0,0,0,0,0,0,0,0,0,0,1,0,0,0,0,0,0,0,0,0,0,0,0,0,0,0,0,0,0,0,0,0,0,0,0,0,0,0,0
361,17.8279,61.6767,2012,FI,27,285,18.9,40,15.2,1232,-1,58.0,15.942890430398974,1249.049144607783,39.1,8.769298553466797,309.87860107421875,5.24,6.36,1,1,1,0,0,0,0,0,0,0,0,0,0,0,0,0,1,0,0,0,0,0,0,0,0,0,0,0,0,0,0,0,0,0,0,1,0,0,0,0,0,0,0,0,0
362,17.846,61.1437,2012,FI,28,286,15.0,30,15.4,78,-1,66.0,27.86602568233047,1193.9426390685317,51.0,8.569619178771973,288.2997131347656,4.63,8.87,1,1,1,0,0,0,0,0,0,0,0,0,0,0,0,0,1,0,0,0,0,0,0,0,0,0,0,0,0,0,0,0,0,0,0,1,0,0,0,0,0,0,0,0,0
363,17.8369,60.7905,2012,FI,29,286,36.6,41,12.3,278,0,57.0,19.59487488270699,1158.5562942583224,20.4,8.500862121582031,322.5061340332031,5.62,3.61,1,1,1,0,0,0,0,0,0,0,0,1,0,0,0,0,0,0,0,0,0,0,0,0,0,0,0,0,0,0,0,0,0,0,0,0,0,0,0,0,0,0,0,0,0
364,19.503,61.0579,2012,FI,30,286,70.8,29,8.5,916,0,121.0,70.50699197533842,1176.028861880926,50.2,8.976877212524414,266.3539428710937,6.36,3.0,1,1,1,0,0,0,0,0,0,0,0,1,0,0,0,0,1,0,0,0,0,0,0,0,0,0,0,0,0,0,0,0,0,0,0,0,0,0,0,0,0,0,0,0,0
365,18.9137,61.0291,2012,FI,31,286,22.2,31,13.2,1143,-1,65.0,62.28719627730457,1173.2482033166473,42.8,8.817082405090332,276.4251708984375,5.22,6.45,1,1,1,0,1,0,0,0,0,0,0,0,0,0,0,0,1,0,0,0,0,1,0,0,0,0,0,0,0,0,0,0,0,0,0,0,0,0,0,0,0,0,0,0,0
366,18.7078,60.9265,2012,FI,32,286,17.0,30,15.0,1358,-1,74.0,46.84429753667912,1160.2895204452018,57.0,8.670756340026855,295.9441833496094,4.76,9.04,1,1,1,0,1,0,0,0,0,0,0,0,0,0,0,0,1,0,0,0,0,0,0,0,0,0,0,0,0,0,0,0,0,0,0,0,0,0,0,0,0,0,0,0,0
367,21.37,58.63833,2013,EE,1,293,41.0,30,20.0,370,0,83.0,31.798914529591887,1011.4502558554688,42.0,9.406039237976074,123.8971176147461,6.89,4.43,1,1,1,1,0,1,0,0,0,0,0,0,0,0,0,0,0,0,0,0,0,0,0,0,0,0,0,0,0,0,0,0,0,0,0,0,0,0,0,0,0,0,0,0,0
368,26.32167,59.75,2013,EE,10,295,12.0,30,21.0,310,0,81.0,18.749307632947687,1323.2641727757937,69.0,7.958996772766113,131.5401153564453,4.39,11.73,1,1,1,0,0,0,0,0,0,0,0,1,0,0,0,0,0,0,0,0,0,0,0,0,0,0,0,0,0,0,0,0,0,0,0,0,0,0,0,0,0,0,0,0,0
369,26.15,59.79667,2013,EE,11,295,23.0,30,20.0,445,1,73.0,20.256902824810485,1314.9832405145155,50.0,8.0617036819458,127.8299331665039,5.33,8.2,1,1,1,0,1,0,0,0,0,0,0,1,0,0,0,0,0,0,0,0,0,1,0,0,0,0,0,0,0,0,0,0,0,0,0,0,0,0,0,0,0,0,0,0,0
370,25.81,59.775,2013,EE,12,295,26.0,30,20.0,595,1,74.0,13.290842364004346,1296.2179141366198,48.0,8.11555004119873,124.03099822998048,5.79,7.31,1,1,1,0,1,0,0,0,0,0,0,1,0,0,0,0,0,0,0,0,0,0,0,0,0,0,0,0,0,0,0,0,0,0,0,0,0,0,0,0,0,0,0,0,0
371,25.45167,59.75667,2013,EE,13,295,30.0,30,20.0,735,1,85.0,12.616858535046967,1276.485201752705,55.0,8.3248872756958,124.15453338623048,6.07,6.24,1,1,1,0,1,0,0,0,0,0,0,1,0,0,0,0,0,0,0,0,0,0,0,0,0,0,0,0,0,0,0,0,0,0,0,0,0,0,0,0,0,0,0,0,0
372,20.905,58.39167,2013,EE,14,297,30.0,25,20.0,535,1,89.0,50.86554248110998,971.7658154722984,59.0,9.493748664855955,110.1716079711914,6.6,4.91,1,1,1,0,1,0,0,0,0,0,0,0,0,0,0,0,0,0,0,0,0,0,0,0,0,0,0,0,0,0,0,0,0,0,0,0,0,0,0,0,0,0,0,0,0
373,22.07333,58.665,2013,EE,2,293,22.0,30,20.0,635,1,43.0,15.905834585247629,1042.470733122295,21.0,8.91230297088623,277.065185546875,6.54,7.86,1,1,1,0,1,0,0,0,0,0,0,0,0,0,0,0,0,0,0,0,0,0,0,0,0,0,0,0,0,0,0,0,0,0,0,0,0,0,0,0,0,0,0,0,0
374,21.72333,58.84833,2013,EE,3,293,22.0,30,18.0,790,1,56.0,20.423064763010625,1043.137463018459,34.0,9.096038818359377,236.418212890625,6.48,8.36,1,1,1,0,1,0,0,0,0,0,0,0,0,0,0,0,0,0,0,0,0,0,0,0,0,0,0,0,0,0,0,0,0,0,0,0,0,0,0,0,0,0,0,0,0
375,21.41833,59.0,2013,EE,4,293,15.0,30,20.0,930,0,130.0,37.06741192175717,1039.7817608335442,115.0,9.427800178527832,95.83458709716795,6.02,11.59,1,1,1,0,1,1,0,0,0,0,0,0,0,0,0,0,0,0,0,0,0,0,0,0,0,0,0,0,0,0,0,0,0,0,0,0,0,0,0,0,0,0,0,0,0
376,21.38667,59.085,2013,EE,5,293,10.0,30,21.0,1015,-1,144.0,40.79626423675604,1045.769516368601,134.0,9.38835620880127,64.30825805664062,6.01,11.68,1,1,1,0,0,1,0,0,0,0,0,0,0,0,0,0,0,0,0,0,1,0,0,0,0,0,0,0,0,0,0,0,0,0,0,0,0,0,0,0,0,0,0,0,0
377,22.54333,59.31833,2013,EE,6,294,12.0,15,21.0,310,0,114.0,25.187396658815643,1113.2813152761455,102.0,8.89093017578125,76.07669830322266,5.89,11.55,1,1,1,0,0,1,0,0,0,0,0,0,0,0,0,0,0,0,0,0,0,0,0,0,0,0,0,0,0,0,0,0,0,0,0,0,0,0,0,0,0,0,0,0,0
378,22.935,59.41833,2013,EE,7,294,70.0,30,17.0,480,1,95.0,28.62187580759627,1137.6575585822366,25.0,8.795896530151367,92.65519714355467,8.92,4.34,1,1,1,1,1,0,0,0,0,0,0,1,0,0,0,0,0,0,0,0,0,0,0,0,0,0,0,0,0,0,0,0,0,0,0,0,0,0,0,0,0,0,0,0,0
379,23.46833,59.465,2013,EE,8,294,24.0,30,17.0,710,1,92.0,18.9185196933363,1164.772974872238,68.0,8.730676651000977,97.80095672607422,6.29,8.7,1,1,0,0,1,1,0,0,0,0,0,1,0,0,0,0,0,0,0,0,0,0,0,0,0,0,0,0,0,0,0,0,0,0,0,0,0,0,0,0,0,0,0,0,0
380,23.69833,59.49166,2013,EE,9,294,30.0,30,19.0,850,0,84.0,19.40026046016235,1176.6832914062647,54.0,8.67758846282959,105.51905059814452,6.53,6.61,1,1,1,0,0,0,0,0,0,0,0,0,0,0,0,0,0,0,0,0,0,0,0,0,0,0,0,0,0,0,0,0,0,0,0,0,0,0,0,0,0,0,0,0,0
381,12.1705,54.3857,2013,DE,2,277,10.0,30,5.0,1087,-1,20.0,14.851270448646163,466.7075447523701,10.0,9.488698959350586,163.56422424316406,14.29,13.65,1,1,1,1,0,0,1,0,0,1,0,0,1,0,0,0,0,0,0,0,0,0,0,1,0,0,0,0,0,0,0,0,0,1,0,0,0,1,0,0,0,0,0,0,0
382,12.3028,54.5422,2013,DE,3,277,12.0,30,6.0,1210,-1,23.0,14.705039504854794,449.70754260711567,11.0,9.187874794006348,160.96536254882812,15.53,13.76,1,1,1,1,0,0,1,0,1,1,0,0,1,0,0,0,0,0,0,0,0,0,0,0,0,0,0,0,0,0,0,0,0,0,0,0,0,0,0,0,0,0,0,0,0
383,13.1177,54.7163,2013,DE,4,278,15.0,30,8.0,8,-1,23.0,10.359296418288102,438.0095204452003,8.0,8.62540054321289,255.5234375,9.28,12.75,1,1,1,0,0,1,0,0,1,0,0,0,0,0,0,0,0,0,0,0,0,0,0,0,0,0,0,0,0,0,0,0,0,0,0,0,0,0,0,0,0,0,0,0,0
384,13.5847,54.7143,2013,DE,5,278,22.0,30,9.0,156,-1,37.0,10.329727458187277,445.70637386188656,15.0,7.860399723052978,259.0023803710937,10.22,13.37,1,1,1,0,0,0,1,0,1,0,1,0,0,0,0,0,0,0,0,0,0,0,0,0,1,0,0,0,0,0,0,0,0,0,0,0,0,0,0,0,0,0,0,0,0
385,14.1165,54.6658,2013,DE,6,278,14.0,30,9.0,1050,0,27.0,30.294273335859835,470.2889490771473,13.0,8.430224418640137,262.5810241699219,7.45,12.34,1,1,1,1,0,0,0,0,1,0,1,0,0,0,0,0,0,0,0,0,0,0,0,0,0,0,0,0,0,0,0,0,0,0,0,0,0,0,0,0,0,0,0,0,0
386,13.8138,54.5562,2013,DE,7,278,12.0,30,9.0,1191,-1,22.0,8.868822348723718,468.64518555449393,10.0,7.134411811828613,234.54830932617188,7.31,12.84,1,1,1,1,0,0,1,0,1,1,1,0,0,0,0,0,0,0,0,0,0,0,0,1,0,0,0,0,0,0,0,0,0,0,0,0,0,0,1,0,0,0,0,0,0
387,13.7233,54.4627,2013,DE,8,278,12.0,30,8.0,1276,-1,22.0,6.872600520107392,475.1571345236565,10.0,5.336043834686279,196.6723480224609,7.28,13.26,1,1,1,1,0,0,1,0,1,0,1,1,0,0,0,0,0,0,0,0,0,0,0,0,0,0,0,0,0,0,0,0,0,0,0,0,0,0,0,0,0,0,0,0,1
388,14.0598,54.437,2013,DE,9,278,12.0,30,9.0,1416,-1,15.0,21.68874521621467,487.5867131207416,3.0,6.26483154296875,285.8529663085937,7.18,12.9,1,1,1,1,0,0,0,0,0,1,1,1,0,0,0,0,0,0,0,0,0,0,0,0,0,0,0,0,0,0,0,0,0,0,0,0,0,0,1,0,0,0,0,0,0
389,14.1707,54.9008,2013,DE,10,279,27.0,30,9.0,1020,0,40.0,39.70658707467033,455.3793486074373,13.0,8.726675987243652,198.651596069336,9.94,12.96,1,1,1,1,0,0,1,0,0,0,0,0,0,0,0,0,0,0,0,0,0,0,0,0,0,0,0,0,0,0,0,0,0,0,0,0,0,0,0,0,0,0,0,0,0
390,13.6635,54.9032,2013,DE,11,279,10.0,30,8.0,1176,-1,47.0,29.29562339798803,430.8277566363252,37.0,8.720779418945312,173.062744140625,7.34,13.25,1,1,1,1,0,0,1,0,0,0,0,0,0,0,0,0,0,1,0,0,0,0,0,0,0,0,0,0,0,0,0,0,0,0,0,0,0,0,0,0,0,0,0,0,0
391,12.844,54.9082,2013,DE,12,279,11.0,26,8.0,1384,-1,32.0,19.483154615102563,415.7819756928309,21.0,8.790355682373047,250.33578491210932,7.93,13.24,1,1,1,0,0,0,1,0,1,1,0,0,0,0,0,0,0,0,0,0,0,0,0,1,0,0,0,0,0,0,0,0,0,0,0,0,0,0,0,0,0,0,0,0,0
392,12.3837,54.8373,2013,DE,13,280,12.0,30,8.0,84,-1,22.0,11.587584387873862,426.4626565221116,10.0,8.764717102050781,155.80186462402344,10.2,13.27,1,1,0,1,0,1,0,0,0,0,1,0,1,0,0,0,0,0,0,0,0,0,0,0,0,0,0,0,0,0,0,0,0,0,0,0,0,0,0,0,0,0,0,0,0
393,12.7258,55.0845,2013,DE,14,280,15.0,30,9.0,1062,-1,29.0,15.709471450960214,395.40820331664446,14.0,8.877204895019531,275.6141357421875,8.13,12.92,1,1,1,0,0,1,1,1,1,1,1,0,0,0,0,0,0,0,0,0,0,0,0,0,0,0,0,0,0,0,0,0,0,0,0,0,0,0,0,0,0,0,0,0,0
394,13.095,55.0818,2013,DE,15,280,18.0,30,9.0,1174,-1,30.0,31.67093909855337,396.33508950473873,12.0,8.980449676513672,276.1999816894531,7.9,13.03,1,1,1,1,0,0,1,0,1,1,0,0,0,0,0,0,0,0,0,1,0,0,0,0,0,0,0,0,0,0,0,0,0,0,0,0,0,0,0,0,0,0,0,0,0
395,13.853,55.0842,2013,DE,16,280,23.0,30,8.0,1382,-1,45.0,35.69791942215562,426.1441701317375,22.0,8.874260902404785,90.37210083007812,8.19,12.32,1,1,0,1,0,1,0,0,0,0,1,0,0,0,0,0,0,0,0,0,0,0,0,0,0,0,0,0,0,0,0,0,0,0,0,0,0,0,0,0,0,0,0,0,0
396,14.1952,55.0082,2013,DE,17,281,11.0,30,8.0,70,-1,46.0,33.18108797388441,448.710559407759,35.0,8.747127532958984,160.29539489746094,7.43,13.21,1,1,0,1,0,0,1,0,0,0,1,0,0,0,0,0,0,1,0,1,0,0,0,0,0,0,0,0,0,0,0,0,0,0,0,0,0,0,0,0,0,0,0,0,0
397,14.3497,55.3318,2013,DE,18,281,22.0,30,8.0,1035,0,45.0,10.847414240730924,447.6434496756265,23.0,9.133355140686035,294.0755310058594,7.11,10.38,1,1,0,1,0,1,1,0,1,0,0,0,0,0,0,0,0,0,0,0,0,0,0,0,0,0,0,0,0,0,0,0,0,0,0,0,0,0,0,0,0,0,0,0,0
398,13.952,55.2682,2013,DE,19,281,12.0,30,8.0,1160,-1,38.0,14.437226729093194,423.4773054188021,26.0,9.03750228881836,283.5157775878906,7.25,12.97,1,1,0,1,0,1,0,0,1,0,0,0,0,0,0,0,0,0,0,0,0,0,0,0,0,0,0,0,0,0,0,0,0,0,0,0,0,0,0,0,0,0,0,0,0
399,13.1832,55.269,2013,DE,20,281,15.0,30,8.0,1345,-1,36.0,9.7942646722189,378.9316814791014,21.0,8.920120239257812,276.43804931640625,7.33,12.34,1,1,1,0,0,0,0,0,1,0,0,0,0,0,0,0,0,0,0,0,0,0,0,0,0,0,0,0,0,0,0,0,0,0,0,0,0,0,0,0,0,0,0,0,0
400,12.9978,55.2737,2013,DE,21,281,12.0,30,8.0,1420,-1,27.0,12.09293603435312,374.1075447523701,15.0,8.819663047790527,292.5283203125,7.4,12.98,1,1,0,1,0,0,1,0,1,1,0,0,0,0,0,0,0,0,0,0,0,0,0,0,0,0,0,0,0,0,0,0,0,0,0,0,0,0,0,0,0,0,0,0,0
401,11.3238,55.1115,2013,DE,22,283,16.0,30,8.0,1185,-1,18.0,8.675752707214492,355.54323821511485,2.0,9.93349838256836,203.49923706054688,24.1,14.75,1,1,1,1,0,1,1,1,1,1,0,0,1,1,0,1,0,1,0,0,0,0,0,0,0,0,1,0,0,1,0,0,0,0,0,0,0,0,0,0,0,0,0,0,0
402,10.9592,55.249,2013,DE,23,283,16.0,30,8.0,1320,-1,24.0,8.502960243008733,338.92131712855297,8.0,10.321277618408203,179.5546112060547,25.9,14.42,1,1,0,0,0,0,1,1,1,1,0,0,1,1,0,1,0,1,0,0,0,0,0,0,0,0,0,0,1,0,0,0,0,0,0,0,0,0,0,0,0,0,0,0,0
403,10.8648,55.4493,2013,DE,24,284,16.5,30,8.0,66,-1,25.0,8.027943659140954,314.85772376185105,8.5,10.539271354675291,176.4743194580078,25.78,14.42,1,1,0,0,0,0,1,1,1,1,0,0,1,1,0,0,0,0,0,0,0,0,0,0,0,0,1,0,0,0,0,0,0,0,0,0,0,0,0,0,0,0,0,0,0
404,10.9028,55.7873,2013,DE,25,284,14.0,30,8.0,1004,0,23.0,4.69996201378222,275.0370651975732,9.0,10.7720308303833,182.5070037841797,23.44,14.15,0,0,0,0,0,0,1,1,1,1,0,0,0,1,0,0,0,0,0,0,0,0,0,0,0,0,0,0,0,1,0,0,0,0,0,0,0,0,0,0,0,0,0,0,0
405,11.0673,55.863,2013,DE,26,284,12.0,30,8.0,1113,-1,18.0,4.3839906828019535,266.6950895047394,6.0,10.93803596496582,221.7880401611328,19.22,13.65,1,0,1,0,0,0,1,1,1,1,0,0,1,1,0,1,0,0,0,0,0,0,1,0,0,0,1,0,0,1,0,0,0,0,0,0,0,0,0,0,0,0,0,0,0
406,10.7547,56.0152,2013,DE,27,284,11.0,30,8.0,1244,-1,21.0,7.419621171247972,249.10197569283443,10.0,11.5223388671875,200.33238220214844,25.37,14.54,1,1,1,0,0,0,1,1,1,1,0,0,0,1,0,1,0,0,0,0,0,0,0,0,0,0,0,0,0,0,0,0,0,0,0,0,0,0,0,0,0,0,0,0,0
407,10.4785,55.9277,2013,DE,28,284,12.5,30,8.0,1380,-1,21.0,2.982199859006574,263.30121835938724,8.5,11.382912635803224,187.515853881836,25.63,14.48,1,1,1,1,0,0,1,1,1,1,0,0,1,1,0,1,0,0,0,0,0,0,0,0,0,0,0,0,0,0,0,0,0,0,0,0,0,0,0,0,0,0,0,0,0
408,10.4982,55.8102,2013,DE,29,285,25.0,30,8.0,39,-1,34.0,2.344066586533189,275.68782038260633,9.0,11.27746868133545,198.85403442382807,27.18,14.8,1,1,0,1,0,0,0,1,1,1,0,0,1,1,0,0,0,1,0,0,0,0,0,0,0,0,0,0,0,0,0,0,0,0,1,0,0,0,0,0,0,0,0,0,0
409,9.774,55.1522,2013,DE,30,285,13.0,30,8.0,1226,-1,24.0,6.646051345539911,365.8058955479276,11.0,11.655349731445312,112.9677505493164,18.21,12.99,1,1,1,1,0,1,1,0,1,1,0,0,1,0,0,0,0,0,0,0,0,0,0,0,0,0,0,0,1,1,0,0,0,0,0,0,0,0,0,0,0,0,0,0,0
410,10.013,55.0743,2013,DE,31,285,12.0,30,8.0,1339,-1,29.0,4.086149599675084,376.80731523314535,17.0,11.301728248596191,105.79417419433594,17.68,13.35,1,0,1,0,0,1,1,0,1,1,0,0,1,0,0,0,0,0,0,0,0,0,0,0,0,0,1,0,0,0,0,0,0,0,0,0,0,0,0,0,0,0,0,0,0
411,10.1722,54.719,2013,DE,32,286,11.0,30,8.0,1007,0,23.0,9.582475060228791,414.1231734037223,12.0,11.416784286499023,148.376220703125,18.43,13.3,1,1,1,0,0,0,0,1,1,1,0,0,0,0,0,0,0,0,0,0,0,0,0,0,0,0,0,0,0,0,0,0,0,0,0,0,0,0,0,0,0,0,0,0,0
412,10.349,54.6478,2013,DE,33,286,12.0,30,8.0,1149,-1,21.0,20.051616392836685,414.3019658875532,9.0,11.274151802062988,158.5625762939453,18.23,13.54,1,1,1,0,0,0,1,0,0,1,0,0,0,0,0,0,0,0,0,0,0,0,0,0,0,0,0,0,0,0,0,0,0,0,0,0,0,0,0,0,0,0,0,0,0
413,10.714,54.464,2013,DE,34,286,10.0,30,8.0,1439,-1,20.0,13.75390258528146,430.5944309404608,10.0,10.748465538024902,127.3591079711914,16.71,13.88,1,1,1,0,0,0,1,1,1,1,0,0,1,1,0,0,0,0,0,0,0,0,0,0,0,0,0,0,0,0,0,0,0,0,0,0,0,0,0,0,0,0,0,0,0
414,10.7147,54.5992,2013,DE,35,287,14.5,30,8.0,88,-1,24.0,13.9960162041583,414.8550895047394,9.5,10.67237949371338,183.90948486328125,20.1,13.92,1,1,0,1,0,1,1,0,0,1,0,0,1,0,0,0,0,0,0,0,0,0,0,0,0,0,0,0,0,0,0,0,0,0,0,0,0,0,0,0,0,0,0,0,0
415,11.3223,54.5263,2013,DE,36,287,16.0,30,8.0,1004,0,29.0,6.099596229350398,423.27920810389446,13.0,9.825213432312012,138.8957977294922,21.4,14.33,1,1,0,0,0,1,1,0,1,1,0,0,1,0,0,0,0,0,0,0,0,0,0,0,0,0,1,0,0,0,0,0,0,0,0,0,0,0,0,0,0,0,0,0,0
416,11.458,54.4282,2013,DE,37,287,12.0,30,8.0,1110,-1,24.0,9.88211307543734,435.5405095133797,12.0,9.706048011779783,127.32738494873048,15.07,13.74,1,1,1,1,0,0,1,1,1,1,0,0,1,1,0,0,0,0,0,0,0,0,0,0,0,0,0,0,0,0,0,0,0,0,0,0,0,0,0,0,0,0,0,0,0
417,11.2328,54.1962,2013,DE,38,287,6.0,30,8.0,1244,-1,20.0,9.802829764563876,461.1639513856653,14.0,9.975912094116213,89.54896545410156,12.55,13.48,1,1,1,1,0,0,1,0,0,1,0,0,0,0,0,0,0,0,0,0,0,0,0,0,0,0,0,0,0,0,0,0,0,0,0,0,0,0,0,0,0,0,0,0,0
418,11.3792,54.153,2013,DE,39,287,13.0,30,8.0,1407,-1,24.0,13.4741083565122,466.70754475236936,11.0,9.764189720153809,11.680176734924316,19.22,14.88,1,1,1,1,0,0,1,0,0,1,0,0,0,0,0,0,0,0,0,0,0,0,0,0,0,0,0,0,1,0,0,0,0,0,0,0,0,0,0,0,0,0,0,0,0
419,11.6138,54.2353,2013,DE,40,288,11.0,30,8.0,60,-1,26.0,10.122049187487942,460.1845949959428,15.0,9.87466526031494,33.83677291870117,15.07,14.04,1,1,1,0,0,0,1,0,0,1,0,0,0,0,0,0,0,0,0,0,0,0,0,1,0,0,0,0,0,0,0,0,0,0,0,0,0,0,0,0,0,0,0,0,0
420,12.8728,55.7638,2013,DE,41,288,13.0,30,8.0,1000,0,23.0,2.5232337394926523,320.0340810917086,10.0,9.182918548583984,166.80035400390625,28.21,14.05,1,1,0,1,0,0,1,0,0,1,1,0,0,1,0,0,0,0,0,0,0,0,0,0,0,0,0,0,0,0,0,0,0,0,0,0,0,0,0,0,0,0,0,0,0
421,12.7442,55.7998,2013,DE,42,288,12.0,30,8.0,1098,-1,21.0,7.272414426156352,312.9964587693971,9.0,9.506145477294922,175.88247680664062,26.75,14.01,1,1,0,1,0,0,1,0,0,1,0,0,0,0,0,0,0,1,0,0,0,0,0,0,0,0,0,0,0,0,0,0,0,0,0,0,0,0,0,0,0,0,0,0,0
422,12.5173,56.1467,2013,DE,43,288,9.0,30,8.0,1287,-1,25.0,4.130581170536039,271.2068815913551,16.0,9.862272262573242,176.24737548828125,23.8,14.16,1,1,1,0,0,0,1,0,1,1,1,0,1,1,0,0,0,0,0,0,0,0,0,0,0,0,0,0,0,0,0,0,0,0,0,0,0,0,0,0,0,0,0,0,0
423,12.3935,56.1517,2013,DE,44,288,11.0,30,8.0,1401,-1,26.0,4.244409574602671,266.8663340454456,15.0,11.186750411987305,181.0956268310547,27.98,14.01,1,1,0,0,0,0,1,1,1,1,0,0,0,1,0,1,0,0,0,0,0,0,0,0,0,0,0,0,0,0,0,1,0,0,0,0,0,0,0,0,0,0,0,0,0
424,11.5052,56.1175,2013,DE,45,289,12.0,30,8.0,1142,-1,22.0,15.472563338502273,244.224406463305,10.0,11.85125732421875,213.90757751464844,24.13,14.55,1,1,1,0,0,1,1,1,0,1,0,0,0,0,0,0,0,0,0,0,0,0,0,0,0,0,0,0,0,0,0,0,0,0,0,0,0,0,0,0,0,0,0,0,0
425,11.2973,56.3707,2013,DE,46,290,16.0,29,8.0,14,-1,33.0,22.78014415177328,211.7481983411409,17.0,11.9799165725708,202.605224609375,29.5,14.89,1,1,0,0,0,0,1,0,1,1,0,0,1,1,0,1,0,0,0,0,0,0,0,0,0,0,0,0,0,0,0,0,0,0,0,0,0,0,0,0,0,0,0,0,0
426,11.7485,56.3678,2013,DE,47,290,11.0,30,8.0,152,-1,22.0,18.651622887845907,224.35904754664344,11.0,12.218117713928224,197.08416748046875,20.19,14.3,1,0,0,0,0,0,1,1,1,1,0,0,1,1,0,1,0,0,0,0,0,0,0,0,0,0,0,0,0,0,0,0,0,0,0,0,0,0,0,0,0,0,0,0,0
427,12.2038,56.8662,2013,DE,48,290,24.0,30,8.0,975,0,30.0,11.186479346517906,198.08972337379265,6.0,12.380342483520508,215.83334350585932,33.55,12.23,0,0,0,0,0,0,0,1,1,0,0,0,0,1,0,1,0,0,0,0,0,0,0,0,0,0,0,0,0,0,0,0,0,0,0,0,0,0,0,0,0,0,0,0,0
428,12.3785,56.7038,2013,DE,49,290,16.0,30,8.0,1072,-1,28.0,15.943862306393306,217.13852111300488,12.0,12.155890464782717,192.34552001953125,31.95,14.18,1,1,0,0,0,0,1,1,0,1,0,0,0,1,0,1,0,0,0,0,0,0,0,0,0,0,0,0,0,0,0,1,0,0,0,0,0,0,0,0,0,0,0,0,0
429,12.4323,56.4997,2013,DE,50,290,20.0,30,8.0,1181,-1,31.0,9.07182512550216,235.9714894206624,11.0,11.919798851013184,185.138427734375,32.78,12.8,1,1,0,0,0,1,1,1,1,1,0,0,0,1,0,1,0,0,0,0,0,0,0,0,0,0,0,0,0,0,0,1,0,0,0,0,0,0,0,0,0,0,0,0,0
430,12.4308,56.3815,2013,DE,51,290,13.0,30,8.0,1260,-1,27.0,9.493931418519084,246.68759942333577,14.0,11.205426216125488,176.69302368164062,25.87,14.4,1,1,0,0,0,1,1,1,1,1,0,0,0,1,0,1,0,0,0,0,0,0,0,0,0,0,0,0,0,0,0,0,0,0,0,0,0,0,0,0,0,0,0,0,0
431,20.9895,59.59783,2013,FI,1,270,35.0,17,17.0,233,0,36.0,22.018329519355344,1070.8228889390143,1.0,8.864124298095703,334.3865661621094,6.68,6.24,1,1,1,0,1,0,0,0,0,0,1,0,0,0,0,0,0,0,0,0,0,1,0,0,0,0,0,0,0,0,0,0,0,0,0,1,1,0,0,0,0,0,0,0,0
432,18.91882,60.555237,2013,FI,2,270,25.0,29,20.0,968,0,115.0,22.82409480948516,1117.688203316647,90.0,9.02898406982422,331.4737854003906,5.36,5.66,1,1,1,0,0,0,0,0,0,0,0,0,0,0,0,0,0,0,0,0,0,0,0,0,0,0,0,0,0,0,0,0,0,0,0,0,0,0,0,0,0,0,0,0,0
433,18.134832,60.764168,2013,FI,3,270,22.0,30,20.0,1274,-1,57.0,18.18291688771554,1148.7123373484217,35.0,8.91053581237793,340.01806640625,5.08,8.38,1,1,1,0,1,0,0,0,0,0,0,1,0,0,0,0,0,0,0,0,0,1,0,0,0,0,0,0,0,0,0,0,0,0,0,0,0,0,0,0,0,0,0,0,0
434,17.994667,60.774666,2013,FI,4,271,28.0,30,20.0,30,-1,55.0,16.782333407537983,1153.2158781171904,27.0,8.903687477111816,342.0238647460937,5.22,6.82,1,1,1,0,0,0,0,0,0,0,0,1,0,0,0,0,0,0,0,0,0,0,0,0,0,0,0,0,0,0,0,0,0,0,0,0,0,0,0,0,0,0,0,0,0
435,18.999834,61.344334,2013,FI,6,271,12.0,31,20.0,612,1,73.0,84.26413763247534,1210.2882033166486,61.0,9.075900077819824,268.2745666503906,5.21,9.86,1,0,1,0,0,0,0,0,0,0,0,0,0,0,0,0,0,0,0,0,0,0,0,0,0,0,0,0,0,0,0,0,0,0,0,0,0,0,0,0,0,0,0,0,0
436,18.201834,61.297832,2013,FI,7,271,21.0,31,19.0,891,1,73.0,47.383091306441976,1203.8177237618474,52.0,8.884818077087402,302.3202209472656,5.09,8.48,1,0,1,0,0,0,0,0,0,0,0,0,0,0,0,0,1,0,0,0,0,1,0,0,0,0,0,0,0,0,0,0,0,0,0,0,0,0,0,0,0,0,0,0,0
437,17.842167,61.608334,2013,FI,8,271,27.0,30,20.0,1176,-1,65.0,19.071132694155807,1241.601403491337,38.0,8.608376502990723,306.7247619628906,5.2,6.12,1,1,1,0,1,0,0,0,0,0,0,0,0,0,0,0,1,0,0,0,0,0,0,0,0,0,0,0,0,0,0,0,0,0,0,1,0,0,0,0,0,0,0,0,0
438,18.257334,61.629833,2013,FI,9,271,23.0,45,21.0,1385,-1,69.0,39.16871959344557,1243.6206585642772,46.0,8.920088768005371,291.5433349609375,5.27,6.34,1,1,1,0,0,0,0,0,0,0,0,0,0,0,0,0,1,0,0,0,0,0,0,0,0,0,0,0,0,0,0,0,0,0,0,1,0,0,0,0,0,0,0,0,0
439,18.451,62.356,2013,FI,10,272,17.0,48,16.0,870,1,74.0,33.360125361836864,1327.896406633293,57.0,8.731450080871582,276.6133728027344,4.92,8.63,1,1,1,0,0,0,0,0,0,0,0,1,0,0,0,0,1,0,1,0,0,1,0,0,0,0,0,0,0,0,0,0,0,0,0,1,0,0,0,0,0,0,0,0,0
440,18.3725,62.658165,2013,FI,11,272,20.0,63,20.0,1189,-1,89.0,13.145149870343731,1363.0826342571088,69.0,8.384099960327148,274.2191162109375,5.03,7.4,1,1,1,0,0,0,0,0,0,0,0,1,0,0,0,0,1,0,0,0,0,0,0,0,0,0,0,0,0,0,0,0,0,0,0,0,0,0,0,0,0,0,0,0,0
441,19.194166,63.026165,2013,FI,12,273,17.0,47,21.0,155,-1,143.0,20.34600442698673,1405.683951385666,126.0,8.51724624633789,263.7837219238281,4.79,9.58,1,1,1,0,0,0,0,0,0,0,0,1,0,0,0,0,0,0,0,0,0,0,0,0,0,0,0,0,0,0,0,0,0,0,0,0,0,0,0,0,0,0,0,0,0
442,19.363832,62.794666,2013,FI,13,273,35.0,60,18.0,819,1,157.0,41.6571678024236,1379.7488618809232,122.0,8.65378189086914,269.6588439941406,5.4,3.03,1,0,1,0,0,0,0,0,0,0,0,0,0,0,0,0,1,0,0,0,0,0,0,0,0,0,0,0,0,0,0,0,0,0,0,0,0,0,0,0,0,0,0,0,0
443,19.691833,62.6105,2013,FI,14,273,12.0,31,20.0,1084,-1,113.0,67.18079727077122,1358.448203316647,101.0,8.613456726074219,278.7148742675781,4.84,10.37,1,1,1,0,0,0,0,0,0,0,0,1,0,0,0,0,1,0,0,0,0,0,0,0,0,0,0,0,0,0,1,0,0,0,0,0,0,0,0,0,0,0,0,0,0
444,20.107,62.606834,2013,FI,15,273,12.0,31,21.0,1281,-1,92.0,48.638041733117326,1357.521317128553,80.0,8.546622276306152,291.2529602050781,4.94,10.12,1,1,1,0,0,0,0,0,0,0,0,0,0,0,0,0,1,0,0,0,0,0,0,0,0,0,0,0,0,0,0,0,0,0,0,0,0,0,0,0,0,0,0,0,0
445,20.810833,62.233334,2013,FI,17,274,13.0,30,25.0,1009,0,64.0,23.2029395663591,1316.773772376183,51.0,8.619264602661133,306.9390563964844,5.28,10.9,1,1,1,0,0,0,0,0,0,0,0,1,0,0,0,0,0,0,0,0,0,0,0,0,0,0,0,0,0,0,0,0,0,0,0,0,0,0,0,0,0,0,0,0,0
446,20.190834,62.2185,2013,FI,18,274,18.0,45,18.0,1230,-1,119.0,53.13638958275998,1311.230179009479,101.0,8.77143383026123,298.317626953125,5.17,10.62,1,1,1,0,0,0,0,0,0,0,0,1,0,0,0,0,1,0,0,0,0,0,0,0,0,0,0,0,0,0,0,0,0,0,0,0,0,0,0,0,0,0,0,0,0
447,19.918333,62.227,2013,FI,19,274,17.0,51,19.0,1434,-1,125.0,66.17567266539027,1312.1570651975703,108.0,8.797407150268555,296.3959350585937,5.08,10.53,1,1,1,0,0,0,0,0,0,0,0,0,0,0,0,0,1,0,0,0,0,0,0,0,0,0,0,0,0,0,0,0,0,0,0,0,0,0,0,0,0,0,0,0,0
448,19.597334,62.419167,2013,FI,20,275,61.0,77,20.0,358,1,125.0,76.48042392435583,1336.2206585642746,64.0,8.672842979431152,274.3329162597656,5.95,2.29,1,1,1,0,0,0,0,0,0,0,0,1,0,0,0,0,1,0,0,0,0,0,0,0,0,0,0,0,0,0,0,0,0,0,0,0,0,0,0,0,0,0,0,0,0
449,20.322166,61.844334,2013,FI,21,275,21.0,31,20.0,870,1,109.0,53.0071300824287,1268.6288618809258,88.0,8.898162841796875,304.5947265625,5.38,10.36,1,1,1,0,0,0,0,0,0,0,0,1,0,0,1,0,0,0,0,0,0,0,0,0,0,0,0,0,0,0,0,0,0,0,0,0,0,0,0,0,0,0,0,0,0
450,20.713667,61.773167,2013,FI,22,275,23.0,34,20.0,1096,-1,80.0,34.30628986363849,1266.736978989799,57.0,8.705936431884766,314.9091796875,5.42,9.42,1,1,1,0,0,0,0,0,0,0,0,1,0,0,0,0,1,0,0,0,0,0,0,0,0,0,0,0,0,0,0,0,0,0,0,0,0,0,0,0,0,0,0,0,0
451,19.877167,61.5825,2013,FI,23,275,21.0,60,20.0,1413,-1,88.0,78.69822635200279,1237.1501790094817,67.0,9.019155502319336,263.8087463378906,5.34,9.0,1,0,1,0,0,0,0,0,0,0,0,0,0,0,0,0,1,0,0,0,0,0,0,0,0,0,0,0,0,0,0,0,0,0,0,0,0,0,0,0,0,0,0,0,0
452,19.938833,61.348167,2013,FI,24,276,85.0,50,16.0,387,1,127.0,75.79993802507934,1210.2882033166486,42.0,9.10326099395752,277.9573669433594,6.46,2.8,1,0,1,0,0,0,0,0,0,0,0,0,0,0,0,0,1,0,0,0,0,0,0,0,0,0,0,0,0,0,0,0,0,0,0,0,0,0,0,0,0,0,0,0,0
453,20.419,61.08967,2013,FI,25,276,21.0,30,24.0,863,1,91.0,40.54254088116303,1192.3041385900956,70.0,9.201634407043455,316.1291198730469,5.38,9.17,1,0,1,0,0,0,0,0,0,0,0,0,0,0,0,0,1,0,0,0,0,0,0,0,0,0,0,0,0,0,0,0,0,0,0,0,0,0,0,0,0,0,0,0,0
454,20.5625,60.927334,2013,FI,26,276,10.0,47,24.0,1070,-1,67.0,26.054324932092843,1179.5501131560172,57.0,9.063538551330566,316.4710998535156,5.31,10.49,1,1,1,0,0,0,0,0,0,0,0,0,0,0,0,0,0,0,0,0,1,1,0,0,0,0,0,0,0,0,0,0,0,0,0,0,0,0,0,0,0,0,0,0,0
455,19.9035,60.9365,2013,FI,27,276,20.0,51,22.0,1320,-1,103.0,54.13259637974452,1163.9051012091377,83.0,9.219115257263184,315.31671142578125,5.39,8.46,1,1,1,0,0,0,0,0,0,0,0,0,0,0,0,0,1,0,0,0,0,0,0,0,0,0,0,0,0,0,0,0,0,0,0,0,0,0,0,0,0,0,0,0,0
456,19.812,61.062,2013,FI,28,277,80.0,60,20.0,336,0,119.0,68.91701892700397,1176.955748069017,39.0,9.240610122680664,311.1424255371094,6.49,3.12,1,0,1,1,0,0,0,0,0,0,0,0,0,0,0,0,0,0,0,0,0,0,0,0,0,0,0,0,0,0,0,0,0,0,0,0,0,0,0,0,0,0,0,0,0
457,19.737833,59.859665,2013,FI,29,278,75.0,31,20.0,261,0,75.0,10.40898566289478,1050.8237338489805,0.0,8.88536262512207,308.24578857421875,7.25,4.99,1,1,1,0,0,0,0,0,0,0,0,0,0,0,0,0,0,0,0,0,0,0,0,0,0,0,0,0,0,0,0,0,0,0,0,0,0,0,0,0,0,0,0,0,0
458,22.765833,59.568832,2013,FI,30,278,18.0,40,21.0,1411,-1,74.0,24.512580136942823,1141.6002653387595,56.0,8.664590835571289,170.68218994140625,6.06,11.56,1,1,1,0,1,1,0,0,0,0,1,1,0,0,1,0,0,0,0,0,0,0,0,0,0,0,0,0,0,0,0,0,0,0,0,0,0,0,0,0,0,0,0,0,0
459,23.301666,59.5915,2013,FI,31,279,16.0,46,19.0,655,1,67.0,26.103988163788756,1165.6357084282572,51.0,8.673027992248535,142.0419158935547,5.85,12.14,1,1,1,0,1,1,0,0,0,0,1,1,0,0,0,0,0,0,0,0,0,0,0,0,0,0,0,0,0,0,0,0,0,0,0,0,0,0,0,0,0,0,0,0,0
460,24.024834,59.678333,2013,FI,32,279,21.0,37,20.0,972,0,63.0,25.96956180914101,1204.5180208315198,42.0,8.583484649658203,186.265380859375,5.78,9.95,1,1,1,0,1,1,0,0,0,0,1,1,0,0,0,0,0,0,0,0,0,0,0,0,0,0,0,0,0,0,0,0,0,0,0,0,0,0,0,0,0,0,0,0,0
461,25.052334,59.928,2013,FI,33,279,25.0,17,21.0,1335,-1,73.0,18.560860886090754,1267.9194291616518,48.0,8.452300071716309,158.40220642089844,6.07,6.53,1,1,0,0,0,0,0,0,0,0,0,0,0,0,0,0,0,0,0,0,0,0,0,0,0,0,0,0,0,0,0,0,0,0,0,0,0,0,0,0,0,0,0,0,0
462,26.346666,60.037167,2013,FI,34,280,22.0,33,19.0,265,0,66.0,27.50878595829841,1336.3682467231508,44.0,8.377272605895996,134.70863342285156,5.19,11.02,1,1,1,0,1,0,0,0,0,0,0,1,0,0,0,0,1,0,0,0,0,0,0,0,0,0,0,0,0,0,0,0,0,0,0,0,0,0,0,0,0,0,0,0,0
463,14.447,55.3788,2014,SE,1,275,27.3,30,14.5,1197,-1,51.0,13.824839810723777,453.9583692650049,23.7,8.70975112915039,220.9243011474609,7.38,13.34,1,1,0,1,0,1,1,0,1,0,1,0,0,0,0,0,0,0,0,0,1,0,0,0,0,0,0,0,0,0,0,0,0,0,0,0,0,0,0,0,0,0,0,0,0
464,17.4965,56.6984,2014,SE,10,277,22.0,61,12.6,842,1,76.0,41.69607688403033,691.0407052448277,54.0,8.975966453552246,56.76016616821289,6.92,11.28,1,1,1,0,1,1,0,0,0,0,0,0,0,0,0,0,0,0,0,0,0,0,0,0,0,0,0,0,0,0,0,0,0,0,0,0,0,0,0,0,0,0,0,0,0
465,16.875,56.5707,2014,SE,11,277,31.2,30,11.6,1096,-1,65.0,11.382659162779031,653.0103801022129,33.8,8.82922077178955,184.4044189453125,7.04,8.78,1,1,1,0,1,1,0,0,0,0,0,0,0,0,0,0,0,0,0,0,0,0,0,0,0,0,0,0,0,0,0,0,0,0,0,0,0,0,0,0,0,0,0,0,0
466,17.2904,56.9529,2014,SE,12,277,27.8,30,12.4,1408,-1,72.0,22.908458946073136,701.8635339688037,44.2,8.825784683227539,107.42456817626952,6.94,9.69,1,1,1,1,1,1,0,0,0,0,0,0,0,0,0,0,0,0,1,0,0,0,0,0,0,0,0,0,0,0,0,0,0,0,0,0,0,0,0,0,0,0,0,0,0
467,17.6458,57.1673,2014,SE,13,278,21.2,30,13.5,207,-1,114.0,23.06458565929081,733.3419487487402,92.8,8.89199447631836,37.79210662841797,6.79,11.86,1,1,1,1,1,1,0,0,0,0,0,0,0,0,0,0,0,0,0,0,0,0,0,0,0,0,0,0,0,0,0,0,0,0,0,0,0,0,0,0,0,0,0,0,0
468,17.5618,57.3603,2014,SE,14,278,32.5,45,12.3,476,1,79.0,25.13903016014605,748.799937764115,46.5,8.825815200805664,63.80906677246094,7.04,7.02,1,1,1,1,1,0,0,0,0,0,0,0,0,0,1,0,0,0,0,0,0,0,0,1,0,0,0,0,0,0,0,0,0,0,0,0,0,0,0,0,0,0,0,0,0
469,17.7304,57.6251,2014,SE,15,278,45.0,45,11.1,745,1,101.0,24.665443582470846,778.3043962608297,56.0,8.778881072998047,37.49283599853516,7.43,5.67,1,1,1,1,0,1,0,0,0,0,0,0,0,0,0,0,0,0,0,0,0,0,0,0,0,0,0,0,0,0,0,0,0,0,0,0,0,0,0,0,0,0,0,0,0
470,17.6518,57.7695,2014,SE,16,278,23.6,30,14.6,1036,-1,87.0,37.70361356686426,788.3471427598566,63.4,8.838159561157227,48.7835578918457,6.72,9.75,1,1,1,0,1,1,0,0,0,0,0,0,0,0,1,0,0,0,0,0,0,0,0,0,0,0,0,0,0,0,0,0,0,0,0,0,0,0,0,0,0,0,0,0,0
471,18.0922,57.864,2014,SE,17,278,18.7,29,13.8,1298,-1,80.0,21.81144152886776,813.2604762603746,61.3,9.001494407653809,87.2060775756836,6.7,11.29,1,1,1,0,1,1,0,0,0,0,0,0,0,0,0,0,0,0,0,0,0,0,0,1,0,0,0,0,0,0,0,0,0,0,0,0,1,0,0,0,0,0,0,0,0
472,17.522,58.0727,2014,SE,18,279,24.0,22,12.0,203,-1,113.0,34.61311091164255,814.4056373082833,89.0,8.888574600219727,56.97917556762695,6.63,10.96,1,1,1,0,1,1,0,0,0,0,0,0,0,0,0,0,0,0,1,0,0,0,0,0,0,0,0,0,0,0,0,0,0,0,0,0,0,0,0,0,0,0,0,0,0
473,17.8282,58.3273,2014,SE,19,279,49.0,46,11.7,473,1,107.0,43.92105131798994,848.0612855325088,58.0,8.820611000061035,65.92060089111328,7.34,5.47,1,1,1,0,0,0,0,0,0,0,0,0,0,0,0,0,0,0,0,0,0,0,0,1,0,0,0,0,0,0,0,0,0,0,0,0,0,0,0,0,0,0,0,0,0
474,14.6289,55.635,2014,SE,2,275,35.4,30,12.0,1382,-1,61.0,19.191365015973147,474.993336979736,25.6,8.69775104522705,204.73602294921875,8.1,11.76,1,1,0,1,0,0,1,0,1,0,1,0,0,0,0,0,0,0,0,1,0,0,0,0,0,0,0,0,0,0,0,0,0,0,0,0,0,0,0,0,0,0,0,0,0
475,18.1243,58.4463,2014,SE,20,279,49.2,41,10.8,729,1,145.0,38.4614184900716,867.8491147720587,95.8,8.697797775268555,77.43595886230469,7.55,5.23,1,1,1,1,1,1,0,0,0,0,1,0,0,0,1,0,0,0,0,0,0,0,0,0,0,0,0,0,0,0,0,0,0,0,0,0,0,0,0,0,0,0,0,0,0
476,18.6305,58.182,2014,SE,21,279,23.0,30,9.0,1078,-1,96.0,29.149050708493597,861.1343842669394,73.0,8.82202434539795,73.48199462890625,6.48,10.22,1,1,1,0,1,1,0,0,0,0,0,0,0,0,1,0,0,0,1,0,1,0,0,0,0,0,0,0,0,0,0,0,0,0,0,0,0,0,0,0,0,0,0,0,0
477,18.3034,58.6155,2014,SE,22,279,25.0,32,12.8,1419,-1,190.0,29.25415277858389,889.2595259396708,165.0,8.641472816467285,84.6596908569336,6.29,9.96,1,1,1,0,0,0,0,0,0,0,0,0,0,0,0,0,0,0,0,0,0,0,0,0,0,0,0,0,0,0,0,0,0,0,0,0,0,0,0,0,0,0,0,0,0
478,18.6723,58.7928,2014,SE,23,280,36.0,30,12.5,255,0,127.0,20.587790223488124,917.1084384689432,91.0,8.691290855407715,78.222412109375,6.79,6.6,1,1,1,1,1,0,0,0,0,0,0,0,0,0,1,0,0,0,0,0,0,0,0,0,0,0,0,0,0,0,0,0,0,0,0,0,0,0,0,0,0,0,0,0,0
479,19.2387,58.8695,2014,SE,24,280,29.8,60,13.2,647,1,130.0,38.6012402769383,943.34563611459,100.2,8.73718547821045,84.42949676513672,6.7,7.18,1,1,1,0,1,1,0,0,0,0,0,0,0,0,1,0,0,0,0,0,1,0,0,0,0,0,0,0,0,0,0,0,0,0,0,0,0,0,0,0,0,0,0,0,0
480,19.7642,58.83,2014,SE,25,280,30.7,35,14.7,1018,0,156.0,57.35312662234541,958.3199103694184,125.3,8.890671730041504,92.43183135986328,6.72,6.38,1,1,1,0,1,1,0,0,0,0,0,0,0,0,1,0,0,0,0,0,0,0,0,0,0,0,0,0,0,0,0,0,0,0,0,0,0,0,0,0,0,0,0,0,0
481,19.6337,59.0907,2014,SE,26,280,23.0,29,12.9,1253,-1,85.0,38.73265890746492,976.9998984010152,62.0,8.708479881286621,100.12390899658205,6.44,9.95,1,1,1,0,1,1,0,0,0,0,0,0,0,0,0,0,0,0,0,0,0,0,0,0,0,0,0,0,0,0,0,0,0,0,0,0,0,0,0,0,0,0,0,0,0
482,20.6562,59.1943,2014,SE,27,281,55.0,60,11.8,641,1,93.0,69.0886557882256,1025.235752049804,38.0,8.856704711914062,70.09493255615234,8.25,4.25,1,1,1,0,1,1,0,0,0,0,0,0,0,0,1,0,0,0,0,0,0,0,0,0,0,0,0,0,0,0,0,0,0,0,0,0,0,0,0,0,0,0,0,0,0
483,20.2,59.1645,2014,SE,28,281,26.0,60,11.3,863,1,89.0,55.2652362568919,1003.4484096665354,63.0,8.82616138458252,80.67721557617188,6.53,7.67,1,1,1,0,0,1,0,0,0,0,0,0,0,0,1,0,0,0,0,0,0,0,0,0,0,0,0,0,0,0,0,0,0,0,0,0,0,0,0,0,0,0,0,0,0
484,19.8928,59.113,2014,SE,29,281,6.9,40,16.8,1089,-1,89.0,45.05679998540185,988.8811375574072,82.1,8.763408660888672,86.84739685058594,6.18,11.95,1,1,1,0,0,0,0,0,0,0,0,0,0,0,0,0,0,0,0,0,0,0,0,0,0,0,0,0,0,0,0,0,0,0,0,0,0,0,0,0,0,0,0,0,0
485,15.2272,55.8148,2014,SE,3,276,30.4,30,12.6,264,0,52.0,32.218574857143906,517.9827795683921,21.6,8.703791618347168,233.093017578125,7.42,10.76,1,1,1,1,0,1,0,0,1,0,0,0,0,0,0,0,1,0,0,0,0,0,0,0,0,0,0,0,0,0,0,0,0,0,0,0,0,0,0,0,0,0,0,0,0
486,20.6588,58.8807,2014,SE,30,281,26.0,45,8.5,1378,-1,139.0,79.65399086382382,998.9034790947768,113.0,8.957723617553711,77.48955535888672,6.57,8.54,1,1,1,0,1,1,0,0,0,0,0,0,0,0,1,0,0,0,0,0,0,0,0,0,0,0,0,0,0,0,0,0,0,0,0,0,0,0,0,0,0,0,0,0,0
487,20.2852,58.6365,2014,SE,31,282,5.6,45,17.6,258,0,116.0,63.961790945475045,963.2591680767358,110.4,9.002328872680664,85.70877075195312,6.34,12.25,1,1,1,0,1,1,0,0,0,0,0,0,0,0,1,0,0,0,0,0,0,0,0,0,0,0,0,0,0,0,0,0,0,0,0,0,0,0,0,0,0,0,0,0,0
488,19.8762,58.4301,2014,SE,32,282,41.0,62,11.1,583,1,122.0,33.84990916866226,930.0267512624148,81.0,8.91296672821045,110.67146301269533,6.94,5.07,1,1,1,0,1,1,0,0,0,0,0,0,0,0,0,0,0,0,0,0,0,0,0,0,0,0,0,0,0,0,0,0,0,0,0,0,0,0,0,0,0,0,0,0,0
489,19.6968,58.1813,2014,SE,33,282,32.8,38,11.0,915,0,155.0,29.69361321271178,905.8411748649776,122.2,9.11484146118164,95.16246032714844,6.8,5.5,1,1,1,0,0,1,0,0,0,0,1,0,0,0,0,0,0,0,0,0,0,0,0,0,0,0,0,0,0,0,0,0,0,0,0,0,0,0,0,0,0,0,0,0,0
490,19.8122,57.8792,2014,SE,34,282,32.0,41,10.1,1211,-1,170.0,28.8025945765568,884.6295247041999,138.0,9.117962837219238,63.400001525878906,6.75,5.95,1,1,1,1,0,1,0,0,0,0,0,0,0,0,0,0,0,0,1,0,0,0,0,0,0,0,0,0,0,0,0,0,0,0,0,0,0,0,0,0,0,0,0,0,0
491,19.4298,57.5756,2014,SE,35,283,29.6,60,9.8,101,-1,84.0,30.706776129547432,843.6682795520073,54.4,9.099026679992676,164.78196716308594,6.66,6.47,1,1,1,0,1,1,0,0,0,0,0,0,0,0,0,0,0,0,1,0,0,0,0,0,0,0,0,0,0,0,0,0,0,0,0,0,0,0,0,0,0,0,0,0,0
492,19.4177,57.3743,2014,SE,36,283,41.9,46,11.4,455,1,126.0,27.001351991889862,829.850639321052,84.1,9.09229564666748,130.3767852783203,7.01,4.32,1,1,1,0,1,1,0,0,0,0,0,0,0,0,0,0,0,0,0,0,1,0,0,0,0,0,0,0,0,0,0,0,0,0,0,0,0,0,0,0,0,0,0,0,0
493,19.5306,57.1833,2014,SE,37,283,31.0,60,10.8,677,1,159.0,43.785888550029,824.6567584986587,128.0,9.012927055358888,124.72820281982422,6.84,8.43,1,1,1,0,0,0,0,0,0,0,0,0,0,0,0,0,0,0,0,0,0,0,0,0,0,0,0,0,0,0,0,0,0,0,0,0,0,0,0,0,0,0,0,0,0
494,18.998,57.0348,2014,SE,38,283,27.8,30,11.2,1011,0,120.0,27.973045700773397,788.038055878362,92.2,9.081971168518066,124.81000518798828,6.76,7.92,1,1,1,1,0,1,0,0,0,0,0,0,0,0,0,0,0,0,1,0,0,0,0,0,0,0,0,0,0,0,0,0,0,0,0,0,0,0,0,0,0,0,0,0,0
495,18.9172,56.8922,2014,SE,39,283,25.0,30,12.4,1201,-1,127.0,33.58211184741603,775.3301372764796,102.0,9.1278657913208,116.18069458007812,6.8,6.7,1,1,1,1,1,1,0,0,0,0,0,0,0,0,0,0,0,0,0,0,0,0,0,0,0,0,0,0,0,0,0,0,0,0,0,0,0,0,0,0,0,0,0,0,0
496,15.7012,55.5961,2014,SE,4,276,50.5,30,11.7,564,1,69.0,46.66593328106187,535.7032254814416,18.5,8.71467113494873,164.28236389160156,12.19,11.83,1,1,0,1,0,1,0,0,0,0,0,0,0,0,0,0,0,0,0,0,0,0,0,0,0,0,0,0,0,0,0,0,0,0,0,0,0,0,0,0,0,0,0,0,0
497,18.8435,56.5904,2014,SE,40,284,21.6,30,11.3,50,-1,74.0,50.680932607975485,757.4400549038858,52.4,9.062840461730955,186.693115234375,6.82,10.85,1,1,1,0,0,1,0,0,0,0,0,0,0,0,0,0,0,0,0,0,0,0,0,0,0,0,0,0,0,0,0,0,0,0,0,0,0,0,0,0,0,0,0,0,0
498,18.4765,56.3278,2014,SE,41,284,40.0,60,9.5,395,1,59.0,66.26380723251664,725.8781086751089,19.0,9.11910915374756,289.84197998046875,7.13,4.29,1,1,0,1,0,0,0,0,0,0,0,0,0,0,0,0,0,0,0,0,0,0,0,0,0,0,0,0,0,0,0,0,0,0,0,0,0,0,0,0,0,0,0,0,0
499,18.4278,56.1774,2014,SE,42,284,24.5,83,10.1,695,1,77.0,81.89844498668049,717.9577022826453,52.5,9.213406562805176,190.05503845214844,6.96,7.93,1,1,1,0,0,1,0,0,0,0,0,0,0,0,0,0,0,0,0,0,0,0,0,0,0,0,0,0,0,0,0,0,0,0,0,0,0,0,0,0,0,0,0,0,0
500,17.8333,55.9137,2014,SE,43,284,28.0,25,11.0,984,0,60.0,91.49824203265489,674.7309089011901,32.0,8.909491539001465,262.0443420410156,7.11,8.82,1,1,0,1,0,0,0,0,0,0,0,0,0,0,0,0,0,0,0,0,0,0,0,0,0,0,0,0,0,0,0,0,0,0,0,0,0,0,0,0,0,0,0,0,0
501,17.7462,55.6052,2014,SE,44,284,27.0,40,11.2,1179,-1,50.0,87.24836669915935,666.2633826889705,23.0,8.843613624572754,289.2696838378906,7.15,8.92,1,1,0,1,0,0,0,0,1,0,0,0,0,0,0,0,0,0,0,0,0,0,0,0,0,0,0,0,0,0,0,0,0,0,0,0,0,0,0,0,0,0,0,0,0
502,16.6639,55.7474,2014,SE,45,285,23.0,59,10.5,138,-1,55.0,53.15091391577687,598.9691138246203,32.0,8.86217975616455,221.27377319335932,7.34,12.15,1,1,0,1,0,1,0,0,1,0,0,0,0,0,0,0,0,0,0,0,0,0,0,0,0,0,0,0,0,0,0,0,0,0,0,0,0,0,0,0,0,0,0,0,0
503,15.3243,55.3657,2014,SE,46,285,62.0,46,7.8,519,1,79.0,27.608070304295516,510.3125593316304,17.0,8.700949668884277,159.3093719482422,16.24,13.11,1,1,0,1,0,0,0,0,0,0,0,0,0,0,0,0,0,0,0,0,0,0,0,0,0,0,0,0,0,0,0,0,0,0,0,0,0,0,0,0,0,0,0,0,0
504,15.0945,55.3685,2014,SE,47,285,60.0,53,10.0,910,0,81.0,18.46704803769622,495.7435407300545,21.0,8.700986862182617,177.8602752685547,14.95,14.69,1,1,0,1,0,0,1,0,0,0,0,0,0,0,0,0,0,0,0,0,0,0,0,0,0,0,0,0,0,0,0,0,0,0,0,0,0,0,0,0,0,0,0,0,0
505,14.8555,55.5028,2014,SE,48,285,35.0,50,10.6,1157,-1,72.0,24.560222479166423,481.2033646287496,37.0,8.690325736999512,185.64610290527344,8.72,12.16,1,1,0,1,0,1,1,0,1,0,1,0,0,1,0,0,0,0,0,0,0,0,0,0,0,0,0,0,0,0,0,0,0,0,0,0,0,0,0,0,0,0,0,0,0
506,16.2949,55.7663,2014,SE,5,276,42.1,34,12.8,854,1,62.0,41.78321478041547,576.6432337394926,19.9,8.8588285446167,179.0773162841797,9.26,8.09,1,1,0,1,0,1,0,0,0,0,0,0,0,0,0,0,0,0,0,0,0,0,0,0,0,0,0,0,0,0,0,0,0,0,0,0,0,0,0,0,0,0,0,0,0
507,16.3738,56.0597,2014,SE,6,276,7.2,31,12.4,1086,-1,30.0,16.81140507605359,592.9100810292076,22.8,8.650700569152832,306.660400390625,6.98,13.37,1,1,1,0,0,0,0,0,1,0,0,0,0,0,0,0,0,0,0,0,0,0,0,0,0,0,0,0,0,0,0,0,0,0,0,0,0,0,0,0,0,0,0,0,0
508,16.7334,56.2105,2014,SE,7,277,25.0,30,11.7,13,-1,46.0,15.457600674769656,620.8680510817702,21.0,8.781787872314453,278.1502990722656,7.19,9.94,1,1,1,1,1,0,0,0,0,0,0,0,0,0,0,0,0,0,0,0,0,0,0,0,0,0,0,0,0,0,0,0,0,0,0,0,0,0,0,0,0,0,0,0,0
509,17.0983,56.4325,2014,SE,8,277,23.8,21,13.2,225,-1,53.0,29.861040227374136,652.700498209482,29.2,9.026126861572266,224.4998779296875,6.99,10.45,1,1,1,0,0,0,0,0,0,0,0,0,0,0,0,0,0,0,0,0,0,0,0,0,0,0,0,0,0,0,0,0,0,0,0,0,0,0,0,0,0,0,0,0,0
510,17.7985,56.397,2014,SE,9,277,23.6,61,13.8,569,1,52.0,60.97316594343017,688.8334927327262,28.4,9.0588960647583,238.25390625,7.13,9.71,1,1,0,0,0,1,0,0,0,0,0,0,0,0,0,0,0,0,0,0,0,0,0,0,0,0,0,0,0,0,0,0,0,0,0,0,0,0,0,0,0,0,0,0,0
511,26.99,59.60167,2014,EE,1,293,20.0,30,20.0,310,0,40.0,16.274320928526542,1361.3412930446866,20.0,8.061293601989746,196.0647430419922,4.88,11.62,1,1,1,0,1,0,0,0,0,0,0,1,0,0,0,0,0,0,0,0,0,0,0,0,0,0,0,0,0,0,0,0,0,0,0,0,0,0,0,0,0,0,0,0,0
512,22.88167,59.325,2014,EE,10,296,57.0,30,18.0,350,0,109.0,28.520026410764565,1129.0907863073355,52.0,8.607131004333496,42.11167526245117,8.1,4.61,1,1,1,0,1,0,0,0,0,0,0,0,0,0,0,0,0,0,0,0,0,0,0,0,0,0,0,0,0,0,0,0,0,0,0,0,0,0,0,0,0,0,0,0,0
513,22.5,59.295,2014,EE,11,296,62.0,30,18.0,515,1,125.0,23.8620269642439,1109.4135199864488,63.0,8.696629524230957,48.68941116333008,8.71,4.77,1,1,1,0,0,0,0,0,0,0,0,0,0,0,0,0,0,0,0,0,0,0,0,0,0,0,0,0,0,0,0,0,0,0,0,0,0,0,0,0,0,0,0,0,0
514,21.77,59.28,2014,EE,12,296,40.0,30,18.0,770,1,103.0,41.3028590073924,1078.1359840456091,63.0,8.882234573364258,56.72988128662109,6.83,6.25,1,1,1,0,1,0,0,0,0,0,0,0,0,0,0,0,0,0,0,0,0,0,0,0,0,0,0,0,0,0,0,0,0,0,0,0,0,0,0,0,0,0,0,0,0
515,21.97667,58.64167,2014,EE,13,299,11.0,30,20.0,370,0,42.0,14.202395237901726,1036.1116177087658,31.0,8.724221229553223,294.7980041503906,6.49,12.64,1,1,1,0,1,0,0,0,0,0,0,0,0,0,0,0,0,0,0,0,0,0,0,0,0,0,0,0,0,0,0,0,0,0,0,0,0,0,0,0,0,0,0,0,0
516,26.66833,59.67667,2014,EE,2,293,22.0,30,20.0,460,1,49.0,13.934883585415715,1341.864320691736,27.0,8.021990776062012,188.05670166015625,4.82,11.72,1,1,1,0,1,0,0,0,0,0,0,1,0,0,0,0,0,0,0,0,0,0,0,0,0,0,0,0,0,0,0,0,0,0,0,0,0,0,0,0,0,0,0,0,0
517,25.93667,59.74833,2014,EE,3,293,50.0,15,18.0,705,1,79.0,13.110617249969538,1302.6575044086608,29.0,8.09768009185791,77.3715591430664,7.82,3.69,1,1,1,0,1,0,0,0,0,0,0,1,0,0,0,0,0,0,0,0,0,0,0,0,0,0,0,0,0,0,0,0,0,0,0,0,0,0,0,0,0,0,0,0,0
518,25.36833,59.76667,2014,EE,4,294,45.0,30,20.0,320,0,84.0,15.466575428826845,1272.717055655388,39.0,8.270901679992676,75.8626937866211,6.78,3.79,1,1,1,0,1,0,0,0,0,0,0,1,0,0,0,0,0,0,0,0,0,0,0,0,0,0,0,0,0,0,0,0,0,0,0,0,0,0,0,0,0,0,0,0,0
519,25.03667,59.74667,2014,EE,5,294,38.0,30,18.0,465,1,78.0,12.372008188169106,1256.702845227809,40.0,8.265176773071289,69.10391998291016,6.41,4.46,1,1,1,0,1,0,0,0,0,0,0,1,0,0,0,0,0,0,0,0,0,0,0,0,0,0,0,0,0,0,0,0,0,0,0,0,0,0,0,0,0,0,0,0,0
520,24.35333,59.61,2014,EE,6,294,45.0,15,18.0,705,1,86.0,8.00447178736408,1215.1158106907976,41.0,8.371517181396484,61.79606628417969,6.82,5.45,1,1,1,0,1,0,0,0,0,0,0,1,0,0,0,0,0,0,0,0,0,0,0,0,0,0,0,0,0,0,0,0,0,0,0,0,0,0,0,0,0,0,0,0,0
521,24.21333,59.495,2014,EE,7,294,45.0,15,19.0,810,1,70.0,8.916092574819878,1202.4640414938071,25.0,8.402506828308105,59.56403350830078,6.8,6.13,1,1,1,0,1,0,0,0,0,0,0,1,0,0,0,0,0,0,0,0,0,0,0,0,0,0,0,0,0,0,0,0,0,0,0,0,0,0,0,0,0,0,0,0,0
522,23.82333,59.48,2014,EE,8,295,52.0,30,18.0,350,0,90.0,15.302594441540975,1181.893466844395,38.0,8.487147331237793,45.61134338378906,7.32,4.98,1,1,1,0,0,1,0,0,0,0,0,0,0,0,0,0,0,0,0,0,0,0,0,0,0,0,0,0,0,0,0,0,0,0,0,0,0,0,0,0,0,0,0,0,0
523,23.315,59.37667,2014,EE,9,295,55.0,15,18.0,545,1,94.0,9.15916995543961,1151.6018840580437,39.0,8.493839263916016,43.64579772949219,8.06,4.73,1,1,1,0,1,0,0,0,0,0,0,1,0,0,0,0,0,0,0,0,0,0,0,0,0,0,0,0,0,0,0,0,0,0,0,0,0,0,0,0,0,0,0,0,0
524,23.235933,59.651,2014,FI,1,268,18.0,17,18.0,1056,-1,63.0,19.366959545371746,1167.3842941135074,45.0,8.409234046936035,296.6435852050781,5.87,12.27,1,1,1,0,1,1,0,0,0,0,0,1,0,0,1,0,0,0,0,0,0,0,0,0,0,0,0,0,0,0,0,0,0,0,0,0,0,0,0,0,0,0,0,0,0
525,19.771667,61.355,2014,FI,10,273,30.0,45,16.0,215,-1,103.0,84.37695111470401,1211.2150895047405,73.0,9.032203674316406,259.8592224121094,5.4,7.41,1,1,1,0,0,0,0,0,0,0,0,0,0,0,0,0,0,0,0,0,0,0,0,0,0,0,0,0,0,0,0,0,0,0,0,0,0,0,0,0,0,0,0,0,0
526,19.9935,62.012165,2014,FI,11,273,86.0,65,16.0,679,1,137.0,67.864868519978,1288.0757480690174,51.0,8.87122917175293,250.8575439453125,6.31,3.6,1,1,1,0,0,0,0,0,0,0,0,0,0,0,1,0,1,0,0,0,0,0,0,0,0,0,0,0,0,0,1,0,0,0,0,0,1,0,0,0,0,0,0,0,0
527,19.899834,62.119,2014,FI,12,273,29.0,113,16.0,907,1,117.0,71.54625921024373,1301.0344309404616,88.0,8.825161933898926,256.2522277832031,5.34,7.08,1,1,1,0,1,0,0,0,0,0,0,0,0,0,1,0,1,0,1,0,0,0,0,0,0,0,0,0,0,0,0,0,0,0,0,0,0,0,0,0,0,0,0,0,0
528,20.321167,62.25033,2014,FI,13,273,25.0,63,16.0,1242,-1,110.0,45.29621119577617,1314.9377237618476,85.0,8.845102310180664,297.5968933105469,5.36,8.55,1,1,1,0,0,0,0,0,0,0,0,0,0,0,1,0,0,0,0,0,0,0,0,0,0,0,0,0,0,0,0,0,0,0,0,0,0,0,0,0,0,0,0,0,0
529,20.2495,62.351665,2014,FI,14,273,30.0,86,16.0,1418,-1,101.0,45.62649638786152,1326.9695204452005,71.0,8.79809856414795,298.874755859375,5.42,6.64,1,1,1,0,1,0,0,0,0,0,0,0,0,0,1,0,0,0,1,0,0,0,0,0,0,0,0,0,0,0,0,0,0,0,0,0,0,0,0,0,0,0,0,0,0
530,20.235834,62.5,2014,FI,16,274,20.0,45,16.0,1014,0,81.0,42.17162754036771,1344.5626342571088,61.0,8.633137702941895,302.4539489746094,5.31,9.27,1,1,1,0,0,0,0,0,0,0,0,0,0,0,0,0,1,0,0,0,0,0,0,0,0,0,0,0,0,0,0,0,0,0,0,0,0,0,0,0,0,0,0,0,0
531,19.754,62.559166,2014,FI,17,274,18.0,32,16.0,1288,-1,103.0,66.63623257961373,1351.050837573756,85.0,8.635358810424805,273.6297912597656,5.15,9.46,1,1,1,0,0,0,0,0,0,0,0,0,0,0,0,0,1,0,0,0,0,0,0,0,0,0,0,0,0,0,0,0,0,0,0,0,0,0,0,0,0,0,0,0,0
532,18.020834,61.64683,2014,FI,18,275,17.0,68,16.0,811,1,69.0,26.828538318085123,1245.4744309404643,52.0,8.606197357177734,249.7630920410156,4.91,8.68,1,1,1,0,1,0,0,0,0,0,0,0,0,0,0,0,0,0,0,0,0,0,0,0,0,0,0,0,0,0,0,0,0,0,0,0,0,0,0,0,0,0,0,0,0
533,22.8875,59.59083,2014,FI,2,268,20.0,19,16.0,1289,-1,57.0,20.58384307138234,1148.2015590373103,37.0,8.51295280456543,229.5807647705078,6.07,12.01,1,1,1,0,1,1,0,0,0,0,0,1,0,0,0,0,0,0,1,0,0,0,0,0,0,0,0,0,0,0,0,0,0,0,0,0,0,0,0,0,0,0,0,0,0
534,17.838333,61.894333,2014,FI,20,275,22.0,83,16.0,1322,-1,75.0,17.485355624651277,1274.1901790094817,53.0,8.46203899383545,270.5125427246094,4.9,8.28,1,1,1,0,0,0,0,0,0,0,0,0,0,0,1,0,1,0,1,0,0,0,0,0,0,0,0,0,0,0,0,0,0,0,0,0,0,0,0,0,0,0,0,0,0
535,18.806667,62.30633,2014,FI,21,276,17.0,72,16.0,303,0,91.0,51.06594483173693,1322.3350895047402,74.0,8.817414283752441,262.8922424316406,5.04,8.65,1,1,1,0,0,0,0,0,0,0,0,0,0,0,0,0,0,0,0,0,0,0,0,0,0,0,0,0,0,0,1,0,0,0,0,0,0,0,0,0,0,0,0,0,0
536,18.8895,62.498833,2014,FI,22,276,80.0,65,16.0,672,1,113.0,44.60405851795407,1344.5626342571088,33.0,8.727368354797363,266.44171142578125,6.04,3.14,1,1,1,0,0,0,0,0,0,0,0,0,0,0,0,0,1,0,0,0,0,0,0,0,0,0,0,0,0,0,0,0,0,0,0,0,0,0,0,0,0,0,0,0,0
537,19.077,62.793,2014,FI,23,276,21.0,50,16.0,963,0,186.0,30.61092534161912,1378.8219756928315,165.0,8.589247703552246,258.09344482421875,5.03,9.01,1,1,1,0,1,0,0,0,0,0,0,0,0,0,1,0,1,0,0,0,0,0,0,0,0,0,0,0,0,0,0,0,0,0,0,0,1,0,0,0,0,0,0,0,0
538,20.167667,63.164665,2014,FI,24,276,21.0,73,16.0,1352,-1,83.0,23.755739065804107,1422.3501790094774,62.0,8.327554702758789,282.9122314453125,4.99,7.99,1,1,1,0,0,0,0,0,0,0,0,0,0,0,0,0,1,0,1,0,0,0,0,0,0,0,0,0,0,0,0,0,0,0,0,0,0,0,0,0,0,0,0,0,0
539,20.218834,61.9365,2014,FI,25,277,85.0,53,16.0,529,1,116.0,56.03950566378593,1278.8246099499431,31.0,8.88213062286377,257.8880615234375,6.33,3.89,1,1,1,0,1,0,0,0,0,0,0,1,0,0,1,0,1,0,0,0,0,0,0,0,0,0,0,0,0,0,1,0,0,0,0,0,0,0,0,0,0,0,0,0,0
540,20.502,61.716835,2014,FI,26,277,15.0,53,16.0,858,1,107.0,47.09866634262411,1256.0474202300825,92.0,8.887714385986328,284.7251281738281,5.4,10.4,1,1,1,0,0,0,0,0,0,0,0,0,0,0,1,0,1,0,0,0,0,0,0,0,0,0,0,0,0,0,0,0,0,0,0,0,0,0,0,0,0,0,0,0,0
541,20.205833,61.47117,2014,FI,27,277,20.0,87,16.0,1085,-1,123.0,60.20057450136729,1225.6169227846003,103.0,8.982831001281738,236.0376739501953,5.35,10.18,1,1,1,0,0,0,0,0,0,0,0,0,0,0,0,0,1,0,1,0,0,0,0,0,0,0,0,0,0,0,0,0,0,0,0,0,0,0,0,0,0,0,0,0,0
542,20.197666,61.1975,2014,FI,28,277,21.0,65,16.0,1365,-1,120.0,57.72276786933811,1197.244636960993,99.0,9.027419090270996,255.71563720703125,5.29,10.33,1,1,1,0,0,0,0,0,0,0,0,0,0,0,0,0,0,0,1,0,0,1,0,0,0,0,0,0,0,0,0,0,0,0,0,0,0,0,0,0,0,0,0,0,0
543,20.1925,60.904667,2014,FI,29,278,25.0,48,16.0,869,1,72.0,44.68122437385766,1167.6379215084492,47.0,8.888707160949707,303.50079345703125,5.37,8.82,1,1,1,0,0,0,0,0,0,0,0,0,0,0,0,0,1,0,0,0,0,0,0,0,0,0,0,0,0,0,1,0,0,0,0,0,0,0,0,0,0,0,0,0,0
544,19.444666,60.086834,2014,FI,4,270,17.0,31,16.0,1114,-1,220.0,8.532479772473957,1066.4451113485384,203.0,8.614544868469238,308.5783996582031,5.58,10.66,1,1,1,0,1,0,0,0,0,0,0,0,0,0,0,0,0,0,1,0,0,0,0,0,0,0,0,0,0,0,0,0,0,0,0,0,0,0,0,0,0,0,0,0,0
545,17.980167,60.7745,2014,FI,6,270,30.0,60,16.0,490,1,55.0,16.708601199476007,1153.6122554814506,25.0,8.317649841308594,317.97332763671875,5.4,4.81,1,1,1,0,0,0,0,0,0,0,0,1,0,0,1,0,0,0,0,0,0,0,0,0,0,1,0,0,0,0,1,0,0,0,0,0,0,0,0,0,0,0,0,0,0
546,18.112833,61.097,2014,FI,7,270,20.0,40,16.0,876,1,68.0,42.7137559870136,1183.1442394502892,48.0,8.427871704101562,283.2999572753906,5.07,8.33,1,1,1,0,0,0,0,0,0,0,0,1,0,0,1,0,1,0,0,0,0,0,0,0,0,0,0,0,0,0,0,0,0,0,0,0,0,0,0,0,0,0,0,0,0
547,18.9325,61.095165,2014,FI,8,270,15.0,60,16.0,1169,-1,62.0,69.34880074518293,1180.663292821386,47.0,8.677356719970703,297.5320739746094,5.07,10.25,1,1,1,0,1,0,0,0,0,0,0,0,0,0,0,0,0,0,0,0,0,0,0,0,0,0,0,0,0,0,0,0,0,0,0,0,0,0,0,0,0,0,0,0,0
548,19.121666,61.098167,2014,FI,9,270,18.0,92,16.0,1345,-1,57.0,74.52804475961106,1180.663292821386,39.0,8.835490226745605,297.2591552734375,5.13,9.5,1,1,1,0,1,0,0,0,0,0,0,0,0,0,1,0,0,0,0,0,1,0,0,0,0,0,0,0,0,0,0,0,0,0,0,0,0,0,0,0,0,0,0,0,0
549,20.82329,55.93379,2014,LT,1,275,12.0,30,12.0,470,1,29.0,14.798043379316324,862.9779700924772,17.0,8.740460395812988,268.6898193359375,6.86,13.94,0,1,0,0,0,0,0,0,0,0,0,0,0,0,0,0,0,0,0,0,0,0,0,0,0,1,0,0,0,0,0,0,0,0,0,0,0,0,0,0,0,0,0,0,0
550,20.34331,55.94378,2014,LT,2,275,23.0,30,12.0,625,1,37.0,44.42310178424258,832.7857107033026,14.0,9.071367263793944,270.56805419921875,7.03,12.84,1,1,0,0,0,0,0,0,0,0,0,0,0,0,0,0,0,0,0,0,0,0,0,0,0,0,0,0,0,0,0,0,0,0,0,0,0,0,0,0,0,0,0,0,0
551,19.76654,55.94126,2014,LT,3,275,37.0,30,12.0,810,1,61.0,80.21658099546943,796.5282394581822,24.0,9.037659645080566,236.1010589599609,7.54,5.02,0,1,0,0,0,0,0,0,0,0,0,0,0,0,0,0,0,0,0,0,0,0,0,0,0,0,0,0,0,0,0,0,0,0,0,0,0,0,0,0,0,0,0,0,0
552,19.28932,55.94709,2014,LT,4,275,36.5,30,13.0,990,0,70.0,109.13388808630292,766.3265867224206,33.5,9.035548210144045,231.82098388671875,7.15,5.09,1,0,1,0,0,0,0,0,0,0,0,0,0,0,0,0,0,0,0,0,0,0,0,0,0,0,0,0,0,0,0,0,0,0,0,0,0,0,0,0,0,0,0,0,0
553,19.82845,55.69855,2014,LT,5,276,54.5,30,12.0,435,1,78.0,78.14523642571433,801.0611709448114,23.5,9.081377029418944,174.7791290283203,9.09,5.04,1,0,0,1,0,0,0,0,0,0,0,0,0,0,0,0,0,0,0,0,0,0,0,0,0,0,0,0,0,0,0,0,0,0,0,0,0,0,0,0,0,0,0,0,0
554,20.3221,55.58008,2014,LT,6,276,39.0,30,12.0,610,1,63.0,49.27041270223594,832.1690305833241,24.0,9.14451789855957,238.62747192382807,7.45,5.67,1,1,0,1,0,0,0,0,0,0,0,0,0,0,0,0,0,0,0,0,0,0,0,0,0,0,0,0,0,0,0,0,0,0,0,0,0,0,0,0,0,0,0,0,0
555,20.81283,55.56964,2014,LT,7,276,28.5,30,12.0,770,1,46.0,18.078731021920746,864.4965131696758,17.5,9.09988498687744,254.4543914794922,7.13,10.26,1,1,0,0,0,0,0,0,0,0,0,0,0,0,0,0,0,0,0,0,0,0,0,0,0,1,0,0,0,0,0,0,0,0,0,0,0,0,0,0,0,0,0,0,0
556,19.06,56.12,2014,LV,1,282,53.5,60,22.0,905,0,124.0,101.46496260716344,755.0169601237924,70.5,9.064604759216309,186.92465209960932,7.51,4.53,1,1,1,0,0,1,0,0,0,0,0,0,0,0,0,0,0,0,0,0,0,0,0,0,0,0,0,0,0,0,0,0,0,0,0,0,0,0,0,0,0,0,0,0,0
557,19.645,56.88167,2014,LV,10,286,39.5,30,19.0,400,1,147.0,68.8962836459818,815.0448024988744,107.5,9.032763481140137,136.00469970703125,7.05,5.55,1,1,1,0,0,1,0,0,0,0,0,0,0,0,0,0,0,0,0,0,0,0,0,0,0,0,0,0,0,0,0,0,0,0,0,0,0,0,0,0,0,0,0,0,0
558,19.795,57.115,2014,LV,11,286,70.0,30,20.0,915,0,222.0,60.97345291157524,835.6163944976286,152.0,9.014293670654297,30.16524887084961,9.11,4.31,1,1,1,1,0,0,0,0,0,0,0,0,0,0,0,0,0,0,0,0,0,0,0,0,0,0,0,0,0,0,0,0,0,0,0,0,0,0,0,0,0,0,0,0,0
559,20.17167,57.11833,2014,LV,12,287,66.5,30,19.0,325,0,183.0,61.66379143228441,856.3532001149025,116.5,9.033239364624023,99.40640258789062,8.98,4.37,1,1,1,1,0,0,0,0,0,0,0,0,0,0,0,0,0,0,0,0,0,0,0,0,0,0,0,0,0,0,0,0,0,0,0,0,0,0,0,0,0,0,0,0,0
560,20.74,57.15333,2014,LV,13,287,50.0,30,20.0,635,1,63.0,39.14016210529539,889.0212567652059,13.0,8.907923698425293,269.71563720703125,7.81,5.81,1,1,1,1,0,0,0,0,0,0,1,0,0,0,0,0,0,0,0,0,0,0,0,0,0,0,0,0,0,0,0,0,0,0,0,0,0,0,0,0,0,0,0,0,0
561,20.93667,57.35833,2014,LV,14,287,36.0,30,20.0,915,0,58.0,29.737961215012508,910.6201069421188,22.0,8.862696647644043,262.96588134765625,6.85,9.24,1,1,0,1,0,1,0,0,0,0,0,0,0,0,0,0,0,0,1,0,0,0,0,0,0,0,0,0,0,0,0,0,0,0,0,0,0,0,0,0,0,0,0,0,0
562,20.84833,57.60333,2014,LV,15,288,33.0,30,16.0,855,1,60.0,47.41947576221207,917.1603932240664,27.0,8.95520305633545,271.81317138671875,6.94,8.71,1,1,1,0,0,1,0,0,0,0,1,0,0,0,0,0,0,0,0,0,0,0,0,0,0,0,0,0,0,0,0,0,0,0,0,0,0,0,0,0,0,0,0,0,0
563,21.14667,57.87,2014,LV,16,289,50.0,60,20.0,400,1,79.0,48.04404468218464,947.6196717713468,29.0,8.917810440063477,185.1781311035156,7.62,4.75,1,1,0,0,0,1,0,0,0,0,1,0,0,0,0,0,0,0,0,0,0,0,0,0,0,0,0,0,0,0,0,0,0,0,0,0,0,0,0,0,0,0,0,0,0
564,20.61,57.875,2014,LV,17,289,37.5,30,19.0,610,1,98.0,73.36704207034533,921.1704970617278,60.5,9.066359519958496,159.60997009277344,6.89,5.31,1,1,1,1,0,1,0,0,0,0,0,0,0,0,0,0,0,0,0,0,0,0,0,0,0,0,0,0,0,0,0,0,0,0,0,0,0,0,0,0,0,0,0,0,0
565,20.15167,58.095,2014,LV,18,289,42.0,30,20.0,945,0,115.0,49.39032685379076,916.2380705523566,73.0,9.113633155822754,148.6110382080078,7.01,4.58,1,1,1,0,0,1,0,0,0,0,0,0,0,0,0,0,0,0,0,0,0,0,0,0,0,0,0,0,0,0,0,0,0,0,0,0,0,0,0,0,0,0,0,0,0
566,20.91833,58.11333,2014,LV,19,290,42.0,30,20.0,390,1,52.0,56.19305090724655,951.0218848079962,10.0,8.897551536560059,266.8383483886719,7.5,5.56,1,1,1,0,0,1,0,0,0,0,0,0,0,0,0,0,0,0,0,0,0,0,0,0,0,0,0,0,0,0,0,0,0,0,0,0,0,0,0,0,0,0,0,0,0
567,19.62333,56.10333,2014,LV,2,283,22.5,30,17.0,450,1,50.0,85.27797329726427,788.8265963488745,27.5,9.05983829498291,307.95849609375,6.99,9.04,0,1,0,0,0,0,0,0,0,0,1,0,0,0,0,0,0,0,0,0,0,0,0,0,0,1,0,0,0,0,0,0,0,0,0,0,0,0,0,0,0,0,0,0,0
568,21.10833,58.34833,2014,LV,20,290,59.0,30,18.0,600,1,97.0,38.92688597111288,976.4849287670816,38.0,8.912914276123047,107.79185485839844,8.36,4.55,1,1,1,1,0,0,0,0,0,0,0,0,0,0,0,0,0,0,0,0,0,0,0,0,0,0,0,0,0,0,0,0,0,0,0,0,0,0,0,0,0,0,0,0,0
569,20.73833,58.38334,2014,LV,21,290,59.5,30,19.0,800,1,104.0,60.46860587125998,963.9900842118464,44.5,8.95271110534668,120.43020629882812,8.23,4.28,1,1,1,1,0,0,0,0,0,0,0,0,0,0,0,0,0,0,0,0,0,0,0,0,0,0,0,0,0,0,0,0,0,0,0,0,0,0,0,0,0,0,0,0,0
570,20.68333,58.45,2014,LV,22,290,34.0,30,20.0,910,0,94.0,65.24207044399253,967.0657544975246,60.0,8.973204612731934,137.76150512695312,6.73,6.69,1,1,1,0,0,1,0,0,0,0,0,0,0,0,0,0,0,0,0,0,0,0,0,0,0,0,0,0,0,0,0,0,0,0,0,0,0,0,0,0,0,0,0,0,0
571,20.12333,56.12333,2014,LV,3,283,35.0,30,20.0,635,1,49.0,54.32402451578516,820.1296187049643,14.0,9.200018882751465,256.2149353027344,7.35,5.72,1,1,0,0,0,1,0,0,0,0,0,0,0,0,0,0,0,0,0,0,0,0,0,0,0,0,0,0,0,0,0,0,0,0,0,0,0,0,0,0,0,0,0,0,0
572,20.36,56.39167,2014,LV,4,283,29.0,30,18.0,890,1,40.0,37.98261629873314,840.5829977999165,11.0,9.025175094604492,294.8423156738281,7.24,8.21,1,1,0,0,0,0,0,0,0,0,0,0,0,0,0,0,0,0,0,0,0,0,0,0,0,0,0,0,0,0,0,0,0,0,0,0,0,0,0,0,0,0,0,0,0
573,19.84333,56.37833,2014,LV,5,284,40.5,30,19.0,360,0,91.0,69.79218058830244,808.8177925559825,50.5,9.004477500915527,205.9635162353516,7.24,5.12,1,1,0,0,0,0,0,0,0,0,0,0,0,0,0,0,0,0,0,0,0,0,0,0,0,0,0,0,0,0,0,0,0,0,0,0,0,0,0,0,0,0,0,0,0
574,19.33167,56.61666,2014,LV,6,284,76.5,30,19.0,810,1,131.0,71.04802704547795,786.4638701284978,54.5,9.101869583129885,104.10578918457033,9.9,4.63,1,1,1,1,0,0,0,0,0,0,0,0,0,0,0,0,0,0,0,0,0,0,0,0,0,0,0,0,0,0,0,0,0,0,0,0,0,0,0,0,0,0,0,0,0
575,20.355,56.61833,2014,LV,7,285,39.5,30,19.0,420,1,78.0,39.97252812451409,846.8523338197764,38.5,9.111570358276367,211.99588012695312,7.22,5.38,1,1,1,0,0,1,0,0,0,0,1,0,0,0,0,0,0,0,0,0,0,0,0,0,0,0,0,0,0,0,0,0,0,0,0,0,0,0,0,0,0,0,0,0,0
576,20.59,56.62,2014,LV,8,285,40.0,30,20.0,605,1,50.0,25.92774994606739,860.8849459419351,10.0,8.980229377746582,276.8196716308594,7.3,6.61,1,1,0,0,0,1,0,0,0,0,0,0,0,0,0,0,0,0,0,0,0,0,0,0,0,0,0,0,0,0,0,0,0,0,0,0,0,0,0,0,0,0,0,0,0
577,20.49833,56.89333,2014,LV,9,285,44.0,30,18.0,900,0,54.0,34.89834922054873,863.9903036513067,10.0,9.055129051208496,282.52740478515625,7.47,5.38,1,1,0,0,0,0,0,0,0,0,0,0,0,0,0,0,0,0,0,0,0,0,0,0,0,0,0,0,0,0,0,0,0,0,0,0,0,0,0,0,0,0,0,0,0
578,19.08,55.13,2014,PL,1,260,62.0,30,20.0,505,1,92.0,54.12756094969193,752.7227331634913,30.0,8.601940155029297,213.3677215576172,9.93,5.66,1,0,0,1,0,0,0,0,0,0,0,0,0,0,0,0,0,0,0,0,0,0,0,0,0,0,0,0,0,0,0,0,0,0,0,0,0,0,0,0,0,0,0,0,0
579,18.67,55.22,2014,PL,11,264,67.0,30,18.0,400,1,84.0,48.239982113535696,726.2451153027343,17.0,8.843840599060059,215.35459899902344,10.7,6.36,1,1,0,1,0,0,0,0,0,0,0,0,0,0,0,0,0,0,0,0,0,0,0,0,0,1,0,0,0,0,0,0,0,0,0,0,0,0,0,0,0,0,0,0,0
580,18.67,54.98,2014,PL,12,264,70.0,30,18.0,620,1,91.0,26.071569670439395,726.2691637349901,21.0,8.504810333251953,219.05044555664065,10.65,6.79,1,1,0,1,0,0,0,0,0,0,1,0,0,0,0,0,0,0,0,0,0,0,0,0,0,0,0,0,0,0,0,0,0,0,0,0,0,0,0,0,0,0,0,0,0
581,18.35,55.01,2014,PL,13,264,12.0,15,18.0,960,0,38.0,19.481005025538625,706.1520076008927,26.0,8.657552719116211,288.35906982421875,7.12,13.09,1,1,0,0,0,0,0,0,0,0,0,0,0,0,0,0,0,0,0,0,0,0,0,0,0,0,0,0,0,0,0,0,0,0,0,0,0,0,0,0,0,0,0,0,0
582,18.28,55.23,2014,PL,14,265,44.0,30,18.0,565,1,60.0,44.490537028435085,701.0971311854871,16.0,8.95971393585205,246.2680511474609,7.48,5.86,1,1,0,1,0,0,0,0,0,0,1,0,0,0,0,0,0,0,0,0,0,0,0,0,0,0,0,0,0,0,0,0,0,0,0,0,0,0,0,0,0,0,0,0,0
583,18.43,55.64,2014,PL,15,267,15.0,30,20.0,480,1,95.0,90.07904114817528,710.8222761967481,80.0,9.1909818649292,181.14279174804688,7.05,13.32,0,1,0,1,0,0,0,0,0,0,0,0,0,0,0,0,0,0,0,0,0,0,0,0,0,0,0,0,0,0,0,0,1,0,0,0,0,0,0,0,0,0,0,0,0
584,17.33,55.15,2014,PL,16,269,35.0,30,18.0,355,1,54.0,44.15228956680978,640.0087220772463,19.0,8.867227554321289,222.09765625,7.51,6.97,1,1,0,0,0,1,0,0,0,0,0,0,0,0,0,0,0,0,0,0,0,0,0,0,0,0,0,0,0,0,0,0,0,0,0,0,0,0,0,0,0,0,0,0,0
585,17.36,54.97,2014,PL,17,269,4.0,30,19.0,555,1,27.0,24.741366876704337,643.5238776412489,23.0,8.843497276306152,291.4403686523437,7.18,13.67,0,1,0,0,0,0,0,0,0,0,0,0,0,0,0,0,0,0,0,0,0,0,0,0,0,0,0,0,0,0,1,0,0,0,0,0,0,0,0,0,0,0,0,0,0
586,17.57,54.99,2014,PL,18,269,10.0,15,20.0,660,1,34.0,23.63886748493333,656.3876321520617,24.0,8.876422882080078,280.7373046875,7.17,12.23,1,1,0,0,0,0,0,0,0,0,0,0,0,0,0,0,0,0,0,0,1,0,0,0,0,0,0,0,0,0,0,0,0,0,0,0,0,0,0,0,0,0,0,0,0
587,17.68,55.25,2014,PL,19,269,50.0,30,18.0,820,1,61.0,49.17339516599368,662.4654388911327,11.0,8.769659042358398,218.63905334472656,10.23,8.38,1,1,0,1,0,1,0,0,0,0,0,0,0,0,0,0,0,0,0,0,0,0,0,0,0,0,0,0,0,0,0,0,0,0,0,0,0,0,0,0,0,0,0,0,0
588,19.22,54.76,2014,PL,2,260,50.0,30,18.0,880,1,101.0,29.519044907063822,765.999457845676,51.0,8.45845890045166,193.1200714111328,8.3,5.44,1,1,0,1,0,0,0,0,0,0,0,0,0,0,0,0,0,0,0,0,0,0,0,0,0,0,0,0,0,0,0,0,0,0,0,0,0,0,0,0,0,0,0,0,1
589,17.77,55.5,2014,PL,20,269,40.0,30,18.0,970,0,66.0,75.10165086294907,668.2950656694585,26.0,8.87730598449707,249.1676177978516,7.1,5.78,1,0,0,0,0,0,0,0,0,0,0,0,0,0,0,0,0,0,0,0,0,0,0,0,0,0,0,0,0,0,0,0,0,0,0,0,0,0,0,0,0,0,0,0,0
590,16.32,54.72,2014,PL,21,271,17.0,30,20.0,480,1,36.0,24.55576589327376,587.0194469442356,19.0,8.75411319732666,250.90545654296875,7.41,13.83,1,1,0,0,0,0,0,0,0,0,0,0,0,0,0,0,0,0,0,0,1,0,0,0,0,0,0,0,0,0,0,0,0,0,0,0,0,0,0,0,0,0,0,0,0
591,16.25,54.94,2014,PL,22,271,25.0,30,20.0,695,1,41.0,47.825913048308514,577.4460701076385,16.0,8.81884765625,245.73587036132807,7.76,11.0,1,1,0,0,0,1,0,0,0,0,0,0,0,0,0,0,0,0,0,0,0,0,0,0,0,0,0,0,0,0,0,0,0,0,0,0,0,0,0,0,0,0,0,0,0
592,16.35,55.06,2014,PL,23,271,27.0,30,18.0,850,1,58.0,57.65942833677139,579.2441316027972,31.0,8.883411407470703,201.92225646972656,7.45,10.52,1,1,0,0,0,1,0,0,0,0,0,0,0,0,0,0,0,0,0,0,0,0,0,0,0,0,0,0,0,0,0,0,0,0,0,0,0,0,0,0,0,0,0,0,0
593,16.3,55.28,2014,PL,24,272,45.0,30,17.0,330,0,69.0,75.64386916574821,573.8127673509265,24.0,8.916703224182129,172.5306854248047,9.87,9.6,1,1,0,1,0,0,0,0,0,0,0,0,0,0,0,0,0,0,0,0,0,0,0,0,0,0,0,0,0,0,0,0,0,0,0,0,0,0,0,0,0,0,0,0,0
594,15.97,55.13,2014,PL,25,272,66.0,40,18.0,610,1,85.0,52.45973660599065,552.8696828922054,19.0,8.803252220153809,140.75942993164062,15.72,10.54,1,1,0,1,0,1,0,0,0,0,0,0,0,0,0,0,0,0,0,1,0,0,0,0,0,0,0,0,0,0,0,0,0,0,0,0,0,0,0,0,0,0,0,0,0
595,15.64,54.5,2014,PL,26,273,35.0,30,20.0,495,1,56.0,31.47423728864408,558.1932821246033,21.0,8.72066593170166,205.168197631836,8.38,10.5,1,1,0,1,0,1,0,0,0,0,0,0,0,0,0,0,0,0,0,0,0,0,0,0,0,0,0,0,0,0,0,0,0,0,0,0,0,0,0,0,0,0,0,0,0
596,15.67,54.67,2014,PL,27,273,45.0,30,18.0,665,1,64.0,49.50844151268441,550.7463599686133,19.0,8.696479797363281,189.156494140625,10.52,9.63,1,1,0,1,0,1,0,0,0,0,0,0,0,0,0,0,0,0,0,0,0,0,0,0,0,0,0,0,0,0,0,0,0,0,0,0,0,0,0,0,0,0,0,0,0
597,15.65,54.9,2014,PL,28,273,45.0,30,18.0,850,1,76.0,35.9531536155081,540.1109603245975,31.0,8.744343757629395,159.84585571289062,10.5,11.22,1,1,0,1,0,0,0,0,0,0,0,0,0,0,0,0,0,0,0,0,0,0,0,0,0,0,0,0,0,0,0,0,0,0,0,0,0,0,0,0,0,0,0,0,0
598,15.61,55.06,2014,PL,29,274,50.0,30,18.0,370,1,77.0,29.51672213178805,533.5633921812621,27.0,8.778085708618164,175.5785369873047,12.87,13.26,1,1,0,1,0,0,1,0,0,0,0,0,0,0,0,0,0,0,0,0,0,0,0,0,0,0,0,0,0,0,0,0,0,0,0,0,0,0,0,0,0,0,0,0,0
599,19.26,54.66,2014,PL,3,260,58.0,30,18.0,985,0,89.0,28.40425532292691,771.1569621513895,31.0,8.263788223266602,206.8690948486328,9.06,5.6,1,1,0,1,0,0,0,0,0,0,0,0,0,0,0,0,0,0,0,0,0,0,0,0,0,0,0,0,0,0,0,0,0,0,0,0,0,0,0,0,0,0,0,0,0
600,15.38,54.77,2014,PL,30,274,45.0,30,17.0,660,1,69.0,30.80962787349383,529.2369108962589,24.0,8.676870346069336,147.9994659423828,10.53,9.15,1,1,0,1,0,1,1,0,0,0,0,0,0,0,0,0,0,0,0,0,0,0,0,0,0,0,0,0,0,0,0,0,0,0,0,0,0,0,0,0,0,0,0,0,0
601,15.39,54.48,2014,PL,31,274,20.0,30,20.0,895,1,45.0,34.75711210146349,546.8200800064034,25.0,8.714346885681152,243.62936401367188,7.51,13.5,1,1,0,0,0,1,0,0,0,0,0,0,0,0,0,0,0,0,0,0,0,0,0,0,0,0,0,0,0,0,0,0,0,0,0,0,0,0,0,0,0,0,0,0,0
602,14.98,54.75,2014,PL,32,275,35.0,30,20.0,565,1,56.0,27.304978569268528,506.7685448231175,21.0,8.69987678527832,187.93463134765625,8.25,9.84,1,1,0,0,0,1,0,0,0,0,1,0,0,0,0,0,0,0,0,0,0,0,0,0,0,0,0,0,0,0,0,0,0,0,0,0,0,0,0,0,0,0,0,0,0
603,14.78,54.62,2014,PL,33,275,25.0,30,20.0,740,1,47.0,44.08728358469612,506.1270429418307,22.0,8.63696002960205,193.30438232421875,7.73,12.68,1,0,0,0,0,1,0,0,0,0,0,0,0,0,0,0,0,0,0,0,0,0,0,0,0,0,0,0,0,0,0,0,0,0,0,0,0,0,0,0,0,0,0,0,0
604,19.32,54.5,2014,PL,4,261,50.0,30,20.0,830,1,70.0,14.1570426157153,782.7410042668529,20.0,8.352914810180664,228.26678466796875,8.28,5.54,1,1,0,1,0,0,0,0,0,0,0,0,0,0,0,0,0,0,0,0,0,0,0,0,0,0,0,0,0,0,0,0,0,0,0,0,0,0,0,0,0,0,0,0,0
605,19.28,54.42,2014,PL,5,262,25.0,30,19.0,315,0,50.0,6.68713100050025,783.0344029704415,25.0,8.458134651184082,282.42803955078125,8.1,12.01,1,1,0,1,0,0,0,0,0,0,1,0,0,0,0,0,0,0,0,0,0,0,0,0,0,1,0,0,0,0,0,0,0,0,0,0,0,0,0,0,0,0,0,0,0
606,18.91,54.49,2014,PL,6,262,35.0,30,20.0,490,1,63.0,13.306496296767804,758.0274714525513,28.0,8.114069938659668,257.79461669921875,7.51,7.7,1,1,0,1,0,0,0,0,0,0,0,0,0,0,0,0,0,0,0,0,0,0,0,0,0,1,0,0,0,0,0,0,0,0,0,0,0,0,0,0,0,0,0,0,0
607,18.9,54.55,2014,PL,7,262,40.0,30,18.0,660,1,65.0,7.369593372163904,754.7842027751656,25.0,8.141730308532715,241.52012634277344,7.52,7.47,1,1,0,1,0,0,0,0,0,0,0,0,0,0,0,0,0,0,0,0,0,0,0,0,0,0,0,0,0,0,0,0,0,0,0,0,0,0,0,0,0,0,0,0,0
608,18.98,54.72,2014,PL,8,262,50.0,15,20.0,830,1,91.0,14.57878396526923,751.8732862564531,41.0,8.308917999267578,214.83425903320312,8.42,5.47,1,1,0,1,0,0,0,0,0,0,0,0,0,0,0,0,0,0,0,0,0,0,0,0,0,0,0,0,0,0,0,0,0,0,0,0,0,0,0,0,0,0,0,0,0
609,18.97,55.61,2014,PL,9,263,10.0,30,19.0,570,1,87.0,94.883462018983,745.5121899255079,77.0,9.021233558654783,206.2556304931641,7.0,13.64,0,1,0,0,0,0,0,0,0,0,1,0,0,0,0,0,0,0,0,0,0,0,0,0,0,1,0,0,0,0,1,0,0,0,0,0,0,0,0,0,0,0,0,0,0
610,14.758,55.3937,2015,SE,1,274,46.5,30,1.0,167,-1,66.0,11.122634257108771,474.0557668032362,19.5,8.880399703979492,213.8028106689453,11.07,12.14,1,1,0,1,0,1,1,0,1,0,0,0,0,0,0,0,0,0,0,1,0,0,0,0,0,0,0,0,0,0,0,0,0,0,0,0,0,0,0,0,0,0,0,0,0
611,17.8295,56.6661,2015,SE,10,275,28.8,20,8.6,1075,-1,51.0,33.27488109555997,705.1373669444193,22.2,8.911385536193848,157.47039794921875,7.09,8.15,1,1,1,0,1,1,0,0,0,0,0,0,0,0,0,0,0,0,1,0,0,0,0,0,0,0,0,0,0,0,0,0,0,0,0,0,0,0,0,0,0,0,0,0,0
612,17.3563,57.0755,2015,SE,11,275,22.9,16,12.0,1389,-1,72.0,21.75340219795272,715.412329948746,49.1,8.962181091308594,13.185725212097168,6.73,12.55,1,1,1,0,0,0,0,0,0,0,0,0,0,0,0,0,0,0,0,0,0,0,0,0,0,0,0,0,0,0,0,0,0,0,0,0,0,0,0,0,0,0,0,0,0
613,17.5857,57.2708,2015,SE,12,276,28.0,20,13.8,162,-1,93.0,22.06579080040595,741.7532534477856,65.0,8.962769508361816,21.186098098754883,6.74,11.87,1,1,1,0,1,1,0,0,0,0,0,0,0,0,0,0,0,0,0,0,0,0,0,0,0,0,0,0,0,0,0,0,0,0,0,0,0,0,0,0,0,0,0,0,0
614,17.5448,57.6419,2015,SE,13,276,25.3,42,15.2,405,1,128.0,35.565728626381464,772.438165570593,102.7,9.053062438964844,57.515567779541016,6.68,9.94,1,1,1,0,1,1,0,0,0,0,0,0,0,0,1,0,0,0,0,0,0,0,0,0,0,0,0,0,0,0,0,0,0,0,0,0,0,0,0,0,0,0,0,0,0
615,17.2905,57.9048,2015,SE,14,276,34.3,46,14.0,696,1,107.0,27.81314799454313,791.722274761716,72.7,8.957193374633789,43.20420837402344,6.88,6.45,1,1,1,0,1,0,0,0,0,0,0,0,0,0,1,0,0,0,0,0,0,0,0,0,0,0,0,0,0,0,0,0,0,0,0,0,0,0,0,0,0,0,0,0,0
616,17.8082,57.7808,2015,SE,15,276,24.6,46,13.9,984,0,99.0,31.14821468672296,794.7596783419165,74.4,8.984831809997559,36.65548706054688,6.55,11.72,1,1,1,0,1,1,0,0,0,0,0,0,0,0,1,0,0,0,0,0,0,0,0,0,0,0,0,0,0,0,0,0,0,0,0,0,0,0,0,0,0,0,0,0,0
617,18.2515,57.8622,2015,SE,16,276,23.0,30,13.5,1227,-1,114.0,13.97342896318087,818.9406666128316,91.0,9.03532600402832,56.420440673828125,6.59,10.61,1,1,1,0,1,1,0,0,0,0,0,0,0,0,0,0,0,0,0,0,0,0,0,0,0,0,0,0,0,0,0,0,0,0,0,0,0,0,0,0,0,0,0,0,0
618,18.2187,58.0585,2015,SE,17,277,28.6,32,12.4,38,-1,112.0,30.100804276375865,833.7597414812349,83.4,9.008785247802734,56.91491317749024,6.76,7.0,1,1,1,0,1,1,0,0,0,0,0,0,0,0,0,0,0,0,1,0,0,0,0,0,0,0,0,0,0,0,0,0,0,0,0,0,0,0,0,0,0,0,0,0,0
619,17.6006,58.0817,2015,SE,18,277,25.4,41,13.6,227,-1,130.0,37.68794075734892,816.9770347058491,104.6,8.980958938598633,71.08417510986328,6.58,9.7,1,1,1,0,1,0,0,0,0,0,0,0,0,0,0,0,0,0,0,0,0,0,0,0,0,0,0,0,0,0,0,0,0,0,0,0,0,0,0,0,0,0,0,0,0
620,17.8341,58.418,2015,SE,19,277,32.2,45,13.5,528,1,100.0,35.949058088139125,856.635780659138,67.8,8.940266609191895,73.24224853515625,6.79,7.02,1,1,1,0,1,1,0,0,0,0,0,0,0,0,1,0,0,0,0,0,0,0,0,0,0,0,0,0,0,0,0,0,0,0,0,0,0,0,0,0,0,0,0,0,0
621,14.6666,55.5906,2015,SE,2,274,52.6,35,11.8,425,1,72.0,19.997485731658205,473.8122048926066,19.4,8.965312004089355,197.18153381347656,10.94,9.06,1,1,0,1,0,0,1,0,1,0,1,0,1,0,0,0,0,0,0,1,0,0,0,0,0,0,0,0,0,0,0,0,0,0,0,0,0,0,0,0,0,0,0,0,0
622,18.6425,58.3293,2015,SE,20,277,29.1,46,10.7,932,0,144.0,32.430879895464024,874.4727328186634,114.9,8.970160484313965,86.22740936279297,6.69,7.74,1,1,1,0,1,1,0,0,0,0,0,0,0,0,0,0,0,0,0,0,0,0,0,0,0,0,0,0,0,0,0,0,0,0,0,0,0,0,0,0,0,0,0,0,0
623,18.195,58.5796,2015,SE,21,277,24.9,31,14.0,1197,-1,124.0,28.060437280915902,882.9869932759988,99.1,8.900307655334473,96.61538696289062,6.31,11.58,1,1,1,0,1,1,0,0,0,0,0,0,0,0,0,0,0,0,1,0,0,0,0,0,0,0,0,0,0,1,0,0,0,0,0,0,0,0,0,0,0,0,0,0,0
624,18.5322,58.8873,2015,SE,22,278,21.9,40,12.1,40,-1,91.0,8.558639032775451,922.3034674073574,69.1,8.906848907470703,200.96290588378903,6.01,11.97,1,1,1,0,1,0,0,0,0,0,1,0,0,0,0,0,0,0,0,0,0,0,0,0,0,0,0,0,0,0,0,0,0,0,0,0,0,0,0,0,0,0,0,0,0
625,19.5162,58.7466,2015,SE,23,278,31.8,40,13.7,425,1,152.0,42.75200805465533,942.3857253396716,120.2,9.101773262023926,130.61622619628906,6.67,6.95,1,1,1,0,1,0,0,0,0,0,0,0,0,0,1,0,0,0,0,0,0,0,0,0,0,0,0,0,0,0,0,0,0,0,0,0,0,0,0,0,0,0,0,0,0
626,19.8253,58.8307,2015,SE,24,278,48.0,40,13.2,749,1,134.0,59.33488181422659,960.5487947176564,86.0,9.22597885131836,118.10138702392578,7.51,4.81,1,1,1,0,1,0,0,0,0,0,0,0,0,0,1,0,0,0,0,0,1,0,0,0,0,0,0,0,0,0,0,0,0,0,0,0,0,0,0,0,0,0,0,0,0
627,19.2392,59.0837,2015,SE,25,278,29.5,30,13.4,1055,-1,77.0,25.87625736192395,962.466516721474,47.5,8.993383407592773,142.069580078125,6.57,8.25,1,1,1,0,0,1,0,0,0,0,0,0,0,0,0,0,0,0,0,0,0,0,0,0,0,0,0,0,0,0,0,0,0,0,0,0,0,0,0,0,0,0,0,0,0
628,19.8527,59.4029,2015,SE,26,278,9.8,45,20.0,1367,-1,42.0,29.24758505030837,1012.6573807817526,32.2,8.923737525939941,260.3569030761719,5.95,12.67,1,1,1,0,1,0,0,0,0,0,0,0,0,0,0,0,0,0,0,0,0,0,0,0,0,0,0,0,0,0,0,0,0,0,0,0,0,0,0,0,0,0,0,0,0
629,20.2235,59.2496,2015,SE,27,279,31.1,20,14.0,128,-1,72.0,53.12429927163623,1012.0183846793932,40.9,9.077402114868164,172.79698181152344,6.59,7.8,1,1,1,0,1,1,0,0,0,0,0,0,0,0,1,0,0,0,0,0,0,0,0,0,0,0,0,0,0,0,0,0,0,0,0,0,0,0,0,0,0,0,0,0,0
630,20.4797,58.7832,2015,SE,28,279,45.0,51,11.8,375,1,154.0,82.00893066923642,983.648084275242,109.0,9.205401420593262,113.05511474609376,7.16,4.86,1,1,1,0,1,1,0,0,0,0,0,0,0,0,0,0,0,0,0,0,0,0,0,0,0,0,0,0,0,0,0,0,0,0,0,0,0,0,0,0,0,0,0,0,0
631,20.6692,58.601,2015,SE,29,279,56.1,60,10.9,651,1,84.0,68.7797941551878,978.9258172469306,27.9,9.320752143859863,151.7488555908203,8.6,4.63,1,1,1,0,1,0,0,0,0,0,0,0,0,0,1,0,0,0,0,0,0,0,0,0,0,0,0,0,0,0,0,0,0,0,0,0,0,0,0,0,0,0,0,0,0
632,14.9757,55.7743,2015,SE,3,274,25.4,67,14.5,720,1,39.0,27.33320567266186,503.03046574679183,13.600000000000001,8.98430061340332,283.66973876953125,7.49,11.79,1,1,0,0,0,1,0,0,0,0,0,0,0,0,0,0,0,0,0,0,0,0,0,0,0,0,0,0,0,0,0,0,0,0,0,0,0,0,0,0,0,0,0,0,0
633,19.6846,58.3923,2015,SE,30,279,30.0,40,15.3,996,0,119.0,21.563613373876745,918.2279688940222,89.0,9.116145133972168,131.3399658203125,6.71,6.7,1,1,1,0,1,1,0,0,0,0,0,0,0,0,0,0,0,0,0,0,0,0,0,0,0,0,0,0,0,0,0,0,0,0,0,0,0,0,0,0,0,0,0,0,0
634,19.7168,58.1237,2015,SE,31,279,26.7,30,14.4,1253,-1,161.0,27.518859808886265,901.5422050294164,134.3,9.305173873901367,140.34727478027344,6.69,8.03,1,1,1,0,1,1,0,0,0,0,0,0,0,0,0,0,0,0,0,0,0,0,0,0,0,0,0,0,0,0,0,0,0,0,0,0,0,0,0,0,0,0,0,0,0
635,19.6089,57.9097,2015,SE,32,280,31.0,40,12.8,114,-1,73.0,16.70089564401861,878.5578385884698,42.0,9.361431121826172,130.72959899902344,6.91,7.53,1,1,1,0,1,1,0,0,0,0,1,0,0,0,0,0,0,0,1,0,0,0,0,0,0,0,0,0,0,0,0,0,0,0,0,0,0,0,0,0,0,0,0,0,0
636,19.3846,57.6773,2015,SE,33,280,45.0,50,8.9,429,1,74.0,22.761428304225937,850.3427271507766,29.0,9.349416732788086,185.23995971679688,7.29,4.92,1,1,1,0,1,1,0,0,0,0,0,0,0,0,0,0,0,0,0,0,0,0,0,0,0,0,0,0,0,0,0,0,0,0,0,0,0,0,0,0,0,0,0,0,0
637,19.2011,57.3973,2015,SE,34,280,48.3,60,12.3,718,1,75.0,13.779907248584518,821.0003107601344,26.700000000000003,9.388335227966309,179.10243225097656,7.71,4.68,1,1,1,0,1,1,0,0,0,0,0,0,0,0,0,0,0,0,0,0,0,0,0,0,0,0,0,0,0,0,0,0,0,0,0,0,0,0,0,0,0,0,0,0,0
638,19.5452,57.1924,2015,SE,35,280,15.6,41,17.8,1097,-1,155.0,43.9510558641357,825.9475700017854,139.4,9.500465393066406,146.08050537109375,6.91,12.72,1,1,1,0,1,1,0,0,0,0,0,0,0,0,0,0,0,0,1,0,0,0,0,0,0,0,0,0,0,0,0,0,0,0,0,0,0,0,0,0,0,0,0,0,0
639,18.8737,57.0579,2015,SE,36,280,20.0,20,19.1,1415,-1,89.0,21.588546739881863,783.2116865832749,69.0,9.460030555725098,163.36392211914062,6.88,10.3,1,1,1,0,1,1,0,0,0,0,0,0,0,0,0,0,0,0,0,0,0,0,0,0,0,0,0,0,0,0,0,0,0,0,0,0,0,0,0,0,0,0,0,0,0
640,18.8003,56.8714,2015,SE,37,281,25.0,26,16.7,155,-1,72.0,27.973064982236632,768.2357140580161,47.0,9.505959510803224,189.8376617431641,6.95,7.37,1,1,1,0,1,1,0,0,0,0,0,0,0,0,0,0,0,0,0,0,0,0,0,0,0,0,0,0,0,0,0,0,0,0,0,0,0,0,0,0,0,0,0,0,0
641,18.9507,56.6415,2015,SE,38,281,46.8,56,12.0,394,1,124.0,51.00999487003971,765.4363788161711,77.2,9.486352920532228,146.040771484375,7.3,4.9,1,1,1,0,1,1,0,0,0,0,0,0,0,0,0,0,0,0,0,0,0,0,0,0,0,0,0,0,0,0,0,0,0,0,0,0,0,0,0,0,0,0,0,0,0
642,18.5527,56.3426,2015,SE,39,281,38.0,60,12.3,807,1,76.0,66.90239491481758,730.9600537999211,38.0,9.286148071289062,165.65118408203125,7.12,5.15,1,1,1,0,0,1,0,0,0,0,0,0,0,0,0,0,0,0,0,0,1,0,0,0,0,0,0,0,0,0,0,0,0,0,0,0,0,0,0,0,0,0,0,0,0
643,15.3945,55.5677,2015,SE,4,274,43.7,49,11.8,1003,0,71.0,47.29030948066391,515.6877393070996,27.299999999999997,8.990692138671875,193.43370056152344,9.21,9.39,1,1,1,1,0,1,1,0,0,0,0,0,0,0,0,0,0,0,0,0,0,0,0,0,0,0,0,0,0,0,0,0,0,0,0,0,0,0,0,0,0,0,0,0,0
644,18.4999,56.1848,2015,SE,40,281,28.4,30,13.8,1083,-1,100.0,82.71052474232816,721.8699478320074,71.6,9.328450202941896,127.15638732910156,7.06,6.87,1,1,1,0,0,1,0,0,0,0,0,0,0,0,0,0,0,0,0,0,1,0,0,0,0,0,0,0,0,0,0,0,0,0,0,0,0,0,0,0,0,0,0,0,0
645,17.8028,56.3577,2015,SE,41,281,26.0,50,13.0,1372,-1,50.0,65.052129534306,688.3211219522912,24.0,9.004861831665039,240.2432861328125,7.05,8.31,1,1,1,1,1,0,0,0,0,0,0,0,0,0,0,0,0,0,0,0,0,0,0,0,0,0,0,0,0,0,0,0,0,0,0,0,0,0,0,0,0,0,0,0,0
646,17.2781,56.4438,2015,SE,42,282,16.9,45,17.0,183,-1,49.0,39.10776526577576,663.4545525219335,32.1,9.003697395324707,247.2391357421875,6.95,13.13,1,1,1,0,0,0,0,0,1,0,0,0,0,0,0,0,0,0,0,0,0,0,0,0,0,0,0,0,0,0,0,0,0,0,0,0,0,0,0,0,0,0,0,0,0
647,17.2136,55.9607,2015,SE,43,282,20.0,45,17.1,464,1,44.0,55.13085501862928,638.6828668224647,24.0,8.958185195922852,257.6210632324219,7.34,13.5,1,1,0,0,0,0,0,0,0,0,0,0,0,0,0,0,0,0,0,0,0,0,0,0,0,0,0,0,0,0,0,0,0,0,0,0,0,0,0,0,0,0,0,0,0
648,17.6905,55.7736,2015,SE,44,282,36.8,46,13.1,724,1,57.0,91.5958569092359,663.0584572541984,20.200000000000003,8.945357322692871,227.6191253662109,7.33,6.13,1,1,0,0,0,0,0,0,0,0,0,0,0,0,0,0,0,0,0,0,0,0,0,0,0,0,0,0,0,0,0,0,0,0,0,0,0,0,0,0,0,0,0,0,0
649,16.6398,55.9003,2015,SE,45,282,20.0,40,18.0,1164,-1,42.0,36.84077469599101,601.9852579972392,22.0,8.936286926269531,267.1097717285156,7.46,13.51,1,1,1,1,0,0,0,0,0,0,1,0,0,0,0,0,0,0,0,0,0,0,0,0,0,0,0,0,0,0,0,0,0,0,0,0,0,0,0,0,0,0,0,0,0
650,16.2512,55.6381,2015,SE,46,282,45.8,45,13.8,1432,-1,71.0,50.74042857938916,570.627195335149,25.200000000000003,8.92242431640625,196.7466735839844,7.83,7.64,1,1,1,1,0,1,0,0,0,0,0,0,0,0,0,0,0,0,0,0,0,0,0,0,0,0,0,0,0,0,0,0,0,0,0,0,0,0,0,0,0,0,0,0,0
651,15.769,55.3934,2015,SE,47,283,29.0,45,13.0,216,-1,95.0,48.93703895701504,539.4490934815535,66.0,8.955635070800781,138.36019897460938,7.45,10.47,1,1,0,1,0,1,0,0,0,0,0,0,0,0,0,0,0,0,0,0,0,0,0,0,0,0,0,0,0,0,0,0,0,0,0,0,0,0,0,0,0,0,0,0,0
652,15.3393,55.1284,2015,SE,48,283,49.0,31,12.9,513,1,72.0,12.717581514737564,514.6442901650572,23.0,8.990056037902832,185.9046936035156,10.59,9.23,1,1,0,0,0,1,0,0,0,0,0,0,0,0,0,0,0,0,0,0,0,0,0,0,0,0,0,0,0,0,0,0,0,0,0,0,0,0,0,0,0,0,0,0,0
653,14.5354,55.4461,2015,SE,49,283,38.0,46,14.8,802,1,59.0,13.951640577095011,459.7226328438613,21.0,8.916315078735352,201.33853149414065,8.32,10.47,1,1,0,1,0,1,1,0,0,0,0,0,0,0,0,0,0,0,0,0,0,0,0,0,0,0,0,0,0,0,0,0,0,0,0,0,0,0,0,0,0,0,0,0,0
654,15.8865,55.7547,2015,SE,5,274,42.4,41,11.5,1269,-1,61.0,29.24731989043953,551.1711109999941,18.6,8.890252113342285,228.2806854248047,8.35,7.54,1,1,1,1,0,1,1,0,0,0,1,0,0,0,0,0,0,0,0,0,0,0,0,0,0,0,0,0,0,0,0,0,0,0,0,0,0,0,0,0,0,0,0,0,0
655,16.2826,56.0761,2015,SE,6,275,20.9,30,10.7,75,-1,35.0,16.976759378262695,588.5908327737229,14.100000000000001,8.904519081115723,285.4276733398437,7.29,12.24,1,1,1,1,0,0,0,0,0,0,0,0,0,0,0,0,0,0,0,0,0,0,0,0,0,0,0,0,0,0,0,0,0,0,0,0,0,0,0,0,0,0,0,0,0
656,16.7097,56.2487,2015,SE,7,275,35.6,32,12.7,306,0,55.0,13.193496826242296,621.9750865286456,19.4,8.97950267791748,239.46902465820312,7.44,8.68,1,1,1,0,0,0,0,0,0,0,0,0,0,0,0,0,0,0,0,0,0,0,0,0,0,0,0,0,0,0,0,0,0,0,0,0,0,0,0,0,0,0,0,0,0
657,16.9188,56.602,2015,SE,8,275,36.7,47,11.2,511,1,69.0,14.04604473660689,657.1245399475887,32.3,9.009288787841797,44.34241485595703,7.24,5.68,1,1,1,0,1,0,0,0,0,0,0,0,0,0,0,0,0,0,0,0,0,0,0,1,0,0,0,0,0,0,0,0,0,0,0,0,0,0,0,0,0,0,0,0,0
658,17.1472,56.7552,2015,SE,9,275,30.8,30,12.1,713,1,87.0,19.58858985479255,679.6526400438473,56.2,9.030970573425291,12.500750541687012,6.97,8.23,1,1,1,0,1,1,0,0,0,0,0,0,0,0,0,0,0,0,0,0,0,0,0,0,0,0,0,0,0,0,0,0,0,0,0,0,0,0,0,0,0,0,0,0,0
659,21.63667,58.08167,2015,EE,1,292,15.0,30,18.0,330,0,40.0,23.42089243979565,985.0365233329658,25.0,8.626270294189453,266.3203430175781,6.83,13.73,1,1,1,0,0,0,0,0,0,0,1,0,0,0,0,0,0,0,0,0,0,0,0,0,0,0,0,0,0,0,0,0,0,0,0,0,0,0,0,0,0,0,0,0,0
660,25.76333,59.72667,2015,EE,10,295,40.0,30,19.0,475,1,77.0,7.069118914162575,1291.7690919044971,37.0,8.000733375549316,101.11174011230467,6.43,5.62,1,1,1,0,1,0,0,0,0,0,0,1,0,0,0,0,0,0,0,0,0,0,0,0,0,0,0,0,0,0,0,0,0,0,0,0,0,0,0,0,0,0,0,0,0
661,26.06667,59.76667,2015,EE,11,295,40.0,15,18.0,615,1,63.0,15.550097079806305,1309.397072780503,23.0,8.059843063354492,107.08565521240234,6.25,5.78,1,1,1,0,1,0,0,0,0,0,0,1,0,0,0,0,0,0,0,0,0,0,0,0,0,0,0,0,0,0,0,0,0,0,0,0,0,0,0,0,0,0,0,0,0
662,27.34667,59.515,2015,EE,12,296,10.0,15,20.0,460,1,37.0,7.415089504738709,1381.76544397843,27.0,7.083800792694092,229.5243530273437,4.05,12.69,1,1,1,0,1,0,0,0,0,0,0,0,0,0,0,0,0,0,0,0,0,0,0,0,0,0,0,0,0,0,0,0,0,0,0,0,0,0,0,0,0,0,0,0,0
663,26.98667,59.56667,2015,EE,13,296,20.0,15,19.0,615,1,48.0,13.25051533894186,1361.350593303834,28.0,7.660212516784668,178.38851928710938,4.66,11.77,1,1,1,0,1,0,0,0,0,0,0,1,0,0,0,0,0,0,0,0,0,1,0,0,0,0,0,0,0,0,0,0,0,0,0,0,0,0,0,0,0,0,0,0,0
664,25.34833,59.74166,2015,EE,14,297,37.5,15,20.0,360,0,92.0,13.836923824045025,1270.6384643031242,54.5,8.149822235107422,101.33702850341795,6.12,6.27,1,1,1,0,1,0,0,0,0,0,0,1,0,0,0,0,0,0,0,0,0,0,0,0,0,0,0,0,0,0,0,0,0,0,0,0,0,0,0,0,0,0,0,0,0
665,24.515,59.69667,2015,EE,15,297,50.0,10,18.0,630,1,89.0,10.195748069017318,1227.5885407879607,39.0,8.249727249145508,97.39720153808594,7.55,5.4,1,1,1,0,0,1,0,0,0,0,0,1,0,0,0,0,0,0,0,0,0,0,0,0,0,0,0,0,0,0,0,0,0,0,0,0,0,0,0,0,0,0,0,0,0
666,24.25833,59.51667,2015,EE,16,297,40.0,10,18.0,845,0,67.0,7.304629091515701,1205.8787887771728,27.0,8.258116722106934,87.99714660644531,6.51,7.14,1,1,1,0,1,0,0,0,0,0,0,0,0,0,0,0,0,0,0,0,0,0,0,0,0,0,0,0,0,0,0,0,0,0,0,0,0,0,0,0,0,0,0,0,0
667,23.97167,59.48,2015,EE,17,297,35.0,10,20.0,890,0,82.0,10.870647962596363,1189.4779406994476,47.0,8.419126510620117,84.25293731689453,6.28,9.73,1,1,0,0,0,0,0,0,0,0,0,0,0,0,0,0,0,0,0,0,0,0,0,0,0,0,0,0,0,0,0,0,0,0,0,0,0,0,0,0,0,0,0,0,0
668,23.37,59.39167,2015,EE,18,298,40.0,15,20.0,390,1,102.0,10.195748069017318,1155.5363361763216,62.0,8.537952423095703,74.21127319335938,6.49,7.38,1,1,1,0,1,0,0,0,0,0,0,0,0,0,0,0,0,0,0,0,0,0,0,0,0,0,0,0,0,0,0,0,0,0,0,0,0,0,0,0,0,0,0,0,0
669,22.45,59.16333,2015,EE,19,298,35.0,15,20.0,805,1,71.0,11.953299294987351,1098.675120800132,36.0,8.417104721069336,169.34066772460938,6.9,7.91,1,1,1,0,1,0,0,0,0,0,0,0,0,0,0,0,0,0,0,0,0,0,0,0,0,0,0,0,0,0,0,0,0,0,0,0,0,0,0,0,0,0,0,0,0
670,20.97667,58.08333,2015,EE,2,292,40.0,15,18.0,550,1,65.0,54.50654221300817,952.3213395375614,25.0,8.763492584228516,250.60397338867188,7.26,5.68,1,1,1,1,0,0,0,0,0,0,0,0,0,0,0,0,0,0,0,0,0,0,0,0,0,0,0,0,0,0,0,0,0,0,0,0,0,0,0,0,0,0,0,0,0
671,20.5,58.38334,2015,EE,3,292,40.0,30,20.0,870,0,148.0,69.04287430374818,953.9250551148424,108.0,9.329231262207031,137.43344116210938,7.12,5.03,1,1,1,0,1,0,0,0,0,0,0,0,0,0,0,0,0,0,0,0,0,0,0,0,0,0,0,0,0,0,0,0,0,0,0,0,0,0,0,0,0,0,0,0,0
672,21.40667,58.39333,2015,EE,4,293,55.0,60,18.0,400,1,75.0,22.10225030115397,992.7613395710024,20.0,8.678326606750488,174.5321807861328,8.46,4.95,1,1,1,1,1,0,0,0,0,0,0,0,0,0,0,0,0,0,0,0,0,0,0,0,0,0,0,0,0,0,0,0,0,1,0,0,0,0,0,0,0,0,0,0,0
673,21.25167,58.63334,2015,EE,5,293,55.0,30,18.0,600,1,83.0,38.209446144561234,1005.4333895569124,28.0,8.956095695495605,143.03578186035156,8.12,4.95,1,1,1,1,1,0,0,0,0,0,0,0,0,0,0,0,0,0,0,0,0,1,0,0,0,0,0,0,0,0,0,0,0,0,0,0,0,0,0,0,0,0,0,0,0
674,22.02167,58.68833,2015,EE,6,293,20.0,30,20.0,865,0,44.0,19.77706654969222,1042.4687409774272,24.0,8.632009506225586,270.5783386230469,6.7,13.51,1,1,1,0,1,0,0,0,0,0,0,0,0,0,0,0,0,0,0,0,0,0,0,0,0,0,0,0,0,0,0,0,0,0,0,0,0,0,0,0,0,0,0,0,0
675,21.74,58.85667,2015,EE,7,294,30.0,30,20.0,410,1,54.0,19.151036195269853,1044.464475492205,24.0,8.45968246459961,241.9812774658203,6.88,8.89,1,1,1,0,1,0,0,0,0,0,0,0,0,0,0,0,0,0,0,0,0,0,0,0,0,0,0,0,0,0,0,0,0,0,0,0,0,0,0,0,0,0,0,0,0
676,21.25,59.01,2015,EE,8,294,55.0,15,19.0,615,1,151.0,46.62230192036515,1033.2460597963664,96.0,9.20060920715332,111.6811294555664,8.02,4.63,1,1,1,0,0,0,0,0,0,0,0,0,0,0,0,0,0,0,0,0,0,0,0,0,0,0,0,0,0,0,0,0,0,0,0,0,0,0,0,0,0,0,0,0,0
677,21.49167,59.18333,2015,EE,9,294,40.0,15,16.5,780,1,114.0,41.98388676155082,1058.294466845356,74.0,9.116458892822266,98.65406036376952,6.91,5.41,1,1,1,0,0,0,0,0,0,0,0,0,0,0,0,0,0,0,0,0,0,0,0,0,0,0,0,0,0,0,0,0,0,0,0,0,0,0,0,0,0,0,0,0,0
678,12.168,54.4012,2015,DE,1,276,11.0,30,8.0,1034,0,21.0,15.22137526459991,465.7806585642751,10.0,9.385601997375488,234.7312774658203,14.65,14.11,1,1,0,0,0,0,1,1,0,0,0,0,0,0,0,0,0,0,0,0,0,0,0,0,0,0,0,0,0,0,0,0,0,0,0,0,0,0,0,0,0,0,0,0,0
679,12.305,54.5417,2015,DE,2,276,13.0,30,8.0,1134,-1,23.0,14.705039504854794,449.70754260711567,10.0,9.221683502197266,249.73208618164065,14.83,14.17,1,1,1,0,0,1,1,1,1,0,0,0,0,0,0,0,0,0,0,1,0,0,0,0,0,0,0,0,0,0,0,0,0,0,0,0,0,0,0,0,0,0,0,0,0
680,13.3312,54.719,2015,DE,3,276,25.0,20,8.0,1422,-1,33.0,5.22365720314609,438.6590708318399,8.0,8.617707252502441,265.43634033203125,12.55,14.19,1,1,1,1,0,0,1,1,1,1,1,0,1,0,0,0,0,0,0,1,0,0,0,0,0,0,0,0,0,0,0,0,0,0,0,0,0,0,0,0,0,0,0,0,0
681,13.8497,54.723,2015,DE,4,277,30.0,20,8.0,113,-1,38.0,20.12935717714,453.78182483659975,8.0,8.38370418548584,245.9296264648437,12.28,14.56,1,1,1,0,0,0,1,0,1,0,1,1,0,1,0,0,0,1,0,0,0,0,0,0,0,0,0,0,0,0,0,0,0,0,0,0,0,0,0,0,0,0,0,0,0
682,14.1167,54.6137,2015,DE,5,277,14.5,30,8.0,973,0,24.0,28.739085160179958,474.28321943006046,9.5,8.335339546203613,262.5926208496094,7.91,12.49,1,1,0,1,0,0,1,1,0,0,1,1,0,0,0,0,0,0,0,0,0,0,0,0,0,0,0,0,0,0,0,0,0,0,0,0,0,0,0,0,0,0,0,0,0
683,13.7472,54.5488,2015,DE,6,277,14.0,20,8.0,1100,-1,24.0,4.032107061212939,467.04289803451366,10.0,7.769774436950684,213.88018798828125,8.5,13.62,1,1,0,1,0,0,1,1,0,0,1,1,1,0,0,0,0,0,0,0,0,0,0,0,0,0,0,0,0,0,0,0,0,0,0,0,0,0,0,0,0,0,0,0,0
684,13.7242,54.487,2015,DE,7,277,14.0,15,8.0,1164,-1,23.0,4.90168216396729,472.408250907089,9.0,7.038355350494385,201.1647491455078,10.2,14.6,1,1,0,1,0,0,0,1,0,0,1,0,0,0,0,0,0,0,0,0,0,0,0,0,0,0,0,0,0,0,0,0,0,0,0,0,0,0,0,0,0,0,0,0,0
685,14.7727,54.5717,2015,DE,8,278,33.5,30,8.0,27,-1,40.0,49.664803485386095,509.1764486181096,6.5,8.656682014465332,259.6511535644531,8.5,9.31,1,1,0,1,0,0,0,0,1,0,1,0,0,0,0,0,0,0,0,0,0,0,0,1,0,0,0,0,0,0,0,0,0,0,0,0,0,0,0,0,0,0,0,0,0
686,14.253,54.8978,2015,DE,9,278,18.0,30,8.0,1027,0,37.0,35.12460926668334,459.6110088785976,19.0,8.650132179260254,203.96348571777344,7.82,13.54,1,1,0,1,0,0,1,0,1,0,1,0,0,0,0,0,0,0,0,0,0,0,0,0,0,0,0,0,0,0,0,0,0,0,0,0,0,0,0,0,0,0,0,0,0
687,13.9595,54.9012,2015,DE,10,278,33.0,30,8.0,1120,-1,45.0,40.536294132905184,444.7144149122226,12.0,8.568016052246094,176.32864379882812,12.57,14.65,1,1,0,1,0,0,1,0,1,0,1,0,0,0,0,0,0,0,0,0,0,0,0,0,0,0,0,0,0,0,0,0,0,0,0,0,0,0,0,0,0,0,0,0,0
688,12.3483,54.817,2015,DE,11,279,15.0,30,8.0,84,-1,22.0,11.51158044398456,425.9362924924902,7.0,8.549678802490234,246.21560668945312,13.1,14.17,1,1,1,0,0,0,0,0,1,0,1,0,1,0,0,1,0,0,0,1,0,0,0,0,0,0,0,0,1,0,0,0,1,0,0,0,0,0,0,0,0,0,0,0,0
689,11.3188,55.1192,2015,DE,12,279,14.0,30,8.0,1199,-1,17.0,7.788613076277634,354.6606585642779,3.0,9.961896896362305,221.78778076171875,22.91,14.01,1,1,1,0,0,0,0,1,1,0,0,0,1,1,0,0,0,0,0,0,0,0,0,1,0,0,1,0,1,1,0,0,0,0,0,0,0,0,0,0,0,0,0,0,0
690,10.8582,55.4535,2015,DE,13,280,16.0,30,8.0,8,-1,23.0,6.815171654304116,313.9308375737568,7.0,10.597512245178224,186.67337036132807,26.77,13.67,1,1,0,0,0,0,0,1,0,0,0,0,0,0,0,0,0,0,0,0,0,0,0,0,0,0,0,0,0,0,0,0,0,0,0,0,0,0,0,0,0,0,0,0,0
691,12.9313,55.6683,2015,DE,14,280,16.0,21,7.0,998,0,16.0,5.397507443218807,331.6096451365342,0.0,9.03831386566162,194.0155639648437,29.18,14.1,1,1,0,1,0,0,0,0,0,0,0,0,1,0,0,0,0,0,0,0,0,0,0,0,0,0,0,0,0,0,0,0,0,0,0,0,0,0,0,0,0,0,0,0,0
692,12.73,55.825,2015,DE,15,280,17.5,20,8.0,1096,-1,22.0,6.132091345603812,310.11423865317795,4.5,9.434340476989746,177.9300994873047,32.96,13.26,1,1,0,1,0,0,1,0,0,0,1,0,0,0,0,0,0,0,0,0,0,0,0,0,0,0,0,0,0,1,0,0,0,0,0,0,0,0,0,0,0,0,0,1,0
693,12.3755,56.1705,2015,DE,16,280,16.0,34,8.0,1333,-1,24.0,6.365960301829091,264.1093155972224,8.0,11.15355110168457,175.21031188964844,33.42,13.4,1,1,0,0,0,0,1,0,0,1,0,0,1,0,0,1,0,0,0,0,0,0,1,0,0,0,1,0,0,0,0,0,0,0,0,0,0,0,0,0,0,0,0,0,0
694,12.9203,55.2293,2015,DE,17,281,17.0,23,8.0,1120,-1,28.0,17.610837573756733,377.8150895047394,11.0,8.82080078125,282.0593566894531,8.05,14.25,1,1,0,1,0,0,0,0,1,0,1,0,0,0,0,0,0,0,0,0,0,0,1,0,0,0,0,0,0,0,0,0,0,0,0,0,0,0,0,0,0,0,0,0,0
695,13.1402,55.2675,2015,DE,18,281,27.5,30,8.0,1209,-1,36.0,11.564117219928756,378.4409001046995,8.5,8.808647155761719,266.3019104003906,8.28,14.01,1,1,0,1,0,0,0,0,1,0,1,0,0,0,0,0,0,0,0,0,0,0,0,0,0,0,0,0,0,0,0,0,0,0,0,0,0,0,0,0,0,0,0,0,0
696,13.6905,55.2675,2015,DE,19,281,27.5,30,8.0,1367,-1,40.0,15.27545430619431,407.2035658215544,12.5,8.797561645507812,232.44110107421875,8.48,13.69,1,1,0,1,0,0,1,0,1,0,0,0,0,0,0,0,0,1,0,1,0,0,0,0,0,0,0,0,0,0,0,0,0,0,0,0,0,0,0,0,0,0,0,0,0
697,14.034,55.271,2015,DE,20,282,25.0,30,8.0,38,-1,33.0,12.15291393943864,428.3360786171514,8.0,8.821810722351074,294.2574768066406,7.72,12.89,1,1,0,1,0,0,0,1,1,0,1,0,1,0,0,0,0,0,0,1,0,0,0,0,0,0,0,0,0,0,0,0,1,0,0,0,0,0,0,0,0,0,0,0,0
698,14.5025,55.0825,2015,DE,21,282,37.5,20,7.0,980,0,43.0,11.972350046805396,463.480585283812,5.5,8.672290802001953,195.1004180908203,13.13,14.54,1,1,0,1,0,0,1,0,0,0,0,0,0,0,0,0,0,0,0,0,0,0,0,0,0,0,0,0,0,0,0,0,0,0,0,0,0,0,0,0,0,0,0,0,0
699,13.8473,55.0835,2015,DE,22,282,39.0,30,7.0,1170,-1,45.0,35.98729791021477,425.5435410937313,6.0,8.776124000549316,114.50282287597656,15.34,14.2,1,1,0,1,0,0,1,0,0,0,1,0,0,0,0,0,0,0,0,0,0,0,0,0,0,0,0,0,0,0,0,0,0,0,0,0,0,0,0,0,0,0,0,0,0
700,13.3092,55.0828,2015,DE,23,282,32.5,30,8.0,1320,-1,42.0,28.83185497489473,401.3566556244229,9.5,8.833170890808105,221.02102661132807,12.06,13.82,1,1,0,0,0,0,1,1,1,0,1,0,1,0,0,0,0,0,0,0,0,0,0,0,0,0,0,0,0,0,0,0,0,0,0,0,0,0,0,0,0,0,0,0,0
701,12.8478,55.0843,2015,DE,24,283,23.5,20,7.0,16,-1,32.0,21.67045283634676,395.40820331664446,8.5,8.83608341217041,267.3448486328125,11.01,14.09,1,1,1,0,0,0,1,1,1,0,0,0,0,0,0,0,0,0,0,0,0,0,0,0,0,0,0,0,1,1,0,0,0,0,0,0,0,1,0,0,0,0,0,0,0
702,11.724,54.2703,2015,DE,25,283,17.5,61,8.0,1005,0,25.0,13.90329282138738,458.64303005113806,7.5,9.34439182281494,168.58181762695312,17.34,14.41,1,1,1,0,0,0,1,1,0,1,0,0,1,0,0,0,0,0,0,0,0,0,0,0,0,0,0,0,0,0,0,0,0,0,0,0,0,0,0,0,0,0,0,0,0
703,11.1212,54.0988,2015,DE,26,283,8.0,31,8.0,1226,-1,23.0,9.304721163903256,473.1957480690173,15.0,9.972792625427246,124.13451385498048,14.56,14.16,1,1,0,0,0,0,0,1,0,0,0,0,0,0,0,0,0,0,0,0,0,0,0,0,0,0,0,0,0,0,0,0,0,0,0,0,0,0,0,0,0,0,0,1,0
704,11.3893,54.3118,2015,DE,27,283,14.0,31,8.0,1358,-1,22.0,11.666701566423438,448.18754475237006,8.0,9.401078224182127,188.0819549560547,16.44,14.25,1,1,1,1,0,0,1,1,1,0,1,0,1,0,0,0,0,0,0,0,0,0,0,0,0,0,0,0,0,0,0,0,0,0,0,0,0,0,0,0,1,0,0,0,0
705,11.4605,54.5122,2015,DE,28,284,21.0,30,7.0,34,-1,27.0,9.579261045024326,426.8056079030077,6.0,9.416479110717772,213.62632751464844,20.68,14.45,1,1,1,1,0,0,1,1,1,0,0,0,1,0,0,0,0,0,0,0,0,0,0,0,0,0,0,0,1,1,0,0,0,0,0,0,0,0,0,0,0,0,0,0,0
706,10.904,54.63,2015,DE,29,284,15.5,30,8.0,1014,0,25.0,15.449992723444312,411.1475447523701,9.5,10.264918327331545,191.26693725585932,19.75,14.04,1,1,0,0,0,1,0,1,0,0,0,0,1,1,0,0,0,0,0,0,0,0,0,0,0,0,0,0,0,0,0,0,0,0,0,0,0,0,0,0,0,0,0,0,0
707,10.6882,54.498,2015,DE,30,284,14.5,31,6.0,1154,-1,21.0,16.180002442652135,425.9777237618482,6.5,10.92609977722168,200.66017150878903,17.95,14.01,1,1,0,1,0,0,1,1,1,0,1,0,1,1,0,1,0,0,0,1,0,0,0,0,0,0,0,0,0,0,0,0,1,0,0,0,0,0,0,0,0,0,0,0,0
708,10.4578,54.7713,2015,DE,31,284,13.5,30,8.0,1377,-1,24.0,5.787717748760774,398.5480371295681,10.5,10.37685203552246,165.22134399414062,16.51,14.01,1,1,0,0,0,0,1,1,1,0,1,0,1,0,0,0,0,0,0,0,0,0,0,0,0,0,0,0,0,1,0,0,0,0,0,0,0,0,0,0,0,0,0,0,0
709,10.3483,54.6652,2015,DE,32,285,14.0,30,8.0,49,-1,21.0,18.25728239538459,412.6641141102573,7.0,10.71412181854248,167.0054168701172,18.25,14.38,1,1,1,0,0,0,1,1,1,1,1,0,1,0,0,1,0,0,0,0,0,0,0,0,0,0,0,0,0,1,0,0,0,0,0,0,0,0,0,0,0,0,0,0,0
710,10.1655,54.802,2015,DE,33,285,18.0,30,7.0,1015,0,27.0,11.2666713816812,408.30839245234415,9.0,10.955263137817385,53.96181488037109,18.32,14.31,1,1,1,0,0,0,1,1,0,0,0,0,0,0,0,0,0,0,0,0,0,0,0,0,0,0,0,0,0,1,0,0,0,0,0,0,0,0,0,0,0,0,0,0,0
711,10.0512,55.0297,2015,DE,34,285,13.5,30,7.0,1142,-1,37.0,4.869562438026353,382.0187232858135,23.5,11.220858573913574,18.79239273071289,16.36,14.32,1,1,1,0,0,0,0,0,0,0,0,0,1,0,0,0,0,0,0,0,0,0,0,0,0,0,0,0,0,0,0,0,0,0,0,0,0,0,0,0,0,0,0,0,0
712,9.7997,55.1083,2015,DE,35,285,11.0,30,7.0,1249,-1,24.0,3.203740127280624,371.3446099499432,13.0,11.369730949401855,123.43824768066406,16.16,14.1,1,1,1,0,0,0,1,1,0,0,0,0,1,0,0,0,0,0,0,0,0,0,0,0,0,0,0,0,0,0,0,0,0,0,0,0,0,0,0,0,0,0,0,0,0
713,10.493,55.7877,2015,DE,36,286,10.5,30,6.0,990,0,25.0,2.345070051299304,277.381317716146,14.5,11.013450622558594,195.0200958251953,22.53,13.47,1,0,0,0,0,0,1,1,0,0,0,0,0,1,0,0,0,0,0,0,0,0,0,0,0,0,0,0,0,0,0,0,0,0,0,0,0,0,0,0,0,0,0,0,0
714,10.4795,55.917,2015,DE,37,286,11.5,30,7.0,1073,-1,22.0,4.176090847725314,265.0552575770163,10.5,11.329638481140137,195.7393341064453,23.97,13.5,1,1,1,0,0,0,1,1,0,1,0,0,1,0,0,1,0,0,0,0,0,0,0,0,0,0,0,0,0,0,0,0,0,0,0,0,0,0,0,0,0,0,0,0,0
715,10.5497,56.0473,2015,DE,38,286,7.5,30,7.0,1165,-1,39.0,5.615334251193579,250.4298288734905,31.5,11.459341049194336,194.33457946777344,20.16,13.17,1,0,1,1,0,0,0,1,0,1,1,0,1,0,0,1,0,0,0,0,0,0,0,1,0,0,1,0,1,0,0,0,0,0,0,0,0,0,0,0,0,0,0,0,0
716,11.0008,55.891,2015,DE,39,286,15.5,30,8.0,1363,-1,21.0,5.440818966862065,263.91443094046434,5.5,11.232383728027344,214.43055725097656,25.62,13.69,1,1,1,0,0,0,1,1,1,1,0,0,1,0,0,1,0,0,0,0,0,0,0,0,0,0,1,0,0,0,0,0,0,0,0,0,0,1,0,0,0,0,0,0,0
717,10.9702,55.7962,2015,DE,40,287,11.5,30,7.0,32,-1,20.0,5.561317128552971,274.11017900948167,8.5,11.256929397583008,203.734130859375,20.2,13.62,1,0,1,0,0,0,1,1,0,0,0,0,1,0,0,1,0,0,0,0,0,0,0,0,0,0,1,0,0,0,0,0,0,0,0,0,0,0,0,0,0,0,0,0,0
718,11.7667,56.1203,2015,DE,41,287,13.0,31,8.0,1051,-1,23.0,8.89828705443941,249.79498063936995,10.0,11.99389934539795,191.5323028564453,29.11,14.02,1,1,1,0,0,1,1,1,0,1,0,0,1,0,0,1,0,0,0,0,0,0,0,0,0,0,1,0,0,1,0,0,0,0,0,0,0,0,0,0,0,0,0,0,0
719,11.5028,56.1168,2015,DE,42,287,13.5,30,7.0,1139,-1,22.0,15.472563338502273,244.224406463305,8.5,11.937067031860352,209.69175720214844,28.28,13.88,1,1,1,0,0,0,1,0,0,1,0,0,0,0,0,1,0,0,0,0,0,0,0,0,0,0,0,0,0,0,0,0,0,0,0,0,0,0,0,0,0,0,0,0,0
720,10.9403,56.1263,2015,DE,43,287,11.0,30,6.0,1292,-1,22.0,8.317445937805502,236.1432928213867,11.0,11.476434707641602,205.02674865722656,25.76,13.8,1,1,0,0,0,0,1,1,0,1,0,0,1,0,0,1,0,0,0,0,0,0,1,0,0,0,0,0,0,0,0,0,0,0,0,0,0,0,0,0,0,0,0,0,0
721,11.1637,56.325,2015,DE,44,287,12.0,31,7.0,1426,-1,22.0,15.526760446516768,214.37083807696368,10.0,12.019254684448242,201.85255432128903,24.08,13.89,1,1,0,1,0,0,1,1,0,1,0,0,0,0,0,1,0,1,0,0,0,0,0,0,0,0,0,0,0,0,0,0,0,0,0,0,0,0,0,0,0,0,0,0,0
722,11.466,56.3675,2015,DE,45,288,10.5,30,8.0,96,-1,21.0,24.12286492878395,216.8148380591016,10.5,12.07259464263916,211.2429351806641,20.08,13.36,1,1,0,1,0,0,1,1,0,1,0,0,0,0,0,1,0,1,0,0,0,0,1,0,0,0,0,0,0,0,0,0,0,0,0,0,0,0,0,0,0,0,0,0,0
723,12.1055,56.4013,2015,DE,46,288,20.0,30,8.0,997,0,30.0,24.271109213904293,233.2427181296696,10.0,11.66925048828125,189.6074676513672,33.53,14.64,1,1,0,0,0,0,1,1,0,1,0,0,0,0,0,1,0,1,0,0,0,0,0,0,0,0,0,0,0,0,0,0,0,0,0,0,0,0,0,0,0,0,0,0,0
724,12.0682,56.5918,2015,DE,47,288,14.0,30,7.0,1106,-1,25.0,29.95069377294802,214.06521150289183,11.0,11.860280990600586,218.1943206787109,28.71,14.81,1,1,0,1,0,0,1,1,0,1,0,0,0,0,0,1,0,1,0,0,0,0,0,0,0,0,0,0,0,0,0,0,0,0,0,0,0,0,0,0,0,0,0,0,0
725,11.7313,56.6203,2015,DE,48,288,27.0,30,6.0,1219,-1,36.0,11.79329435374454,199.13947329738667,9.0,11.86911964416504,185.552734375,33.81,14.9,1,1,0,0,0,0,1,1,0,1,0,0,1,0,0,1,0,0,0,1,0,0,1,0,0,0,0,0,0,0,0,0,0,0,0,0,0,0,0,0,0,0,0,0,0
726,11.3807,56.6025,2015,DE,49,288,15.0,30,7.0,1334,-1,19.0,13.713863114077736,189.94529323347507,4.0,12.16069507598877,246.6938323974609,28.63,14.88,1,0,0,0,0,0,1,0,0,0,0,0,1,0,0,1,0,1,0,0,0,0,0,0,0,0,0,0,0,0,0,0,0,0,0,0,0,0,0,0,0,0,0,0,0
727,11.8115,56.9027,2015,DE,50,289,18.5,30,8.0,1005,0,32.0,21.94997719929947,176.93157234919045,13.5,12.477787971496582,193.39419555664065,31.83,15.21,1,1,0,0,0,0,1,1,0,1,0,0,0,0,0,1,0,1,0,0,0,0,0,0,0,0,0,0,0,0,0,0,0,0,0,0,0,0,0,0,0,0,0,0,0
728,11.5382,57.1568,2015,DE,51,289,18.0,30,7.0,1151,-1,32.0,25.77004350145121,145.6510737897628,14.0,12.614021301269531,217.38980102539065,33.03,15.11,1,1,0,0,0,0,1,1,1,1,0,0,0,1,0,1,0,1,0,0,0,0,0,0,0,0,0,0,0,0,0,0,0,0,0,0,0,0,0,1,0,0,0,0,0
729,11.3875,57.3123,2015,DE,52,289,23.5,30,7.0,1253,-1,39.0,12.013021626148047,127.90963842910664,15.5,12.89197826385498,209.131088256836,33.24,14.78,1,1,0,0,0,0,1,1,0,1,0,0,1,0,0,1,0,1,0,0,0,0,1,0,0,0,0,0,0,0,0,0,0,0,0,0,0,0,0,0,1,0,0,0,0
730,11.7133,57.3522,2015,DE,53,289,44.5,30,6.0,1418,-1,48.0,13.127943336257378,141.95874077281945,3.5,12.54383945465088,205.1908264160156,34.59,12.09,1,1,0,0,0,0,1,1,1,1,0,0,1,0,0,0,0,0,0,0,0,0,0,0,0,0,0,0,0,0,0,1,0,0,0,0,0,0,0,1,1,0,0,0,0
731,11.9067,57.1685,2015,DE,54,290,16.0,30,8.0,99,-1,56.0,12.812391211848023,163.17420409588004,40.0,12.610477447509766,204.4018096923828,30.44,14.61,0,0,0,0,0,0,1,1,1,1,0,0,0,1,0,1,0,0,0,0,0,0,0,0,0,0,0,0,0,0,0,1,0,0,0,0,0,0,0,0,0,0,0,0,0
732,12.0123,57.0648,2015,DE,55,290,48.0,90,7.0,1043,-1,55.0,12.39669071013314,174.8927238635532,7.0,12.526355743408203,188.48287963867188,34.55,12.48,1,1,0,1,0,0,1,1,0,0,0,0,0,1,0,1,0,0,0,0,0,0,0,0,0,0,0,0,0,0,0,1,0,0,0,0,0,0,0,0,0,0,0,0,0
733,12.1975,56.87,2015,DE,56,290,32.0,30,7.0,1102,-1,41.0,11.55095550609744,196.75095550609757,9.0,12.076541900634766,188.7037506103516,34.23,14.05,1,1,0,1,0,0,1,1,0,0,0,0,1,1,0,1,0,1,0,0,0,0,1,0,0,0,0,0,0,0,0,0,0,0,0,0,0,0,0,1,0,0,0,0,0
734,12.3542,56.727,2015,DE,57,290,21.5,30,7.0,1203,-1,29.0,16.504798058805704,215.30657431197685,7.5,12.075740814208984,179.9287567138672,34.13,13.66,1,1,0,1,0,0,1,1,0,1,0,0,1,0,0,1,0,1,0,1,0,0,1,0,0,0,0,0,0,0,0,1,0,0,0,0,0,0,0,0,0,0,0,0,0
735,12.4318,56.6152,2015,DE,58,290,22.5,30,7.0,1284,-1,29.0,17.903588723295442,226.3741000640468,6.5,11.656719207763672,178.1343231201172,34.22,13.22,1,1,0,1,0,0,1,1,1,1,0,0,1,1,0,1,0,0,0,1,0,0,1,0,0,0,0,0,0,0,0,1,0,0,0,0,0,0,0,0,0,0,0,0,0
736,12.4307,56.4868,2015,DE,59,290,22.5,30,7.0,1367,-1,30.0,8.535748222432693,236.6737143742017,7.5,11.449719429016112,168.9940643310547,34.29,13.12,1,1,0,1,0,0,1,1,0,0,0,0,1,0,0,1,0,0,0,0,0,0,1,0,0,0,0,0,0,0,0,1,0,0,0,0,0,0,0,0,0,0,0,0,0
737,23.195084,59.606667,2015,FI,1,272,35.0,44,16.0,146,-1,61.0,23.250511422460004,1162.2593005836954,26.0,8.65031909942627,199.3666839599609,6.4,9.16,1,1,1,0,1,0,0,0,0,0,0,1,0,0,0,0,0,0,0,0,0,0,0,0,0,0,0,0,0,0,0,0,0,0,0,0,0,0,0,0,0,0,0,0,0
738,18.9875,62.142666,2015,FI,10,275,16.0,60,16.0,277,0,83.0,66.18219347264088,1302.8882033166444,67.0,8.800169944763184,240.00515747070312,4.76,11.21,1,1,1,0,0,0,0,0,0,0,0,0,0,0,0,0,1,0,0,0,1,0,0,0,0,0,0,0,0,0,0,0,0,0,0,0,0,0,0,0,0,0,0,0,0
739,20.8375,61.54933,2015,FI,11,276,16.0,35,16.0,1230,-1,67.0,27.80806197172726,1248.2292058820235,51.0,8.553915977478027,299.4527282714844,5.34,11.91,1,1,1,0,1,0,0,0,0,0,0,1,0,0,1,0,0,0,0,0,0,0,0,0,0,0,0,0,0,0,0,0,0,0,0,0,0,0,0,0,0,0,0,0,0
740,20.501167,61.836834,2015,FI,12,277,23.0,35,16.0,25,-1,88.0,44.62175347240699,1269.2691624054253,65.0,8.502805709838867,304.8018493652344,5.32,9.06,1,1,1,0,1,0,0,0,0,0,0,0,0,0,0,0,0,0,0,0,0,0,0,0,0,0,0,0,0,0,0,0,0,0,0,0,0,0,0,0,0,0,0,0,0
741,19.985666,61.7365,2015,FI,13,277,78.0,75,16.0,243,0,119.0,71.98481309661949,1255.6701790094817,41.0,8.724669456481934,289.4483337402344,6.21,3.88,1,1,1,0,1,0,0,0,0,0,0,0,0,0,0,0,1,0,0,0,0,0,0,0,0,0,0,0,0,0,0,0,0,0,0,0,0,0,0,0,0,0,0,0,0
742,20.074333,61.433834,2015,FI,14,277,77.0,135,16.0,507,1,128.0,67.48708558749743,1219.5570651975731,51.0,8.828680992126465,284.87750244140625,6.21,3.89,1,1,1,0,1,0,0,0,0,0,0,0,0,0,0,0,0,0,0,0,0,0,0,0,0,0,0,0,0,0,0,0,0,0,0,0,0,0,0,0,0,0,0,0,0
743,20.748333,61.3415,2015,FI,15,277,10.0,30,16.0,827,1,82.0,33.975992602279426,1225.2394510599436,72.0,8.66915512084961,297.7796630859375,5.32,11.95,1,1,1,0,0,0,0,0,0,0,0,0,0,0,0,0,0,0,0,0,1,0,0,0,0,0,0,0,0,0,0,0,0,0,0,0,0,0,0,0,0,0,0,0,0
744,20.631,60.92967,2015,FI,16,277,17.0,28,16.0,1064,-1,60.0,22.719214965184577,1181.1919754995622,43.0,8.464560508728027,315.85711669921875,5.51,12.11,1,1,1,0,1,0,0,0,0,0,0,1,0,0,0,0,0,0,0,0,0,0,0,0,0,0,0,0,0,0,0,0,0,0,0,0,0,0,0,0,0,0,0,0,0
745,19.969166,60.836166,2015,FI,17,278,17.0,56,16.0,1266,-1,75.0,42.50382012989403,1155.6679693684405,58.0,8.777606964111328,325.41754150390625,5.3,11.98,1,1,1,0,1,0,0,0,0,0,0,1,0,0,0,0,0,0,0,0,1,1,0,0,0,0,0,0,0,0,0,0,0,0,0,0,0,0,0,0,0,0,0,0,0
746,19.939,61.032,2015,FI,18,278,15.0,45,16.0,27,-1,103.0,61.12841908492018,1174.1774408048373,88.0,8.755517959594727,303.89312744140625,5.28,11.75,1,1,1,0,0,0,0,0,0,0,0,0,0,0,0,0,0,0,0,0,1,0,0,0,0,0,0,0,0,0,0,0,0,0,0,0,0,0,0,0,0,0,0,0,0
747,19.483833,60.955666,2015,FI,19,278,80.0,114,16.0,471,1,110.0,59.958958150356985,1163.9970651975746,30.0,8.843108177185059,314.7860717773437,6.27,4.64,1,1,1,0,1,0,0,0,0,0,0,0,0,0,0,0,0,0,0,0,0,1,0,0,0,0,0,0,0,0,0,0,0,0,0,0,0,0,0,0,0,0,0,0,0
748,18.851334,60.683167,2015,FI,2,273,20.0,24,16.0,1311,-1,69.0,28.383880293193965,1132.5006585642786,49.0,8.861921310424805,312.04376220703125,5.25,8.55,1,1,1,0,1,0,0,0,0,0,0,0,0,0,0,0,0,0,0,0,0,0,0,0,0,0,0,0,0,0,0,0,0,0,0,0,0,0,0,0,0,0,0,0,0
749,19.040667,60.1115,2015,FI,20,278,17.0,45,16.0,983,0,185.0,12.044988414301768,1065.8357480690174,168.0,8.726676940917969,308.2662658691406,5.64,12.06,1,1,1,0,1,0,0,0,0,0,0,1,0,0,1,0,0,0,1,0,0,0,0,0,0,0,0,0,0,0,0,0,0,0,0,0,0,0,0,0,0,0,0,0,0
750,19.752167,59.761,2015,FI,21,279,18.0,25,16.0,1319,-1,144.0,12.511205246538246,1042.5357278341355,126.0,8.804488182067871,297.9972839355469,5.76,11.16,1,1,1,0,1,0,0,0,0,0,0,0,0,0,0,0,0,0,0,0,0,0,0,0,0,0,0,0,0,0,0,0,0,0,0,0,0,0,0,0,0,0,0,0,0
751,20.564833,59.2535,2015,FI,22,279,32.0,60,16.0,208,-1,75.0,64.66920398891877,1025.908355484542,43.0,9.0823335647583,129.66758728027344,6.76,5.49,1,1,1,0,1,1,0,0,0,0,0,0,0,0,0,0,0,0,0,0,0,0,0,0,0,0,0,0,0,0,0,0,0,0,0,0,0,0,0,0,0,0,0,0,0
752,21.1485,59.521168,2015,FI,23,279,17.0,62,16.0,466,1,59.0,27.86962562479612,1071.4952423756376,42.0,8.836243629455566,134.1607666015625,6.3,13.2,1,1,1,0,0,1,0,0,0,0,0,0,0,0,0,0,0,0,1,0,0,0,0,0,0,0,0,0,0,0,0,0,0,0,0,0,0,0,0,0,0,0,0,0,0
753,22.161667,59.533,2015,FI,24,279,22.0,22,16.0,823,1,75.0,30.354943959243933,1113.8405565327182,53.0,8.820479393005371,219.36105346679688,6.21,13.11,1,1,1,0,1,0,0,0,0,0,0,1,0,0,1,0,0,0,0,0,0,0,0,0,0,0,0,0,0,0,0,0,1,0,0,0,0,0,0,0,0,0,0,0,0
754,22.910833,59.515167,2015,FI,25,279,33.0,20,16.0,1027,-1,80.0,28.794497720105767,1143.570190755581,47.0,8.719762802124023,91.78974151611328,6.44,8.89,1,1,1,0,1,0,0,0,0,0,0,0,0,0,0,0,0,0,0,0,0,0,0,0,0,0,0,0,0,0,0,0,0,0,0,0,0,0,0,0,0,0,0,0,0
755,23.4035,59.539665,2015,FI,26,279,28.0,11,16.0,1209,-1,89.0,26.89623978031933,1168.6395137551751,61.0,8.67373275756836,93.35527801513672,6.22,12.0,1,1,1,0,1,0,0,0,0,0,0,1,0,0,0,0,0,0,0,0,0,0,0,0,0,0,0,0,0,0,0,0,0,0,0,0,0,0,0,0,0,0,0,0,0
756,24.067167,59.709835,2015,FI,27,280,13.0,11,16.0,1422,-1,61.0,23.340298313662192,1207.7506616442538,48.0,8.416525840759277,199.1223602294922,5.66,12.87,1,1,1,0,1,0,0,0,0,0,0,1,0,0,0,0,0,0,0,0,0,0,0,0,0,0,0,0,0,0,0,0,0,0,0,0,0,0,0,0,0,0,0,0,0
757,26.353666,60.085667,2015,FI,28,280,19.0,20,16.0,900,0,71.0,24.39731882457533,1339.9872646317954,52.0,8.274147987365723,127.66041564941406,4.94,12.47,1,1,1,0,1,0,0,0,0,0,0,1,0,0,0,0,0,0,0,0,0,0,0,0,0,0,0,0,0,0,0,0,0,0,0,0,0,0,0,0,0,0,0,0,0
758,25.586334,59.9555,2015,FI,29,280,22.0,17,16.0,1081,-1,63.0,24.622804014314607,1294.9270946933775,41.0,8.307432174682617,213.00360107421875,5.32,11.86,1,1,1,0,1,0,0,0,0,0,0,1,0,0,0,0,0,0,0,0,0,0,0,0,0,0,0,0,0,0,0,0,0,0,0,0,0,0,0,0,0,0,0,0,0
759,18.096,60.763332,2015,FI,3,273,13.0,46,16.0,149,-1,58.0,17.348730964283746,1150.0937723761829,45.0,8.648303985595703,302.0057067871094,4.87,11.3,1,1,1,0,0,0,0,0,0,0,0,0,0,0,0,0,0,0,0,0,1,0,0,0,0,0,0,0,0,0,0,0,0,0,0,0,0,0,0,0,0,0,0,0,0
760,25.346333,60.020832,2015,FI,30,280,16.0,11,16.0,1229,-1,53.0,16.420758720835344,1287.0073272653306,37.0,8.219497680664062,263.8991394042969,5.21,11.99,1,1,1,0,1,0,0,0,0,0,0,1,0,0,0,0,0,0,0,0,0,0,0,0,0,0,0,0,0,0,0,0,0,0,0,0,0,0,0,0,0,0,0,0,0
761,19.148666,61.143333,2015,FI,5,273,10.0,25,16.0,803,1,64.0,78.93447400914434,1185.2977237618477,54.0,8.921695709228516,274.2745361328125,5.06,11.49,1,1,1,0,0,0,0,0,0,0,0,0,0,0,0,0,0,0,0,0,0,0,0,0,0,0,0,0,0,0,0,0,0,0,0,0,0,0,1,0,0,0,0,0,0
762,18.958834,61.3425,2015,FI,6,273,15.0,30,16.0,1020,0,72.0,82.8052871190936,1209.3613171285558,57.0,8.981095314025879,266.0046691894531,5.04,11.31,1,1,1,0,0,0,0,0,0,0,0,0,0,0,0,0,1,0,0,0,0,0,0,0,0,0,0,0,0,0,0,0,0,0,0,0,0,0,0,0,0,0,0,0,0
763,18.087667,61.338665,2015,FI,7,273,25.0,60,16.0,1243,-1,60.0,40.361276875907386,1209.3613171285558,35.0,8.6781644821167,283.1719055175781,5.25,6.28,1,1,1,0,1,0,0,0,0,0,0,0,0,0,0,0,1,0,0,0,0,0,0,0,0,0,0,0,0,0,0,0,0,0,0,0,0,0,0,0,0,0,0,0,0
764,20.673834,62.237,2015,FI,8,274,20.0,56,16.0,1193,-1,65.0,28.94457550915619,1314.7608704646268,45.0,8.322434425354004,291.3421630859375,5.02,11.63,1,1,1,0,0,0,0,0,1,0,0,0,0,0,1,0,0,0,0,0,0,1,0,0,0,0,0,0,0,0,0,0,0,0,0,0,0,0,0,0,0,0,0,0,0
765,19.979,62.197666,2015,FI,9,275,23.0,60,16.0,1430,-1,135.0,64.059429930849,1309.3764066332917,112.0,8.6619234085083,299.0357666015625,5.11,9.76,1,1,1,0,0,0,0,0,0,0,0,0,0,0,0,0,1,0,0,0,0,0,0,0,0,0,0,0,0,0,1,0,0,0,0,0,0,0,0,0,0,0,0,0,0
766,19.05,56.103333,2015,LV,1,281,69.0,30,18.0,740,1,123.0,102.6533885829134,753.4651132551902,54.0,9.21037769317627,176.57284545898438,9.29,5.04,1,1,1,0,0,0,0,0,0,0,0,0,0,0,0,0,0,0,0,0,0,0,0,0,0,0,0,0,0,0,0,0,0,0,0,0,0,0,0,0,0,0,0,0,0
767,20.448334,56.885,2015,LV,10,284,45.0,15,20.0,890,0,59.0,37.78177070737368,860.8340715448846,14.0,9.146184921264648,281.59625244140625,7.39,5.95,1,1,0,1,0,1,0,0,0,0,1,0,0,0,0,0,0,0,0,0,0,0,0,0,0,0,0,0,0,0,0,0,0,0,0,0,0,0,0,0,0,0,0,0,0
768,19.251667,56.995,2015,LV,11,288,69.0,30,18.0,340,0,167.0,41.59070526314817,799.5280432231781,98.0,9.545269966125488,132.19053649902344,9.09,4.64,1,1,1,1,0,1,0,0,0,0,0,0,0,0,0,0,0,0,0,0,0,0,0,0,0,0,0,0,0,0,0,0,0,0,0,0,0,0,0,0,0,0,0,0,0
769,19.968334,57.128334,2015,LV,12,288,69.0,30,18.0,655,1,217.0,68.3381313827318,845.378080502694,148.0,9.439427375793455,131.60177612304688,8.92,4.72,1,1,1,1,0,0,0,0,0,0,0,0,0,0,0,0,0,0,0,0,0,0,0,0,0,0,0,0,0,0,0,0,0,0,0,0,0,0,0,0,0,0,0,0,0
770,20.611666,57.12,2015,LV,13,288,30.0,30,20.0,910,0,90.0,41.65781790193156,880.2290011662313,60.0,9.277323722839355,168.97508239746094,7.06,9.06,1,1,1,0,0,1,0,0,0,0,0,0,0,0,0,0,0,0,0,0,0,0,0,0,0,0,0,0,0,0,0,0,0,0,0,0,0,0,0,0,0,0,0,0,0
771,20.921667,57.385,2015,LV,14,289,36.0,15,20.0,320,0,54.0,31.41074500175137,911.0052532326343,18.0,8.987081527709961,286.5367431640625,7.15,7.82,1,1,0,0,0,1,0,0,0,0,0,0,0,0,0,0,0,0,0,0,0,0,0,0,0,0,0,0,0,0,0,0,0,0,0,0,0,0,0,0,0,0,0,0,0
772,20.683332,57.39,2015,LV,15,289,48.0,30,20.0,425,1,61.0,46.15309759636702,897.7737064121312,13.0,9.064393997192385,248.27813720703125,8.18,5.29,1,1,1,0,1,1,0,0,0,0,0,0,0,0,0,0,0,0,0,0,0,0,0,1,0,0,0,0,0,0,0,0,0,0,0,0,0,0,0,0,0,0,0,0,0
773,19.988333,57.34,2015,LV,16,289,68.5,30,17.0,675,1,230.0,61.9476575706098,858.2034666514395,161.5,9.48057746887207,132.44451904296875,8.98,4.76,1,1,1,1,0,0,0,0,0,0,0,0,0,0,0,0,0,0,0,0,0,0,0,0,0,0,0,0,0,0,0,0,0,0,0,0,0,0,0,0,0,0,0,0,0
774,19.815,57.508335,2015,LV,17,289,72.0,30,20.0,840,1,138.0,50.38677044862227,858.129829989014,66.0,9.442400932312012,155.182373046875,9.8,5.11,1,1,1,1,0,0,0,0,0,0,0,0,0,0,0,0,0,0,0,0,0,0,0,0,0,0,0,0,0,0,0,0,0,0,0,0,0,0,0,0,0,0,0,0,0
775,20.725,57.625,2015,LV,18,290,49.0,30,18.0,340,0,86.0,54.391734727399054,911.862939155846,37.0,8.839914321899414,196.0621032714844,8.18,5.06,1,1,1,0,0,0,0,0,0,0,0,0,0,0,0,0,0,0,0,0,0,0,0,1,0,0,0,0,0,0,0,0,0,0,0,0,0,0,0,0,0,0,0,0,0
776,21.21,57.836666,2015,LV,19,290,55.0,30,20.0,640,1,73.0,42.64301948250882,948.8814680364408,18.0,9.174532890319824,183.59214782714844,8.53,4.94,1,1,1,0,0,0,0,0,0,0,0,0,0,0,0,0,0,0,0,0,0,0,0,1,0,0,0,0,0,0,0,0,0,0,0,0,0,0,0,0,0,0,0,0,0
777,19.75,56.103333,2015,LV,2,282,40.0,30,20.0,325,0,53.0,78.10719212727942,795.808258202899,13.0,8.93165397644043,270.73992919921875,7.26,6.43,1,1,0,0,0,1,0,0,0,0,1,0,0,0,0,0,0,0,0,0,0,0,0,0,0,0,0,0,0,0,0,0,0,0,0,0,0,0,0,0,0,0,0,0,0
778,20.855,57.883335,2015,LV,20,290,44.0,30,18.0,790,1,85.0,61.29561891619883,934.120832970357,41.0,9.259153366088867,166.03729248046875,7.31,5.02,1,1,1,0,1,0,0,0,0,0,0,1,0,0,0,0,0,0,0,0,0,0,0,0,0,0,0,0,0,0,0,0,0,0,0,0,0,0,0,0,0,0,0,0,0
779,20.096666,56.111668,2015,LV,3,282,37.0,30,20.0,475,1,51.0,56.51557581212392,817.9806223719878,14.0,8.97623062133789,263.35711669921875,7.38,6.47,1,1,0,0,0,0,0,0,0,0,0,0,0,0,0,0,0,0,0,0,0,0,0,0,0,0,0,0,0,0,0,0,0,0,0,0,0,0,0,0,0,0,0,0,0
780,20.308332,56.381668,2015,LV,4,282,35.0,30,20.0,815,1,46.0,41.05452741099184,837.5054686404424,11.0,8.903730392456055,265.5325927734375,7.26,8.36,1,1,0,1,0,0,0,0,0,0,1,0,0,0,0,0,0,0,0,0,0,0,0,1,0,0,0,0,0,0,0,0,0,0,0,0,0,0,0,0,0,0,0,0,0
781,19.923334,56.381668,2015,LV,5,283,46.5,30,22.0,300,0,77.0,64.66050615420221,813.7081926611753,30.5,9.07162094116211,192.1117248535156,7.3,5.66,1,1,0,1,0,1,0,0,0,0,0,0,0,0,0,0,0,0,0,0,0,0,0,0,0,0,0,0,0,0,0,0,0,0,0,0,0,0,0,0,0,0,0,0,0
782,19.86,56.65167,2015,LV,6,283,31.0,30,22.0,860,1,148.0,70.77363450976613,818.956685257367,117.0,9.311060905456545,129.16075134277344,7.1,6.99,1,1,1,0,0,1,0,0,0,0,0,0,0,0,0,0,0,0,0,0,1,0,0,0,0,0,0,0,0,0,0,0,0,0,0,0,0,0,0,0,0,0,0,0,0
783,20.425,56.616665,2015,LV,7,284,59.5,15,19.0,340,0,74.0,35.910073657361764,850.652843581088,14.5,9.255626678466797,193.08087158203125,8.71,5.09,1,1,1,1,0,0,0,0,0,0,0,0,0,0,0,0,0,0,0,0,0,0,0,0,0,0,0,0,0,0,0,0,0,0,0,0,0,0,0,0,0,0,0,0,0
784,20.675,56.616665,2015,LV,8,284,28.0,30,20.0,470,1,39.0,20.744426991055956,865.4736259307201,11.0,8.874408721923828,272.3868103027344,7.15,11.17,1,1,0,0,0,1,0,0,0,0,0,0,0,0,0,0,0,0,1,0,0,0,0,0,0,0,0,0,0,0,0,0,0,0,0,0,0,0,0,0,0,0,0,0,0
785,20.806667,56.843334,2015,LV,9,284,31.0,30,22.0,700,1,44.0,15.209776967225736,880.7501353382826,13.0,8.580450057983398,266.97039794921875,7.29,9.55,1,1,1,0,0,1,0,0,0,0,1,0,0,0,0,0,0,0,0,0,0,0,0,0,0,0,0,0,0,0,0,0,0,0,0,0,0,0,0,0,0,0,0,0,0
786,19.17,54.45,2015,PL,1,260,42.0,30,18.0,740,1,63.0,10.969388170669674,775.2426471386287,21.0,8.34166431427002,215.5376892089844,7.86,6.66,1,1,0,1,0,0,0,0,0,0,0,0,0,0,0,0,0,0,0,0,0,0,0,0,0,1,0,0,0,0,0,0,0,0,0,0,0,0,0,0,0,0,0,0,0
787,18.67,55.81,2015,PL,10,263,70.0,30,19.0,880,1,101.0,110.3787635843694,726.1867775594097,31.0,9.27755641937256,206.777572631836,9.02,4.93,1,0,0,1,0,0,0,0,0,0,0,0,0,0,0,0,0,0,0,0,0,0,0,0,0,0,0,0,0,0,0,0,0,0,0,0,0,0,0,0,0,0,0,0,0
788,18.67,55.32,2015,PL,11,264,40.0,30,20.0,320,0,83.0,58.47064438256529,726.2351435688674,43.0,8.81148624420166,217.4930877685547,7.29,6.79,1,1,0,1,0,1,0,0,0,0,0,0,0,0,0,0,0,0,0,0,0,0,0,0,0,0,0,0,0,0,0,0,0,0,0,0,0,0,0,0,0,0,0,0,0
789,18.67,54.93,2015,PL,12,264,60.0,30,18.0,550,1,84.0,21.528098402208865,727.1612692737878,24.0,8.473848342895508,199.6005706787109,9.08,6.01,1,1,0,1,0,0,0,0,0,0,0,0,0,0,0,0,0,0,0,0,0,0,0,0,0,0,0,0,0,0,0,0,0,0,0,0,0,0,0,0,0,0,0,0,0
790,18.33,55.02,2015,PL,13,264,40.0,30,20.0,880,1,44.0,21.318382326126088,704.3680939899799,4.0,8.515398025512695,274.5359802246094,7.96,7.13,1,1,0,1,0,0,0,0,0,0,0,0,0,0,0,0,0,0,0,0,0,0,0,0,0,0,0,0,0,0,0,0,0,0,0,0,0,0,0,0,0,0,0,0,0
791,18.33,55.36,2015,PL,14,265,53.0,30,20.0,335,1,81.0,58.39382984982247,704.2087074685145,28.0,8.95633316040039,237.51290893554688,7.47,5.54,1,1,0,1,0,0,0,0,0,0,0,0,0,0,0,0,0,0,0,0,0,0,0,0,0,0,0,0,0,0,0,0,0,0,0,0,0,0,0,0,0,0,0,0,0
792,18.44,55.62,2015,PL,15,265,63.0,30,18.0,525,1,93.0,88.28236301673702,711.6103116059062,30.0,9.033580780029297,209.2826690673828,8.81,5.05,1,1,0,1,0,0,0,0,0,0,0,0,0,0,0,0,0,0,0,0,0,0,0,0,0,0,0,0,0,0,0,0,0,0,0,0,0,0,0,0,0,0,0,0,0
793,18.03,55.47,2015,PL,16,265,40.0,30,19.0,950,0,72.0,71.37023648311768,684.84473928616,32.0,8.910512924194336,199.69503784179688,7.24,6.89,1,1,0,1,0,0,0,0,0,0,0,0,0,0,0,0,0,0,0,0,0,0,0,0,0,0,0,0,0,0,0,0,0,0,0,0,0,0,0,0,0,0,0,0,0
794,17.63,55.0,2015,PL,17,266,10.0,15,18.0,590,1,35.0,23.38001826932119,660.1971356117837,25.0,9.067174911499023,278.19500732421875,7.37,12.44,0,0,0,0,0,1,0,1,0,0,0,0,0,0,0,0,0,0,0,0,0,0,0,0,0,0,0,0,0,0,0,0,0,0,0,0,0,0,0,0,0,0,0,0,0
795,17.67,55.32,2015,PL,18,266,50.0,30,18.0,815,1,78.0,57.42919210832569,661.6474833726332,28.0,8.776734352111816,231.30715942382807,8.34,6.23,1,1,0,1,0,0,0,0,0,0,0,0,0,0,0,0,0,0,0,0,0,0,0,0,0,0,0,0,0,0,0,0,0,0,0,0,0,0,0,0,0,0,0,0,0
796,17.67,55.51,2015,PL,19,266,30.0,30,20.0,945,1,57.0,77.26727397766719,661.5852199162275,27.0,8.924631118774414,255.2128295898437,7.28,9.75,1,1,0,0,0,1,0,0,0,0,0,0,0,0,0,0,0,0,0,0,0,0,0,0,1,0,0,0,0,0,0,0,0,0,0,0,0,0,0,0,0,0,0,0,0
797,19.22,54.57,2015,PL,2,261,53.0,30,20.0,670,1,79.0,23.852414948607407,772.8137339154409,26.0,8.348233222961426,211.28973388671875,7.96,6.06,1,1,0,1,0,0,0,0,0,0,0,0,0,0,0,0,0,0,0,0,0,0,0,0,0,1,0,0,0,0,0,0,0,0,0,0,0,0,0,0,0,0,0,0,0
798,17.35,55.34,2015,PL,20,267,46.0,30,20.0,490,1,73.0,64.78772798353673,641.5404381404187,27.0,8.715887069702148,244.597412109375,7.4,6.85,1,1,0,0,0,1,0,0,0,0,1,0,0,0,0,0,0,0,0,0,0,0,0,0,0,0,0,0,0,0,0,0,0,0,0,0,0,0,0,0,0,0,0,0,0
799,17.35,54.99,2015,PL,21,267,6.0,30,22.0,805,1,28.0,26.550084191294825,642.9651923768027,22.0,8.854708671569824,285.6773681640625,7.35,12.83,0,1,0,0,0,1,0,0,0,0,0,0,0,0,0,0,0,0,0,0,0,0,0,0,1,0,0,0,0,0,0,0,0,0,0,0,0,0,0,0,0,0,0,0,0
800,16.94,55.23,2015,PL,22,268,56.0,30,18.0,585,1,86.0,58.81711573806048,615.1242847858223,30.0,8.812606811523438,236.5645751953125,10.55,6.65,1,1,0,1,0,0,0,0,0,0,0,0,0,0,0,0,0,0,0,0,0,0,0,0,0,0,0,0,0,0,0,0,0,0,0,0,0,0,0,0,0,0,0,0,0
801,16.33,54.74,2015,PL,23,270,12.0,30,18.0,285,0,38.0,25.70182368533792,587.0148236025279,26.0,8.630507469177246,255.2048492431641,7.45,13.5,1,1,0,0,0,0,0,0,0,0,0,0,0,0,0,0,0,0,0,0,0,0,0,0,0,0,0,0,0,0,0,0,0,0,0,0,0,0,0,0,0,0,0,0,0
802,16.32,54.99,2015,PL,24,270,27.0,30,17.0,665,1,47.0,51.325723683970764,578.9944418976177,20.0,8.723039627075195,264.56024169921875,7.49,10.06,1,1,0,0,0,0,0,0,0,0,0,0,0,0,0,0,0,0,0,0,0,0,0,0,0,0,0,0,0,0,0,0,0,0,0,0,0,0,0,0,0,0,0,0,0
803,16.35,55.28,2015,PL,25,270,37.0,30,20.0,880,1,65.0,78.74213229151029,577.2874399773107,28.0,8.880255699157715,228.60372924804688,7.45,7.32,1,1,0,0,0,1,0,0,0,0,0,0,0,0,0,0,0,0,0,0,0,0,0,0,0,0,0,0,0,0,0,0,0,0,0,0,0,0,0,0,0,0,0,0,0
804,15.96,55.22,2015,PL,26,271,65.0,30,18.0,445,1,89.0,52.60308185963997,551.3544093792842,24.0,8.93572998046875,144.94093322753906,16.89,6.87,1,1,0,1,0,0,1,0,0,0,0,0,0,0,0,0,0,0,0,0,0,0,0,0,0,0,0,0,0,0,0,0,0,0,0,0,0,0,0,0,0,0,0,0,0
805,15.97,54.48,2015,PL,27,272,16.0,30,20.0,310,0,40.0,23.814604411680115,577.4809610303868,24.0,8.770827293395996,264.1147766113281,7.46,13.52,1,1,0,0,0,0,0,0,0,0,0,0,0,0,0,0,0,0,0,0,0,0,0,0,0,0,0,0,0,0,0,0,0,0,0,0,0,0,0,0,0,0,0,0,0
806,15.64,54.7,2015,PL,28,272,45.0,30,20.0,680,1,67.0,48.4790425141755,548.15935338604,22.0,8.908140182495117,216.31256103515625,9.23,6.74,1,1,0,1,0,0,1,0,0,0,0,0,0,0,0,0,0,0,0,0,0,0,0,0,0,0,0,0,0,0,0,0,0,0,0,0,0,0,0,0,0,0,0,0,0
807,15.67,54.79,2015,PL,29,273,52.0,30,20.0,415,1,75.0,43.16801933307073,545.5626020661175,23.0,8.916918754577637,194.2293701171875,10.72,6.36,1,1,0,1,0,0,0,0,0,0,0,0,0,0,0,0,0,0,0,1,0,0,0,0,0,0,0,0,0,0,0,0,0,0,0,0,0,0,0,0,0,0,0,0,0
808,19.32,54.5,2015,PL,3,261,50.0,30,18.0,845,1,70.0,14.1570426157153,782.7410042668529,20.0,8.408007621765137,225.12159729003903,8.16,6.24,1,1,0,1,0,0,0,0,0,0,0,0,0,0,0,0,0,0,0,0,0,0,0,0,0,1,0,0,0,0,0,0,0,0,0,0,0,0,0,0,0,0,0,0,0
809,15.62,55.1,2015,PL,30,273,50.0,30,20.0,685,1,79.0,30.22942143782841,532.4428158888904,29.0,8.93179702758789,191.5694122314453,10.9,8.36,1,1,0,1,0,0,1,0,0,0,0,0,0,0,0,0,0,0,0,0,0,0,0,0,0,0,0,0,0,0,0,0,0,0,0,0,0,0,0,0,0,0,0,0,0
810,15.24,54.7,2015,PL,31,274,40.0,30,20.0,385,1,61.0,34.06948995443959,524.4807112855407,21.0,8.950716972351074,230.71365356445312,8.19,8.45,1,1,0,1,0,1,0,0,0,0,0,0,0,0,0,0,0,0,0,1,0,0,0,0,0,0,0,0,0,0,0,0,0,0,0,0,0,0,0,0,0,0,0,0,0
811,15.28,54.48,2015,PL,32,274,13.0,30,20.0,610,1,41.0,36.33348738034211,541.3420122349582,28.0,8.776501655578613,287.413330078125,7.47,13.61,1,1,0,0,0,0,0,0,0,0,0,0,0,0,0,0,0,0,0,0,0,0,0,0,0,0,0,0,0,0,0,0,0,0,0,0,0,0,0,0,0,0,0,0,0
812,14.86,54.74,2015,PL,33,275,33.0,30,18.0,615,1,54.0,30.29499442102953,500.92387207561865,21.0,8.895074844360352,237.9501342773437,7.86,8.9,1,1,0,0,0,1,0,0,0,0,0,0,0,0,0,0,0,0,0,0,0,0,0,0,0,0,0,0,0,0,0,0,0,0,0,0,0,0,0,0,0,0,0,0,0
813,14.83,54.68,2015,PL,34,275,30.0,30,20.0,750,1,53.0,36.96223260635846,504.2900336381346,23.0,8.860322952270508,216.24249267578125,7.67,11.31,1,1,0,1,0,1,1,0,0,0,0,0,0,0,0,0,0,0,0,0,0,0,0,0,0,0,0,0,0,0,0,0,0,0,0,0,0,0,0,0,0,0,0,0,0
814,18.93,54.45,2015,PL,4,262,23.0,30,20.0,335,1,44.0,10.227817296675289,761.9160490873013,21.0,7.738348960876465,250.75108337402344,7.31,10.07,1,1,0,0,0,0,0,0,0,0,1,0,0,0,0,0,0,0,0,0,0,0,0,0,0,0,0,0,0,0,0,0,0,0,0,0,0,0,0,0,0,0,0,0,0
815,18.91,54.55,2015,PL,5,262,43.0,30,18.0,460,1,65.0,7.921782822622711,755.5751475442404,22.0,8.355796813964844,241.4898376464844,7.81,7.21,1,1,0,0,0,0,0,0,0,0,0,0,0,0,0,0,0,0,0,0,1,0,0,0,0,1,0,0,0,0,0,0,0,0,0,0,0,0,0,0,0,0,0,0,0
816,18.99,54.72,2015,PL,6,262,66.0,30,19.0,645,1,91.0,15.207789949745951,752.6326402760035,25.0,8.29957103729248,174.71543884277344,10.33,5.94,1,1,0,1,0,0,0,0,0,0,0,0,0,0,0,0,0,0,0,0,0,0,0,0,1,0,0,0,0,0,0,0,0,0,0,0,0,0,0,0,0,0,0,0,0
817,19.02,54.92,2015,PL,7,262,71.0,30,19.0,840,1,100.0,32.78493272439559,749.5889062867293,29.0,8.79210090637207,145.65977478027344,10.72,5.92,1,1,0,1,0,0,0,0,0,0,0,0,0,0,0,0,0,0,0,0,0,0,0,0,0,0,0,0,0,0,0,0,0,1,0,0,0,0,0,0,0,0,0,0,0
818,19.06,55.17,2015,PL,8,263,62.0,30,20.0,320,0,88.0,57.379415523310215,751.1222492832361,26.0,8.825318336486816,167.0256805419922,10.21,5.84,1,1,0,1,0,0,0,0,0,0,0,0,0,0,0,0,0,0,0,0,0,0,0,0,0,0,0,0,0,0,0,0,0,0,0,0,0,0,0,0,0,0,0,0,0
819,18.99,55.53,2015,PL,9,263,30.0,30,18.0,575,1,86.0,88.1240091076941,747.0949284092122,56.0,8.829304695129395,201.97276306152344,7.15,9.41,1,1,0,1,0,0,0,0,0,0,0,0,0,0,0,0,0,0,0,0,0,0,0,0,0,0,0,0,0,0,0,0,0,0,0,0,0,0,0,0,0,0,0,0,0
820,14.4319,55.4157,2016,SE,1,277,22.5,30,13.9,892,1,46.0,10.977376845380206,453.1611817818096,23.5,8.618996620178223,277.6197814941406,7.42,12.65,1,1,0,0,0,1,0,0,0,0,0,0,0,0,0,0,0,0,0,0,0,0,0,0,0,0,0,0,0,0,0,0,0,0,0,0,0,0,0,0,0,0,0,0,0
821,17.883,57.0952,2016,SE,10,279,28.8,53,13.4,828,1,75.0,18.64144716711452,737.9879102210809,46.2,8.47396469116211,178.8760223388672,7.11,9.59,1,1,1,1,1,1,0,0,0,0,0,0,0,0,0,0,0,0,0,0,0,0,0,0,0,0,0,0,0,0,0,0,0,0,0,0,0,0,0,0,0,0,0,0,0
822,17.5452,57.2917,2016,SE,11,279,31.0,57,17.1,1085,-1,85.0,24.19450529138602,741.7509161104408,54.0,8.4860200881958,75.34061431884766,7.09,9.51,1,1,1,1,1,1,0,0,0,0,0,0,0,0,0,0,0,0,1,0,0,0,0,0,0,0,0,0,0,0,0,0,0,0,0,0,0,0,0,0,0,0,0,0,0
823,18.1252,57.7473,2016,SE,12,280,12.0,32,20.7,127,-1,105.0,14.85518865512601,803.9613226147337,93.0,8.505805015563965,62.13212585449219,6.56,12.87,1,1,1,0,1,0,0,0,0,0,0,0,0,0,0,0,0,0,0,0,0,0,0,0,0,0,0,0,0,0,0,0,0,0,0,0,0,0,0,0,0,0,0,0,0
824,17.757,57.9136,2016,SE,13,280,25.0,50,15.5,441,1,163.0,42.15527842270136,805.5868543823577,138.0,8.412127494812012,78.23960876464844,6.71,9.96,1,1,1,1,1,1,0,0,0,0,1,0,0,0,0,0,0,0,1,0,1,0,0,0,0,0,0,0,0,0,0,0,1,0,0,0,0,0,0,0,0,0,0,0,0
825,17.272,57.8715,2016,SE,14,280,37.0,60,12.0,674,1,103.0,27.60725267783916,787.9146071555284,66.0,8.417923927307129,68.30364990234375,7.14,6.95,1,1,1,0,1,0,0,0,0,0,0,0,0,0,0,0,0,0,1,0,0,0,0,0,0,0,0,0,0,0,0,0,1,0,0,0,0,0,0,0,0,0,0,0,0
826,17.4614,58.3782,2016,SE,15,280,28.0,34,15.0,1096,-1,66.0,27.2917829622922,845.7982971792597,38.0,8.541349411010742,197.58973693847656,6.43,10.86,1,1,1,0,1,0,0,0,0,0,0,0,0,0,0,0,0,0,0,0,0,0,0,0,0,0,0,0,0,0,0,0,0,0,0,0,0,0,1,0,0,0,0,0,0
827,17.9732,58.1362,2016,SE,16,280,28.0,70,16.0,1392,-1,177.0,45.87199232495592,833.7542642052406,149.0,8.462393760681152,82.87205505371094,6.55,10.47,1,1,1,1,1,1,0,0,0,0,0,0,0,0,0,0,0,0,1,0,0,0,0,1,0,0,0,0,0,0,0,0,0,0,0,0,0,0,0,0,0,0,0,0,0
828,18.6856,58.3327,2016,SE,17,281,30.0,60,11.3,300,0,152.0,29.54578091255035,876.4940142973918,122.0,8.590311050415039,99.75822448730467,6.7,7.45,1,1,1,0,1,0,0,0,0,0,0,0,0,0,1,0,0,0,0,0,0,0,0,1,0,0,0,0,0,0,0,0,0,0,0,0,0,0,0,0,0,0,0,0,0
829,18.2258,58.6145,2016,SE,18,281,27.8,51,14.8,645,1,336.0,26.972787871275173,887.1676183443199,308.2,8.513718605041504,123.63606262207033,6.64,9.68,1,1,1,0,1,0,0,0,0,0,0,0,0,0,1,0,0,0,1,0,0,0,0,0,0,0,0,0,0,0,0,0,0,0,0,0,0,0,0,0,0,0,0,0,0
830,18.7789,58.8577,2016,SE,19,281,18.9,42,16.9,992,0,97.0,17.32191225875732,926.4526801052032,78.1,8.568985939025879,104.2163314819336,6.41,11.17,1,1,1,0,1,0,0,0,0,0,0,0,0,0,0,0,0,0,0,0,0,0,0,0,0,0,0,0,0,0,0,0,0,0,0,0,0,0,0,0,0,0,0,0,0
831,14.4614,55.6443,2016,SE,2,277,27.7,26,13.9,1098,-1,51.0,10.799865664868976,469.3865975742186,23.3,8.54969310760498,278.9151916503906,7.41,11.9,1,1,0,1,1,1,0,0,1,0,1,0,0,0,0,0,0,0,0,1,0,0,0,0,0,0,0,0,0,0,0,0,0,0,0,0,0,0,0,0,0,1,0,0,0
832,19.339,59.2535,2016,SE,20,281,38.1,41,14.3,1419,-1,66.0,16.68395138566457,981.7417887684136,27.9,8.6986665725708,249.35678100585932,6.71,7.5,1,1,1,0,0,0,0,0,0,0,0,0,0,0,0,0,0,0,1,0,0,0,0,0,0,0,0,0,0,0,0,0,0,0,0,0,0,0,0,0,0,0,0,0,0
833,19.7951,59.2244,2016,SE,21,282,20.9,38,17.1,232,-1,78.0,32.683834773788824,994.8306699806158,57.1,8.652412414550781,145.7461395263672,6.2,9.85,1,1,1,0,0,0,0,0,0,0,0,0,0,0,0,0,0,0,1,0,0,0,0,0,0,0,0,0,0,0,0,0,1,0,0,0,0,0,0,0,0,0,0,0,0
834,20.2638,59.0907,2016,SE,22,282,30.0,30,15.5,753,1,115.0,62.91536599317417,999.5088926589484,85.0,8.706023216247559,111.71395874023438,6.57,8.54,1,1,1,0,1,0,0,0,0,0,0,0,0,0,1,0,0,0,1,0,0,0,0,0,0,0,0,0,0,0,0,0,0,0,0,0,0,0,0,0,0,0,0,0,0
835,20.3468,58.7853,2016,SE,23,282,25.0,37,15.0,874,1,202.0,75.75585555216618,977.7353350853598,177.0,8.50429630279541,114.78312683105467,6.52,7.44,1,1,1,1,1,1,0,0,0,0,1,0,0,0,0,0,0,0,0,0,0,0,0,0,0,0,0,0,0,0,0,0,0,0,0,0,0,0,0,0,0,0,0,0,0
836,19.7162,58.8562,2016,SE,24,282,26.0,60,14.0,1401,-1,139.0,58.490676066703074,958.8099774778034,113.0,8.571171760559082,123.73672485351562,6.46,8.99,1,1,1,1,0,1,0,0,0,0,0,0,0,0,0,0,0,0,1,0,0,0,0,0,0,0,0,0,0,0,0,0,0,0,0,0,0,0,0,0,0,0,0,0,0
837,19.3266,58.6433,2016,SE,25,283,22.4,72,16.0,298,0,100.0,28.224824466944597,926.4894498102136,77.6,8.504140853881836,122.4501953125,6.53,10.47,1,1,1,0,0,0,0,0,0,0,0,0,0,0,1,0,0,0,0,0,1,0,0,0,0,0,0,0,0,0,0,0,0,0,0,0,0,0,0,0,0,0,0,0,0
838,19.75,58.3453,2016,SE,26,283,31.6,40,15.0,649,1,102.0,25.30637447516273,917.617095514985,70.4,8.4714937210083,151.91754150390625,6.64,7.6,1,1,1,0,1,1,0,0,0,0,0,0,0,0,0,0,0,0,0,0,0,0,0,0,0,0,0,0,0,0,0,0,0,0,0,0,0,0,0,0,0,0,0,0,0
839,19.6731,58.0643,2016,SE,27,283,24.2,66,15.3,1015,-1,163.0,22.5699203638584,895.0329232190736,138.8,8.579654693603516,129.70079040527344,6.52,10.64,1,1,1,1,1,1,0,0,0,0,0,0,0,0,0,0,0,0,1,0,0,0,0,0,0,0,0,0,0,0,0,0,0,0,0,0,0,0,0,0,0,0,0,0,0
840,19.484,57.8148,2016,SE,28,283,25.0,72,15.2,1367,-1,74.0,17.619342124617205,865.4525799794977,49.0,8.545126914978027,183.10997009277344,6.62,9.69,1,1,1,1,1,1,0,0,0,0,0,0,0,0,0,0,0,0,0,0,0,0,0,0,0,0,0,0,0,0,0,0,0,0,0,0,0,0,0,0,0,0,0,0,0
841,19.6609,57.674,2016,SE,29,284,22.9,45,14.0,195,-1,94.0,36.67583081928933,861.6105738711962,71.1,8.616817474365234,161.123046875,6.56,10.46,1,1,1,1,1,1,0,0,0,0,1,0,0,0,0,0,0,0,0,0,0,0,0,1,0,0,0,0,0,0,0,0,0,0,0,0,0,0,0,0,0,0,0,0,0
842,14.7524,55.8412,2016,SE,3,277,14.75,41,14.0,1333,-1,34.0,17.76526073708531,497.4713166349535,19.25,8.479228973388672,304.2433776855469,7.28,13.61,1,1,1,1,1,0,0,0,1,0,0,0,0,0,0,0,1,0,0,0,0,0,0,0,0,0,0,0,0,0,0,0,0,0,0,0,0,0,0,0,0,0,0,0,0
843,19.6302,57.3509,2016,SE,30,284,35.0,46,16.1,474,1,70.0,40.27011336422078,839.123457707647,35.0,8.69514274597168,173.36744689941406,7.06,5.87,1,1,1,0,1,1,0,0,0,0,0,0,0,0,0,0,0,0,0,0,0,0,0,0,0,0,0,0,0,0,0,0,0,0,0,0,0,0,0,0,0,0,0,0,0
844,19.346,57.1255,2016,SE,31,284,33.4,40,18.0,810,1,170.0,40.18746175755099,811.407499047578,136.6,8.700331687927246,152.74447631835938,6.94,6.88,1,1,1,0,1,1,0,0,0,0,0,0,0,0,0,0,0,0,0,0,0,0,0,0,0,0,0,0,0,0,0,0,0,0,0,0,0,0,0,0,0,0,0,0,0
845,18.9493,57.2375,2016,SE,32,284,31.0,30,17.5,1172,-1,59.0,14.072740746388693,798.4678877073321,28.0,8.562644004821777,271.46221923828125,6.8,8.42,1,1,1,0,0,0,0,0,0,0,0,0,0,0,0,0,0,0,0,0,0,0,0,0,0,0,0,0,0,0,0,0,0,0,0,0,1,0,0,0,0,0,0,0,0
846,18.8963,56.9518,2016,SE,33,285,35.0,30,17.0,34,-1,119.0,30.817030044466755,777.5354655212748,84.0,8.619434356689453,177.94805908203125,6.94,8.08,1,1,1,1,0,1,0,0,0,0,0,0,0,0,0,0,0,0,0,0,0,0,0,0,0,0,0,0,0,0,0,0,0,0,0,0,0,0,0,0,0,0,0,0,0
847,18.8579,56.7665,2016,SE,34,285,45.6,35,14.0,365,0,92.0,38.44249761833821,766.0221788714061,46.4,8.609835624694824,178.5059356689453,7.24,5.45,1,1,1,0,1,1,0,0,0,0,0,0,0,0,0,0,0,0,0,0,0,0,0,0,0,0,0,0,0,0,0,0,0,0,0,0,0,0,0,0,0,0,0,0,0
848,18.7158,56.4173,2016,SE,35,285,54.0,54,13.5,744,1,93.0,62.85496050288412,742.8509378443255,39.0,8.593647956848145,180.65884399414065,8.27,4.84,1,1,1,0,0,1,0,0,0,0,0,0,0,0,0,0,0,0,0,0,0,0,0,0,0,0,0,0,0,0,0,0,0,0,0,0,0,0,0,0,0,0,0,0,0
849,18.3243,56.1302,2016,SE,36,285,32.6,42,15.0,1072,-1,79.0,86.58774094755604,710.2311085789861,46.4,8.833099365234375,190.83755493164065,7.13,6.26,1,1,1,1,0,1,0,0,0,0,0,0,0,0,0,0,0,0,0,0,0,0,0,0,0,0,0,0,0,0,0,0,0,0,0,0,0,0,0,0,0,0,0,0,0
850,17.8113,56.3622,2016,SE,37,285,28.0,60,15.0,1369,-1,50.0,64.16723995178971,688.4571968656089,22.0,8.489553451538086,278.67578125,7.28,9.94,1,1,1,1,0,1,0,0,1,0,1,0,0,0,0,0,0,0,1,0,0,0,0,0,0,0,0,0,0,0,0,0,0,1,0,0,0,0,0,0,0,0,0,0,0
851,17.7647,56.673,2016,SE,38,286,26.0,73,15.0,182,-1,60.0,34.94800239871343,701.7720996585532,34.0,8.44242000579834,197.77577209472656,7.15,10.03,1,1,1,1,1,1,0,0,0,0,0,0,0,0,0,0,0,0,1,0,0,0,0,0,0,0,0,0,0,0,0,0,0,1,0,0,0,0,0,0,0,0,0,0,0
852,17.311,56.7495,2016,SE,39,286,43.8,34,14.0,480,1,85.0,29.24583657827251,685.9161939828409,41.2,8.45449161529541,63.65860748291016,7.42,8.11,1,1,1,1,1,0,0,0,0,0,0,0,0,0,0,0,0,0,0,0,0,0,0,0,0,0,0,0,0,0,0,0,0,0,0,0,0,0,0,0,0,0,0,0,0
853,15.5577,55.7143,2016,SE,4,278,33.0,30,15.6,303,0,63.0,36.51231502909166,530.1390121472458,30.0,8.698406219482422,166.5986785888672,7.79,10.63,1,1,1,1,1,1,0,0,1,0,0,0,0,0,0,0,0,0,0,0,0,0,0,0,0,0,0,0,0,0,0,0,0,0,0,0,0,0,0,0,0,0,0,0,0
854,16.965,56.6213,2016,SE,40,286,38.0,60,15.4,645,1,67.0,15.313887763642072,660.5541208824975,29.0,8.621053695678711,177.4045867919922,7.25,9.29,1,1,1,0,1,0,0,0,0,0,0,0,0,0,0,0,0,0,0,0,0,0,0,0,0,0,0,0,0,0,0,0,0,0,0,0,0,0,0,0,0,0,0,0,0
855,17.0691,56.4432,2016,SE,42,286,23.6,36,17.8,965,0,54.0,28.62231609686146,652.3460970653034,30.4,8.488332748413086,268.8941345214844,7.22,10.35,1,1,1,1,0,0,0,0,0,0,0,0,0,0,0,0,0,0,0,0,0,0,0,0,0,0,0,0,0,0,0,0,0,0,0,0,0,0,0,0,0,0,0,0,0
856,17.7993,55.9262,2016,SE,43,286,34.0,40,16.0,1371,-1,61.0,88.98575438333884,672.8426940373819,27.0,8.54567813873291,226.6824951171875,7.37,7.94,1,1,1,1,0,0,0,0,0,0,1,0,0,0,0,0,0,0,0,0,0,0,0,0,0,0,0,0,0,0,0,0,0,0,0,0,0,0,0,0,0,0,0,0,0
857,17.6664,55.7708,2016,SE,44,287,27.0,43,17.0,142,-1,55.0,90.29761637613596,661.4944104199003,28.0,8.30260944366455,263.3066101074219,7.36,10.91,1,1,0,1,0,0,0,0,1,0,1,0,0,0,0,0,0,0,0,0,0,0,0,0,0,0,0,0,0,0,0,0,0,0,0,0,0,0,0,0,0,0,0,0,0
858,16.5758,55.8012,2016,SE,45,287,29.0,66,17.0,515,1,54.0,46.41845126909568,595.1613676905874,25.0,8.596088409423828,217.69259643554688,7.28,10.35,1,1,0,0,0,1,0,0,1,0,0,0,0,0,0,0,0,0,0,0,0,0,0,0,0,0,0,0,0,0,0,0,0,0,0,0,0,0,0,0,0,0,0,0,0
859,16.2983,55.582,2016,SE,46,287,41.0,74,15.4,770,1,70.0,57.44789404210112,572.8890305833223,29.0,8.604028701782227,170.49725341796875,7.68,9.32,1,1,0,1,0,1,0,0,0,0,0,0,0,0,0,0,0,0,0,0,0,0,0,0,0,0,0,0,0,0,0,0,0,0,0,0,0,0,0,0,0,0,0,0,0
860,15.7439,55.5406,2016,SE,47,287,50.0,44,16.3,1060,-1,76.0,52.92501189920839,537.4407708758276,26.0,8.689087867736816,151.46371459960938,12.5,10.4,1,1,0,1,0,0,0,0,0,0,1,0,0,0,0,0,0,0,0,1,0,0,0,0,0,0,0,0,0,0,0,0,0,1,0,0,0,0,0,0,0,0,0,0,0
861,15.6297,55.372,2016,SE,48,288,56.0,39,11.5,44,-1,88.0,40.95896732884961,530.4104563633929,32.0,8.73599910736084,145.71803283691406,14.51,10.68,1,1,0,1,0,1,0,0,0,0,0,0,0,0,0,0,0,0,1,0,0,0,0,0,0,0,0,0,0,0,0,0,0,1,0,0,0,0,0,0,0,0,0,0,0
862,15.0874,55.283,2016,SE,49,288,44.0,70,13.2,359,0,74.0,10.28879150531554,494.9816149795245,30.0,8.578662872314453,189.10382080078125,10.25,12.04,1,1,0,1,0,1,1,1,0,1,1,0,0,0,0,0,0,0,0,0,0,0,0,0,0,0,0,0,0,0,0,0,0,0,0,0,0,0,0,0,0,0,0,0,0
863,15.7935,55.7702,2016,SE,6,278,26.9,30,14.2,622,1,54.0,26.87969945467906,546.4506013361512,27.1,8.716672897338867,226.3220367431641,7.43,12.27,1,1,0,1,0,1,0,0,1,0,0,0,0,0,0,0,0,0,0,0,0,0,0,0,0,0,0,0,0,0,0,0,0,0,0,0,0,0,0,0,0,0,0,0,0
864,16.1571,55.9104,2016,SE,7,278,20.3,32,15.6,889,1,51.0,25.58457849821569,573.2168882128881,30.7,8.691673278808594,272.2978515625,7.42,13.52,1,1,0,1,0,1,0,0,0,0,0,0,0,0,0,0,0,0,0,0,1,0,0,0,0,0,0,0,0,0,0,0,0,0,0,0,0,0,0,0,0,0,0,0,0
865,16.4809,56.0888,2016,SE,8,278,15.0,44,18.0,1143,-1,47.0,13.341076070405734,600.3875806911508,32.0,8.617156982421875,282.4512634277344,7.12,12.99,1,1,1,1,0,0,0,0,1,0,1,0,0,0,0,0,1,0,1,0,0,0,0,0,0,0,0,0,0,0,0,0,0,0,0,0,0,0,0,0,0,0,0,0,0
866,16.8149,56.2919,2016,SE,9,279,27.8,61,14.0,19,-1,57.0,17.092656746741987,629.6287961201626,29.2,8.519545555114746,274.2994384765625,7.14,10.35,1,1,1,1,1,1,0,0,1,0,1,0,0,0,0,0,0,0,0,0,0,0,0,0,0,0,0,0,0,0,0,0,0,0,0,0,0,0,0,0,0,0,0,0,0
867,21.175,58.39667,2016,EE,1,295,37.5,30,20.0,730,1,93.0,35.59580020321137,983.6529767445452,55.5,8.63625431060791,128.32546997070312,7.37,5.16,1,1,1,1,1,0,0,0,0,0,0,1,0,0,0,0,0,0,0,0,0,0,0,0,0,0,0,0,0,0,0,0,0,0,0,0,0,0,0,0,0,0,0,0,0
868,21.93167,58.63833,2016,EE,2,296,22.0,30,20.0,365,0,46.0,13.90329282138738,1033.9835239050474,24.0,8.334129333496094,234.69793701171875,6.72,11.52,1,1,1,0,1,0,0,0,0,0,0,0,0,0,0,0,0,0,0,0,0,0,0,1,0,0,0,0,0,0,0,0,0,0,0,0,0,0,0,0,0,0,0,0,0
869,22.10833,58.7,2016,EE,3,296,15.0,15,20.0,630,1,37.0,18.23745936675596,1046.480876034131,22.0,8.332697868347168,246.6979522705078,6.56,11.98,1,1,1,0,1,0,0,0,0,0,0,0,0,0,0,0,0,0,0,0,0,0,0,0,0,0,0,0,0,0,0,0,0,0,0,0,0,0,0,0,0,0,0,0,0
870,23.26,59.29167,2016,EE,4,297,45.0,15,20.0,455,1,86.0,6.627040094757682,1142.8112960423712,41.0,8.201821327209473,127.9034652709961,7.96,5.52,1,1,1,0,1,0,0,0,0,0,0,1,0,0,0,0,0,0,0,0,0,0,0,0,0,0,0,0,0,0,0,0,0,0,0,0,0,0,0,0,0,0,0,0,0
871,23.79167,59.40333,2016,EE,5,297,40.0,15,20.0,720,1,67.0,8.613769346435726,1176.4382236256174,27.0,8.122454643249512,93.21034240722656,7.01,6.76,1,1,1,0,1,0,0,0,0,0,0,1,0,0,0,0,0,0,0,0,0,0,0,0,0,0,0,0,0,0,0,0,0,0,0,0,0,0,0,0,0,0,0,0,0
872,27.38833,59.54333,2016,EE,6,298,13.0,15,20.0,365,0,38.0,10.195748069017318,1384.5763450029865,25.0,7.451189041137695,164.35890197753906,4.37,11.7,1,1,1,0,1,0,0,0,0,0,0,1,0,0,0,0,0,0,0,0,0,1,0,0,0,0,0,0,0,0,0,0,0,0,0,0,0,0,0,0,0,0,0,0,0
873,26.97333,59.58667,2016,EE,7,298,22.0,15,20.0,495,1,48.0,14.99786758166831,1360.4052569873177,26.0,7.523510932922363,152.86778259277344,4.86,11.66,1,1,1,0,1,0,0,0,1,0,0,1,0,0,0,0,0,0,0,0,0,0,0,0,0,0,0,0,0,0,0,0,0,0,0,0,0,0,0,0,0,0,0,0,0
874,26.31,59.75,2016,EE,8,298,35.0,15,19.0,705,1,81.0,18.63205767559796,1322.4385440367585,46.0,7.737498760223389,95.1213836669922,6.34,6.32,1,1,1,0,1,0,0,0,0,0,1,1,0,0,0,0,0,0,0,0,0,0,0,1,0,0,0,0,0,0,0,0,0,0,0,0,0,0,0,0,0,0,0,0,0
875,25.81167,59.76,2016,EE,9,298,40.0,20,19.0,850,0,74.0,11.63720430743865,1295.5948773021942,34.0,7.765568733215332,100.99057006835938,7.14,5.44,1,1,1,0,1,0,0,0,0,0,0,1,0,0,0,0,0,0,0,0,0,0,0,0,0,0,0,0,0,0,0,0,0,0,0,0,0,0,0,0,0,0,0,0,0
876,12.1848,54.3997,2016,DE,1,275,11.0,30,7.0,1084,-1,20.0,14.492798096698714,465.7806585642751,9.0,8.318342208862305,175.84649658203125,14.61,14.2,1,1,1,1,0,0,1,1,1,0,0,0,1,1,0,0,0,0,0,0,0,0,0,0,0,0,1,0,0,1,0,0,0,0,0,0,0,0,0,0,0,0,0,0,0
877,12.3055,54.5432,2016,DE,2,275,10.0,30,7.0,1182,-1,23.0,14.705039504854794,449.70754260711567,13.0,8.208584785461426,186.74940490722656,12.4,14.06,1,1,1,1,0,1,1,1,1,0,1,0,1,1,0,0,0,0,0,1,0,0,0,1,0,0,0,0,0,0,0,0,0,0,0,0,0,0,0,0,0,0,0,0,0
878,13.2253,54.7168,2016,DE,3,275,10.0,15,7.0,1433,-1,27.0,5.63991772828788,438.4293012963432,17.0,8.135847091674805,267.4618225097656,8.52,14.52,1,1,0,0,0,1,1,0,1,1,1,0,1,0,0,0,0,0,0,0,0,0,0,0,1,0,0,0,0,0,0,0,0,0,0,0,0,0,0,0,0,0,0,0,0
879,13.6667,54.7163,2016,DE,4,276,10.0,30,7.0,122,-1,40.0,14.917195405704046,448.5202718174231,30.0,8.1685152053833,233.06814575195312,7.84,14.43,1,1,1,1,0,0,1,0,1,0,1,0,0,0,0,0,0,0,0,1,0,0,0,0,0,0,0,0,1,0,0,0,0,0,0,0,0,0,0,0,0,0,0,0,0
880,14.1165,54.6392,2016,DE,5,276,10.5,30,6.0,1006,0,26.0,29.395696876568305,472.1362234570264,15.5,7.915426731109619,237.27462768554688,7.68,14.0,1,1,0,0,0,0,0,0,0,0,1,0,0,0,0,0,0,0,0,0,0,0,0,0,0,0,0,0,0,0,0,0,0,0,0,0,0,0,0,0,0,0,0,0,0
881,13.8118,54.5657,2016,DE,6,276,12.0,20,7.0,1136,-1,22.0,8.060918491811352,467.4259647840641,10.0,7.170623779296875,249.44461059570312,7.79,13.89,1,1,0,1,0,0,0,0,1,0,1,0,0,0,0,0,0,0,0,0,0,0,0,0,0,0,0,0,0,0,0,0,0,0,0,0,0,0,0,0,0,0,0,0,0
882,13.7232,54.4733,2016,DE,7,276,11.0,10,8.0,1223,-1,22.0,6.1464639294868775,474.2391031204932,11.0,5.989912509918213,249.10487365722656,7.86,13.96,1,1,1,1,0,0,1,0,1,0,1,1,0,0,0,0,0,0,0,0,0,0,0,0,0,0,0,0,0,0,1,0,0,0,0,0,0,0,0,0,0,0,0,0,1
883,14.7083,54.6855,2016,DE,8,277,10.0,30,7.0,98,-1,49.0,38.6893916692562,497.2975322957771,39.0,8.745556831359863,244.30767822265625,7.52,14.38,1,1,0,1,0,0,1,0,0,0,0,0,0,0,0,0,0,0,0,0,0,0,0,0,0,0,0,0,0,0,0,0,0,0,0,0,0,0,0,0,0,0,0,0,0
884,11.321,54.1342,2016,DE,9,277,11.0,30,8.0,1119,-1,21.0,14.550862958778056,469.4882033166473,10.0,9.311845779418944,41.33479690551758,17.49,14.42,1,1,1,1,0,0,1,1,1,0,0,0,1,0,0,1,0,0,0,0,0,0,0,0,0,0,0,0,0,0,0,0,0,0,0,0,0,0,0,0,0,0,0,0,0
885,11.1565,54.6007,2016,DE,10,278,14.0,30,8.0,1051,0,28.0,9.303862082390948,414.8550895047394,14.0,8.439123153686523,152.62339782714844,18.79,14.55,1,1,1,1,0,0,1,1,0,0,0,0,1,0,0,0,0,0,0,0,0,0,0,0,0,0,0,0,0,1,0,0,0,0,0,0,0,0,0,0,0,0,0,0,0
886,10.7158,54.5902,2016,DE,11,278,11.0,30,8.0,1204,-1,24.0,14.91715983073499,415.7819756928309,13.0,10.13361644744873,177.63145446777344,16.32,14.82,1,1,1,1,0,0,1,1,1,0,1,0,1,1,0,1,0,0,0,1,0,0,0,0,0,0,1,0,1,0,0,0,0,0,1,0,0,0,0,0,0,0,0,0,0
887,10.6917,54.4967,2016,DE,12,278,10.0,30,8.0,1291,-1,21.0,16.180002442652135,425.9777237618482,11.0,10.531534194946287,199.12515258789065,16.71,14.81,1,1,0,1,0,0,1,1,1,1,1,0,1,0,0,1,0,0,0,0,0,0,0,0,0,0,0,0,0,0,0,0,0,0,0,0,0,0,0,0,0,0,0,0,0
888,10.3493,54.6663,2016,DE,13,279,11.0,13,8.0,176,-1,21.0,18.25728239538459,412.6641141102573,10.0,10.392135620117188,93.01433563232422,17.05,15.22,1,1,1,1,0,0,1,1,0,1,1,0,1,0,0,0,0,0,0,0,0,0,0,0,0,0,0,0,0,0,0,0,0,0,0,0,0,0,0,0,0,0,0,0,0
889,10.189,54.6248,2016,DE,14,279,14.0,30,7.0,1003,0,22.0,10.464194609164784,421.92224380961454,8.0,10.974370002746582,148.23826599121094,18.38,15.59,1,1,0,0,0,1,1,1,0,1,0,0,0,0,0,0,0,1,0,0,0,0,0,0,0,0,0,0,0,0,0,0,0,0,0,0,0,0,0,0,0,0,0,0,0
890,10.1665,54.8217,2016,DE,15,279,18.0,21,7.5,1126,-1,30.0,9.11578192584614,406.24250806671927,12.0,10.80922031402588,61.14131927490234,21.42,14.57,1,1,1,1,0,1,1,1,0,0,0,0,1,0,0,0,0,0,0,0,0,0,0,0,0,0,0,0,0,1,0,0,0,0,0,0,0,1,0,0,0,0,0,0,0
891,10.07,55.0127,2016,DE,16,279,23.0,30,8.0,1233,-1,35.0,4.858926145492186,384.02907725136646,12.0,10.871870040893556,48.5770378112793,24.63,13.06,1,1,1,1,0,0,1,1,0,1,0,0,0,0,0,0,0,0,0,1,0,0,0,0,0,0,0,0,0,0,0,0,0,0,0,0,0,0,0,0,0,0,0,0,0
892,9.776,55.1277,2016,DE,17,279,10.0,30,8.0,1358,-1,24.0,5.617902135288257,368.5639513856653,14.0,11.414029121398926,34.82830810546875,16.76,15.27,1,1,1,1,0,0,1,1,0,0,0,0,1,0,0,0,0,0,0,1,0,0,0,0,0,0,1,0,1,0,0,0,1,0,0,0,0,0,0,0,0,1,0,0,0
893,10.2108,55.6997,2016,DE,18,280,9.0,30,7.5,1012,0,20.0,6.037087997035042,294.566525035676,11.0,10.818276405334473,153.8780975341797,19.26,14.29,1,1,1,0,0,0,0,1,0,0,0,0,0,0,0,0,0,0,0,0,0,0,0,0,0,0,1,0,0,1,0,0,0,0,0,0,0,0,0,0,0,0,0,0,0
894,10.4797,55.8915,2016,DE,19,280,10.0,30,7.0,1182,-1,27.0,4.845689635086951,267.7661931624458,17.0,9.942534446716309,161.95721435546875,19.28,14.24,1,0,1,0,0,0,1,1,1,1,0,0,1,1,0,1,0,0,0,0,0,0,0,0,0,0,0,1,1,1,0,0,0,0,1,0,0,0,0,0,0,0,0,0,0
895,10.5202,56.003,2016,DE,20,280,15.0,30,8.0,1263,-1,27.0,2.037067591277038,254.6267019571736,12.0,10.218133926391602,211.65936279296875,21.65,14.39,0,1,1,1,0,0,1,1,0,1,0,0,1,0,0,1,0,1,0,0,0,0,0,0,0,0,0,1,0,1,0,0,0,0,1,0,0,0,0,0,0,0,0,0,0
896,11.0075,55.8902,2016,DE,21,281,11.0,30,8.0,33,-1,21.0,5.440818966862065,263.91443094046434,10.0,9.57054042816162,201.3623504638672,17.38,14.71,1,1,1,1,0,0,1,1,1,1,0,0,1,1,0,1,0,0,0,0,0,0,0,0,0,0,1,1,0,1,0,0,0,0,1,0,0,0,0,0,0,0,0,0,0
897,10.9233,55.5607,2016,DE,22,281,9.0,30,6.0,1025,0,28.0,9.634199331587393,301.88131712855585,19.0,8.97354507446289,185.3863067626953,15.32,14.34,1,1,1,0,0,0,1,1,1,1,1,0,1,1,0,0,0,0,0,0,0,0,0,0,0,0,1,0,0,1,0,0,0,0,0,0,0,0,0,0,0,0,0,0,0
898,10.9075,55.3998,2016,DE,23,281,9.0,30,8.0,1146,-1,24.0,8.402013030506403,321.32820331664726,15.0,8.99754524230957,142.91375732421875,17.17,14.39,1,1,1,0,0,0,1,1,1,1,0,0,0,1,0,1,0,0,0,0,0,0,0,0,0,0,0,0,0,1,0,0,0,0,0,0,0,0,0,0,0,0,0,0,0
899,10.9917,55.2857,2016,DE,24,281,9.0,30,7.0,1247,-1,22.0,4.897186320185622,333.37772376185103,13.0,8.85605239868164,190.8349609375,16.55,14.28,1,1,1,1,0,1,1,1,0,1,0,0,1,0,0,0,0,1,0,1,0,0,1,0,0,0,1,0,0,0,0,0,0,0,0,0,0,1,0,0,0,0,0,0,0
900,11.28,55.1437,2016,DE,25,281,8.0,30,7.0,1389,-1,19.0,6.536618424442746,351.82519168430025,11.0,8.709390640258789,175.61196899414062,14.0,14.32,1,1,1,1,0,0,1,0,1,0,0,0,1,1,0,0,0,0,0,0,0,0,0,0,0,0,0,1,1,1,0,0,0,0,0,0,0,0,0,0,0,0,0,0,0
901,12.2442,54.7572,2016,DE,26,283,10.0,30,8.0,1013,0,20.0,9.703601104124102,425.8967261506281,10.0,8.034990310668945,226.49546813964844,10.16,14.17,1,1,1,1,0,0,1,1,0,0,1,0,0,0,0,0,0,0,0,0,0,0,0,0,0,0,0,0,0,0,0,0,0,0,0,0,0,0,0,0,0,0,0,0,0
902,12.707,54.9003,2016,DE,27,283,12.0,30,8.0,1168,-1,20.0,11.782005525170886,416.7088618809224,8.0,8.32357406616211,253.60482788085932,7.92,14.51,1,1,1,1,0,0,1,1,1,0,1,0,1,1,0,0,0,0,0,1,0,0,0,0,1,0,0,1,1,0,0,0,0,0,0,0,0,0,0,0,0,0,0,0,0
903,13.4117,54.9003,2016,DE,28,283,40.0,30,7.0,1360,-1,46.0,24.09904089040399,422.27275844272606,6.0,8.385354995727539,148.7769317626953,15.14,14.54,1,1,1,1,0,0,1,1,1,1,1,0,0,0,0,0,0,0,0,1,0,0,0,0,0,0,0,0,0,0,0,0,0,0,0,0,0,0,0,0,0,0,0,0,0
904,14.0182,54.899,2016,DE,29,284,32.0,30,8.0,95,-1,44.0,42.5661153335256,448.1516644622063,12.0,8.329354286193848,188.5049285888672,13.76,14.39,1,1,1,1,0,1,1,0,1,1,0,0,0,0,0,0,0,0,0,1,0,0,0,0,0,0,0,0,0,0,0,0,0,0,0,0,0,0,0,0,0,0,0,0,0
905,12.7443,55.8708,2016,DE,30,284,17.0,40,8.0,1089,-1,39.0,2.9849554621892547,305.5257180892701,22.0,8.03890323638916,159.506591796875,28.62,14.7,1,1,1,1,0,0,1,0,0,0,0,0,0,0,0,0,0,0,0,1,0,0,1,0,0,0,0,0,0,1,0,0,0,0,0,0,0,0,0,0,0,0,0,0,0
906,12.6662,55.939,2016,DE,31,284,25.0,30,8.0,1201,-1,25.0,2.7806585642779003,296.6546559891288,0.0,8.3113431930542,150.2032012939453,30.83,14.25,1,0,1,1,0,0,0,0,0,0,0,0,0,0,0,0,0,0,0,0,0,0,0,0,0,0,0,0,0,0,0,0,0,0,0,0,0,0,0,0,0,0,0,0,0
907,12.41,56.1547,2016,DE,32,284,14.0,30,8.0,1391,-1,25.0,5.57506928420932,266.8655723517156,11.0,9.781232833862305,161.38963317871094,28.96,14.47,0,1,1,1,0,0,1,1,0,1,0,0,1,0,0,0,0,0,0,0,0,0,1,0,0,0,0,0,0,0,0,0,0,0,0,0,0,0,0,0,0,0,0,0,0
908,12.4307,56.467,2016,DE,33,285,18.5,30,7.0,998,0,29.0,7.406171025547152,238.7244267523309,10.5,9.87154483795166,161.18820190429688,30.48,14.62,1,1,1,0,0,0,1,1,0,1,0,0,0,1,0,0,0,0,0,0,0,0,1,0,0,0,0,1,0,0,0,0,0,0,0,0,0,0,0,0,0,0,0,1,0
909,12.3928,56.6882,2016,DE,34,285,23.0,30,7.0,1125,-1,28.0,15.649896409523208,219.04400468750555,5.0,10.417134284973145,177.97149658203125,32.78,12.93,1,1,0,1,0,0,1,1,1,1,0,0,1,1,0,1,0,0,0,1,0,0,1,0,0,0,0,0,0,0,0,1,0,0,0,0,0,0,0,1,0,0,0,0,0
910,12.2582,56.8182,2016,DE,35,285,27.5,30,8.0,1219,-1,37.0,13.4961919733229,203.8117452168759,9.5,10.752981185913086,193.2943878173828,33.37,12.13,1,1,0,1,0,0,1,1,1,1,0,0,1,0,0,1,0,0,0,1,0,0,1,0,0,0,0,0,0,0,0,1,0,0,0,0,0,0,0,0,0,0,0,0,0
911,11.7995,56.8742,2016,DE,36,285,49.0,30,8.0,1387,-1,54.0,18.213542985540784,178.9865377125363,5.0,11.199369430541992,179.6580352783203,33.33,12.64,1,0,0,0,0,0,1,1,1,0,0,0,1,1,0,1,0,0,0,1,0,0,1,0,0,0,0,0,0,0,0,0,0,0,0,0,0,0,0,0,0,0,0,0,0
912,11.6198,56.616,2016,DE,37,286,20.0,30,8.0,1024,0,30.0,8.884530036864371,196.86409999049184,10.0,10.785770416259766,187.41514587402344,31.86,15.18,1,1,0,0,0,0,1,1,0,0,0,0,1,0,0,1,0,1,0,0,0,0,1,0,0,0,0,1,0,0,0,0,0,0,0,0,0,0,0,0,1,0,0,0,0
913,11.8303,56.6182,2016,DE,38,286,25.5,30,8.0,1143,-1,33.0,17.143629726479954,203.05470943924547,7.5,11.15929889678955,180.77456665039065,32.54,14.25,1,1,1,0,0,0,1,1,0,0,0,0,0,1,0,1,0,1,0,0,0,0,0,0,0,0,1,1,0,0,0,0,0,0,0,0,0,0,0,0,0,0,0,0,0
914,12.1155,56.4342,2016,DE,39,286,17.5,30,8.0,1322,-1,29.0,26.17060553463051,230.50577914889396,11.5,11.155234336853027,177.15643310546875,26.75,15.07,1,1,0,1,0,0,1,1,0,1,0,0,0,0,0,1,0,1,0,0,0,0,0,0,0,0,0,0,0,0,0,0,0,0,0,0,0,0,0,0,0,0,0,0,0
915,11.7105,56.3673,2016,DE,40,287,16.0,30,8.0,21,-1,23.0,18.53772376185102,223.14523143877216,7.0,10.55018424987793,174.19851684570312,24.93,15.31,1,1,1,1,0,0,1,1,0,1,0,0,1,1,0,1,0,0,0,0,0,0,0,0,0,0,0,1,0,0,0,0,0,0,0,0,0,0,0,0,0,0,0,0,0
916,11.2437,56.3577,2016,DE,41,287,12.0,30,7.0,159,-1,26.0,20.27844879036049,212.31066395222504,14.0,10.074918746948242,178.28233337402344,19.34,14.53,1,1,1,1,0,0,1,1,0,1,0,0,1,0,0,1,0,0,0,0,0,0,1,0,0,0,0,0,0,0,0,0,0,0,0,0,0,0,0,0,0,0,0,0,0
917,10.9663,56.1985,2016,DE,42,287,11.5,30,8.0,1003,0,21.0,11.3188297596094,227.8013171285558,9.5,9.96444320678711,175.3594207763672,20.95,14.46,0,0,1,0,0,0,1,1,0,1,0,0,1,0,0,1,0,0,0,0,0,0,1,0,0,0,0,1,0,0,0,0,0,0,0,0,0,0,0,0,0,0,0,0,0
918,11.4877,56.1188,2016,DE,43,287,12.0,30,7.0,1195,-1,22.0,15.80143101069661,242.8822048317102,10.0,10.246590614318848,203.0369873046875,20.99,14.83,1,1,1,0,0,1,1,1,0,1,0,0,0,0,0,1,0,0,0,0,0,0,0,0,1,0,0,1,0,0,0,0,0,0,0,0,0,0,0,0,0,0,0,0,0
919,12.2587,56.1955,2016,DE,44,288,14.0,30,7.0,1436,-1,24.0,8.341975692830871,257.24843551598025,10.0,10.328986167907717,171.30751037597656,29.09,15.02,1,1,1,1,0,0,1,1,0,1,0,0,1,1,0,1,0,0,0,0,0,0,1,0,0,0,0,0,0,0,0,0,0,0,0,0,0,0,0,0,0,0,0,0,0
920,12.6613,55.0847,2016,DE,45,290,10.0,30,8.0,1054,-1,22.0,12.097127761020245,395.40820331664446,12.0,8.260520935058594,274.9521789550781,8.04,14.57,1,1,1,1,0,0,0,1,1,0,0,0,1,1,0,0,0,0,0,0,0,0,0,0,0,0,0,1,1,1,0,0,0,0,0,0,0,0,0,0,0,0,0,0,0
921,13.0867,55.0837,2016,DE,46,290,20.5,30,8.0,1208,-1,30.0,31.957682144071654,396.33508950473873,9.5,8.305621147155762,264.4064025878906,8.13,14.39,1,1,1,1,0,0,1,1,1,1,1,0,0,0,0,0,0,0,0,0,0,0,0,0,0,0,0,0,0,0,0,0,0,0,0,0,0,0,0,0,0,0,0,0,0
922,13.7637,55.0848,2016,DE,47,290,23.0,30,8.0,1395,-1,46.0,36.046004968142206,421.9242383081111,23.0,8.4010648727417,132.8573760986328,7.8,12.85,1,1,1,1,0,0,1,1,1,1,0,0,0,0,0,0,0,0,0,0,0,0,0,0,0,0,0,0,0,0,0,0,0,0,0,0,0,0,0,0,0,0,0,0,0
923,14.2207,55.0377,2016,DE,48,291,35.0,30,7.0,137,-1,47.0,30.76150408533416,448.5693785916383,12.0,8.455206871032715,149.9696502685547,13.69,14.29,1,1,0,1,0,0,1,1,1,1,1,0,0,0,0,0,0,0,0,0,0,0,0,0,0,0,0,0,0,0,0,0,0,0,0,0,0,0,0,0,0,0,0,0,0
924,14.3568,55.3185,2016,DE,49,291,28.0,30,8.0,1036,-1,46.0,12.631724730527768,448.4359750072773,18.0,8.538167953491211,226.3582763671875,7.51,11.51,1,1,1,1,0,0,0,0,0,0,1,0,0,0,0,0,0,0,0,1,0,0,0,0,0,0,0,0,0,0,0,0,0,0,0,0,0,0,0,0,0,0,0,0,0
925,13.7397,55.2442,2016,DE,50,291,21.5,30,8.0,1223,-1,41.0,18.395876973152205,411.11175500395314,19.5,8.526552200317383,178.7803955078125,7.46,13.1,1,1,1,1,0,0,1,0,1,1,1,0,0,0,0,0,0,0,0,0,0,0,0,0,0,0,0,0,0,0,0,0,0,0,0,0,0,0,0,0,0,0,0,0,0
926,13.2023,55.2673,2016,DE,51,291,11.0,30,7.0,1376,-1,37.0,10.078099876319754,380.682571908633,26.0,8.391621589660645,281.5729064941406,7.64,14.54,1,1,1,0,0,0,0,1,0,1,0,0,0,0,0,0,0,0,0,0,0,0,0,0,0,0,0,0,0,0,0,0,0,0,0,0,0,0,0,0,0,0,0,0,0
927,12.9968,55.2715,2016,DE,52,292,13.0,30,8.0,19,-1,27.0,12.09293603435312,374.1075447523701,14.0,8.171935081481934,285.6224975585937,7.71,14.41,1,1,0,1,0,1,0,0,0,0,0,0,0,0,0,0,0,0,0,0,0,0,0,0,0,0,0,0,0,0,0,0,0,0,0,0,0,0,0,0,0,0,0,0,0
928,12.7552,55.813,2016,DE,53,292,11.0,30,7.0,1037,-1,22.0,5.384161554593848,311.55917195104684,11.0,8.239079475402832,141.58477783203125,22.37,14.53,1,1,1,1,0,0,0,1,0,0,0,0,1,0,0,0,0,0,0,0,0,0,0,0,0,0,0,0,0,0,0,0,0,0,0,0,0,0,0,0,0,0,0,1,0
929,12.74,55.8827,2016,DE,54,292,23.0,30,6.0,1179,-1,32.0,2.422413798740587,304.6962500943029,9.0,8.388311386108398,199.08621215820312,26.21,14.94,1,1,1,1,0,0,1,0,0,0,0,0,1,0,0,0,0,0,0,1,0,0,0,0,0,0,0,1,0,0,0,0,0,0,0,0,0,0,0,0,0,0,0,1,0
930,12.4425,56.1412,2016,DE,55,292,16.0,30,8.0,1380,-1,25.0,5.07443097907208,269.6321490490521,9.0,9.522869110107422,161.9831085205078,29.75,14.15,1,1,1,0,0,0,1,1,0,1,1,0,0,1,0,1,0,0,0,0,0,0,0,0,0,0,0,0,0,0,0,0,0,0,0,0,0,0,0,0,0,0,0,0,0
931,24.374166,59.832165,2016,FI,1,266,20.0,16,16.0,910,1,53.0,11.122634257108771,1230.3236331192045,33.0,8.042716026306152,280.2974548339844,5.26,11.73,1,1,1,0,1,0,0,0,1,0,0,1,0,0,0,0,0,0,0,0,0,0,0,0,0,0,0,0,0,0,0,0,0,0,0,0,0,0,0,0,0,0,0,0,0
932,19.165167,61.1645,2016,FI,10,268,15.0,30,20.0,957,0,68.0,81.77755276293699,1188.98754475237,53.0,8.631031036376953,232.5699615478516,4.99,11.04,1,1,1,0,1,0,0,0,0,0,0,0,0,0,0,0,0,0,0,0,0,0,0,0,0,0,0,0,0,0,0,0,0,0,0,0,0,0,0,0,0,0,0,0,0
933,18.964666,61.3335,2016,FI,11,268,16.0,60,20.0,1145,-1,72.0,83.0692859827405,1208.4344309404644,56.0,8.675546646118164,248.2549591064453,5.0,10.34,1,0,1,0,0,0,0,0,0,0,0,0,0,0,0,0,0,0,0,0,0,0,0,0,0,0,0,0,0,0,0,0,0,0,0,0,0,0,0,0,0,0,0,0,0
934,17.9815,61.311832,2016,FI,12,269,15.0,69,20.0,1423,-1,63.0,37.17140428547728,1208.519191268042,48.0,8.49825668334961,222.4789123535156,4.83,9.9,1,0,1,0,0,0,0,0,0,0,0,0,0,0,0,0,0,0,1,0,0,0,0,0,0,0,0,0,0,0,0,0,0,0,0,0,0,0,0,0,0,0,0,0,0
935,17.986834,61.98517,2016,FI,13,269,17.0,73,20.0,841,1,72.0,24.551130377496115,1284.3682033166488,55.0,8.450094223022461,241.61990356445312,4.87,8.22,1,0,1,0,1,0,0,0,0,0,0,0,0,0,0,0,0,0,1,0,0,0,0,0,0,0,0,0,0,0,0,0,0,0,0,0,0,0,0,0,0,0,0,0,0
936,18.205667,61.916668,2016,FI,14,269,13.0,65,20.0,1020,0,75.0,35.954027541154026,1276.0439513856645,62.0,8.564397811889648,237.44813537597656,4.81,10.19,1,1,1,0,0,0,0,0,0,0,0,0,0,0,1,0,0,0,0,0,0,0,0,0,0,0,0,0,0,0,0,0,0,0,0,0,0,0,0,0,0,0,0,0,0
937,18.224667,62.047333,2016,FI,15,269,13.0,60,20.0,1233,-1,86.0,31.402613496289064,1291.7832928213877,73.0,8.538137435913086,244.64781188964844,4.87,10.22,1,1,1,0,1,0,0,0,0,0,0,0,0,0,0,0,1,0,0,0,0,0,0,0,0,0,0,0,0,0,0,0,0,0,0,0,0,0,0,0,0,0,0,0,0
938,18.494833,62.1025,2016,FI,16,270,13.0,49,20.0,1422,-1,86.0,41.35167505836573,1299.1806585642746,73.0,8.635879516601562,250.1512908935547,4.95,10.03,1,0,1,0,1,0,0,0,0,0,0,0,0,0,0,0,0,0,0,0,0,0,0,0,0,0,0,0,0,0,0,0,0,0,0,0,0,0,0,0,0,0,0,0,0
939,19.323166,62.481167,2016,FI,17,270,80.0,90,20.0,300,0,141.0,62.701044059019054,1342.7088618809216,61.0,8.472782135009766,274.5996398925781,5.9,3.71,1,0,1,0,1,0,0,0,0,0,0,0,0,0,0,0,1,0,1,0,0,0,0,0,0,0,0,0,0,0,0,0,0,0,0,0,0,0,0,0,0,0,0,0,0
940,18.912167,62.678165,2016,FI,18,270,90.0,93,17.0,749,1,204.0,31.910215136810333,1365.863292821386,114.0,8.423062324523926,279.19537353515625,5.99,3.71,1,0,1,0,1,0,0,0,1,0,0,0,0,0,0,0,1,0,1,0,0,0,0,0,0,0,0,0,0,0,0,0,0,0,0,0,0,0,0,0,0,0,0,0,0
941,19.345,62.613335,2016,FI,19,270,13.0,68,17.0,990,0,136.0,54.10416209062149,1358.448203316647,123.0,8.42981243133545,273.8253479003906,4.85,10.53,1,1,1,0,1,0,0,0,0,0,0,0,0,0,0,0,1,0,1,0,0,0,0,0,0,0,0,0,0,0,0,0,0,0,0,0,0,0,0,0,0,0,0,0,0
942,23.231,59.649166,2016,FI,2,266,25.0,10,16.0,1228,-1,65.0,19.117398504767166,1166.7053448483186,40.0,8.255827903747559,278.20819091796875,5.88,11.41,1,1,1,0,1,0,0,0,0,0,0,1,0,0,0,0,0,0,0,0,0,0,0,0,0,0,0,0,0,0,0,0,0,0,0,0,0,0,0,0,0,0,0,0,0
943,19.293333,63.098667,2016,FI,20,271,15.0,100,20.0,1328,-1,185.0,16.809818362141787,1414.9350895047387,170.0,8.332961082458496,279.76983642578125,4.7,10.35,1,1,1,0,0,0,0,0,1,0,0,1,0,0,1,0,0,0,1,0,0,0,0,0,0,0,0,0,0,0,0,0,0,0,0,0,0,0,0,0,0,0,0,0,0
944,20.3485,63.350166,2016,FI,21,271,68.0,72,20.0,236,0,98.0,17.968722285687107,1443.6508375737562,30.0,8.049593925476074,277.77740478515625,6.07,3.75,1,1,1,0,1,0,0,0,0,0,0,1,0,0,0,0,1,0,1,0,1,1,0,0,0,0,0,0,0,0,0,0,0,0,0,0,0,0,0,0,0,0,0,0,0
945,19.534166,62.6765,2016,FI,22,271,80.0,90,20.0,739,1,114.0,56.47323140837771,1364.9364066332917,34.0,8.397255897521973,281.6093139648437,5.89,3.78,1,0,1,0,0,0,0,0,0,0,0,0,0,0,1,0,1,0,1,0,0,0,0,0,0,0,0,0,0,0,0,0,0,0,0,0,0,0,0,0,0,0,0,0,0
946,20.114666,62.5905,2016,FI,23,271,8.0,31,20.0,977,0,90.0,48.69257791713996,1355.66754475237,82.0,8.387145042419434,288.945068359375,4.82,10.69,1,1,1,0,1,0,0,0,0,0,0,0,0,0,1,0,0,0,1,0,0,0,0,0,0,0,0,0,0,0,0,0,0,0,0,0,0,0,0,0,0,0,0,0,0
947,20.348833,62.56,2016,FI,24,271,10.0,29,20.0,1123,-1,64.0,36.73738202605557,1351.050837573756,54.0,8.270838737487793,283.1405334472656,4.78,10.67,1,1,1,0,1,0,0,0,0,0,0,1,0,0,0,0,0,0,0,0,0,0,0,0,0,1,0,0,0,0,0,0,0,0,0,0,0,0,0,0,0,0,0,0,0
948,20.6635,62.361168,2016,FI,25,272,14.0,47,20.0,1343,-1,60.0,24.34701394363439,1328.8232928213874,46.0,8.296935081481934,274.8328552246094,5.12,11.02,1,1,1,0,0,0,0,0,0,0,0,1,0,0,1,0,0,0,0,0,0,0,0,0,0,0,0,0,0,0,0,0,0,0,0,0,0,0,0,0,0,0,0,0,0
949,20.331333,62.259335,2016,FI,26,272,19.0,40,20.0,857,1,114.0,44.88153522243046,1315.8646099499406,95.0,8.3731107711792,283.696533203125,5.13,10.76,1,1,1,0,0,0,0,0,0,0,0,0,0,0,0,0,1,0,1,0,0,0,0,0,0,0,0,0,0,0,0,0,0,0,0,0,0,0,0,0,0,0,0,0,0
950,20.37,61.9195,2016,FI,28,272,15.0,60,20.0,1248,-1,104.0,48.5045724028634,1276.9708375737562,89.0,8.394762992858887,293.2302551269531,5.16,11.1,1,1,1,0,1,0,0,0,0,0,0,0,0,0,0,0,0,0,1,0,0,0,0,0,0,0,0,0,0,0,0,0,0,0,0,0,0,0,0,0,0,0,0,0,0
951,19.907,61.836334,2016,FI,29,273,40.0,60,20.0,159,-1,86.0,74.33176785479816,1267.7019756928346,46.0,8.43940258026123,274.0646057128906,5.53,4.18,1,1,1,0,0,0,0,0,0,0,0,0,0,0,1,0,0,0,1,0,0,0,0,0,0,0,0,0,0,0,0,0,0,0,0,0,0,0,0,0,0,0,0,0,0
952,20.391666,61.247334,2016,FI,31,275,35.0,70,20.0,526,1,116.0,50.95551020426206,1207.6133797315845,81.0,8.44929027557373,295.77178955078125,5.38,4.96,1,1,1,0,1,0,0,0,0,0,0,0,0,0,1,0,0,0,0,0,0,1,0,0,0,0,0,0,0,0,0,0,0,0,0,0,0,0,0,0,0,0,0,0,0
953,20.4035,61.122665,2016,FI,32,275,17.0,48,24.0,835,1,95.0,43.45883416107115,1195.205210049224,78.0,8.441181182861328,300.9640197753906,5.22,11.29,1,1,1,0,1,0,0,0,0,0,0,0,0,0,0,0,0,0,0,0,0,0,0,0,0,0,0,0,0,0,0,0,0,0,0,0,0,0,0,0,0,0,0,0,0
954,20.5345,60.921333,2016,FI,33,275,16.0,62,20.0,1044,-1,58.0,27.45497833362073,1177.9091022419125,42.0,8.421998977661133,289.7406921386719,5.26,11.18,1,1,1,0,1,0,0,0,0,0,0,0,0,0,1,0,0,0,1,0,1,1,0,0,0,0,0,0,0,0,0,0,0,0,0,0,0,0,0,0,0,0,0,0,0
955,19.967333,60.90217,2016,FI,34,275,22.0,68,22.0,1246,-1,95.0,49.95632756857611,1161.8465362876416,73.0,8.49815559387207,307.40386962890625,5.24,10.37,1,1,1,0,0,0,0,0,0,0,0,0,0,0,0,0,0,0,0,0,0,0,0,0,0,0,0,0,0,0,0,0,0,0,0,0,0,0,0,0,0,0,0,0,0
956,19.348,60.891834,2016,FI,35,276,20.0,47,20.0,25,-1,105.0,55.09315313975781,1156.5819756928315,85.0,8.636585235595703,305.3074645996094,5.15,8.84,1,1,1,0,0,0,0,0,0,0,0,1,0,0,1,0,0,0,0,0,0,0,0,0,0,0,0,0,0,0,0,0,0,0,0,0,0,0,0,0,0,0,0,0,0
957,19.919167,59.791832,2016,FI,36,276,37.0,87,20.0,568,1,194.0,5.5613171285558005,1050.022487842641,157.0,8.637426376342773,315.4276428222656,6.44,7.28,1,1,1,0,1,0,0,0,0,0,0,1,0,0,0,0,0,0,1,0,0,0,0,0,0,0,0,0,0,0,0,0,0,0,0,0,0,0,0,0,0,0,0,0,0
958,20.500166,59.501335,2016,FI,37,276,12.0,21,20.0,910,0,61.0,43.027315414718906,1043.7259416423103,49.0,8.42220401763916,322.3507995605469,5.95,11.99,1,1,1,0,1,0,0,0,0,0,0,0,0,0,0,0,0,0,0,0,0,0,0,0,0,0,0,0,0,0,0,0,0,0,0,0,0,0,0,0,0,0,0,0,0
959,21.035,59.541,2016,FI,38,276,12.0,17,20.0,1086,-1,96.0,27.28712753367204,1067.5262226527489,84.0,8.426935195922852,234.7266387939453,6.05,12.39,1,1,1,0,0,1,0,0,0,0,0,0,0,0,0,0,0,0,0,0,0,0,0,0,0,0,0,0,0,0,0,0,0,0,0,0,0,0,0,0,0,0,0,0,0
960,22.285166,59.556667,2016,FI,39,277,24.0,13,20.0,1400,-1,66.0,25.648515310347488,1120.4413663484777,42.0,8.29094123840332,225.39865112304688,6.18,11.0,1,1,1,0,1,0,0,0,0,0,0,1,0,0,0,0,0,0,1,0,0,1,0,0,0,0,0,0,0,0,0,0,0,0,0,0,0,0,0,0,0,0,0,0,0
961,21.416666,59.544167,2016,FI,4,267,20.0,90,16.0,307,0,125.0,26.020277943153307,1084.0757313598756,105.0,8.45692253112793,92.7323989868164,6.24,11.92,1,1,1,0,1,0,0,0,0,0,0,1,0,0,0,0,0,0,0,0,0,0,0,0,0,0,0,0,0,0,0,0,0,0,0,0,0,0,0,0,0,0,0,0,0
962,23.5045,59.55467,2016,FI,40,277,30.0,20,20.0,241,0,86.0,29.4817733133041,1174.0413273611807,56.0,8.215328216552734,94.85121154785156,6.04,11.15,1,1,1,0,1,0,0,0,0,0,0,0,0,0,1,0,0,0,0,0,0,0,0,0,0,0,0,0,0,0,0,0,0,0,0,0,0,0,0,0,0,0,0,0,0
963,26.379667,60.053165,2016,FI,41,277,19.0,17,20.0,911,0,71.0,27.494583812758048,1338.8393721092218,52.0,7.778407573699951,90.4778060913086,4.89,12.32,1,1,1,0,1,0,0,0,0,0,0,1,0,0,1,0,0,0,0,0,0,0,0,0,0,0,0,0,0,0,0,0,0,0,0,0,0,0,0,0,0,0,0,0,0
964,25.559834,59.92317,2016,FI,43,278,21.0,20,20.0,1279,-1,68.0,27.64964896070328,1291.5993714960111,47.0,7.970163345336914,93.9514617919922,5.29,12.28,1,1,1,0,0,0,0,0,0,0,1,1,0,0,1,0,0,0,0,0,0,0,0,0,0,0,0,0,0,0,0,0,0,0,0,0,0,0,0,0,0,0,0,0,0
965,25.348833,60.0085,2016,FI,44,278,23.0,22,20.0,20,-1,59.0,18.20737729085552,1285.8557021934914,36.0,7.883360385894775,204.7660369873047,5.24,11.3,1,1,1,0,1,0,0,0,0,0,0,1,0,0,0,0,0,0,0,0,0,0,0,0,0,0,0,0,0,0,0,0,0,0,0,0,0,0,0,0,0,0,0,0,0
966,19.411,60.105,2016,FI,5,267,17.0,58,17.0,860,1,226.0,8.720065276015454,1067.24898572025,209.0,8.572937965393066,317.0954284667969,5.53,10.16,1,1,1,0,1,0,0,0,1,0,0,0,0,0,0,0,0,0,1,0,0,0,0,0,0,0,0,0,0,0,0,0,0,0,0,0,0,0,0,0,0,0,0,0,0
967,18.932167,60.530167,2016,FI,6,267,17.0,62,17.0,1159,-1,96.0,21.128856777234965,1114.90754475237,79.0,8.512723922729492,322.4031982421875,5.08,10.88,1,1,1,0,1,0,0,0,0,0,0,0,0,0,0,0,0,0,1,0,0,0,0,0,0,0,0,0,0,0,0,0,0,0,0,0,0,0,0,0,0,0,0,0,0
968,18.789167,60.8655,2016,FI,7,268,16.0,85,16.0,1405,-1,75.0,42.996434274102775,1153.8013171285577,59.0,8.511730194091797,253.43641662597656,4.96,10.3,1,1,1,0,1,0,0,0,0,0,0,0,0,0,0,0,0,0,0,0,0,0,0,0,0,0,0,0,0,0,0,0,0,0,0,0,0,0,0,0,0,0,0,0,0
969,17.864334,60.773335,2016,FI,8,268,25.0,75,20.0,310,0,54.0,17.54954573819509,1156.4934491192505,29.0,8.461585998535156,272.83416748046875,5.23,5.93,1,1,1,0,1,0,0,0,0,0,0,0,0,0,0,0,0,0,1,0,0,0,0,0,0,0,0,0,0,0,0,0,0,0,0,0,0,0,0,0,0,0,0,0,0
970,18.2665,61.110332,2016,FI,9,268,14.0,30,20.0,676,1,64.0,50.53178223675869,1181.6984397540662,50.0,8.491388320922852,221.1060333251953,4.87,10.16,1,1,1,0,1,0,0,0,0,0,0,0,0,0,0,0,0,0,1,0,1,0,0,0,0,0,0,0,0,0,0,0,0,0,0,0,0,0,0,0,0,0,0,0,0
971,20.3,55.93167,2016,LT,1,287,27.0,30,11.0,530,1,39.0,46.73045732406807,830.4827669964658,12.0,9.080068588256836,268.2726745605469,7.36,10.46,0,1,0,0,0,0,0,0,0,0,0,1,0,0,0,0,0,0,0,0,0,0,0,1,0,0,0,0,0,0,0,0,0,0,0,0,0,0,0,0,0,0,0,0,0
972,19.45833,55.935,2016,LT,2,287,30.0,30,11.0,770,1,54.0,99.68990790797078,776.4545736764181,24.0,9.26874542236328,280.2721252441406,7.15,8.59,1,1,0,0,0,0,0,0,0,0,0,0,0,0,0,0,0,0,0,0,0,0,0,0,0,0,0,0,0,0,0,0,0,0,0,0,0,0,0,0,0,0,0,0,0
973,19.16,55.93333,2016,LT,3,287,67.5,30,11.0,890,0,91.0,117.88410525035646,757.1557303754757,23.5,9.031719207763672,220.18492126464844,9.92,5.64,1,1,0,0,0,0,0,0,0,0,0,0,0,0,0,0,0,0,0,0,0,0,0,0,0,0,0,0,0,0,0,0,0,0,0,0,0,0,0,0,0,0,0,0,0
974,19.78833,55.71667,2016,LT,4,288,57.0,30,11.0,380,1,77.0,80.24274605403482,798.7095831859461,20.0,9.307695388793944,157.1585235595703,9.56,5.47,1,1,0,1,0,0,0,0,0,0,0,0,0,0,0,0,0,0,0,0,0,0,0,0,0,0,0,0,0,0,0,0,0,0,0,0,0,0,0,0,0,0,0,0,0
975,20.19833,55.59333,2016,LT,5,288,56.5,30,10.0,550,1,74.0,57.14593031871703,824.3083827885233,17.5,9.195714950561523,209.52215576171875,9.65,5.64,1,0,0,0,0,0,0,0,0,0,0,0,0,0,0,0,0,0,0,0,0,0,0,0,0,0,0,0,0,0,0,0,0,0,0,0,0,0,0,0,0,0,0,0,0
976,20.78,55.57167,2016,LT,6,288,31.5,15,11.0,755,1,49.0,20.43682231900157,862.1384181498969,17.5,8.565728187561035,226.9732208251953,7.34,9.77,1,1,0,1,0,0,0,0,0,0,0,0,0,0,0,0,0,0,0,0,0,0,0,0,0,0,0,0,0,0,0,0,0,0,0,0,0,0,0,0,0,0,0,0,0
977,20.00167,56.10833,2016,LV,1,286,47.0,30,20.0,585,1,59.0,62.78479431702326,811.564066295429,12.0,9.015101432800291,269.20440673828125,8.45,5.48,1,1,0,0,0,1,0,0,0,0,0,0,0,0,0,0,0,0,0,0,0,0,0,0,0,0,0,0,0,0,0,0,0,0,0,0,0,0,0,0,0,0,0,0,0
978,20.28333,56.88334,2016,LV,10,289,68.0,30,20.0,545,1,116.0,47.85546795610023,851.234700944768,48.0,8.822606086730957,214.6327514648437,9.69,5.31,1,1,1,1,0,0,0,0,0,0,0,0,0,0,0,0,0,0,0,0,0,0,0,0,0,0,0,0,0,0,0,0,0,0,0,0,0,0,0,0,0,0,0,0,0
979,20.745,57.095,2016,LV,11,289,55.0,30,20.0,840,1,61.0,34.146121260593425,886.3800680870659,6.0,8.885906219482422,255.1903076171875,8.73,5.63,1,1,1,1,0,0,0,0,0,0,0,0,0,0,0,0,0,0,0,0,0,0,0,0,0,0,0,0,0,0,0,0,0,0,0,0,0,0,0,0,0,0,0,0,0
980,19.73833,57.38833,2016,LV,12,290,44.0,15,18.0,695,1,153.0,46.25984938128234,847.505640288465,109.0,8.716513633728027,176.77694702148438,7.42,5.01,1,1,1,0,0,0,0,0,0,0,0,0,0,0,0,0,0,0,0,0,0,0,0,0,0,0,0,0,0,0,0,0,0,0,0,0,0,0,0,0,0,0,0,0,0
981,20.075,57.345,2016,LV,13,290,60.0,30,20.0,865,1,241.0,66.71224079607099,863.2715368726061,181.0,8.779839515686035,99.12097930908205,8.66,4.99,1,1,1,0,0,0,0,0,0,0,0,0,0,0,0,0,0,0,0,0,0,0,0,0,0,0,0,0,0,0,0,0,0,0,0,0,0,0,0,0,0,0,0,0,0
982,21.00833,57.395,2016,LV,14,291,56.0,15,20.0,385,1,67.0,27.366617832814264,916.2920583232022,11.0,8.827795028686523,248.1703338623047,8.64,6.14,1,1,1,0,0,0,0,0,0,0,0,0,0,0,0,0,0,0,0,0,0,0,0,0,0,0,0,0,0,0,0,0,0,0,0,0,0,0,0,0,0,0,0,0,0
983,21.14,57.57667,2016,LV,15,291,53.0,30,20.0,520,1,65.0,30.67827448951733,931.6966608431298,12.0,8.770206451416016,221.86898803710932,9.01,5.93,1,1,1,0,0,0,0,0,0,0,0,0,0,0,0,0,0,0,0,0,0,0,0,0,0,0,0,0,0,0,0,0,0,0,0,0,0,0,0,0,0,0,0,0,0
984,20.72833,57.62167,2016,LV,16,291,64.5,30,20.0,775,1,86.0,54.391734727399054,911.862939155846,21.5,8.8474702835083,231.34225463867188,9.65,5.54,1,1,1,0,1,0,0,0,0,0,1,0,0,0,0,0,0,0,0,0,0,0,0,0,0,0,0,0,0,0,0,0,0,0,0,0,0,0,0,0,0,0,0,0,0
985,19.99667,57.7,2016,LV,17,292,62.0,15,20.0,380,0,122.0,48.03706812502972,879.6245378460565,60.0,8.715147972106934,165.43930053710938,9.3,5.25,1,1,1,0,0,0,0,0,0,0,0,0,0,0,0,0,0,0,0,0,0,0,0,0,0,0,0,0,0,0,0,0,0,0,0,0,0,0,0,0,0,0,0,0,0
986,20.21167,57.90833,2016,LV,18,292,66.0,30,20.0,595,1,122.0,51.4811398717185,903.76638800506,56.0,8.746123313903809,189.3404083251953,9.47,5.22,1,1,1,0,0,0,0,0,0,0,0,0,0,0,0,0,0,0,0,0,0,0,0,0,0,0,0,0,0,0,0,0,0,0,0,0,0,0,0,0,0,0,0,0,0
987,20.69833,57.90667,2016,LV,19,292,50.0,30,23.0,815,1,100.0,71.00450829500775,927.3525574860328,50.0,8.821663856506348,184.9940795898437,8.42,5.18,1,1,1,0,1,0,0,0,0,0,0,0,0,0,0,0,0,0,0,0,0,0,0,0,0,0,0,0,0,0,0,0,0,0,0,0,0,0,0,0,0,0,0,0,0
988,19.63167,56.105,2016,LV,2,286,32.0,30,20.0,730,1,50.0,85.27797329726427,788.8265963488745,18.0,9.023906707763672,304.1273498535156,7.13,7.15,1,1,0,0,0,0,0,0,0,0,0,0,0,0,0,0,0,0,0,0,0,0,0,0,0,0,0,0,0,0,0,0,0,0,0,0,0,0,0,0,0,0,0,0,0
989,21.35333,57.925,2016,LV,20,293,55.0,30,20.0,340,0,67.0,37.49970012969356,961.1425578165952,12.0,8.733874320983887,216.00685119628903,9.09,5.34,1,1,1,0,1,0,0,0,0,0,0,0,0,0,0,0,0,0,0,0,0,0,0,0,0,0,0,0,0,0,0,0,0,0,0,0,0,0,0,0,0,0,0,0,0
990,20.96167,58.08167,2016,LV,21,293,39.0,30,18.0,565,1,65.0,55.34879497945894,951.4742073684544,26.0,8.7960844039917,234.9853515625,7.96,5.56,1,1,1,1,1,0,0,0,0,0,0,0,0,0,0,0,0,0,0,0,0,0,0,0,0,0,0,0,0,0,0,0,0,0,0,0,0,0,0,0,0,0,0,0,0
991,20.47833,58.125,2016,LV,22,293,51.0,30,20.0,750,1,96.0,69.00232963509953,932.068784495409,45.0,8.684324264526367,188.5761260986328,8.22,5.03,1,1,1,0,1,0,0,0,0,0,0,0,0,0,0,0,0,0,0,0,0,0,0,0,0,0,0,0,0,0,0,0,0,0,0,0,0,0,0,0,0,0,0,0,0
992,21.15333,57.38334,2016,LV,23,294,50.0,30,20.0,330,0,67.0,18.49644039393287,923.4770512511164,17.0,8.679302215576172,229.7162628173828,9.28,5.64,1,1,1,1,1,0,0,0,0,0,0,0,0,0,0,0,0,0,0,0,0,0,0,0,0,0,0,0,0,0,0,0,0,0,0,0,0,0,0,0,0,0,0,0,0
993,19.14667,56.38334,2016,LV,3,287,35.0,30,20.0,340,0,125.0,80.26587340985093,766.741394311979,90.0,8.671311378479004,183.67970275878903,7.06,6.4,1,1,1,1,0,0,0,0,0,0,0,0,0,0,0,0,0,0,0,0,0,0,0,1,0,0,0,0,0,0,0,0,0,0,0,0,0,0,0,0,0,0,0,0,0
994,19.78333,56.385,2016,LV,4,287,65.0,30,20.0,585,1,99.0,73.89750179666808,804.7793492688849,34.0,8.842896461486816,221.7899169921875,9.7,5.41,1,1,0,1,0,0,0,0,0,0,0,0,0,0,0,0,0,0,0,0,0,0,0,0,0,0,0,0,0,0,0,0,0,0,0,0,0,0,0,0,0,0,0,0,0
995,20.05333,56.38667,2016,LV,5,287,60.0,15,20.0,770,1,76.0,56.45121348454475,822.1233324785486,16.0,8.92974853515625,241.3824005126953,8.73,5.32,1,1,0,1,0,0,0,0,0,0,0,0,0,0,0,0,0,0,0,0,1,0,0,0,0,0,0,0,0,0,0,0,0,0,0,0,0,0,0,0,0,0,0,0,0
996,20.59667,56.615,2016,LV,6,288,42.5,30,20.0,305,0,49.0,25.780996842522384,860.5438701284978,6.5,8.892388343811035,261.2599792480469,8.14,6.04,1,1,1,0,0,0,0,0,0,0,0,0,0,0,0,0,0,0,0,0,0,0,0,0,0,0,0,0,0,0,0,0,0,0,0,0,0,0,0,0,0,0,0,0,0
997,19.88833,56.61666,2016,LV,7,288,74.5,15,19.0,535,1,138.0,68.17241881149553,819.8188090129966,63.5,8.67195987701416,144.69053649902344,10.48,5.5,1,1,1,1,0,0,0,0,0,0,0,0,0,0,0,0,0,0,0,0,0,0,0,0,0,0,0,0,0,0,0,0,0,0,0,0,0,0,0,0,0,0,0,0,0
998,19.1,56.66667,2016,LV,8,288,79.0,30,18.0,805,1,150.0,56.47146183435997,774.8567286363675,71.0,8.702821731567383,142.17633056640625,10.2,5.55,1,1,1,1,0,0,0,0,0,0,0,0,0,0,0,0,0,0,0,0,0,0,0,0,0,0,0,0,0,0,0,0,0,0,0,0,0,0,0,0,0,0,0,0,0
999,20.03667,56.885,2016,LV,9,289,40.0,30,20.0,370,0,158.0,61.99159833534055,837.5565419383029,118.0,8.658780097961426,147.04881286621094,7.14,5.96,1,1,1,0,0,0,0,0,0,0,0,0,0,0,0,0,0,0,0,0,0,0,0,0,0,0,0,0,0,0,0,0,0,0,0,0,0,0,0,0,0,0,0,0,0
1000,19.13,54.9,2016,PL,1,258,30.0,30,18.0,470,1,103.0,35.242843089993904,757.0248414455809,73.0,9.217347145080566,161.55397033691406,7.31,9.57,1,1,0,1,0,0,0,0,0,0,0,0,0,0,0,0,0,0,0,0,0,0,0,0,0,0,0,0,0,0,0,0,0,0,0,0,0,0,0,0,0,0,0,0,0
1001,18.66,55.58,2016,PL,10,260,32.0,60,19.0,940,1,86.0,85.74495616872139,725.4234620914713,54.0,8.961162567138672,214.0010223388672,7.13,8.58,1,1,0,0,0,0,0,0,0,0,0,0,0,0,0,0,0,0,0,0,0,0,0,0,0,0,0,0,0,0,0,0,0,0,0,0,0,0,0,0,0,0,0,0,0
1002,18.66,55.29,2016,PL,11,261,44.0,30,18.0,325,1,78.0,54.72735787195073,725.4467750944596,34.0,9.15086555480957,222.0712890625,7.24,5.96,1,1,0,1,0,0,0,0,0,0,0,0,0,0,0,0,0,0,0,0,0,0,0,0,0,1,0,0,0,0,0,0,0,0,0,0,0,0,0,0,0,0,0,0,0
1003,18.67,54.89,2016,PL,12,261,58.0,60,18.0,595,1,70.0,17.672547850098425,728.1754506511681,12.0,8.604012489318848,238.46554565429688,9.71,6.78,1,1,0,0,0,1,0,0,0,0,1,0,0,0,0,0,0,0,0,0,0,0,0,0,0,0,0,0,0,0,0,0,0,0,0,0,0,0,0,0,0,0,0,0,0
1004,18.34,55.4,2016,PL,13,262,46.0,30,18.0,375,1,86.0,63.028260790286815,705.3390627886645,40.0,8.972099304199219,217.2944183349609,7.25,6.97,1,1,0,0,0,0,0,0,0,0,0,0,0,0,0,0,0,0,0,0,0,0,0,0,0,0,0,0,0,0,0,0,0,0,0,0,0,0,0,0,0,0,0,0,0
1005,18.43,55.61,2016,PL,14,262,63.0,30,18.0,585,1,92.0,86.378990987366,710.8282844587443,29.0,8.88365650177002,200.6548309326172,8.95,5.28,1,1,0,1,0,0,0,0,0,0,0,0,0,0,0,0,0,0,0,0,0,0,0,0,0,0,0,0,0,0,0,0,0,0,0,0,0,0,0,0,0,0,0,0,0
1006,18.0,55.6,2016,PL,15,262,45.0,30,17.0,935,1,71.0,85.27352930450435,683.2161596667387,26.0,8.868849754333496,217.93267822265625,7.31,5.98,1,1,0,0,0,0,0,0,0,0,0,0,0,0,0,0,0,0,0,0,0,0,0,0,0,0,0,0,0,0,0,0,0,0,0,0,0,0,0,0,0,0,0,0,0
1007,18.0,55.43,2016,PL,16,263,37.0,30,15.0,320,0,72.0,66.73580554265617,683.286165234186,35.0,8.902155876159668,213.32174682617188,7.1,7.87,1,1,0,0,0,0,0,0,0,0,0,0,0,0,0,0,0,0,0,0,0,0,0,0,0,0,0,0,0,0,0,0,0,0,0,0,0,0,0,0,0,0,0,0,0
1008,18.01,55.32,2016,PL,17,263,50.0,60,20.0,480,1,73.0,54.686285097452405,683.3315937208383,23.0,8.857857704162598,216.76258850097656,8.2,7.07,1,1,0,0,0,0,0,0,0,0,0,0,0,0,0,0,0,0,0,0,0,0,0,0,0,0,0,0,0,0,0,0,0,0,0,0,0,0,0,0,0,0,0,0,0
1009,17.66,55.2,2016,PL,18,263,30.0,60,18.0,895,1,47.0,44.28241554968703,660.8963363987046,17.0,8.567070007324219,268.2003479003906,7.44,8.93,1,1,0,0,0,1,0,0,0,0,0,0,0,0,0,0,0,0,0,0,1,0,0,0,0,0,0,0,0,0,0,0,0,0,0,0,0,0,0,0,0,0,0,0,0
1010,17.67,55.38,2016,PL,19,264,30.0,60,19.0,365,1,75.0,63.73042013006639,661.6276871770349,45.0,8.787150382995605,206.3671875,7.19,9.83,1,1,0,1,0,1,0,0,0,0,1,0,0,0,0,0,0,0,0,0,0,0,0,0,0,0,0,0,0,0,0,0,0,0,0,0,0,0,0,0,0,0,0,0,0
1011,19.23,54.58,2016,PL,2,258,60.0,30,18.0,700,1,80.0,24.581721945039373,773.0301950067508,20.0,8.916461944580078,232.19044494628903,9.89,6.23,1,1,0,1,0,0,0,0,0,0,0,0,0,0,0,0,0,0,0,0,0,0,0,0,0,0,0,0,0,0,0,0,0,0,0,0,0,0,0,0,0,0,0,0,0
1012,17.33,55.37,2016,PL,20,264,50.0,30,17.0,685,1,66.0,68.7082752823732,639.9503962872654,16.0,8.797232627868652,233.2660980224609,8.92,6.9,1,1,0,0,0,0,0,0,0,0,0,0,0,0,0,0,0,0,0,0,0,0,0,0,0,0,0,0,0,0,0,0,0,0,0,0,0,0,0,0,0,0,0,0,0
1013,17.31,55.2,2016,PL,21,264,57.0,60,18.0,850,1,82.0,49.90287288837944,638.4087328498017,25.0,8.797161102294922,182.1274871826172,11.99,8.16,1,1,0,1,0,1,0,0,0,0,0,0,0,0,0,0,0,0,0,0,0,0,0,0,0,0,0,0,0,0,0,0,0,0,0,0,0,0,0,0,0,0,0,0,0
1014,17.0,55.24,2016,PL,22,265,50.0,30,19.0,580,1,86.0,58.53639354669309,619.0869075743253,36.0,9.012025833129885,195.42367553710932,10.28,8.19,1,1,0,1,0,1,0,0,0,0,0,0,0,0,0,0,0,0,0,0,0,0,0,0,0,0,0,0,0,0,0,0,0,0,0,0,0,0,0,0,0,0,0,0,0
1015,16.69,55.33,2016,PL,23,265,46.0,30,18.0,860,1,67.0,75.38467066305422,598.9668989438526,21.0,9.065987586975098,175.82286071777344,8.18,8.43,1,1,0,1,0,0,0,0,0,0,0,0,0,0,0,0,0,0,0,0,0,0,0,0,0,0,0,0,0,0,0,0,0,0,0,0,0,0,0,0,0,0,0,0,0
1016,16.68,55.17,2016,PL,24,266,45.0,60,20.0,460,1,72.0,60.53631446412771,598.1981351207532,27.0,9.011106491088867,220.67794799804688,9.26,8.78,1,1,0,0,0,1,0,0,0,0,1,0,0,0,0,0,0,0,0,0,0,0,0,0,0,0,0,0,0,0,0,0,0,0,0,0,0,0,0,0,0,0,0,0,0
1017,16.27,54.74,2016,PL,25,267,15.0,30,20.0,475,1,40.0,27.93475792737147,583.3738420717762,25.0,8.88836669921875,242.2177276611328,7.37,13.97,1,1,0,0,0,0,0,0,0,0,0,0,0,0,0,0,0,1,0,0,0,0,0,0,0,1,0,0,0,0,0,0,0,0,0,0,0,0,0,0,0,0,0,0,0
1018,16.35,55.04,2016,PL,26,267,37.0,60,18.0,720,1,53.0,55.87444958364819,579.7726417334894,16.0,9.000775337219238,224.3828887939453,9.57,8.42,1,1,0,0,0,1,0,0,0,0,0,0,0,0,0,0,0,0,0,0,0,0,0,0,0,0,0,0,0,0,0,0,0,0,0,0,0,0,0,0,0,0,0,0,0
1019,15.96,55.21,2016,PL,27,268,55.0,15,17.0,330,0,89.0,52.28608399325915,551.3603881950227,34.0,8.79483413696289,149.43711853027344,13.82,10.83,1,1,0,1,0,0,0,0,0,0,0,0,0,0,0,0,0,0,0,0,0,0,0,0,0,0,0,0,0,0,0,0,0,0,0,0,0,0,0,0,0,0,0,0,0
1020,16.01,54.99,2016,PL,28,268,50.0,30,20.0,520,1,74.0,55.757301721255686,560.4609642977557,24.0,8.668285369873047,174.9762725830078,11.7,9.95,1,1,0,1,0,0,0,0,0,0,0,0,0,0,0,0,0,0,0,0,0,0,0,0,0,0,0,0,0,0,0,0,0,0,0,0,0,0,0,0,0,0,0,0,0
1021,15.86,54.46,2016,PL,29,268,15.0,60,20.0,865,1,43.0,23.6766753999428,572.3585828440112,28.0,8.783512115478516,275.6492919921875,7.46,13.99,1,1,0,0,0,1,0,0,0,0,0,0,0,0,0,0,0,0,0,0,1,0,0,0,0,1,0,0,0,0,0,0,0,0,0,0,0,0,1,0,0,0,0,0,0
1022,19.37,54.5,2016,PL,3,258,40.0,15,18.0,895,1,69.0,12.989298696793483,785.6184615434836,29.0,8.549860000610352,241.55612182617188,7.84,6.63,1,1,0,1,0,0,0,0,0,0,0,0,0,0,0,0,0,0,0,0,0,0,0,0,0,1,0,0,0,0,0,0,0,0,0,0,0,0,0,0,0,0,0,0,0
1023,15.66,54.51,2016,PL,30,269,28.0,60,18.0,390,1,56.0,32.051716929419904,558.6494061152677,28.0,8.762556076049805,233.63751220703125,7.43,11.6,1,1,0,0,0,1,0,0,0,0,0,0,0,0,0,0,0,0,0,0,0,0,0,0,0,0,0,0,0,0,0,0,0,0,0,0,0,0,0,0,0,0,0,0,0
1024,15.67,54.97,2016,PL,31,269,30.0,60,17.0,665,1,81.0,35.27360355667642,540.2719934205455,51.0,8.817163467407227,167.97486877441406,7.5,11.15,1,1,0,1,0,1,0,0,0,0,0,0,0,0,0,0,0,0,0,0,0,0,0,0,0,0,0,0,0,0,0,0,0,0,0,0,0,0,0,0,0,0,0,0,0
1025,15.63,55.11,2016,PL,32,269,54.0,30,18.0,850,1,81.0,31.018461138186957,532.8464188302288,27.0,8.77738094329834,164.04476928710938,13.5,11.55,1,1,0,1,0,0,0,0,0,0,0,0,0,0,0,0,0,0,0,0,0,0,0,0,0,0,0,0,0,0,0,0,0,0,0,0,0,0,0,0,0,0,0,0,0
1026,15.33,54.7,2016,PL,33,270,49.0,30,16.0,365,1,63.0,36.17700682956573,529.6393533860398,14.0,8.721982955932617,210.226791381836,11.49,10.05,1,1,0,1,0,1,0,0,0,0,1,0,0,0,0,0,0,0,0,0,0,0,0,0,0,0,0,0,0,0,0,0,0,0,0,0,0,0,0,0,0,0,0,0,0
1027,15.34,54.49,2016,PL,34,270,21.0,60,19.0,580,1,47.0,36.47441843998835,543.7831596438415,26.0,8.794816970825195,276.2491760253906,7.4,12.66,1,1,0,0,0,1,0,0,0,0,0,0,0,0,0,0,0,0,0,0,0,0,0,0,0,0,0,0,0,0,0,0,0,0,0,0,0,0,1,0,0,0,0,0,0
1028,14.99,54.62,2016,PL,35,270,25.0,30,18.0,925,1,48.0,40.97931657769736,516.4454159266986,23.0,8.830768585205078,213.93882751464844,7.45,11.93,1,1,0,0,0,1,0,0,0,0,0,0,0,0,0,0,0,0,0,0,0,0,0,0,0,0,0,0,0,0,0,0,0,0,0,0,0,0,0,0,0,0,0,0,0
1029,14.93,54.75,2016,PL,36,271,31.0,30,18.0,330,0,56.0,28.045111248579065,504.28603978123306,25.0,8.78977108001709,210.33973693847656,7.54,11.49,1,1,0,1,0,1,0,0,0,0,0,0,0,0,0,0,0,0,0,0,0,0,0,0,0,0,0,0,0,0,0,0,0,0,0,0,0,0,0,0,0,0,0,0,0
1030,19.08,54.43,2016,PL,4,259,24.0,30,18.0,275,0,46.0,9.40921197757041,771.2080460692656,22.0,8.55731201171875,290.1109924316406,8.36,9.35,1,1,0,0,0,0,0,0,0,0,1,0,0,0,0,0,0,0,0,0,0,0,0,0,0,0,0,0,0,0,0,0,0,0,0,0,0,0,0,0,0,0,0,0,0
1031,18.94,54.46,2016,PL,5,259,42.0,30,16.0,420,1,58.0,11.1226342571116,762.3717591957488,16.0,6.876666069030762,247.3067626953125,8.67,6.21,1,1,0,0,0,0,0,0,0,0,1,0,0,0,0,0,0,0,0,0,0,0,0,0,0,0,0,0,0,0,0,0,0,0,0,0,0,0,0,0,0,0,0,0,0
1032,18.92,54.55,2016,PL,6,259,28.0,30,19.0,540,1,65.0,8.514541408134887,756.336151807518,37.0,8.390562057495117,252.8106689453125,7.33,9.58,1,1,0,1,0,0,0,0,0,0,1,0,0,0,0,0,0,0,0,0,0,0,0,0,0,0,0,0,0,0,0,0,0,0,0,0,0,0,0,0,0,0,0,0,0
1033,19.0,54.76,2016,PL,7,259,45.0,30,19.0,720,1,94.0,17.618575597108467,751.8651944919791,49.0,9.19312858581543,203.8218231201172,7.93,5.86,1,1,0,1,0,0,0,0,0,0,0,0,0,0,0,0,0,0,0,0,0,0,0,0,0,0,0,0,0,0,0,0,0,0,0,0,0,0,0,0,0,0,0,0,0
1034,19.0,55.33,2016,PL,8,260,42.0,60,18.0,340,1,83.0,69.32071887605254,747.1268989438527,41.0,9.303345680236816,226.99937438964844,7.36,5.74,1,0,0,1,0,1,0,0,0,0,0,0,0,0,0,0,0,0,0,0,0,0,0,0,0,0,0,0,0,0,0,0,0,0,0,0,0,0,0,0,0,0,0,0,0
1035,18.95,55.7,2016,PL,9,260,61.0,60,19.0,585,1,86.0,103.62398530574994,743.9341140480359,25.0,9.14927864074707,216.8404693603516,8.4,5.62,1,1,1,0,0,0,0,0,0,0,0,0,0,0,0,0,0,0,0,0,0,0,0,0,0,0,0,0,0,0,0,0,0,0,0,0,0,0,0,0,0,0,0,0,0
1036,19.5017,54.6183,2016,RU,1,276,20.0,20,26.0,968,0,79.0,18.24873807744926,787.8905813035583,59.0,8.771219253540039,230.5443878173828,7.18,13.44,1,1,1,1,0,1,0,0,0,0,1,0,0,0,0,0,0,0,0,0,0,0,0,0,0,1,0,0,0,0,0,0,0,0,0,0,0,0,0,0,0,0,0,0,0
1037,19.0417,55.8883,2016,RU,10,284,50.0,30,26.0,572,1,105.0,119.49109329898418,750.1561834397115,55.0,8.975702285766602,215.2319183349609,7.55,5.44,1,1,0,1,0,0,0,0,0,0,0,0,0,0,0,0,0,0,0,0,0,0,0,0,0,0,0,0,0,0,0,0,0,0,0,0,0,0,0,0,0,0,0,0,0
1038,19.4617,54.8883,2016,RU,2,278,51.5,30,27.0,340,0,102.0,30.386772067523577,777.7600462542674,50.5,9.252453804016112,188.98992919921875,9.23,5.75,1,1,0,1,0,0,0,0,0,0,1,0,0,0,0,0,0,0,0,1,0,0,0,0,0,1,0,0,0,0,0,0,0,0,0,0,0,0,0,0,0,0,0,0,0
1039,19.7517,55.1367,2016,RU,3,280,39.0,30,28.0,631,1,75.0,24.92719522445061,796.1177006355664,36.0,9.324630737304688,235.2262725830078,7.66,6.19,1,1,0,1,0,1,0,0,0,0,0,0,0,0,0,0,0,0,0,0,0,0,0,0,0,1,0,0,0,0,0,0,0,0,0,0,0,0,0,0,0,0,0,0,0
1040,20.11,55.1433,2016,RU,4,281,21.5,30,29.0,331,0,56.0,21.140002304018847,818.8534158556686,34.5,9.126534461975098,248.56130981445312,7.16,12.83,1,1,0,1,0,0,0,0,0,0,1,0,0,0,0,0,0,0,0,0,1,0,0,0,0,0,0,0,0,0,0,0,0,0,0,0,0,0,0,0,0,0,0,0,0
1041,20.33,55.14,2016,RU,5,281,10.5,30,32.0,762,1,42.0,20.63889135856508,833.1577006355681,31.5,8.993844985961914,265.1210021972656,7.16,13.39,1,1,1,0,0,0,0,0,0,0,1,0,0,0,0,0,0,0,0,0,0,0,0,0,0,1,0,0,0,0,0,0,0,0,0,0,0,0,0,0,0,0,0,0,0
1042,20.0733,55.395,2016,RU,6,282,27.5,30,26.0,484,1,56.0,49.285091949649626,816.4590627886645,28.5,8.989261627197266,209.39822387695312,7.27,11.22,1,1,0,1,0,0,0,0,0,0,1,0,0,0,0,0,0,0,0,0,0,0,0,0,0,0,0,0,0,0,0,0,0,0,0,0,0,0,0,0,0,0,0,0,0
1043,19.4983,55.3717,2016,RU,7,282,43.0,30,28.0,798,1,95.0,55.7413811246491,779.4200613173633,52.0,9.331680297851562,178.0153350830078,7.59,5.71,1,1,0,1,0,0,0,0,0,0,1,0,0,0,0,0,0,0,0,0,0,0,0,0,0,0,0,0,0,0,0,0,0,0,0,0,0,0,0,0,0,0,0,0,0
1044,19.155,55.3967,2016,RU,8,283,37.0,30,28.0,425,1,80.0,71.82528524443464,757.3801495455309,43.0,9.33175563812256,217.8339233398437,7.26,6.36,1,1,0,0,0,0,0,0,0,0,0,0,0,0,0,0,0,0,0,0,0,0,0,0,0,1,0,0,0,0,0,0,0,0,0,0,0,0,0,0,0,0,0,0,0
1045,19.15,55.625,2016,RU,9,283,56.0,30,29.0,699,1,86.0,91.1685382467766,756.5006168487362,30.0,9.281993865966797,215.21180725097656,9.0,5.62,1,1,0,1,0,0,0,0,0,0,0,0,0,0,0,0,0,0,0,0,0,0,0,0,0,0,0,0,0,0,0,0,0,0,0,0,0,0,0,0,0,0,0,0,0
1046,14.7247,55.3883,2017,SE,1,281,18.9,35,12.0,753,1,68.0,11.372765072850932,471.6866747920404,49.1,9.249263763427734,227.4770050048828,7.12,10.46,1,1,0,1,0,0,1,0,0,0,1,0,0,0,0,0,0,0,0,0,0,0,0,0,0,0,0,0,0,0,0,0,0,0,0,0,0,0,0,0,0,0,0,0,0
1047,16.7083,55.64,2017,SE,10,283,36.1,59,13.5,893,1,53.0,65.38525021705568,599.7022761967481,16.9,8.889106750488281,263.0760192871094,7.51,8.77,1,1,1,1,0,1,1,0,0,0,0,0,0,0,0,0,0,0,0,0,0,0,0,0,0,0,0,0,0,0,0,0,0,0,0,0,0,0,0,0,0,0,0,0,0
1048,17.1867,55.8795,2017,SE,11,283,25.0,51,13.4,1178,-1,46.0,58.72610058854082,634.3590969118569,21.0,8.902068138122559,267.00439453125,7.29,8.27,1,1,1,1,1,1,0,0,1,0,0,0,0,0,0,0,0,0,1,0,0,0,0,0,0,0,0,0,0,0,0,0,0,0,0,0,0,0,0,0,0,0,0,0,0
1049,17.7337,55.7372,2017,SE,12,284,23.0,30,12.0,134,-1,58.0,95.62068805051835,665.4192367875174,35.0,8.855011940002441,183.9286499023437,7.19,9.74,1,1,1,1,1,0,0,0,1,0,1,0,0,0,0,0,0,1,0,0,0,0,0,0,0,0,0,0,0,0,0,0,0,0,0,0,0,0,0,0,0,0,0,0,0
1050,17.6576,56.0483,2017,SE,13,284,37.5,33,15.6,392,1,62.0,75.956951450656,667.7913901866344,24.5,8.949542999267578,193.408203125,8.04,5.46,1,1,1,0,1,0,0,0,0,0,0,0,0,0,0,0,0,0,0,0,0,0,0,0,0,0,0,0,0,0,0,0,0,0,0,0,0,0,0,0,0,0,0,0,0
1051,16.6125,56.1715,2017,SE,14,284,24.6,40,12.7,934,0,54.0,10.820275895796517,612.0625574177852,29.4,8.895007133483887,321.0617370605469,6.78,9.7,1,1,1,0,1,0,0,0,0,0,0,0,0,0,0,0,0,0,0,0,0,0,0,0,0,0,0,0,0,0,0,0,0,0,0,0,0,0,0,0,0,0,0,0,0
1052,17.4753,56.3795,2017,SE,15,284,20.9,15,13.5,1235,-1,39.0,53.39675309049864,670.8254686404423,18.1,8.917527198791504,244.81610107421875,7.0,7.67,1,1,1,1,1,0,0,0,0,0,0,0,0,0,0,0,0,0,0,0,0,0,0,0,0,0,0,0,0,0,0,0,0,0,0,0,0,0,0,0,0,0,0,0,0
1053,18.2742,56.1358,2017,SE,16,285,23.0,30,12.2,97,-1,78.0,85.42664571973233,707.8914767821004,55.0,9.014920234680176,216.52569580078125,7.05,10.46,1,1,1,1,1,1,0,0,0,0,0,0,0,0,0,0,0,0,0,0,0,0,0,0,0,0,0,0,0,0,0,0,0,0,0,0,0,0,0,0,0,1,0,0,0
1054,18.7759,56.1817,2017,SE,17,285,52.0,61,13.3,306,0,94.0,88.21551528851903,738.734604547828,42.0,9.020027160644531,162.33941650390625,8.26,5.08,1,1,1,1,0,0,0,0,0,0,0,0,0,0,0,0,0,0,0,0,0,0,0,0,0,0,0,0,0,0,0,0,0,0,0,0,0,0,0,0,0,0,0,0,0
1055,18.84,56.5667,2017,SE,18,285,22.4,37,15.5,614,1,82.0,52.80508187771388,756.4925526419038,59.6,9.11564826965332,184.7085876464844,7.17,8.75,1,1,1,0,1,0,0,0,0,0,0,0,0,0,0,0,0,0,0,0,0,0,0,0,0,0,0,0,0,0,0,0,0,0,0,0,0,0,0,0,0,0,0,0,0
1056,18.8212,56.8975,2017,SE,19,285,52.0,30,11.8,851,1,86.0,28.54349171100332,771.3513418967478,34.0,9.027724266052246,153.98634338378906,8.63,5.06,1,1,1,1,0,0,0,0,0,0,0,0,0,0,0,0,0,0,0,0,0,0,0,0,0,0,0,0,0,0,0,0,0,1,0,0,0,0,0,0,0,0,0,0,0
1057,14.7965,55.6309,2017,SE,2,281,52.0,60,10.9,1022,0,64.0,28.73403429357147,483.3430990771827,12.0,9.104378700256348,173.48883056640625,9.29,6.64,1,1,1,1,1,0,1,0,0,0,0,0,0,0,0,0,0,0,0,0,0,0,0,0,0,0,0,0,0,0,0,0,0,0,0,0,0,0,0,0,0,0,0,0,0
1058,18.8549,57.1261,2017,SE,20,285,23.5,51,16.2,1038,-1,57.0,14.990103581344645,786.2752248771391,33.5,9.030499458312988,281.9015808105469,7.15,9.5,1,1,1,0,1,1,0,0,0,0,1,0,0,0,0,0,0,0,0,0,0,1,0,1,0,0,0,0,0,0,0,0,0,0,0,0,0,0,0,0,0,0,0,0,0
1059,19.4548,57.8253,2017,SE,21,286,25.6,15,13.5,38,-1,69.0,16.355778305660767,865.4512303099135,43.4,8.865809440612793,161.73263549804688,6.98,9.01,1,1,1,1,0,0,0,0,1,0,1,0,0,0,0,0,0,0,0,0,0,0,0,1,0,0,0,0,0,0,0,0,0,0,0,1,0,0,0,0,0,0,0,0,0
1060,19.8373,57.6722,2017,SE,22,286,24.5,45,14.0,271,0,123.0,43.25090631462025,870.5056933880982,98.5,8.99626350402832,141.68832397460938,7.07,10.8,1,1,1,0,0,1,0,0,0,0,0,0,0,0,0,0,0,0,0,0,0,0,0,0,0,0,0,0,0,0,0,0,0,0,0,0,0,0,0,0,0,0,0,0,0
1061,19.634,57.298,2017,SE,23,286,28.0,45,14.5,618,1,106.0,42.04855592228338,836.9310466354051,78.0,9.10264492034912,168.4729461669922,7.3,7.68,1,1,1,1,0,1,0,0,0,0,0,0,0,0,0,0,0,0,0,0,0,0,0,0,0,0,0,0,0,0,0,0,0,0,0,0,0,0,0,0,0,0,0,0,0
1062,19.1849,57.1154,2017,SE,24,286,22.6,61,14.8,976,0,148.0,31.538970781212285,802.61268068785,125.4,8.996015548706055,149.66177368164062,7.09,10.25,1,1,1,1,1,0,0,0,0,0,1,0,0,0,0,0,0,0,1,0,0,0,0,0,0,0,0,0,0,0,0,0,0,0,0,0,0,0,0,0,0,0,0,0,0
1063,17.727,56.678,2017,SE,25,287,20.0,25,15.0,32,-1,61.0,35.59611135472865,700.5876992222837,41.0,8.898031234741211,84.51603698730469,6.87,9.34,1,1,1,0,0,0,0,0,0,0,0,0,0,0,0,0,0,0,0,0,0,0,0,0,0,0,0,0,0,0,0,0,0,0,0,0,0,0,0,0,0,0,0,0,0
1064,16.9523,56.5648,2017,SE,26,287,31.0,60,15.3,298,0,72.0,16.572295498499145,655.7528343142932,41.0,8.810602188110352,128.80081176757812,6.8,9.16,1,1,1,0,0,0,0,0,0,0,0,0,0,0,0,0,0,0,0,0,0,0,0,0,0,0,0,0,0,0,0,0,0,0,0,0,0,0,0,0,0,0,0,0,0
1065,17.1605,56.8777,2017,SE,27,287,44.0,60,11.0,625,1,67.0,16.846656780320817,690.7331400714003,23.0,8.847086906433105,161.2315216064453,7.08,6.74,1,1,1,0,0,0,0,0,0,0,0,0,0,0,0,0,0,0,0,0,0,1,0,0,0,0,0,0,0,0,0,0,0,0,0,0,0,0,0,0,0,0,0,0,0
1066,17.6558,57.0978,2017,SE,28,287,29.8,75,11.6,919,0,108.0,27.252970276580204,728.4216829698125,78.2,8.812002182006836,56.86067962646485,6.89,7.44,1,1,1,0,0,0,0,0,0,0,0,0,0,0,1,0,0,0,0,0,0,0,0,0,0,0,0,0,0,0,0,0,0,0,0,0,0,0,0,0,0,0,0,0,0
1067,17.5807,57.4368,2017,SE,29,287,27.6,50,14.0,1382,-1,83.0,28.408764374577217,757.1090887452609,55.4,8.726502418518066,126.21509552001952,6.76,9.54,1,1,1,0,1,1,0,0,0,0,0,0,0,0,0,0,0,0,0,0,0,0,0,1,0,0,0,0,0,0,0,0,0,0,0,0,0,0,0,0,0,0,0,0,0
1068,14.6225,55.7595,2017,SE,3,282,17.0,30,14.2,33,-1,41.0,23.80778512992224,485.1592801934316,24.0,9.250848770141602,305.4100341796875,6.98,11.07,1,1,1,1,0,0,0,0,1,0,0,0,0,0,0,0,0,0,0,0,0,0,0,0,0,0,0,0,0,0,0,0,0,0,0,0,0,0,0,0,0,0,0,0,0
1069,17.3584,57.5776,2017,SE,30,288,20.0,45,17.2,194,-1,139.0,29.460085197687874,761.4234706520739,119.0,8.722270011901855,76.9014892578125,6.57,12.01,1,1,1,1,0,0,0,0,0,0,0,0,0,0,0,0,0,0,1,0,0,0,0,0,0,0,0,0,0,0,0,0,0,0,0,0,0,0,0,0,0,0,0,0,0
1070,17.1902,57.8382,2017,SE,31,288,45.8,50,11.8,460,1,92.0,23.83642880741545,782.8775723672569,46.2,8.73240852355957,74.2086410522461,7.24,5.89,1,1,1,0,0,0,0,0,0,0,0,0,0,0,0,0,0,0,0,0,0,0,0,0,0,0,0,0,0,0,0,0,0,0,0,0,0,0,0,0,0,0,0,0,0
1071,18.3277,57.8498,2017,SE,32,288,47.7,40,11.9,908,0,101.0,8.722934557365882,819.9173934778366,53.3,8.796034812927246,70.84733581542969,8.63,4.68,1,1,1,1,0,0,0,0,0,0,0,0,0,0,0,0,0,0,0,0,0,0,0,0,0,0,0,0,0,0,0,0,0,0,0,0,0,0,0,0,0,0,0,0,0
1072,18.3288,58.1012,2017,SE,33,288,18.1,60,14.4,1162,-1,93.0,29.149922054666916,842.1580705523554,74.9,8.783029556274414,78.83889770507812,6.65,10.71,1,1,1,1,1,1,0,0,0,0,0,0,0,0,0,0,0,0,0,0,0,0,0,1,0,0,0,0,0,0,0,0,0,0,0,0,0,0,0,0,0,0,0,0,0
1073,17.3778,58.0712,2017,SE,34,289,37.0,45,14.0,100,-1,76.0,27.23162860352384,811.1049211910334,39.0,8.76053237915039,116.81039428710938,6.97,7.25,1,1,1,0,0,1,0,0,0,0,0,0,0,0,0,0,0,0,1,0,0,0,0,0,0,0,0,0,0,0,0,0,1,0,0,0,0,0,0,0,0,0,0,0,0
1074,17.6252,58.4075,2017,SE,35,289,49.3,66,12.3,391,1,85.0,31.802215118206306,851.4212935187768,35.7,8.740888595581055,92.88300323486328,7.56,5.05,1,1,1,0,1,1,0,0,0,0,0,1,0,0,0,0,0,0,0,0,0,0,0,0,0,0,0,0,0,0,0,0,0,0,0,0,0,0,0,0,0,0,0,0,0
1075,18.3293,58.436,2017,SE,36,289,34.0,40,13.0,646,1,152.0,45.14368653399179,873.3851883350876,118.0,8.796218872070312,115.39900207519533,6.95,6.73,1,1,1,0,0,1,0,0,0,0,0,0,0,0,0,0,0,0,0,0,0,0,0,0,0,0,0,0,0,0,0,0,0,0,0,0,0,0,0,0,0,0,0,0,0
1076,19.1532,58.2902,2017,SE,37,289,21.3,31,13.4,1007,-1,63.0,6.789536807167766,888.6197466741952,41.7,8.863516807556152,96.47883605957033,6.87,10.01,1,1,1,0,1,0,0,0,0,0,0,0,0,0,0,0,0,0,0,0,0,0,0,0,0,0,0,0,0,0,0,0,0,0,0,0,0,0,0,0,0,0,0,0,0
1077,19.7725,58.3367,2017,SE,38,289,21.0,40,15.6,1363,-1,111.0,27.30094716384611,918.6932943024228,90.0,8.770133018493652,121.48574829101562,6.78,12.29,1,1,1,1,0,1,0,0,0,0,0,0,0,0,0,0,0,0,1,0,0,0,0,0,0,0,0,0,0,0,0,0,0,0,0,0,0,0,0,0,0,0,0,0,0
1078,20.1253,58.5728,2017,SE,39,290,18.2,30,15.7,217,-1,84.0,52.85322453601674,951.8901133929628,65.8,8.849921226501465,126.8029327392578,6.93,12.55,1,1,1,0,1,1,0,0,0,0,0,0,0,0,0,0,0,0,1,0,0,0,0,1,0,0,0,0,0,0,0,0,0,0,0,0,0,0,0,0,0,0,0,0,0
1079,15.3032,55.7314,2017,SE,4,282,37.0,60,12.6,296,0,60.0,41.53477282557616,516.42718017551,23.0,8.984270095825195,226.4862823486328,7.39,6.43,1,1,1,1,0,1,0,0,0,0,0,0,0,0,0,0,0,0,0,0,0,0,0,0,0,0,0,0,0,0,0,0,0,0,0,0,0,0,0,0,0,0,0,0,0
1080,20.318,58.8683,2017,SE,40,290,40.0,60,13.0,633,1,171.0,80.29926250991281,983.6470236574012,131.0,8.91615104675293,117.52242279052734,7.27,5.71,1,1,1,1,0,1,0,0,0,0,0,0,0,0,0,0,0,0,0,0,0,0,0,0,0,0,0,0,0,0,0,0,0,0,0,0,0,0,0,0,0,0,0,0,0
1081,19.8297,58.8445,2017,SE,41,290,27.0,31,14.7,868,1,148.0,60.90276327012682,961.9836523542332,121.0,8.903868675231934,122.37822723388672,6.96,11.37,1,1,1,0,0,1,0,0,0,0,0,0,0,0,0,0,0,0,0,0,0,0,0,0,0,0,0,0,0,0,0,0,0,0,0,0,0,0,0,0,0,0,0,0,0
1082,19.7794,59.0947,2017,SE,42,290,17.9,29,17.6,1129,-1,88.0,42.22957250335639,983.6440597141466,70.1,8.866439819335938,121.58412170410156,6.87,12.71,1,1,1,0,1,1,0,0,0,0,0,0,0,0,0,0,0,0,0,0,0,0,0,0,0,0,0,0,0,0,0,0,0,0,0,0,0,0,0,0,0,0,0,0,0
1083,19.3488,59.1765,2017,SE,43,291,39.0,35,15.7,57,-1,70.0,24.619678741658504,974.2905336127936,31.0,8.7329740524292,251.687728881836,6.77,7.71,1,1,1,1,0,0,0,0,0,0,1,0,0,0,0,0,0,0,0,0,0,0,0,0,0,0,0,0,0,0,0,0,0,0,0,1,0,0,0,0,0,0,0,0,0
1084,19.3563,58.8784,2017,SE,44,291,20.1,30,17.5,269,0,126.0,42.7385095724407,949.2119788594268,105.9,8.804259300231934,121.98194122314452,6.8,12.42,1,1,1,0,1,1,0,0,0,0,1,0,0,0,0,0,0,0,0,0,0,0,0,0,0,0,0,0,0,0,0,0,0,0,0,0,0,0,0,0,0,0,0,0,0
1085,18.8157,58.7522,2017,SE,45,291,33.0,45,13.9,620,1,139.0,27.271151208090004,918.4012608552472,106.0,8.696505546569824,119.95626068115234,6.82,7.65,1,1,1,0,1,1,0,0,0,0,0,0,0,0,1,0,0,0,0,0,0,0,0,0,0,0,0,0,0,0,0,0,0,0,0,0,0,0,0,0,0,0,0,0,0
1086,18.3598,58.8008,2017,SE,46,291,55.9,61,13.0,873,0,103.0,14.609160411331256,908.5862098239204,47.1,8.692389488220215,124.11067199707033,7.79,5.77,1,1,1,1,0,0,0,0,0,0,0,0,0,0,0,0,0,0,0,0,0,0,0,1,0,0,0,0,0,0,0,0,0,0,0,0,0,0,0,0,0,0,0,0,0
1087,15.3652,55.2508,2017,SE,5,282,23.0,60,11.4,629,1,63.0,19.29991888084916,513.5129151396019,40.0,8.995091438293457,184.79763793945312,7.23,9.88,1,1,0,1,0,1,0,0,0,0,0,0,0,0,0,0,0,0,0,1,0,0,0,0,0,0,0,0,0,0,0,0,0,0,0,0,0,0,0,0,0,0,0,0,0
1088,15.7422,55.3815,2017,SE,6,282,44.7,75,12.1,1046,-1,95.0,47.11375434656387,537.5167275308692,50.3,8.999134063720703,99.08251190185548,8.91,7.02,1,1,1,1,1,0,0,0,0,0,0,0,0,0,0,0,0,0,0,0,0,0,0,0,0,0,0,0,0,0,0,0,0,0,0,0,0,0,0,0,0,0,0,0,0
1089,15.7637,55.7642,2017,SE,7,282,20.8,51,10.3,1393,-1,54.0,27.850274554151195,544.6510995257481,33.2,8.894404411315918,269.4773864746094,7.05,10.32,1,1,1,1,1,0,0,0,0,0,0,0,0,0,0,0,0,0,0,0,0,0,0,0,0,0,0,0,0,0,0,0,0,0,0,0,0,0,0,0,0,0,0,0,0
1090,16.1786,56.1275,2017,SE,8,283,18.0,60,13.0,315,0,36.0,14.08820763158699,586.6182746640371,18.0,8.94948673248291,312.21337890625,6.86,10.72,1,1,1,0,1,1,0,0,0,0,0,0,0,0,1,0,0,0,0,0,0,0,0,1,0,0,0,0,0,0,0,0,0,0,0,0,0,0,0,0,0,0,0,0,0
1091,16.2263,55.8578,2017,SE,9,283,19.0,59,13.0,577,1,54.0,32.450881767963345,575.6807033456007,35.0,8.896317481994629,266.1795349121094,6.94,10.91,1,1,1,0,1,1,0,0,0,0,0,0,0,0,0,0,0,0,0,0,0,0,0,0,0,0,0,0,0,0,0,0,0,0,0,0,0,0,0,0,0,0,0,0,0
1092,21.19833,58.085,2017,EE,1,294,30.0,15,20.0,470,1,55.0,44.06500753664712,962.7520546760054,25.0,8.99065113067627,271.6970520019531,7.14,12.01,0,1,1,0,0,0,0,0,0,0,0,0,0,0,0,0,0,0,0,0,0,0,0,1,0,0,0,0,0,0,0,0,0,0,0,0,0,0,0,0,0,0,0,0,0
1093,22.46167,59.16833,2017,EE,10,297,40.0,15,19.0,415,1,70.0,11.29154234253062,1099.3190665148447,30.0,8.733426094055176,177.23104858398438,6.99,10.92,1,1,1,0,0,0,0,0,0,0,0,0,0,0,0,0,0,0,0,0,0,0,0,1,0,0,0,0,0,0,0,0,0,0,0,0,0,0,0,0,0,0,0,0,0
1094,22.74,59.34833,2017,EE,11,297,65.0,20,20.0,600,1,96.0,29.975193106161814,1124.5381167266592,31.0,8.728523254394531,111.66846466064452,9.17,4.63,1,1,1,0,1,0,0,0,0,0,0,1,0,0,0,0,0,0,0,0,0,0,0,0,0,0,0,0,0,0,0,0,0,0,0,0,0,0,0,0,0,0,0,0,0
1095,23.23667,59.36833,2017,EE,12,297,60.0,15,20.0,825,1,109.0,10.59268291007617,1147.600417264641,49.0,8.648488998413086,107.13109588623048,7.86,4.88,1,1,0,0,0,0,0,0,0,0,0,1,0,0,0,0,0,0,0,0,0,0,0,0,0,0,0,0,0,0,0,0,0,0,0,0,0,0,0,0,0,0,0,0,0
1096,23.92,59.49166,2017,EE,13,298,52.0,10,20.0,455,1,88.0,12.932284307223368,1187.378345297976,36.0,8.60048770904541,127.0584487915039,7.13,6.46,1,1,1,0,0,0,0,0,0,0,0,1,0,0,0,0,0,0,0,0,0,0,0,0,0,0,0,0,0,0,0,0,0,0,0,0,0,0,0,0,0,0,0,0,0
1097,24.25833,59.54333,2017,EE,14,298,50.0,15,20.0,610,1,72.0,9.318775739106472,1206.7680583380736,22.0,8.602153778076172,128.694580078125,7.28,6.37,1,1,1,0,1,1,0,0,0,0,0,1,0,0,0,0,0,0,0,0,0,0,0,0,0,0,0,0,0,0,0,0,0,0,0,0,0,0,0,0,0,0,1,0,0
1098,27.39,59.545,2017,EE,15,299,18.0,10,17.0,375,0,37.0,11.122634257108771,1384.5728587470708,19.0,7.913589954376221,242.56895446777344,5.21,8.83,1,1,1,0,1,0,0,0,0,0,0,1,0,0,0,0,0,0,0,0,0,0,0,0,0,0,0,0,0,0,0,0,0,0,0,0,0,0,0,0,0,0,0,0,0
1099,26.985,59.585,2017,EE,16,299,30.0,20,18.0,505,1,50.0,14.204008331980596,1360.407349635028,20.0,8.07775592803955,232.7889862060547,5.99,5.62,1,1,1,0,1,0,0,0,0,0,0,1,0,0,0,0,0,0,0,0,0,0,0,0,0,1,0,0,0,0,0,0,0,0,0,0,0,0,0,0,0,0,0,0,0
1100,26.31,59.755,2017,EE,17,299,47.0,20,19.0,725,1,82.0,19.554450580964204,1322.6180595794738,35.0,8.25897216796875,122.58946990966795,7.68,4.24,1,1,1,0,0,0,0,0,0,0,0,1,0,0,0,0,0,0,0,0,0,0,0,0,0,0,0,0,0,0,0,0,0,0,0,0,0,0,0,0,0,0,0,0,0
1101,25.94667,59.75834,2017,EE,18,299,33.0,10,20.0,855,0,79.0,14.028607701959013,1303.0021547365984,46.0,8.1876802444458,136.57937622070312,6.3,6.43,1,1,1,0,0,0,0,0,0,0,0,1,0,0,0,0,0,0,0,0,0,0,0,0,0,0,0,0,0,0,0,0,0,0,0,0,0,0,0,0,0,0,0,0,0
1102,25.36833,59.745,2017,EE,19,300,40.0,10,19.0,355,0,85.0,13.949055609658004,1271.8787586347062,45.0,8.281378746032715,119.91787719726562,6.58,6.81,1,1,1,0,0,0,0,0,0,0,0,1,0,0,0,0,0,0,0,0,0,0,0,0,0,0,0,0,0,0,0,0,0,0,0,0,0,0,0,0,0,0,0,0,0
1103,20.79,58.09,2017,EE,2,294,55.0,15,20.0,615,1,79.0,63.57833662344781,943.6758715756904,24.0,9.048476219177246,199.59506225585932,8.55,5.55,1,1,1,1,0,0,0,0,0,0,0,0,0,0,0,0,0,0,0,0,0,0,0,0,0,0,0,0,0,0,0,0,0,0,0,0,0,0,0,0,0,0,0,0,0
1104,24.62333,59.71333,2017,EE,20,300,55.0,20,20.0,590,1,85.0,13.716953890105016,1234.017795986903,30.0,8.551968574523926,134.0480499267578,8.26,4.89,1,1,1,0,0,1,0,0,0,0,0,1,0,0,0,0,0,0,0,0,0,0,0,0,0,0,0,0,0,0,0,0,0,0,0,0,0,0,0,0,0,0,0,0,0
1105,20.64167,58.39,2017,EE,3,294,47.5,15,20.0,945,0,116.0,66.35087143489098,960.6375470436656,68.5,9.00865650177002,142.2899627685547,8.13,5.43,1,1,1,1,0,0,0,0,0,0,0,0,0,0,0,0,0,0,0,0,0,0,0,0,0,0,0,0,0,0,0,0,0,0,0,0,0,0,0,0,0,0,0,0,0
1106,21.18,58.385,2017,EE,4,295,65.0,10,20.0,370,0,92.0,35.31318678659975,981.8413748548612,27.0,8.935443878173828,131.4203643798828,8.88,5.46,1,1,1,0,0,0,0,0,0,0,0,0,0,0,0,0,0,0,0,0,0,0,0,0,0,0,0,0,0,0,0,0,0,0,0,0,0,0,0,0,0,0,0,0,0
1107,21.26,58.60333,2017,EE,5,295,62.0,10,20.0,590,1,86.0,36.2560752668298,1004.0962876296268,24.0,8.942940711975098,149.14358520507812,9.19,5.27,1,1,1,0,0,0,0,0,0,0,0,0,0,0,0,0,0,0,0,0,0,0,0,0,0,0,0,0,0,0,0,0,0,0,0,0,0,0,0,0,0,0,0,0,0
1108,22.025,58.64333,2017,EE,6,295,16.0,15,20.0,845,1,38.0,14.955644759578869,1038.4579324235851,22.0,8.406564712524414,278.5492858886719,6.62,13.46,0,1,0,0,0,0,0,0,0,0,0,0,0,0,0,0,0,0,0,0,0,0,0,0,0,0,0,0,0,0,0,0,0,0,0,0,0,0,0,0,0,0,0,0,0
1109,21.72833,58.86167,2017,EE,7,296,33.0,10,17.0,380,0,55.0,19.647236304337696,1044.4637220796683,22.0,8.7950439453125,283.0244140625,7.0,12.64,0,1,0,0,0,1,0,0,0,0,0,0,0,0,0,0,0,0,0,0,0,0,0,0,0,0,0,0,0,0,0,0,0,0,0,0,0,0,0,0,0,0,0,0,0
1110,21.20333,59.09,2017,EE,8,296,65.0,15,19.0,635,1,156.0,50.86897183347766,1039.204165420652,91.0,8.929400444030762,119.00933074951172,9.11,4.95,1,1,1,1,0,0,0,0,0,0,0,0,0,0,0,0,0,0,0,0,0,0,0,0,0,0,0,0,0,0,0,0,0,0,0,0,0,0,0,0,0,0,0,0,0
1111,21.70333,59.27167,2017,EE,9,296,55.0,20,20.0,855,0,104.0,42.12009167385212,1074.2096488360498,49.0,8.862611770629883,118.1227798461914,8.3,4.64,1,1,1,0,0,0,0,0,0,0,0,0,0,0,0,0,0,0,0,0,0,0,0,0,0,0,0,0,0,0,0,0,0,0,0,0,0,0,0,0,0,0,0,0,0
1112,11.3308,55.1068,2017,DE,1,278,9.0,30,8.0,1224,-1,18.0,7.79013709723732,356.5821130287614,9.0,9.841744422912598,221.32943725585932,16.59,13.71,1,1,1,0,0,0,0,1,1,0,0,0,0,1,0,0,0,0,0,0,0,0,0,0,0,0,0,0,1,0,0,0,0,0,0,0,0,0,0,0,0,0,0,0,0
1113,10.961,55.2505,2017,DE,2,278,8.5,30,8.0,1373,-1,24.0,8.502960243008733,338.92131712855297,15.5,10.61790370941162,183.94552612304688,18.21,13.52,1,1,0,0,0,0,0,0,0,1,0,0,1,0,0,0,0,0,0,0,0,0,0,0,0,0,0,0,0,0,0,0,0,0,0,0,0,0,0,0,0,0,0,0,0
1114,10.8658,55.4397,2017,DE,3,279,20.5,30,6.0,91,-1,24.0,8.794280597141967,315.7846099499432,3.5,10.78687858581543,178.13731384277344,28.5,13.85,1,1,0,0,0,1,1,0,0,1,0,0,1,1,0,1,0,0,0,0,0,0,0,0,0,0,0,0,0,1,0,0,0,0,1,0,0,0,0,0,0,0,0,0,0
1115,11.0512,55.8092,2017,DE,4,279,6.0,30,8.0,1098,-1,15.0,7.7773779468831075,273.18329282138666,9.0,10.784269332885742,217.35855102539065,15.05,13.4,1,1,1,0,0,0,1,0,0,1,0,0,0,0,0,1,0,0,0,0,0,0,0,0,0,0,0,0,0,0,0,0,0,0,1,0,0,0,0,0,0,0,0,0,0
1116,10.6155,56.058,2017,DE,5,279,22.5,30,8.0,1328,-1,24.0,6.931750293518446,247.12857618434592,1.5,11.43218994140625,195.25148010253903,28.87,14.44,0,0,0,0,0,0,1,0,1,1,0,0,1,1,0,1,0,0,0,0,0,0,0,0,0,0,0,0,0,0,0,0,0,0,0,0,0,0,0,0,0,0,0,0,0
1117,10.4983,55.8112,2017,DE,6,280,26.0,30,7.0,49,-1,31.0,2.343564779765297,274.8547666438222,5.0,11.238908767700195,197.97784423828125,28.08,14.34,0,1,0,0,0,0,0,0,0,1,0,0,0,1,0,0,0,1,0,0,0,0,0,0,0,0,0,0,0,0,0,0,0,0,0,0,0,0,0,0,0,0,0,0,0
1118,10.4953,55.6985,2017,DE,7,280,9.0,30,8.0,134,-1,20.0,9.21450071603728,287.20011868203113,11.0,11.429003715515137,166.0519256591797,22.1,13.54,0,1,1,0,0,0,1,0,0,1,0,0,0,0,0,0,0,1,0,0,0,0,0,0,0,0,0,0,0,0,0,0,0,0,0,0,0,0,0,0,0,0,0,0,0
1119,9.8592,55.5373,2017,DE,8,280,6.0,30,8.0,1034,0,6.0,0.7866993963658767,322.03525581152326,0.0,10.477776527404783,126.63591766357422,22.48,13.89,1,1,1,0,0,0,1,0,0,1,0,0,0,0,0,0,0,0,0,0,0,0,0,0,0,0,0,0,0,0,0,0,0,0,0,0,0,0,0,0,0,0,0,0,0
1120,10.0557,55.0297,2017,DE,9,280,20.0,30,7.0,1426,-1,37.0,4.869562438026353,382.0187232858135,17.0,11.451313972473145,10.72946071624756,20.84,14.11,0,0,1,0,0,0,1,0,0,1,0,0,0,0,0,0,0,0,0,0,0,0,0,0,0,0,0,0,0,0,0,0,0,0,0,0,0,0,0,0,0,0,0,0,0
1121,10.3502,54.6908,2017,DE,10,281,12.0,30,8.0,1018,0,25.0,15.363144518840253,409.89328816874007,13.0,11.045204162597656,191.22743225097656,17.64,14.12,1,1,1,0,0,0,0,0,0,0,0,0,0,0,0,0,0,0,0,0,0,0,0,0,0,0,0,0,0,0,0,0,0,0,0,0,0,0,0,0,0,0,0,0,0
1122,10.5175,54.6838,2017,DE,11,281,15.0,30,8.0,1187,-1,24.0,11.831281202024964,405.9343787112056,9.0,10.83663845062256,205.3446655273437,20.36,14.08,1,1,0,0,0,0,1,0,1,0,0,0,1,1,0,0,0,0,0,0,0,0,0,0,0,0,0,0,0,0,0,0,0,0,0,0,0,0,0,0,0,0,0,0,0
1123,10.6555,54.4448,2017,DE,12,281,6.0,30,8.0,1371,-1,18.0,10.113489813518845,432.44820331664727,12.0,10.845539093017578,189.3295440673828,15.76,13.7,1,1,1,0,0,0,0,0,0,0,0,0,1,0,0,0,0,0,0,0,0,0,0,0,0,0,0,0,0,0,0,0,0,0,0,0,0,0,0,0,0,0,0,0,0
1124,11.1503,54.5937,2017,DE,13,282,13.5,35,8.0,150,-1,28.0,8.38085559585124,415.7819756928309,14.5,9.92331886291504,206.37332153320312,17.0,13.68,1,0,1,0,0,1,1,0,0,0,0,0,1,0,0,0,0,0,0,0,0,0,0,0,0,0,0,0,1,0,0,0,0,0,0,0,0,0,0,0,0,0,0,0,0
1125,11.4342,54.3862,2017,DE,14,282,10.0,30,6.0,1029,0,23.0,8.303412048930252,439.3332267143441,13.0,9.288519859313965,234.3817901611328,13.7,13.59,1,1,1,0,0,0,1,0,1,0,0,0,1,1,0,0,0,0,0,0,0,0,0,0,0,0,0,0,0,0,0,0,0,0,0,0,0,0,0,0,0,0,0,0,0
1126,11.1267,54.112,2017,DE,15,282,10.0,30,8.0,1193,-1,23.0,9.194758648907724,471.3419756928309,13.0,8.972872734069824,20.36262893676757,14.85,13.84,1,1,1,0,0,0,0,0,0,0,1,0,0,1,0,1,0,0,0,0,0,0,0,0,0,0,0,0,0,0,0,0,0,0,0,0,0,0,0,0,0,0,0,0,0
1127,11.6692,54.251,2017,DE,16,282,17.5,35,8.0,1380,-1,25.0,11.152331096558132,459.822975783131,7.5,9.331645965576172,183.80502319335932,16.83,13.72,1,1,1,0,0,0,0,0,0,0,1,0,0,0,0,0,0,0,0,0,0,0,0,0,0,0,0,0,0,0,0,0,0,0,0,0,0,0,0,0,0,0,0,0,0
1128,12.1758,54.3873,2017,DE,17,283,8.5,30,6.0,1044,0,20.0,14.103431111690352,466.7075447523701,11.5,9.593562126159668,262.42608642578125,13.01,13.4,1,1,1,0,0,1,1,1,1,0,1,0,1,0,0,0,0,0,0,1,0,0,0,0,1,0,0,0,0,0,0,0,0,0,0,0,0,0,0,0,0,0,0,0,0
1129,12.5298,54.6497,2017,DE,18,283,5.5,30,8.0,1233,-1,18.0,19.48129754555504,445.4246099499397,12.5,9.41441535949707,280.9035339355469,11.22,13.03,1,1,1,0,0,0,0,0,1,0,0,0,1,1,0,0,0,0,0,0,0,0,0,0,0,0,0,0,0,0,0,0,0,0,0,0,0,0,0,0,0,0,0,0,0
1130,13.2405,54.717,2017,DE,19,283,17.5,30,7.0,1431,-1,28.0,5.223885650005651,438.6593316204843,10.5,8.936493873596191,276.2548522949219,9.82,12.94,1,1,1,0,0,0,0,0,1,0,1,0,0,0,0,0,0,0,0,0,0,0,0,0,0,0,0,0,0,0,0,0,0,0,0,0,0,0,0,0,0,0,0,0,0
1131,13.6983,54.716,2017,DE,20,284,26.5,30,8.0,125,-1,39.0,15.175251114907882,449.38462312264267,12.5,8.880105972290039,213.35362243652344,10.61,12.67,1,1,0,1,0,0,1,0,1,0,1,0,0,0,0,0,0,0,0,1,0,0,0,0,0,1,0,0,0,0,0,0,0,0,0,0,0,0,0,0,0,0,0,0,0
1132,14.7743,54.8043,2017,DE,21,284,32.5,30,8.0,1001,0,47.0,25.270676182552425,491.82598412359073,14.5,8.705881118774414,254.39849853515625,7.86,9.6,1,1,1,1,0,1,0,0,1,0,0,0,0,0,0,0,0,0,0,0,0,0,0,0,0,0,0,0,0,0,0,0,0,0,0,0,0,0,0,0,0,0,0,0,0
1133,13.7413,54.4417,2017,DE,22,284,7.5,30,8.0,1365,-1,20.0,6.434388793855118,478.17763105654274,12.5,8.564682006835938,275.4660339355469,8.23,13.0,1,1,0,1,0,0,1,0,0,0,1,1,0,0,0,0,0,0,0,0,0,0,0,0,0,0,0,0,0,0,0,0,0,0,0,0,0,0,0,0,0,0,0,0,0
1134,13.7672,54.5668,2017,DE,23,285,10.0,30,8.0,18,-1,23.0,5.642643323134621,466.2139703003627,13.0,8.796976089477539,268.2427062988281,8.09,12.8,1,1,0,1,0,0,1,0,0,0,1,1,0,0,0,0,0,0,0,0,0,0,0,0,0,0,0,0,0,0,0,0,0,0,0,0,0,0,0,0,0,0,0,0,0
1135,14.1172,54.6272,2017,DE,24,285,13.0,30,7.0,151,-1,26.0,29.149009881437067,472.8166099466539,13.0,8.441539764404297,289.1865234375,7.84,12.76,1,1,0,1,0,0,0,0,0,0,0,0,0,0,0,0,0,0,0,0,0,0,0,0,0,0,0,0,0,0,0,0,0,0,0,0,0,0,0,0,0,0,0,0,0
1136,14.3223,54.9005,2017,DE,25,286,18.5,30,8.0,1022,0,35.0,32.04676211100842,462.6298480847176,16.5,8.636488914489746,258.9067687988281,7.89,12.75,1,1,0,1,0,1,1,0,1,0,1,0,0,1,0,0,0,0,0,0,0,0,0,0,0,0,0,0,0,0,0,0,0,0,0,0,0,0,0,0,0,0,0,0,0
1137,13.8327,54.9003,2017,DE,26,286,30.0,30,7.0,1170,-1,46.0,35.19661514810726,438.6666568030637,16.0,8.900422096252441,170.11544799804688,11.13,11.95,1,1,1,1,0,0,1,0,1,0,1,0,0,0,0,0,0,0,0,0,0,0,0,0,0,0,0,0,0,0,0,0,0,0,0,0,0,0,0,0,0,0,0,0,0
1138,12.8612,54.9003,2017,DE,27,286,16.0,30,7.0,1419,-1,31.0,20.555817528611584,416.7088618809224,15.0,8.95419692993164,273.99615478515625,8.25,12.77,1,1,1,0,0,0,0,0,1,0,1,0,0,0,0,0,0,0,0,0,0,0,0,0,0,0,0,0,0,0,0,0,0,0,0,0,0,0,0,0,0,0,0,0,0
1139,12.3785,54.8337,2017,DE,28,287,11.0,30,8.0,133,-1,21.0,12.13169067201595,427.561621916472,10.0,8.965919494628906,265.8707275390625,12.09,13.32,1,1,1,0,0,0,1,0,1,0,1,0,0,0,0,0,0,0,0,0,0,0,0,0,0,0,0,0,0,0,0,0,0,0,0,0,0,0,0,0,0,0,0,0,0
1140,12.664,55.0832,2017,DE,29,287,13.0,30,8.0,1043,-1,23.0,12.687178458331283,395.40820331664446,10.0,9.042328834533691,280.489501953125,8.53,12.25,1,1,1,1,0,0,0,0,1,1,0,0,0,1,0,0,0,0,0,0,0,0,0,0,0,0,0,0,0,0,0,0,0,0,0,0,0,0,0,0,0,0,0,0,0
1141,13.3097,55.0828,2017,DE,30,287,31.0,30,7.0,1223,-1,42.0,28.83185497489473,401.3566556244229,11.0,9.054086685180664,199.2751007080078,11.34,12.2,1,1,1,1,0,0,1,0,1,0,1,0,1,0,0,0,0,0,0,1,0,0,0,0,0,0,0,0,0,0,0,0,0,0,0,0,0,0,0,0,0,0,0,0,0
1142,13.8383,55.0835,2017,DE,31,287,36.0,30,6.0,1376,-1,45.0,35.98729791021477,425.5435410937313,9.0,9.017841339111328,179.1698455810547,12.12,11.81,1,1,1,1,0,0,1,0,1,0,1,0,0,0,0,0,0,0,0,0,0,0,0,0,0,0,0,0,0,0,0,0,0,0,0,0,0,0,0,0,0,0,0,0,0
1143,14.198,55.0222,2017,DE,32,288,37.5,30,6.0,57,-1,47.0,32.70526543656656,447.79970843032,9.5,9.022570610046388,159.95375061035156,13.1,12.38,1,1,0,1,0,1,1,0,0,0,1,0,0,0,0,0,0,0,0,0,0,0,0,0,0,0,0,0,0,0,0,0,0,0,0,0,0,0,0,0,0,0,0,0,0
1144,14.6278,55.2692,2017,DE,33,288,32.5,30,7.0,971,0,38.0,7.22828894708284,466.1681047931599,5.5,9.190359115600586,252.38624572753903,10.58,11.03,1,1,0,1,0,0,0,0,0,0,1,0,0,0,0,0,0,0,0,0,0,0,0,0,0,0,0,0,0,0,0,0,0,0,0,0,0,0,0,0,0,0,0,0,0
1145,13.72,55.2668,2017,DE,34,288,27.5,30,7.0,1212,-1,40.0,15.995650870532744,409.0243847964607,12.5,9.256007194519045,229.31700134277344,8.13,10.47,1,1,1,1,0,0,1,0,0,0,1,0,0,0,0,0,0,0,0,1,0,0,0,0,0,0,0,0,0,0,0,0,0,0,0,0,0,0,0,0,0,0,0,0,0
1146,12.9958,55.3053,2017,DE,35,288,16.0,30,7.0,1422,-1,25.0,8.802882719042552,370.1172322852658,9.0,8.929631233215332,289.0180969238281,7.94,11.57,1,1,0,1,0,0,1,0,1,0,1,0,0,0,0,0,0,0,0,0,0,0,0,0,0,0,0,0,0,0,0,0,0,0,0,0,0,0,0,0,0,0,0,0,0
1147,12.7202,55.923,2017,DE,36,289,25.0,30,6.0,1102,-1,40.0,1.2108297139347637,299.9518424699808,15.0,10.030888557434082,171.24720764160156,30.48,13.62,1,1,1,1,0,0,1,0,1,0,1,0,1,1,0,1,0,0,0,0,0,0,1,0,0,0,1,0,0,0,0,0,0,0,0,0,0,0,0,0,0,0,0,1,0
1148,12.3877,56.16,2017,DE,37,289,14.0,30,7.0,1305,-1,25.0,5.074066326136491,266.2053412304118,11.0,11.644901275634766,163.0571746826172,29.38,13.96,0,1,0,0,0,0,1,0,1,1,0,0,1,1,0,1,0,0,0,0,0,0,0,0,0,0,0,0,0,0,0,0,0,0,0,0,0,0,0,0,0,0,0,0,0
1149,12.6182,56.0175,2017,DE,38,290,14.0,30,6.0,9,-1,19.0,1.0362251520015893,287.57521390357,5.0,11.784363746643066,202.7001190185547,27.95,14.12,1,1,0,1,0,0,1,0,1,1,0,0,1,1,0,1,0,1,0,0,0,0,1,0,0,0,1,0,0,0,0,0,0,0,0,0,0,0,0,0,0,0,0,0,0
1150,12.6367,55.9318,2017,DE,39,290,11.5,18,7.0,105,-1,20.0,2.9829872045793007,296.5641756872552,8.5,10.008111000061035,160.7754669189453,23.08,13.57,1,1,0,1,0,0,0,0,1,1,0,0,1,1,0,0,0,0,0,0,0,0,1,0,0,0,0,0,0,0,0,0,0,0,1,0,0,0,0,0,0,0,0,0,0
1151,12.2375,56.2122,2017,DE,40,290,13.5,30,8.0,967,0,25.0,10.195748069017318,255.1310247750689,11.5,11.984646797180176,167.31639099121094,26.72,14.24,1,1,0,0,0,0,1,0,0,1,0,0,0,1,0,0,0,1,0,0,0,0,0,0,0,0,0,1,0,1,0,0,0,0,0,0,0,0,0,0,0,0,0,0,0
1152,11.8007,56.1235,2017,DE,41,290,12.5,30,7.0,1112,-1,21.0,9.80969395015208,250.53244450318485,8.5,12.057933807373049,185.0235595703125,24.56,13.99,1,1,0,0,0,0,1,0,0,1,0,0,1,0,0,1,0,1,0,0,0,0,0,0,0,0,0,1,0,0,0,0,0,0,0,0,0,0,0,0,0,0,0,0,0
1153,10.9617,56.1882,2017,DE,42,290,13.0,30,6.0,1393,-1,21.0,11.3320508207088,228.72820331664727,8.0,11.481444358825684,205.4052276611328,27.21,14.07,1,1,0,0,0,0,1,0,1,0,0,0,1,0,0,1,0,1,0,0,0,0,0,0,0,0,0,0,0,0,0,0,0,0,0,0,0,0,0,0,0,0,0,0,0
1154,11.6312,56.3668,2017,DE,43,291,12.5,8,6.0,150,-1,24.0,19.238533274571115,221.0334688592563,11.5,12.181408882141112,179.77491760253906,23.23,13.99,0,0,1,0,0,0,0,0,1,1,0,0,0,1,0,1,0,0,0,0,0,0,0,0,0,0,1,0,0,0,0,0,0,0,0,0,0,0,0,0,0,0,0,0,0
1155,12.1118,56.4142,2017,DE,44,291,20.5,30,6.0,996,0,29.0,25.170562357621517,231.8719420887277,8.5,12.373833656311035,165.0427703857422,32.29,14.82,1,1,0,0,0,0,0,0,0,1,0,0,1,1,0,1,0,1,0,0,0,0,0,0,0,0,0,1,0,0,0,0,0,0,0,0,0,0,0,0,0,0,0,0,0
1156,11.8625,56.617,2017,DE,45,291,24.0,30,7.0,1147,-1,31.0,18.53903533819765,204.39821363826545,7.0,12.724897384643556,190.11378479003903,32.53,15.33,1,1,0,0,0,0,1,1,1,1,0,0,1,1,0,1,0,1,0,0,0,0,1,0,0,0,0,0,0,0,0,1,0,0,0,0,0,0,0,0,0,0,0,0,0
1157,11.3013,56.6658,2017,DE,46,291,9.5,30,8.0,1339,-1,20.0,14.730004646160245,181.4814001116108,10.5,12.415263175964355,232.00164794921875,22.17,13.95,1,1,0,0,0,0,1,0,0,0,0,0,0,0,0,1,0,0,0,0,0,0,0,0,0,0,0,0,0,0,0,0,0,0,0,0,0,0,0,0,0,0,0,0,0
1158,11.7002,56.8632,2017,DE,47,292,16.0,30,7.0,150,-1,23.0,15.139626252323591,175.65817536616416,7.0,12.990714073181152,205.11062622070312,30.82,15.09,1,1,0,0,0,0,1,0,0,1,0,0,1,0,0,1,0,1,0,0,0,0,1,0,0,0,0,0,0,0,0,0,0,0,0,0,0,0,0,0,0,0,0,0,0
1159,12.4348,56.3832,2017,DE,48,292,18.0,30,7.0,968,0,27.0,9.493931418519084,246.68759942333577,9.0,11.30251121520996,158.708984375,31.86,14.12,0,1,0,0,0,0,1,1,0,1,0,0,0,1,0,0,0,0,0,0,0,0,0,0,0,0,0,1,0,0,0,0,0,0,0,0,0,0,0,0,0,0,0,0,0
1160,12.2365,56.8387,2017,DE,49,292,27.0,30,7.0,1171,-1,36.0,11.669609692470354,201.30232804992508,9.0,11.52293300628662,171.1419677734375,33.47,14.12,1,1,0,0,0,0,1,1,0,0,0,0,1,1,0,1,0,1,0,0,0,0,1,0,0,0,0,0,0,0,0,0,0,0,0,0,0,0,0,0,1,0,0,0,0
1161,11.9685,57.1042,2017,DE,50,292,35.0,30,7.0,1318,-1,57.0,13.704671542870448,169.83895750947931,22.0,12.613107681274414,191.07472229003903,33.87,14.3,0,0,0,0,0,0,1,0,1,1,0,0,0,1,0,1,0,1,0,1,0,0,1,0,0,0,0,0,0,0,0,0,0,0,0,0,0,0,0,0,0,0,0,0,0
1162,12.8757,55.7548,2017,DE,51,293,14.5,30,7.0,1003,0,21.0,1.5647176009070642,321.22036481576254,6.5,9.441987991333008,193.548095703125,27.72,14.19,1,1,0,1,0,0,1,0,0,0,0,0,0,0,0,1,0,0,0,0,0,0,0,0,0,0,0,0,0,0,0,0,0,0,0,0,0,0,0,0,1,0,0,0,0
1163,12.7033,55.9802,2017,DE,52,293,22.0,30,7.0,1166,-1,28.0,2.979837679711336,293.62688940970173,6.0,9.615814208984377,179.03407287597656,30.34,13.82,1,1,0,1,0,0,0,0,1,0,1,0,0,0,0,1,0,0,0,0,0,0,0,0,0,0,0,0,0,0,0,0,0,0,0,0,0,0,0,0,0,0,0,1,0
1164,12.4535,56.138,2017,DE,53,293,15.0,30,9.0,1383,-1,25.0,5.561317128552263,270.3145212157284,10.0,11.112947463989258,160.03414916992188,29.43,13.87,1,1,1,1,0,0,1,1,0,0,1,0,1,1,0,1,0,0,0,0,0,0,0,0,0,0,0,0,0,0,0,0,0,0,0,0,0,0,0,0,0,0,0,0,0
1165,12.6202,55.9895,2017,DE,54,294,12.5,30,7.0,67,-1,19.0,3.1858423339044446,290.29608754155873,6.5,10.157508850097656,214.54830932617188,26.99,13.71,1,1,1,1,0,0,1,1,1,1,0,0,1,1,0,1,0,0,0,0,0,0,1,0,0,0,0,0,0,0,0,0,0,0,0,0,0,0,0,0,0,0,0,0,0
1166,12.8668,55.7005,2017,DE,55,295,5.0,20,7.0,387,0,15.0,6.382660231166965,326.4143091760585,10.0,9.49267292022705,206.4881591796875,13.68,12.92,1,1,0,0,0,0,0,0,0,0,0,0,0,0,0,0,0,0,0,0,0,0,0,0,0,0,0,0,0,0,0,0,0,0,0,0,0,0,0,0,0,0,0,0,0
1167,12.777,55.8218,2017,DE,56,295,17.0,30,7.0,514,1,23.0,3.635722452087629,311.45946769756307,6.0,9.39678192138672,238.6819305419922,21.44,13.66,1,1,0,1,0,0,0,0,0,0,0,0,0,0,0,0,0,0,0,0,0,0,0,0,0,0,0,0,0,0,0,0,0,0,0,0,0,0,0,0,0,0,0,0,0
1168,12.7282,55.9218,2017,DE,57,295,25.0,30,7.0,616,1,30.0,1.8130307078884047,300.3413481090498,5.0,10.030888557434082,171.24720764160156,30.48,13.62,1,0,0,1,0,0,1,0,0,0,0,0,0,0,0,0,0,1,0,0,0,0,0,0,0,0,0,0,0,0,0,0,0,0,0,0,0,0,0,0,0,0,0,0,0
1169,20.459316,59.16885,2017,FI,1,294,45.0,60,11.0,232,-1,103.0,68.53318924847409,1014.6895847666632,58.0,8.876299858093262,123.06689453125,7.33,5.01,1,1,1,1,0,0,0,0,0,0,0,0,0,0,0,0,0,0,0,0,0,0,0,0,0,0,0,0,0,0,0,0,0,0,0,0,0,0,0,0,0,0,0,0,0
1170,18.474634,61.860985,2017,FI,10,296,21.0,30,18.0,809,1,80.0,50.61474095735868,1270.4826342571116,59.0,8.691502571105957,239.20266723632807,5.18,7.29,1,1,1,0,0,0,0,0,0,0,0,0,0,0,0,0,1,0,0,0,0,0,0,1,0,0,0,0,0,0,0,0,0,0,0,0,0,0,0,0,0,0,0,0,0
1171,17.956383,61.88397,2017,FI,11,296,15.0,45,19.0,1015,-1,75.0,23.871836428913003,1272.336406633296,60.0,8.450831413269043,240.72103881835932,4.96,9.83,1,1,1,0,0,0,0,0,0,0,0,0,0,0,0,0,0,0,0,0,0,0,0,0,0,0,0,0,0,0,0,0,0,0,0,0,0,0,0,0,0,0,0,0,0
1172,18.36005,62.1419,2017,FI,12,296,15.0,30,14.0,1263,-1,87.0,33.70881457446798,1302.8882033166444,72.0,8.548589706420898,258.11090087890625,4.99,9.6,1,1,1,0,1,0,0,0,0,0,0,0,0,0,0,0,0,0,0,0,0,0,0,0,0,0,0,0,0,0,0,0,0,0,0,0,0,0,0,0,0,0,0,0,0
1173,18.931433,62.60343,2017,FI,14,297,80.0,60,11.0,523,1,207.0,38.54929153890246,1357.521317128553,127.0,8.518340110778809,297.4111022949219,6.12,3.89,1,0,1,0,0,0,0,0,0,0,0,0,0,0,0,0,1,0,0,0,0,0,0,0,0,0,0,0,0,0,0,0,0,0,0,0,0,0,0,0,0,0,0,0,0
1174,19.357317,62.771782,2017,FI,15,297,16.0,60,13.0,822,1,157.0,43.099605302058784,1376.9682033166473,141.0,8.39644718170166,306.5066223144531,4.75,9.83,1,1,1,0,1,0,0,0,0,0,0,1,0,0,0,0,1,0,0,0,0,0,0,0,0,0,0,0,0,0,1,0,0,0,0,0,0,0,0,0,0,0,0,0,0
1175,19.3518,63.108982,2017,FI,16,297,20.0,60,18.0,1250,-1,164.0,18.0144841806957,1415.8619756928304,144.0,8.170616149902344,298.7170715332031,4.61,10.22,1,1,1,0,0,0,0,0,0,0,0,1,0,0,1,0,1,0,0,0,0,1,0,0,0,0,0,0,0,0,1,0,0,0,0,1,0,0,0,0,0,0,0,0,0
1176,20.083584,62.596832,2017,FI,17,298,30.0,60,17.0,1431,-1,88.0,50.391864823100725,1356.5944309404615,58.0,8.61987590789795,321.97686767578125,5.41,5.87,1,1,1,0,1,0,0,0,0,0,0,1,0,0,0,0,1,0,1,0,0,0,0,0,0,0,0,0,0,0,0,0,0,0,0,0,0,0,0,0,0,0,0,0,0
1177,20.045334,62.356018,2017,FI,18,299,60.0,75,13.0,426,1,120.0,55.60619085335448,1327.896406633293,60.0,8.677437782287598,321.130859375,6.19,3.69,1,1,1,0,0,0,0,0,0,0,0,1,0,0,1,0,1,0,0,0,0,0,0,0,0,0,0,0,0,0,0,0,0,0,0,0,0,0,0,0,0,0,0,0,0
1178,19.575817,62.300365,2017,FI,19,299,81.0,45,13.0,692,1,124.0,80.4832542011821,1321.4082033166444,43.0,8.606956481933594,301.42626953125,6.35,3.76,1,1,1,0,0,0,0,0,0,0,0,0,0,0,0,0,1,0,0,0,0,0,0,0,0,0,0,0,0,0,0,0,0,0,0,0,0,0,0,0,0,0,0,0,0
1179,19.738783,59.85668,2017,FI,2,294,22.0,30,17.0,812,1,75.0,10.40898566289478,1050.8237338489805,53.0,8.754169464111328,334.6533508300781,5.48,9.78,1,1,1,0,1,0,0,0,1,0,0,1,0,0,0,0,0,0,1,0,0,0,0,0,0,0,0,0,0,0,0,0,0,0,0,0,0,0,0,0,0,0,0,0,0
1180,19.739733,62.1157,2017,FI,20,299,20.0,30,18.0,897,0,105.0,79.00699620588517,1300.10754475237,85.0,8.589439392089844,310.1051330566406,5.1,8.02,1,1,1,0,0,0,0,0,0,0,0,0,0,0,1,0,1,0,0,0,0,0,0,0,0,0,0,0,0,0,0,0,0,0,0,0,0,0,0,0,0,0,0,0,0
1181,20.426016,62.1175,2017,FI,21,299,20.0,45,20.0,1098,-1,99.0,45.08461807481269,1300.10754475237,79.0,8.653424263000488,319.9884948730469,5.15,9.48,1,1,1,0,0,0,0,0,0,0,0,0,0,0,0,0,0,0,0,0,0,0,0,0,0,0,0,0,0,0,0,0,0,0,0,0,0,0,0,0,0,0,0,0,0
1182,20.764933,61.994766,2017,FI,22,299,12.0,30,15.0,1288,-1,66.0,27.851215343742904,1290.69390303298,54.0,8.624394416809082,318.4159851074219,5.18,10.8,1,1,1,0,1,0,0,0,0,0,0,1,0,0,0,0,0,0,1,0,0,0,0,0,0,0,0,0,0,0,0,0,0,0,0,0,0,0,0,0,0,0,0,0,0
1183,20.309134,61.836567,2017,FI,23,300,20.0,30,19.0,61,-1,109.0,54.12607503719271,1267.7019756928346,89.0,8.759662628173828,321.6620178222656,5.15,9.04,1,1,1,0,0,0,0,0,0,0,0,0,0,0,0,0,0,0,0,0,0,0,0,0,0,0,0,0,0,0,0,0,0,0,0,0,0,0,0,0,0,0,0,0,0
1184,19.993134,61.57855,2017,FI,24,300,80.0,60,11.0,475,1,118.0,72.59130146381993,1237.1501790094817,38.0,8.680975914001465,313.7069091796875,6.57,3.62,1,1,1,0,0,0,0,0,0,0,0,0,0,0,0,0,1,0,0,0,0,0,0,0,0,0,0,0,0,0,0,0,0,0,0,0,0,0,0,0,0,0,0,0,0
1185,20.75825,61.41415,2017,FI,25,300,23.0,30,17.0,823,1,78.0,31.686263865235784,1233.0115496502651,55.0,8.757552146911621,320.3437194824219,5.31,7.74,1,1,1,0,0,0,0,0,0,0,0,0,0,0,0,0,0,0,0,0,0,0,0,0,0,0,0,0,0,0,0,0,0,0,0,0,0,0,0,0,0,0,0,0,0
1186,20.80135,61.141182,2017,FI,26,300,23.0,40,17.0,1026,-1,58.0,26.53096814600909,1206.7211841037793,35.0,8.75448226928711,323.8828430175781,5.39,8.58,1,1,1,0,1,0,0,0,1,0,0,1,0,0,0,0,1,0,0,0,0,0,0,0,0,0,0,0,0,0,0,0,0,0,0,0,0,0,0,0,0,0,0,0,0
1187,20.53205,60.823833,2017,FI,27,300,22.0,35,18.0,1256,-1,67.0,26.34512435345506,1167.646810363995,45.0,8.703872680664062,317.96319580078125,5.36,8.76,1,1,1,0,0,0,0,0,1,0,0,1,0,0,0,0,1,0,0,0,0,1,0,0,0,0,0,0,0,0,1,0,0,0,0,0,0,0,0,0,0,0,0,0,0
1188,19.950083,61.114967,2017,FI,28,301,38.0,60,17.0,107,-1,112.0,64.74477038006488,1182.9208415061871,74.0,8.887852668762207,312.6509704589844,5.62,4.63,1,1,1,0,0,0,0,0,1,0,0,1,0,0,0,0,1,0,0,0,0,0,0,0,0,0,0,0,0,0,0,0,0,0,0,0,0,0,0,0,0,0,0,0,0
1189,19.6592,60.964535,2017,FI,29,301,75.0,75,11.0,357,0,107.0,59.43161071154924,1164.923951385666,32.0,8.838600158691406,316.6603698730469,6.54,4.05,1,1,1,0,0,0,0,0,0,0,0,0,0,0,0,0,1,0,0,0,0,0,0,0,0,0,0,0,0,0,0,0,0,0,0,0,0,0,0,0,0,0,0,0,0
1190,19.367483,60.04645,2017,FI,3,294,20.0,30,16.0,1045,-1,159.0,15.06821628229195,1060.2728547825488,139.0,8.738115310668945,318.74658203125,5.55,10.46,1,1,1,0,1,0,0,0,0,0,0,1,0,0,0,0,0,0,1,0,0,0,0,0,0,0,0,0,0,0,0,0,0,0,0,0,0,0,0,0,0,0,0,0,0
1191,20.668516,59.6335,2017,FI,30,301,30.0,15,19.0,1268,-1,100.0,25.67397942987617,1061.5091438088043,70.0,8.760710716247559,320.3701477050781,6.59,10.38,1,1,1,1,1,0,0,0,1,0,1,1,0,0,1,0,1,0,1,0,0,1,0,0,0,0,0,0,0,0,0,0,0,0,0,0,0,0,0,0,0,0,0,0,0
1192,21.037666,59.537666,2017,FI,31,302,33.0,20,13.0,89,-1,101.0,27.012551779318148,1068.1948083368352,68.0,8.717460632324219,274.6922607421875,6.7,10.78,1,1,1,1,1,0,0,0,1,0,0,1,0,0,0,0,0,0,1,0,0,0,0,0,0,0,0,0,0,0,0,0,0,0,0,0,0,0,0,0,0,0,0,0,0
1193,23.373117,59.553967,2017,FI,33,302,38.0,30,12.0,793,1,81.0,28.73347183086763,1167.5395814900826,43.0,8.613304138183594,146.1478729248047,6.81,8.77,1,1,1,0,1,1,0,0,0,0,0,1,0,0,0,0,0,0,1,0,0,0,0,0,0,0,0,0,0,0,0,0,0,0,0,0,0,0,0,0,0,0,0,0,0
1194,24.010233,59.658184,2017,FI,34,302,29.0,30,16.0,990,-1,63.0,28.367187100601527,1202.1244205660028,34.0,8.612692832946777,176.6575164794922,6.48,10.85,1,1,1,0,1,0,0,0,0,0,0,1,0,0,1,0,0,0,1,0,0,0,0,0,0,0,0,0,0,0,0,0,0,0,0,0,0,0,0,0,0,0,1,0,0
1195,25.124834,59.9208,2017,FI,35,302,29.0,12,18.0,1330,-1,67.0,20.0083806342498,1270.5419978878094,38.0,8.23713493347168,163.9092559814453,6.03,9.67,1,1,1,0,1,0,0,0,0,0,0,1,0,0,0,0,0,0,0,0,0,0,0,0,0,0,0,0,0,0,0,0,0,0,0,0,0,0,0,0,0,0,0,0,0
1196,26.30635,60.008068,2017,FI,36,303,30.0,20,17.0,186,-1,67.0,29.27777458496744,1332.7621461401968,37.0,8.072624206542969,156.58984375,6.03,6.8,1,1,1,0,1,0,0,0,0,0,0,1,0,0,0,0,0,0,0,0,0,0,0,0,0,0,0,0,0,0,0,0,0,0,0,0,0,0,0,0,0,0,0,0,0
1197,22.957333,59.52297,2017,FI,37,303,40.0,30,13.0,1138,-1,77.0,27.822359029422064,1146.2396276938591,37.0,8.622565269470215,143.07379150390625,6.87,8.08,1,1,1,1,1,0,0,0,0,0,0,1,0,0,0,0,0,0,1,0,0,0,0,0,0,0,0,0,0,0,0,0,0,0,0,0,0,0,0,0,0,0,0,0,0
1198,18.82545,60.794434,2017,FI,5,295,20.0,60,17.0,104,-1,66.0,37.91188322446348,1145.4770651975705,46.0,8.723477363586426,275.3775939941406,5.19,7.56,1,1,1,0,0,0,0,0,0,0,0,0,0,0,0,0,0,0,1,0,0,0,0,0,0,0,0,0,0,0,0,0,0,0,0,0,0,0,0,0,0,0,0,0,0
1199,18.107983,61.108418,2017,FI,6,295,40.0,75,12.0,673,1,69.0,42.557160367503656,1184.0373587154174,29.0,8.718130111694336,234.0724334716797,5.52,4.09,1,1,1,0,0,0,0,0,0,0,0,0,0,0,1,0,0,0,0,0,0,0,0,0,0,0,0,0,0,0,0,0,0,0,0,0,0,0,0,0,0,0,0,0,0
1200,19.151434,61.139633,2017,FI,7,295,20.0,30,16.0,1015,-1,64.0,78.93447400914434,1185.2977237618477,44.0,8.74352741241455,242.8925170898437,5.19,8.4,1,0,1,0,0,0,0,0,0,0,0,0,0,0,0,0,1,0,0,0,0,0,0,0,0,0,0,0,0,0,1,0,0,0,0,0,0,0,0,0,0,0,0,0,0
1201,18.9767,61.31613,2017,FI,8,295,20.0,60,19.0,1193,-1,70.0,84.47194454686722,1206.5806585642788,50.0,8.82436752319336,236.92694091796875,5.2,8.07,1,1,1,0,1,0,0,0,0,0,0,0,0,0,0,0,1,0,1,0,0,0,0,0,0,0,0,0,0,0,0,0,0,0,0,0,1,0,0,0,0,0,0,0,0
1202,17.970934,61.318165,2017,FI,9,296,29.0,70,19.0,73,-1,63.0,37.17140428547728,1208.519191268042,34.0,8.608564376831055,225.177734375,5.33,4.74,1,1,1,0,0,0,0,0,0,0,0,0,0,0,0,0,1,0,0,0,0,0,0,1,0,0,0,0,0,0,0,0,0,0,0,0,0,0,0,0,0,0,0,0,0
1203,20.62167,55.93167,2017,LT,1,292,23.0,30,7.0,555,1,32.0,27.259521542483267,850.5345736764181,9.0,8.562474250793457,291.7098693847656,7.13,14.05,0,1,0,0,0,0,0,0,0,0,0,0,0,0,0,0,0,0,1,0,0,0,0,0,0,0,0,0,0,0,0,0,0,0,0,0,0,0,0,0,0,0,0,0,0
1204,20.21,55.93833,2017,LT,2,292,31.0,30,12.0,695,1,45.0,52.9635264855785,824.2241252234408,14.0,8.964137077331543,279.42071533203125,7.21,13.64,1,1,0,0,0,0,0,0,0,0,0,0,0,0,0,0,0,0,0,0,0,0,0,0,0,0,0,0,0,0,0,0,0,0,0,0,0,0,0,0,0,0,0,0,0
1205,19.89167,55.93667,2017,LT,3,292,47.0,30,11.0,810,1,61.0,72.42985230452777,804.9254483896341,14.0,9.10536003112793,251.5634155273437,8.0,6.48,1,1,0,0,0,0,0,0,0,0,0,0,0,0,0,0,0,0,0,0,0,0,0,0,0,0,0,0,0,0,0,0,0,0,0,0,0,0,0,0,0,0,0,0,0
1206,19.48333,55.845,2017,LT,4,293,46.0,30,12.0,380,0,62.0,98.35095736888488,778.052442030856,16.0,9.136574745178224,249.66091918945312,7.58,6.93,1,1,0,0,0,0,0,0,0,0,0,0,0,0,0,0,0,0,0,0,0,0,0,0,0,0,0,0,0,0,0,0,0,0,0,0,0,0,0,0,0,0,0,0,0
1207,20.34667,55.59167,2017,LT,5,293,51.0,15,12.0,725,1,65.0,47.9184046720678,833.7367545810617,14.0,8.976951599121094,238.5866241455078,7.69,8.55,1,1,0,0,0,0,0,0,0,0,0,0,0,0,0,0,0,0,0,0,0,0,0,0,0,0,0,0,0,0,0,0,0,0,0,0,0,0,0,0,0,0,0,0,0
1208,19.175,56.08333,2017,LV,1,284,80.0,30,20.0,920,0,123.0,108.98386173486126,761.3888718677094,43.0,8.984319686889648,172.14535522460938,10.62,5.67,1,1,1,0,0,0,0,0,0,0,0,0,0,0,0,0,0,0,0,0,0,0,0,0,0,0,0,0,0,0,0,0,0,0,0,0,0,0,0,0,0,0,0,0,0
1209,19.95333,57.12167,2017,LV,10,290,60.0,30,20.0,475,1,214.0,68.81367165294375,844.9034208815573,154.0,9.128862380981444,95.93488311767578,9.44,5.33,1,1,1,1,0,0,0,0,0,0,0,0,0,0,0,0,0,0,0,0,0,0,0,0,0,0,0,0,0,0,0,0,0,0,0,0,0,0,0,0,0,0,0,0,0
1210,20.47333,57.14,2017,LV,11,290,78.5,30,17.0,660,1,96.0,48.608737397749685,873.9820491214356,17.5,9.120871543884276,185.2274780273437,10.07,5.61,1,1,0,0,0,0,0,0,0,0,0,1,0,0,0,0,0,0,0,0,0,0,0,0,0,0,0,0,0,0,0,0,0,0,0,0,0,0,0,0,0,0,0,0,0
1211,20.67667,57.38334,2017,LV,12,291,48.0,30,20.0,650,1,61.0,45.962238664707854,897.3541620116608,13.0,9.120535850524902,274.3558959960937,7.84,6.68,1,1,0,0,0,1,0,0,0,0,0,0,0,0,0,0,0,0,0,0,0,0,0,0,0,0,0,0,0,0,0,0,0,0,0,0,0,0,0,0,0,0,0,0,0
1212,20.49833,57.38833,2017,LV,13,291,70.0,20,20.0,820,1,164.0,56.93614626099005,887.7030491375738,94.0,9.092018127441406,138.96597290039062,9.35,5.46,1,1,0,0,0,1,0,0,0,0,0,0,0,0,0,0,0,0,0,0,0,0,0,0,0,0,0,0,0,0,0,0,0,0,0,0,0,0,0,0,0,0,0,0,0
1213,20.28333,57.71,2017,LV,14,292,70.0,15,20.0,355,0,137.0,61.87050339399427,894.2486571879256,67.0,9.096888542175291,144.26144409179688,9.72,5.54,1,1,0,1,0,0,0,0,0,0,0,0,0,0,0,0,0,0,0,0,0,0,0,0,0,0,0,0,0,0,0,0,0,0,0,0,0,0,0,0,0,0,0,0,0
1214,20.75667,57.88667,2017,LV,15,292,70.0,30,20.0,570,1,102.0,66.69102286461545,930.0494713310673,32.0,9.10869026184082,177.79002380371094,9.17,5.4,1,1,0,1,0,0,0,0,0,0,0,0,0,0,0,0,0,0,0,0,0,0,0,0,0,0,0,0,0,0,0,0,0,0,0,0,0,0,0,0,0,0,0,0,0
1215,20.745,57.685,2017,LV,16,292,80.0,20,20.0,835,1,119.0,56.917524245791725,915.8264380460214,39.0,9.138555526733398,183.08755493164065,9.76,5.7,1,1,0,1,0,1,0,0,0,0,0,0,0,0,0,0,0,0,0,0,0,0,0,0,0,0,0,0,0,0,0,0,0,0,0,0,0,0,0,0,0,0,0,0,0
1216,19.91833,56.10667,2017,LV,2,285,50.0,30,20.0,375,1,61.0,67.88396111604472,806.6976437760158,11.0,9.160749435424805,256.1631774902344,8.19,6.14,1,1,1,0,0,1,0,0,0,0,0,0,0,0,0,0,0,0,0,0,0,0,0,0,0,0,0,0,0,0,0,0,0,0,0,0,0,0,0,0,0,0,0,0,0
1217,19.91833,56.10667,2017,LV,3,285,37.0,20,20.0,535,1,61.0,67.88396111604472,806.6976437760158,24.0,9.160749435424805,256.1631774902344,7.3,7.62,0,1,0,0,0,0,0,0,0,0,0,0,0,0,0,0,0,0,0,0,0,0,0,0,0,0,0,0,0,0,0,0,0,0,0,0,0,0,0,0,0,0,0,0,0
1218,20.23167,56.37167,2017,LV,4,287,38.0,30,20.0,425,1,57.0,46.19639841342834,831.9553784194793,19.0,9.132014274597168,269.0733947753906,7.36,8.03,1,1,0,0,0,1,0,0,0,0,0,0,0,0,0,0,0,0,0,0,0,0,0,0,0,0,0,0,0,0,0,0,0,0,0,0,0,0,0,0,0,0,0,0,0
1219,19.845,56.37333,2017,LV,5,287,74.5,30,19.0,705,1,89.0,69.8059676029731,808.5722087920063,14.5,9.067133903503418,201.66456604003903,10.11,5.48,1,1,0,0,0,0,0,0,0,0,0,0,0,0,0,0,0,0,0,0,0,0,0,0,0,0,0,0,0,0,0,0,0,0,0,0,0,0,0,0,0,0,0,0,0
1220,19.115,56.50667,2017,LV,6,288,30.0,30,20.0,315,0,120.0,68.60475271122641,769.6320994819599,90.0,9.114669799804688,145.3330841064453,7.33,7.31,1,1,1,0,1,0,0,0,0,0,0,0,0,0,0,0,0,0,0,0,0,0,0,0,0,0,0,0,0,0,0,0,0,0,0,0,0,0,0,0,0,0,0,0,0
1221,20.0001,56.655,2017,LV,7,288,75.0,30,20.0,670,1,139.0,62.77367423806129,827.0144592033046,64.0,9.13637351989746,142.39666748046875,10.58,5.81,1,1,0,1,0,0,0,0,0,0,0,0,0,0,0,0,0,0,0,0,0,0,0,0,0,0,0,0,0,0,0,0,0,0,0,0,0,0,0,0,0,0,0,0,0
1222,20.30833,56.625,2017,LV,8,288,80.0,15,20.0,815,1,100.0,43.10686337523519,844.2557102082218,20.0,9.114623069763184,194.5753173828125,9.95,5.58,1,1,0,0,0,0,0,0,0,0,0,0,0,0,0,0,0,0,0,0,0,0,0,0,0,0,0,0,0,0,0,0,0,0,0,0,0,0,0,0,0,0,0,0,0
1223,20.67667,56.89667,2017,LV,9,289,46.0,30,20.0,380,1,58.0,24.189832898701496,874.8945724760717,12.0,9.091050148010254,287.06768798828125,7.36,8.83,1,1,0,0,0,0,0,0,0,0,0,0,0,0,0,0,0,0,0,0,0,0,0,0,0,0,0,0,0,0,0,0,0,0,0,0,0,0,0,0,0,0,0,0,0
1224,16.0083,54.6733,2017,PL,10,261,38.0,30,20.0,810,1,50.0,34.67233417787028,570.720139417313,12.0,8.545401573181152,276.52325439453125,7.89,10.76,1,1,0,0,0,1,1,0,0,0,0,0,0,0,0,0,0,0,0,0,0,0,0,0,0,0,0,0,0,0,0,0,0,0,0,0,0,0,0,0,0,0,0,0,0
1225,15.9267,55.0767,2017,PL,11,262,58.0,30,20.0,290,0,82.0,50.14836944050468,552.4412579448219,24.0,8.900197982788086,98.03865051269533,12.47,7.96,1,1,0,1,0,0,0,0,0,0,0,0,0,0,0,0,0,0,0,1,0,0,0,0,0,0,0,0,0,0,0,0,0,0,0,0,0,0,0,0,0,0,0,0,0
1226,16.3533,55.2833,2017,PL,12,262,39.0,20,19.0,570,1,65.0,78.74213229151029,577.2874399773107,26.0,8.874041557312012,201.5863800048828,8.24,7.37,1,1,0,1,0,0,0,0,0,0,0,0,0,0,0,0,0,0,0,0,0,0,0,0,0,0,0,0,0,0,0,0,0,0,0,0,0,0,0,0,0,0,0,0,0
1227,16.28,54.9633,2017,PL,13,262,26.0,30,18.0,875,1,47.0,49.64824489514504,577.8112455227132,21.0,8.442408561706543,253.21401977539065,7.44,12.15,1,1,0,0,0,0,0,0,0,0,0,0,0,0,0,0,0,1,0,0,0,0,0,0,0,0,0,0,0,0,0,0,0,0,0,0,0,0,0,0,0,0,0,0,0
1228,16.6683,55.135,2017,PL,14,263,41.0,45,19.5,590,1,52.0,56.93061617623046,597.4090944687134,11.0,8.738194465637207,264.68902587890625,7.95,9.08,1,1,0,0,0,1,0,0,0,0,0,0,0,0,0,0,0,0,0,0,0,0,0,0,0,0,0,0,0,0,0,0,0,0,0,0,0,0,0,0,0,0,0,0,0
1229,16.6843,55.3717,2017,PL,15,263,39.0,30,19.5,765,1,61.0,79.86268915520169,598.1702142765924,22.0,8.780814170837402,257.0545959472656,7.7,8.17,1,1,0,0,0,1,0,0,0,0,0,0,0,0,0,0,0,0,0,0,0,0,0,0,0,0,0,0,0,0,0,0,0,0,0,0,0,0,0,0,0,0,0,0,0
1230,16.9667,55.3333,2017,PL,16,263,47.0,30,20.0,980,0,69.0,68.99220432241677,616.6960366872698,22.0,8.647385597229004,223.4935607910156,9.43,7.24,1,1,0,1,0,0,0,0,0,0,0,0,0,0,0,0,0,0,0,0,0,0,0,0,0,0,0,0,0,0,0,0,0,0,0,0,0,0,0,0,0,0,0,0,0
1231,17.3333,54.9583,2017,PL,17,264,10.0,30,14.0,530,1,27.0,23.185973884471423,642.5146563682936,17.0,8.493980407714844,292.2391357421875,7.41,13.7,1,1,0,0,0,0,0,0,0,0,0,0,0,0,0,0,0,0,0,0,0,0,0,0,0,0,0,0,0,0,0,0,0,0,0,0,0,0,0,0,0,0,0,0,0
1232,17.3333,55.195,2017,PL,18,264,53.0,20,18.0,690,1,82.0,49.647062974839365,639.9957745240213,29.0,8.709709167480469,232.68690490722656,9.02,7.72,1,1,0,1,0,1,0,0,0,0,0,0,0,0,0,0,0,0,0,0,0,0,0,0,0,0,0,0,0,0,0,0,0,0,0,0,0,0,0,0,0,0,0,0,0
1233,17.3233,55.36,2017,PL,19,264,46.0,30,20.0,830,1,69.0,67.03069903833884,639.1643592339874,23.0,8.705073356628418,227.48065185546875,7.66,7.29,1,1,0,1,0,0,0,0,0,0,0,0,0,0,0,0,0,0,0,0,0,0,0,0,0,0,0,0,0,0,0,0,0,0,0,0,0,0,0,0,0,0,0,0,0
1234,14.7867,54.625,2017,PL,2,259,26.0,30,20.0,575,1,47.0,44.08728358469612,506.1270429418307,21.0,8.33588981628418,256.976806640625,7.65,12.5,1,1,0,0,0,1,0,0,0,0,0,0,0,0,0,0,0,0,0,0,0,0,0,0,0,0,0,0,0,0,0,0,0,0,0,0,0,0,0,0,0,0,0,0,0
1235,17.6667,55.4583,2017,PL,20,265,42.0,30,20.0,285,0,65.0,71.87850565657766,661.6022144769294,23.0,8.842342376708984,216.8602752685547,7.82,5.58,1,1,0,1,0,1,0,0,0,0,0,0,0,0,0,0,0,0,0,0,0,0,0,0,0,0,0,0,0,0,0,0,0,0,0,0,0,0,0,0,0,0,0,0,0
1236,17.6633,55.2983,2017,PL,21,265,54.0,30,20.0,430,1,81.0,54.74203945475849,661.6559631906473,27.0,8.768671035766602,225.06434631347656,10.19,6.86,1,1,0,1,0,1,0,0,0,0,0,0,0,0,0,0,0,0,0,0,0,0,0,0,0,0,0,0,0,0,0,0,0,0,0,0,0,0,0,0,0,0,0,0,0
1237,17.9915,55.16,2017,PL,22,265,21.0,30,18.0,780,1,44.0,36.14856133560421,682.607017709492,23.0,8.695494651794434,294.1038818359375,7.33,13.33,1,1,0,0,0,0,0,0,0,0,0,0,0,0,0,0,0,0,0,0,0,0,0,0,0,0,0,0,0,0,0,0,0,0,0,0,0,0,0,0,0,0,0,0,0
1238,18.0367,55.3583,2017,PL,23,265,47.0,30,20.0,975,0,76.0,58.39382984982247,684.8983458041639,29.0,8.839167594909668,221.8187713623047,7.85,6.14,1,1,0,1,0,0,0,0,0,0,0,0,0,0,0,0,0,1,0,0,0,0,0,0,0,0,0,0,0,0,0,0,0,0,0,0,0,0,0,0,0,0,0,0,0
1239,17.9817,55.59,2017,PL,24,266,45.0,30,20.0,400,1,69.0,84.3466431164129,681.6482683757665,24.0,8.782122611999512,196.97792053222656,7.76,5.63,1,1,1,0,0,0,0,0,0,0,0,0,0,0,0,0,0,0,0,0,0,0,0,0,0,0,0,0,0,0,0,0,0,0,0,0,0,0,0,0,0,0,0,0,0
1240,18.1883,55.8,2017,PL,25,266,44.0,15,20.0,625,1,68.0,107.5187978187219,695.3997939509247,24.0,8.981843948364258,185.8247528076172,7.99,5.32,1,1,0,0,0,0,0,0,0,0,0,0,0,0,0,0,0,0,0,0,0,0,0,1,0,0,0,0,0,0,0,0,0,0,0,0,0,0,0,0,0,0,0,0,0
1241,18.3205,55.447,2017,PL,26,266,46.0,30,20.0,940,1,86.0,68.58957791883978,703.3762327309875,40.0,8.979293823242188,198.9676971435547,7.43,6.32,1,0,0,1,0,0,0,0,0,0,0,0,0,0,0,0,0,0,0,0,0,0,0,0,0,0,0,0,0,0,0,0,0,0,0,0,0,0,0,0,0,0,0,0,0
1242,18.7267,54.92,2017,PL,27,267,50.0,30,18.0,770,1,93.0,22.872089432535983,731.260498055163,43.0,8.53197956085205,201.6300506591797,7.76,8.68,1,1,0,0,0,1,0,0,0,0,0,0,0,0,0,0,0,0,0,0,0,0,0,0,0,1,0,0,0,0,0,0,0,0,0,0,0,0,0,0,0,0,0,0,0
1243,18.64,55.0733,2017,PL,28,267,58.0,30,19.5,940,0,89.0,33.01048378922936,724.6680301991388,31.0,8.712081909179688,197.23892211914065,8.93,6.08,1,1,0,1,0,0,0,0,0,0,0,0,0,0,0,0,0,0,0,0,0,0,0,0,0,0,0,0,0,0,0,0,0,0,0,0,0,0,0,0,0,0,0,0,0
1244,18.6433,55.5383,2017,PL,29,268,56.0,30,16.0,390,1,83.0,81.05562803931855,724.6400981636458,27.0,8.961066246032715,213.69024658203125,8.73,5.41,1,1,0,1,0,0,0,0,0,0,0,0,0,0,0,0,0,0,0,0,0,0,0,0,0,0,0,0,0,0,0,0,0,0,0,0,0,0,0,0,0,0,0,0,0
1245,14.9733,54.7483,2017,PL,3,259,37.0,30,20.0,750,1,56.0,27.45693278357198,506.1152692725166,19.0,8.759260177612305,227.9462432861328,7.89,7.98,1,1,0,0,0,0,0,0,0,0,1,0,0,0,0,0,0,0,0,0,0,0,0,0,0,0,0,0,0,0,0,0,0,0,0,0,0,0,0,0,0,0,0,0,0
1246,18.62,55.825,2017,PL,30,268,40.0,45,20.0,650,1,110.0,111.66334528344596,722.5044889611604,70.0,8.950740814208984,169.7587432861328,7.43,6.61,1,1,0,1,0,0,0,0,0,0,0,0,0,0,0,0,0,0,0,0,0,0,0,0,0,0,0,0,0,0,0,0,0,0,0,0,0,0,0,0,0,0,0,0,0
1247,18.895,55.7817,2017,PL,31,268,46.0,45,20.0,940,0,89.0,111.25338146766684,740.2627037576265,43.0,8.946306228637695,203.03097534179688,7.29,6.75,1,1,0,0,0,0,0,0,0,0,0,0,0,0,0,0,0,0,0,0,0,0,0,0,0,0,0,0,0,0,0,0,0,0,0,0,0,0,0,0,0,0,0,0,0
1248,18.975,55.2333,2017,PL,32,269,46.0,45,19.0,405,1,78.0,60.22121787252303,746.3499985218948,32.0,8.804914474487305,208.1236114501953,7.46,7.21,1,1,0,0,0,0,0,0,0,0,0,0,0,0,0,0,0,0,0,0,0,0,0,0,0,0,0,0,0,0,0,0,0,0,0,0,0,0,0,0,0,0,0,0,0
1249,18.975,54.9117,2017,PL,33,269,80.0,30,19.0,690,1,100.0,30.612590862445035,747.259441071754,20.0,8.538095474243164,152.5044403076172,10.82,5.88,1,1,0,1,0,0,0,0,0,0,0,0,0,0,0,0,0,0,0,0,0,0,0,0,0,0,0,0,0,0,0,0,0,0,0,0,0,0,0,0,0,0,0,0,0
1250,19.0,54.6367,2017,PL,34,269,60.0,30,19.5,910,1,82.0,11.418309213780857,756.3490715278526,22.0,8.263318061828613,238.8713836669922,8.4,8.26,1,1,0,0,0,0,0,0,0,0,0,0,0,0,0,0,0,0,0,0,0,0,0,0,0,0,0,0,0,0,0,0,0,0,0,0,0,0,0,0,0,0,0,0,0
1251,19.3667,54.5,2017,PL,35,270,45.0,30,20.0,375,1,69.0,12.989298696793483,785.6184615434836,24.0,8.008930206298828,248.1669769287109,7.53,9.88,1,1,0,1,0,0,0,0,0,0,0,0,0,0,0,0,0,0,0,0,0,0,0,0,0,0,0,0,0,0,0,0,0,0,0,0,0,0,0,0,0,0,0,0,0
1252,19.2133,54.5667,2017,PL,36,270,57.0,30,20.0,525,1,78.0,22.95315775741259,773.3454002808171,21.0,8.335299491882324,231.4155120849609,8.27,8.28,1,1,0,1,0,0,0,0,0,0,1,0,0,0,0,0,0,0,0,0,1,0,0,0,0,0,0,0,0,0,0,0,0,0,0,0,0,0,0,0,0,0,0,0,0
1253,19.2895,54.8347,2017,PL,37,270,60.0,45,20.0,805,1,107.0,37.874943164555575,768.9733393392964,47.0,8.593205451965332,151.6344451904297,7.91,7.64,1,1,0,1,0,0,0,0,0,0,0,0,0,0,0,0,0,0,0,0,0,0,0,0,0,0,0,0,0,0,0,0,0,0,0,0,0,0,0,0,0,0,0,0,0
1254,19.2517,54.4167,2017,PL,38,271,27.0,30,20.0,395,1,45.0,6.435381407597565,782.106004042002,18.0,7.133274555206299,294.58221435546875,7.65,12.59,1,1,0,1,0,0,0,0,0,0,1,0,0,0,0,0,0,0,0,0,1,0,0,0,0,1,0,0,0,0,0,0,0,0,0,0,0,0,0,0,0,0,0,0,0
1255,18.935,54.4912,2017,PL,39,271,40.0,30,20.0,620,1,64.0,14.06688102533023,759.4077936803454,24.0,8.084630966186523,264.5209350585937,7.5,11.56,1,1,0,1,0,0,0,0,0,0,1,0,0,0,0,0,0,0,0,0,0,0,0,0,0,0,0,0,0,0,0,0,0,0,0,0,0,0,0,0,0,0,0,0,0
1256,15.3333,54.47,2017,PL,4,260,21.0,30,20.0,335,1,43.0,34.76141489810004,544.3894488689498,22.0,8.256033897399902,258.3468322753906,7.5,13.29,1,1,0,0,0,0,0,0,0,0,0,0,0,0,0,0,0,0,0,0,0,0,0,0,0,0,0,0,0,0,0,0,0,0,0,0,0,0,0,0,0,0,0,0,0
1257,15.3317,54.6667,2017,PL,5,260,43.0,30,19.5,480,1,59.0,39.53840666868771,531.1101196819532,16.0,8.79047966003418,214.68487548828125,8.78,7.92,1,1,0,1,0,0,1,0,0,0,1,0,0,0,0,0,0,1,0,0,0,0,0,0,0,0,0,0,0,0,0,0,0,0,0,0,0,0,0,0,0,0,0,0,0
1258,15.53,55.0083,2017,PL,6,260,54.0,30,20.0,705,1,76.0,25.785978976897333,531.3173696775368,22.0,8.981432914733887,168.37289428710938,12.03,8.69,1,1,0,1,0,0,0,0,0,0,0,0,0,0,0,0,0,0,0,0,0,0,0,0,0,0,0,0,0,0,0,0,0,0,0,0,0,0,0,0,0,0,0,0,0
1259,15.665,54.915,2017,PL,7,260,54.0,20,20.0,945,1,76.0,36.838344279699626,541.0757853141965,22.0,8.855363845825195,126.43090057373048,11.93,8.39,1,1,0,1,0,0,0,0,0,0,0,0,0,0,0,0,0,0,0,0,0,0,0,0,0,0,0,0,0,0,0,0,0,0,0,0,0,0,0,0,0,0,0,0,0
1260,15.6633,54.54,2017,PL,8,261,35.0,30,20.0,355,1,58.0,35.24013365544267,557.460352508972,23.0,8.612133026123047,250.06100463867188,7.54,12.04,1,1,0,1,0,0,0,0,0,0,0,0,0,0,0,0,0,0,0,0,0,0,0,0,0,0,0,0,0,0,0,0,0,0,0,0,0,0,0,0,0,0,0,0,0
1261,15.8183,54.475,2017,PL,9,261,23.0,30,20.0,590,1,49.0,26.003350245613888,569.3385031104651,26.0,8.28161907196045,270.7156066894531,7.51,13.47,1,1,0,1,0,0,0,0,0,0,0,0,0,0,0,0,0,0,0,0,0,0,0,0,0,0,0,0,0,0,0,0,0,0,0,0,0,0,0,0,0,0,0,0,0
1262,19.41,54.64833,2017,RU,1,258,37.0,30,31.0,697,1,86.0,25.543588590797253,780.882736905206,49.0,8.039735794067383,187.28936767578125,7.36,11.08,1,1,0,1,0,0,0,0,0,0,1,0,0,0,0,0,0,0,0,0,0,0,0,0,0,1,0,0,0,0,0,0,0,0,0,0,0,0,0,0,0,0,0,0,0
1263,19.27333,55.375,2017,RU,10,264,35.5,30,32.0,459,1,87.0,64.78391140082994,764.8502142765926,51.5,9.02542781829834,166.2318115234375,7.28,12.1,1,1,0,1,0,0,0,0,0,0,0,0,0,0,0,0,0,0,0,0,0,0,0,0,0,0,0,0,0,0,0,0,0,0,0,0,0,0,0,0,0,0,0,0,0
1264,19.05167,55.62333,2017,RU,11,264,44.0,30,32.0,869,1,90.0,94.5000854892032,751.0054041363983,46.0,9.03161334991455,175.50941467285156,7.39,7.39,1,1,0,1,0,0,0,0,0,0,0,0,0,0,0,0,0,0,0,0,0,0,0,0,0,0,0,0,0,0,0,0,0,1,0,0,0,0,0,0,0,0,0,0,0
1265,19.74,55.63667,2017,RU,12,265,33.0,30,34.0,534,1,82.0,77.4781390241731,795.1033324120241,49.0,9.03944969177246,196.6690673828125,7.31,11.15,1,1,1,1,0,1,0,0,0,0,0,0,0,0,0,0,0,0,0,0,0,0,0,0,0,1,0,0,0,0,0,0,0,0,0,0,0,0,0,0,0,0,0,0,0
1266,19.05833,55.88,2017,RU,13,266,45.5,30,30.0,480,1,107.0,118.29844430064954,750.9380414762807,61.5,9.0243501663208,192.45343017578125,7.32,6.93,1,1,0,1,0,1,0,0,0,0,0,0,0,0,0,0,0,0,0,0,0,0,0,0,0,0,0,0,0,0,0,0,0,0,0,0,0,0,0,0,0,0,0,0,0
1267,19.62167,54.55,2017,RU,2,259,12.5,30,32.0,485,1,49.0,7.926711268888176,797.4298457819668,36.5,7.660079002380371,273.6939697265625,7.22,14.26,1,1,0,0,0,0,0,1,0,0,0,0,0,0,0,0,0,0,0,0,1,0,0,0,0,1,0,0,0,0,0,0,0,0,0,0,0,0,1,0,0,0,0,0,0
1268,19.355,54.86333,2017,RU,3,259,33.5,30,31.0,922,1,108.0,36.80677905167498,772.1545790715743,74.5,8.655144691467285,153.1796112060547,7.33,13.5,1,1,0,1,0,0,0,0,0,0,1,0,0,0,0,0,0,0,0,0,0,0,0,0,0,1,0,0,0,0,0,0,0,0,0,0,0,0,0,0,0,0,0,0,0
1269,19.225,55.14667,2017,RU,4,260,48.5,30,35.0,532,1,97.0,51.85355048421724,762.4980689808604,48.5,8.771807670593262,162.16954040527344,7.67,7.09,1,1,0,1,0,0,0,0,0,0,0,0,0,0,0,0,0,0,0,0,1,0,0,0,0,1,0,0,0,0,0,0,0,0,0,0,0,0,0,0,0,0,0,0,0
1270,19.73833,55.135,2017,RU,5,260,31.0,30,33.0,920,1,76.0,24.65652595823059,795.3266692601516,45.0,8.803805351257324,242.45687866210932,7.31,13.83,1,1,0,1,0,0,0,0,0,0,1,0,0,0,0,0,0,0,0,0,0,0,0,0,0,1,0,0,0,0,1,0,0,0,0,0,0,0,0,0,0,0,0,0,0
1271,20.00833,55.125,2017,RU,6,262,21.0,30,34.0,389,1,61.0,18.537723761848188,812.2602918741986,40.0,8.35645866394043,264.14532470703125,7.24,14.09,1,1,0,1,0,0,0,0,0,0,0,0,0,0,0,0,0,0,0,0,0,0,0,0,1,1,0,0,0,0,0,0,0,0,0,0,0,0,0,0,0,0,0,0,0
1272,20.29167,55.11167,2017,RU,7,262,4.0,30,35.0,718,1,44.0,17.62885184131971,830.7836095746663,40.0,8.126935005187988,270.44000244140625,7.07,14.03,1,1,0,0,0,0,0,0,0,0,1,0,0,0,0,0,0,0,0,0,1,0,0,0,0,1,0,0,0,0,0,0,0,0,0,0,0,0,0,0,0,0,0,0,0
1273,20.03667,55.37667,2017,RU,8,263,17.5,30,34.0,676,1,65.0,46.37151987585114,813.7406632880578,47.5,8.919729232788086,247.8834381103516,7.25,13.82,1,1,0,0,0,1,0,0,0,0,0,0,0,0,0,0,0,0,0,0,0,0,0,0,0,1,0,0,0,0,1,0,0,0,0,0,0,0,0,0,0,0,0,0,0
1274,19.72667,55.365,2017,RU,9,263,48.5,30,31.0,898,1,97.0,48.11527045052133,794.4341282451119,48.5,8.96821403503418,173.5311737060547,7.7,7.47,1,1,0,1,0,1,0,0,0,0,0,0,0,0,0,0,0,0,0,0,0,0,0,0,0,0,0,0,0,0,0,0,0,0,0,0,0,0,0,0,0,0,0,0,0
1275,14.6358,55.3922,2018,SE,1,276,34.0,40,12.0,1313,-1,61.0,13.646717376697982,466.1587912790306,27.0,8.771379470825195,196.0592803955078,10.15,10.38,1,1,1,1,0,0,1,0,1,0,1,0,0,0,0,0,1,0,0,1,0,0,0,0,0,0,0,0,0,0,0,0,0,0,0,0,0,0,0,0,0,0,0,0,0
1276,17.766,57.117,2018,SE,10,278,20.0,30,16.0,1401,-1,98.0,22.110537250368225,733.9928883228208,78.0,9.000269889831543,55.610294342041016,6.98,10.85,1,1,1,0,1,1,0,0,0,0,0,0,0,0,0,0,0,0,0,0,0,0,0,0,0,0,0,0,0,0,0,0,0,0,0,0,0,0,0,0,0,0,0,0,0
1277,17.472,57.2693,2018,SE,11,279,33.5,25,12.2,220,-1,83.0,20.562108093956542,738.2870322944461,49.5,9.07253360748291,81.55799102783203,7.38,4.58,1,1,1,0,1,1,0,0,0,0,0,0,0,0,0,0,0,0,0,0,0,0,0,0,0,0,0,0,0,0,0,0,0,0,0,0,0,0,0,0,0,0,0,0,0
1278,17.5371,57.6968,2018,SE,12,279,25.7,60,19.0,493,1,157.0,38.07251393237703,777.9426301058004,131.3,9.223247528076172,76.77882385253906,6.98,9.34,1,1,1,1,1,0,0,0,0,0,0,0,0,0,0,0,0,0,0,0,0,0,0,1,0,0,0,0,0,0,0,0,0,0,0,0,0,0,0,0,0,0,0,0,0
1279,17.7655,57.8155,2018,SE,13,279,3.67,30,20.0,845,1,109.0,35.87304085601092,795.938949073443,105.33,9.247919082641602,74.13907623291016,6.83,11.84,1,1,1,0,1,1,0,0,0,0,0,0,0,0,0,0,0,0,0,0,0,0,0,0,0,0,0,0,0,0,0,0,0,0,0,0,0,0,0,0,0,0,0,0,0
1280,18.1614,57.7274,2018,SE,14,279,18.8,45,20.4,1083,-1,98.0,12.210447217424194,803.4962999865622,79.2,9.096701622009276,75.98472595214844,6.82,11.53,1,1,1,0,1,1,0,0,0,0,0,0,0,0,0,0,0,0,0,0,0,0,0,0,0,0,0,0,0,0,0,0,0,0,0,0,0,0,0,0,0,0,0,0,0
1281,18.0787,58.1587,2018,SE,15,280,9.0,22,21.2,51,-1,102.0,43.70406098880606,838.7912714244203,93.0,9.05263328552246,84.26998901367188,6.88,10.29,1,1,1,0,1,1,0,0,0,0,0,0,0,0,0,0,0,0,0,0,0,0,0,0,0,0,0,0,0,0,0,0,0,0,0,0,0,0,0,0,0,0,0,0,0
1282,17.5617,58.1747,2018,SE,16,280,10.4,20,22.5,253,0,136.0,32.59222014329404,825.3614286874431,125.6,8.970224380493164,81.54225158691406,6.85,9.79,1,1,1,0,1,0,0,0,0,0,0,0,0,0,0,0,0,0,0,0,0,0,0,0,0,0,0,0,0,0,0,0,0,0,0,0,0,0,0,0,0,0,0,0,0
1283,17.7436,58.4407,2018,SE,17,280,20.4,54,16.8,567,1,90.0,31.01388331126221,857.3936287489798,69.6,9.028828620910645,124.22596740722656,6.86,9.15,1,1,1,0,1,0,0,0,0,0,0,0,0,0,1,0,0,0,0,0,0,0,0,0,0,0,0,0,0,0,0,0,0,0,0,0,0,0,0,0,0,0,0,0,0
1284,18.4855,58.3103,2018,SE,18,280,25.0,30,19.2,872,1,102.0,41.53369915841853,866.0890581116809,77.0,9.100872993469238,99.61980438232422,6.83,9.29,1,1,1,0,1,1,0,0,0,0,0,0,0,0,1,0,0,0,0,0,0,0,0,0,0,0,0,0,0,0,0,0,0,0,0,0,0,0,0,0,0,0,0,0,0
1285,18.4209,58.6086,2018,SE,19,280,11.5,60,22.0,1102,-1,159.0,33.27805879362378,892.3459608256208,147.5,9.044939041137695,101.94615173339844,6.8,10.0,1,1,1,0,1,1,0,0,0,0,0,0,0,0,1,0,0,0,1,0,0,0,0,0,0,0,0,0,0,0,0,0,0,0,0,0,0,0,0,0,0,0,0,0,0
1286,14.6908,55.7518,2018,SE,2,277,21.6,21,15.0,201,-1,51.0,27.81752368993125,486.9114410609304,29.4,8.833134651184082,271.5311279296875,7.9,10.21,1,1,1,1,0,0,0,0,1,0,0,0,0,0,0,0,0,0,0,0,0,0,0,0,0,0,0,0,0,0,0,0,0,0,0,0,0,0,0,0,0,0,0,0,0
1287,18.7427,58.7333,2018,SE,20,281,8.9,50,22.5,55,-1,131.0,28.01469730787889,914.1621909877148,122.1,8.913496017456055,101.61032104492188,6.63,10.46,1,1,1,1,1,0,0,0,0,0,0,0,0,0,1,0,0,0,1,0,0,0,0,0,0,0,0,0,0,0,0,0,1,0,0,0,0,0,0,0,0,0,0,0,0
1288,19.1945,58.7053,2018,SE,21,281,41.8,60,17.0,307,0,93.0,35.2216751475163,928.0890397470866,51.2,8.996676445007324,125.61278533935548,7.46,4.36,1,1,1,1,1,1,0,0,0,0,0,0,0,0,1,0,0,0,0,0,0,0,0,0,0,0,0,0,0,0,0,0,1,0,0,0,0,0,0,0,0,0,0,0,0
1289,19.4635,59.1973,2018,SE,22,281,33.0,85,16.3,634,1,82.0,24.100491647161828,980.1633458353292,49.0,8.941701889038086,156.20823669433594,6.89,6.27,1,1,1,0,1,1,0,0,0,0,0,0,0,0,1,0,0,0,0,0,0,0,0,0,0,0,0,0,0,0,0,0,0,0,0,0,0,0,0,0,0,0,0,0,0
1290,20.2648,58.6088,2018,SE,23,282,27.0,30,17.5,336,0,111.0,61.42543387547803,959.9105188717564,84.0,8.91323184967041,104.67847442626952,6.44,10.72,1,1,1,0,1,1,0,0,0,0,0,0,0,0,1,0,0,0,0,0,0,0,0,0,0,1,0,0,0,0,0,0,0,0,0,0,0,0,0,0,0,0,0,0,0
1291,20.2898,58.7835,2018,SE,24,282,23.0,40,15.4,496,1,184.0,73.48355345315396,975.7234071609906,161.0,8.847530364990234,92.3876953125,6.34,11.3,1,1,1,0,0,1,0,0,0,0,0,0,0,0,0,0,0,0,0,0,1,0,0,0,0,0,0,0,0,0,0,0,0,0,0,0,0,0,0,0,0,0,0,0,0
1292,19.6668,59.0912,2018,SE,25,282,34.0,45,13.0,858,1,92.0,39.55890857984305,978.329194034699,58.0,8.942662239074707,143.35702514648438,6.74,7.89,1,1,1,0,1,1,0,0,0,0,0,0,0,0,1,0,0,0,0,0,0,0,0,0,0,0,0,0,0,0,0,0,0,0,0,0,0,0,0,0,0,0,0,0,0
1293,19.5704,58.7798,2018,SE,26,282,7.5,40,18.7,1123,-1,143.0,47.65734503108844,947.900450223396,135.5,8.974080085754395,102.23033142089844,6.46,11.07,1,1,1,0,0,1,0,0,0,0,0,0,0,0,1,0,0,0,0,0,0,0,0,0,0,0,0,0,0,0,0,0,0,0,0,0,0,0,0,0,0,0,0,0,0
1294,19.1657,58.3075,2018,SE,27,283,30.0,25,15.3,105,-1,55.0,5.376644534650948,890.3045766926525,25.0,9.177241325378418,97.384765625,6.95,8.04,1,1,1,1,0,0,0,0,0,0,0,0,0,0,0,0,0,0,0,0,0,0,0,0,0,0,0,0,0,0,0,0,0,0,0,0,0,0,0,0,0,0,0,0,0
1295,19.4798,58.1418,2018,SE,28,283,27.0,30,17.8,382,1,124.0,19.698815843567026,892.4324576804847,97.0,8.957534790039062,86.15029907226562,6.64,11.88,1,1,1,0,1,1,0,0,0,0,1,0,0,0,0,0,0,0,0,0,0,0,0,0,0,0,0,0,0,0,0,0,0,0,0,0,0,0,0,0,0,0,0,0,0
1296,19.5577,57.8767,2018,SE,29,283,42.9,73,14.5,640,1,75.0,15.804334867703576,873.8491405373953,32.1,8.992925643920898,193.280029296875,7.44,4.02,1,1,1,1,1,0,0,0,0,0,1,0,0,0,0,0,0,0,0,0,0,0,0,0,0,0,0,0,0,0,0,0,0,0,0,0,0,0,0,0,0,0,0,0,0
1297,15.3663,55.739,2018,SE,3,277,35.2,45,17.3,446,1,61.0,39.70132023946716,520.3793611853785,25.799999999999997,8.882314682006836,194.6081695556641,8.28,7.95,1,1,1,0,0,1,0,0,1,0,1,0,0,0,0,0,0,0,0,0,0,0,0,0,0,0,0,0,0,0,0,0,0,0,0,0,0,0,0,0,0,0,0,0,0
1298,19.586,57.6034,2018,SE,30,283,22.6,40,17.1,993,0,105.0,38.01759518208236,854.1120885995559,82.4,9.063308715820312,113.50464630126952,6.92,9.75,1,1,1,0,1,0,0,0,0,0,0,0,0,0,0,0,0,0,0,0,0,0,0,0,0,0,0,0,0,0,0,0,0,0,0,0,0,0,0,0,0,0,0,0,0
1299,19.5758,57.4261,2018,SE,31,283,10.6,60,19.5,1244,-1,86.0,35.97231242080146,841.3124958012334,75.4,9.116950988769531,350.9124755859375,6.89,12.0,1,1,1,0,0,1,0,0,0,0,0,0,0,0,0,0,0,0,1,0,0,0,0,0,0,0,0,0,0,0,0,0,0,0,0,0,0,0,0,0,0,0,0,0,0
1300,19.5685,57.153,2018,SE,32,284,10.5,20,22.0,108,-1,149.0,47.13688967680823,825.0508505851227,138.5,9.157268524169922,85.359130859375,6.88,11.87,1,1,1,0,0,1,0,0,0,0,0,0,0,0,0,0,0,0,0,0,0,0,0,0,0,0,0,0,0,0,0,0,0,0,0,0,0,0,0,0,0,0,0,0,0
1301,18.8682,57.1347,2018,SE,33,284,28.0,30,18.5,357,0,51.0,14.315053517411512,786.8173125334573,23.0,9.018959045410156,331.2670288085937,7.15,6.73,1,1,1,0,1,0,0,0,0,0,0,0,0,0,1,0,0,0,0,0,0,0,0,0,0,0,0,0,0,0,0,0,0,0,0,0,0,0,0,0,0,0,0,0,0
1302,18.8693,56.7507,2018,SE,34,284,41.3,58,12.5,727,1,83.0,40.4517071407716,766.024640681806,41.7,9.1564359664917,138.07371520996094,7.7,4.21,1,1,1,0,0,1,0,0,0,0,0,0,0,0,0,0,0,0,0,0,0,0,0,0,0,0,0,0,0,0,0,0,0,0,0,0,0,0,0,0,0,0,0,0,0
1303,18.8084,56.5918,2018,SE,35,284,11.1,45,20.9,948,0,62.0,49.359893407117504,755.569668411962,50.9,9.079100608825684,268.6139831542969,7.03,10.78,1,1,1,0,0,1,0,0,0,0,0,0,0,0,0,0,0,0,0,0,0,0,0,0,0,0,0,0,0,0,0,0,0,0,0,0,0,0,0,0,0,0,0,0,0
1304,18.4763,56.3606,2018,SE,36,284,13.8,45,18.6,1298,-1,48.0,62.6908423721193,727.2411236554723,34.2,9.082135200500488,319.392333984375,7.11,11.17,1,1,1,1,0,0,0,0,1,0,1,0,0,0,0,0,0,0,0,0,0,0,0,0,0,0,0,0,0,0,0,0,0,0,0,0,0,0,0,0,0,0,0,0,0
1305,18.4457,56.1247,2018,SE,37,285,10.8,20,23.0,169,-1,94.0,88.46751797918533,717.0038471716412,83.2,9.235291481018066,99.0125961303711,7.18,11.91,1,1,1,0,0,0,0,0,0,0,0,0,0,0,0,0,0,0,0,0,0,0,0,0,0,0,0,0,0,0,0,0,1,0,0,0,0,0,0,0,0,0,0,0,0
1306,17.8397,56.088,2018,SE,38,285,34.0,20,20.0,402,1,64.0,84.71853962733891,680.1647530051719,30.0,9.03534984588623,281.3528137207031,7.43,6.68,1,1,1,0,0,1,0,0,0,0,0,0,0,0,0,0,0,0,0,0,0,0,0,0,0,0,0,0,0,0,0,0,0,0,0,0,0,0,0,0,0,0,0,0,0
1307,17.8275,55.846,2018,SE,39,285,35.3,60,17.8,555,1,60.0,94.73733525166868,672.8520913456038,24.700000000000003,9.189838409423828,290.5646667480469,7.36,5.91,1,1,0,0,0,1,0,0,0,0,0,0,0,0,0,0,0,0,0,0,0,0,0,0,0,1,0,0,0,0,0,0,0,0,0,0,0,0,0,0,0,0,0,0,0
1308,16.1857,55.7823,2018,SE,4,277,36.0,30,17.8,801,1,61.0,35.46104826824703,570.1594151123023,25.0,8.926068305969238,198.5152282714844,7.71,6.84,1,1,1,1,1,1,0,0,0,0,0,0,0,0,0,0,0,0,0,0,0,0,0,0,0,0,0,0,0,0,0,0,0,0,0,0,0,0,0,0,0,0,0,0,0
1309,17.1488,55.8833,2018,SE,40,285,21.4,34,18.2,931,0,48.0,56.970281609983445,632.0195485417893,26.6,9.099151611328123,311.7362670898437,7.41,9.62,1,1,0,0,0,1,0,0,0,0,0,0,0,0,0,0,0,0,0,0,0,0,0,0,0,0,0,0,0,0,0,0,0,0,0,0,0,0,0,0,0,0,0,0,0
1310,16.8891,56.0555,2018,SE,41,285,3.9,30,19.1,1103,-1,41.0,32.63143396706374,622.5062903677536,37.1,9.036004066467283,318.2013244628906,7.4,10.29,1,1,1,1,1,1,0,0,0,0,1,0,0,0,0,0,0,0,0,0,0,0,0,0,0,0,0,0,0,0,0,0,0,0,0,0,0,0,0,0,0,0,0,0,0
1311,16.7573,55.8603,2018,SE,42,285,2.9,30,19.8,1257,-1,42.0,43.976659403725634,607.4382669407861,39.1,8.970026969909668,328.5273132324219,7.43,11.11,1,1,1,0,1,1,0,0,0,0,1,0,0,0,0,0,0,0,0,0,0,0,0,0,0,0,0,0,0,0,0,0,0,0,0,0,0,0,0,0,0,0,0,0,0
1312,15.7957,55.5675,2018,SE,43,286,13.3,30,24.4,157,-1,76.0,50.051854156990885,541.0109955312755,62.7,8.83688735961914,159.35940551757812,7.58,12.38,1,1,1,1,1,0,0,0,0,0,0,0,0,0,0,0,0,0,0,0,0,0,0,0,0,0,0,0,0,0,0,0,0,0,0,0,0,0,0,0,0,0,0,0,0
1313,15.7773,55.1964,2018,SE,44,286,50.1,90,18.0,384,1,91.0,41.17645532980012,540.2540851183054,40.9,8.714055061340332,88.9162368774414,12.55,9.81,1,1,0,1,0,1,0,0,0,0,1,0,0,0,0,0,0,0,0,0,0,0,0,0,0,0,0,0,0,0,0,0,0,0,0,0,0,0,0,0,0,0,0,0,0
1314,15.2695,55.3792,2018,SE,45,286,50.6,57,16.8,693,1,77.0,26.54275679418969,507.1487775502693,26.4,8.777642250061035,173.79010009765625,13.77,11.26,1,1,0,1,0,1,0,0,0,0,1,0,0,0,0,0,0,0,0,0,0,0,0,0,0,0,0,0,0,0,0,0,0,0,0,0,0,0,0,0,0,0,0,0,0
1315,14.7989,55.6011,2018,SE,46,286,21.7,60,18.0,1001,0,77.0,27.89582383188085,481.0895578671877,55.3,8.838400840759277,172.89076232910156,7.79,12.35,1,1,1,1,0,1,1,0,1,1,1,0,0,0,0,0,0,0,0,0,0,0,0,0,0,0,0,0,0,0,0,0,0,0,0,0,0,0,0,0,0,0,0,0,0
1316,16.7751,56.1437,2018,SE,5,277,18.2,30,17.1,1158,-1,45.0,21.64399001409078,619.7511995108816,26.8,8.94922161102295,309.076416015625,7.42,8.07,1,1,1,1,1,1,0,0,0,0,1,0,0,0,0,0,0,0,0,0,0,0,0,1,0,0,0,0,0,0,0,0,0,0,0,0,0,0,0,0,0,0,0,0,0
1317,17.6628,56.1332,2018,SE,6,278,23.0,30,18.6,229,-1,52.0,72.44343706993011,670.3319477900959,29.0,9.05837631225586,311.31573486328125,7.33,8.17,1,1,1,1,1,0,0,0,0,0,0,0,0,0,0,0,0,0,0,0,0,0,0,0,0,0,0,0,0,0,0,0,0,0,0,0,0,0,0,0,0,0,0,0,0
1318,17.6127,56.5912,2018,SE,7,278,33.4,40,18.0,496,1,63.0,47.951880820954464,689.3770992271415,29.6,9.1461820602417,185.07928466796875,7.44,5.36,1,1,1,0,1,1,0,0,0,0,0,0,0,0,0,0,0,0,0,0,0,0,0,1,0,0,0,0,0,0,0,0,0,0,0,0,0,0,0,0,0,0,0,0,0
1319,16.8445,56.6023,2018,SE,8,278,16.0,47,15.7,780,1,53.0,8.961666459877002,654.3767646006543,37.0,9.12304973602295,215.20730590820312,7.27,7.81,1,1,1,0,1,0,0,0,0,0,0,0,0,0,1,0,0,0,1,0,0,0,0,0,0,0,0,0,0,0,0,0,0,0,0,0,0,0,0,0,0,0,0,0,0
1320,17.4807,56.9088,2018,SE,9,278,18.7,47,13.3,1107,-1,97.0,35.16256795714394,705.8722112204345,78.3,9.067522048950195,43.543094635009766,7.07,10.52,1,1,1,0,1,0,0,0,0,0,1,0,0,0,0,0,0,0,0,0,0,0,0,0,0,0,0,0,0,0,0,0,0,0,0,0,0,0,0,0,0,0,0,0,0
1321,24.27833,59.61333,2018,EE,1,295,55.0,10,17.0,645,1,83.0,12.746781065746102,1211.3412287337703,28.0,8.387931823730469,153.3182373046875,7.5,5.31,1,1,1,0,1,0,0,0,0,0,0,1,0,0,0,0,0,0,0,0,0,0,0,0,0,0,0,0,0,0,0,0,0,0,0,0,0,0,0,0,0,0,0,0,0
1322,23.18,59.33333,2018,EE,10,298,46.0,20,20.0,660,1,85.0,11.942376986819308,1142.3100853195538,39.0,8.531606674194336,99.1200180053711,6.29,9.16,1,1,1,0,0,0,0,0,0,0,0,1,0,0,0,0,0,0,0,0,0,0,0,0,0,0,0,0,0,0,0,0,0,0,0,0,0,0,0,0,0,0,0,0,0
1323,22.76167,59.34167,2018,EE,11,298,57.0,20,20.0,800,1,97.0,29.29211745322629,1124.761751632649,40.0,8.574732780456543,111.1005401611328,7.61,5.33,1,1,1,1,1,0,0,0,0,0,0,1,0,0,0,0,0,0,0,0,0,0,0,0,0,0,0,0,0,0,0,0,0,0,0,0,0,0,0,0,0,0,0,0,0
1324,22.46667,59.20333,2018,EE,12,298,40.0,15,20.0,960,-1,77.0,15.040843068449956,1102.4022080989482,37.0,8.611797332763672,185.5936737060547,6.34,10.71,1,1,1,0,1,0,0,0,0,0,0,1,0,0,0,0,0,0,0,0,0,0,0,1,0,0,0,0,0,0,0,0,0,0,0,0,0,0,0,0,0,0,0,0,0
1325,21.64333,59.26333,2018,EE,13,299,45.0,10,20.0,430,1,98.0,43.27886323896757,1070.8925651248742,53.0,8.71203899383545,100.32554626464844,6.93,6.61,1,1,1,0,0,0,0,0,0,0,1,1,0,0,0,0,0,0,0,0,0,0,0,0,0,0,0,0,0,0,0,0,0,0,0,0,0,0,0,0,0,0,0,0,0
1326,21.25833,59.12,2018,EE,14,299,50.0,20,20.0,610,1,137.0,49.6480648082731,1043.763210187121,87.0,8.731155395507812,91.96949005126952,7.7,4.37,1,1,1,0,0,0,0,0,0,0,0,1,0,0,0,0,0,0,0,0,0,0,0,0,0,0,0,0,0,0,0,0,0,0,0,0,0,0,0,0,0,0,0,0,0
1327,21.54667,58.87167,2018,EE,15,299,35.0,15,20.0,820,1,60.0,29.447905344066275,1037.2810745247589,25.0,8.7265625,260.8086853027344,6.72,9.98,0,1,0,0,0,1,0,0,0,0,0,0,0,0,1,0,0,0,0,0,0,0,0,0,0,0,0,0,0,0,0,0,0,0,0,0,0,0,0,0,0,0,0,0,0
1328,21.56167,58.07167,2018,EE,16,301,20.0,5,17.0,380,0,42.0,27.4829126296849,980.1516564691872,22.0,8.558389663696289,304.4534606933594,6.8,13.57,1,1,0,0,0,1,0,0,0,0,0,0,0,0,0,0,0,0,0,0,0,0,0,1,0,0,0,0,0,0,0,0,0,0,0,0,0,0,0,0,0,0,0,0,0
1329,20.755,58.07,2018,EE,17,301,60.0,20,16.0,600,1,75.0,66.15007099508749,940.9876795783554,15.0,8.86181354522705,164.54257202148438,8.37,4.24,1,1,1,1,0,0,0,0,0,0,0,0,0,0,0,0,0,0,0,0,0,0,0,0,0,0,0,0,0,0,0,0,0,0,0,0,0,0,0,0,0,0,0,0,0
1330,20.43667,58.37,2018,EE,18,301,50.0,10,20.0,885,0,135.0,66.11610525984086,951.2378973891216,85.0,8.800492286682129,97.30046081542967,7.82,3.84,1,1,1,0,0,1,0,0,0,0,0,0,0,0,0,0,0,0,0,0,0,0,0,0,0,0,0,0,0,0,0,0,0,0,0,0,0,0,0,0,0,0,0,0,0
1331,21.045,58.37,2018,EE,19,301,30.0,5,18.0,1105,-1,98.0,42.95255590201484,975.7928520124536,68.0,8.816717147827148,115.44623565673828,6.76,10.79,1,1,1,0,1,0,0,0,0,0,0,1,0,0,0,0,0,0,0,0,0,0,0,0,0,0,0,0,0,0,0,0,0,0,0,0,0,0,0,0,0,0,0,0,0
1332,24.90333,59.73667,2018,EE,2,295,40.0,15,18.0,845,0,82.0,11.735315365923965,1249.6376732632912,42.0,8.437631607055664,162.98355102539062,6.11,10.36,1,1,1,0,1,0,0,0,0,0,0,1,0,0,0,0,0,0,0,0,0,0,0,0,0,0,0,0,0,0,0,0,0,0,0,0,0,0,0,0,0,0,0,0,0
1333,27.38833,59.54167,2018,EE,3,296,15.0,20,18.0,340,0,38.0,10.195748069017318,1384.5763450029865,23.0,7.754961490631103,231.8264617919922,4.62,12.91,1,1,1,0,1,0,0,0,0,0,0,0,0,0,0,0,0,0,0,0,0,0,0,0,0,1,0,0,0,0,0,0,0,0,0,0,0,0,0,0,0,0,0,0,0
1334,26.97833,59.58167,2018,EE,4,296,22.0,15,17.0,480,1,50.0,14.204008331980596,1360.407349635028,28.0,7.822662830352783,225.3773498535156,4.7,12.86,1,1,1,0,1,0,0,0,0,0,0,1,0,0,0,0,0,0,0,0,0,0,0,0,0,0,0,0,0,0,0,0,0,0,0,0,0,0,0,0,0,0,0,0,0
1335,26.29667,59.75333,2018,EE,5,296,45.0,20,18.0,715,1,81.0,19.487108938272467,1321.7153261044257,36.0,8.050979614257812,159.02825927734375,5.82,10.48,1,1,1,0,0,0,0,0,0,0,0,1,0,0,0,0,0,0,0,0,0,0,0,0,0,1,0,0,0,0,0,0,0,0,0,0,0,0,0,0,0,0,0,0,0
1336,25.94,59.75167,2018,EE,6,296,40.0,15,17.0,840,0,79.0,13.110617249969538,1302.6575044086608,39.0,8.256006240844727,153.42520141601562,5.73,11.64,1,1,1,0,0,0,0,0,0,0,0,1,0,0,0,0,0,0,0,0,0,0,0,0,0,0,0,0,0,0,0,0,0,0,0,0,0,0,0,0,0,0,0,0,0
1337,25.46167,59.74833,2018,EE,7,296,28.0,20,20.0,970,-1,85.0,11.471123754688977,1276.8975232883354,57.0,8.372461318969727,153.51162719726562,5.79,12.32,1,1,1,0,1,0,0,0,0,0,0,1,0,0,0,0,0,0,0,0,0,0,0,0,0,0,0,0,0,0,0,0,0,0,0,0,0,0,0,0,0,0,0,0,0
1338,24.08333,59.475,2018,EE,8,298,50.0,10,17.0,355,0,95.0,9.45870522773255,1194.5338924525863,45.0,8.348795890808105,143.96286010742188,6.35,10.02,1,1,1,0,1,0,0,0,0,0,0,1,0,0,0,0,0,0,0,0,0,0,0,0,0,0,0,0,0,0,0,0,0,0,0,0,0,0,0,0,0,0,0,0,0
1339,23.76333,59.475,2018,EE,9,298,51.5,20,20.0,465,1,87.0,15.81949202524048,1178.2017552643956,35.5,8.355618476867676,135.0098419189453,6.31,10.25,1,1,1,0,0,0,0,0,0,0,0,1,0,0,0,0,0,0,0,0,0,0,0,0,0,0,0,0,0,0,0,0,0,0,0,0,0,0,0,0,0,0,0,0,0
1340,10.1697,54.664,2018,DE,1,275,14.5,39,6.0,1058,0,21.0,8.845248441588621,419.0214071748581,6.5,11.51368808746338,116.99198150634766,21.99,14.66,1,1,1,0,0,1,1,1,0,0,0,0,0,0,0,0,0,0,0,0,0,0,0,0,1,0,0,0,0,0,0,0,0,0,0,0,0,0,0,0,0,0,0,0,0
1341,10.2752,55.7005,2018,DE,2,276,12.0,30,7.0,1004,0,21.0,5.5613171285558005,292.20695944005183,9.0,11.56846046447754,194.0834808349609,24.64,13.46,1,1,1,0,0,0,0,0,0,1,0,0,0,1,0,0,0,0,0,0,0,0,0,0,0,0,0,0,0,0,0,0,0,0,0,0,0,0,0,0,0,0,0,0,0
1342,10.4823,55.9192,2018,DE,3,276,18.5,30,8.0,1193,-1,21.0,3.625197638723508,264.1690470031282,2.5,11.992876052856444,221.4884185791016,26.53,13.86,1,1,0,0,0,0,1,1,1,1,0,0,1,1,0,0,0,0,0,0,0,0,0,0,0,0,1,0,1,0,0,0,0,0,1,0,0,0,0,0,0,0,0,0,0
1343,10.6607,56.0438,2018,DE,4,276,14.0,30,7.0,1330,-1,25.0,8.535453877646091,246.6938291679176,11.0,12.323054313659668,226.32752990722656,25.89,13.71,1,1,1,0,0,0,1,1,0,1,0,0,1,1,0,1,0,0,0,0,0,0,0,0,0,0,0,0,1,0,0,0,0,0,1,0,0,0,0,0,0,0,0,0,0
1344,11.0223,55.8843,2018,DE,5,277,13.5,30,7.0,45,-1,18.0,5.379308684182718,264.84131712855583,4.5,11.529281616210938,239.59426879882807,23.5,13.44,1,1,0,0,0,0,1,1,1,1,0,0,1,1,0,1,0,0,0,0,0,0,0,0,1,0,1,0,1,0,0,0,0,0,0,0,0,0,0,0,0,0,1,0,0
1345,10.9135,55.5728,2018,DE,6,277,10.5,30,7.0,1012,0,23.0,9.563504507512697,300.9544309404644,12.5,11.181696891784668,229.33709716796875,22.28,13.67,0,0,0,0,0,0,0,0,0,1,0,0,0,1,0,0,0,0,0,0,0,0,0,0,1,0,0,0,0,0,0,0,0,0,0,0,0,0,0,0,0,0,0,0,0
1346,10.8737,55.4085,2018,DE,7,277,15.0,30,8.0,1130,-1,20.0,6.901846884725636,320.40131712855583,5.0,11.36716365814209,221.31521606445312,23.37,13.62,1,1,1,0,0,0,1,1,1,1,0,0,1,1,0,0,0,0,0,0,0,0,0,0,1,0,1,0,1,0,0,0,0,0,0,0,0,0,0,0,0,0,0,0,0
1347,10.9923,55.2803,2018,DE,8,277,17.0,20,6.0,1237,-1,21.0,5.782149932777152,334.3046099499425,4.0,11.283814430236816,222.0021209716797,23.69,13.76,1,1,0,0,0,0,1,1,0,1,0,0,1,0,0,0,0,1,0,1,0,0,1,0,1,0,0,1,0,0,0,0,0,0,0,0,0,0,0,0,0,0,0,0,0
1348,11.2868,55.1392,2018,DE,9,277,19.0,30,7.0,1370,-1,19.0,6.536618424442746,351.82519168430025,0.0,10.363874435424805,208.8790435791016,25.18,13.85,0,0,1,1,1,0,0,1,1,1,0,0,1,1,0,0,0,0,0,0,0,0,0,0,1,0,1,0,1,1,0,0,0,0,0,0,0,0,0,0,0,0,1,0,0
1349,10.8415,54.8813,2018,DE,10,278,20.0,30,7.0,137,-1,36.0,2.399456496370437,381.7778772518772,16.0,10.988393783569336,240.9561004638672,22.88,13.86,1,1,1,1,0,1,1,0,0,1,0,0,1,1,0,0,0,0,0,0,0,0,0,0,1,0,0,0,0,0,0,0,0,0,0,0,0,0,0,0,0,0,0,0,0
1350,10.3495,54.6362,2018,DE,11,278,12.5,30,7.0,991,0,21.0,20.138596986862115,415.0727205705902,8.5,11.365280151367188,170.24404907226562,20.88,14.32,1,1,1,0,0,0,0,0,0,1,0,0,0,0,0,0,0,0,0,0,0,0,0,0,0,0,0,0,0,0,0,0,0,0,0,0,0,0,0,0,0,0,0,0,0
1351,10.3362,54.8095,2018,DE,12,278,18.5,30,7.0,1084,-1,29.0,4.418139142286925,399.94277116553707,10.5,11.316421508789062,186.1128387451172,23.45,14.49,1,0,1,0,0,0,1,0,1,0,0,0,0,1,0,0,0,0,0,0,0,0,0,0,0,0,0,0,0,0,0,0,0,0,0,0,0,0,0,0,0,0,0,0,0
1352,10.7143,54.4648,2018,DE,13,278,12.0,30,7.0,1342,-1,20.0,13.75390258528146,430.5944309404608,8.0,10.707225799560549,176.136962890625,19.19,13.89,1,1,1,0,0,0,1,1,0,1,0,0,1,1,0,0,0,1,0,0,0,0,0,0,0,0,1,1,0,0,0,0,0,0,0,0,0,0,0,0,0,0,0,0,0
1353,11.0925,54.5912,2018,DE,14,279,17.5,30,7.0,109,-1,29.0,7.7996151529383315,415.7819756928309,11.5,10.70028018951416,210.67010498046875,22.19,13.9,1,1,1,0,0,0,1,0,1,1,0,0,1,1,0,0,0,1,0,1,0,0,0,0,0,0,1,0,0,0,0,0,0,0,0,0,0,0,0,0,0,0,0,0,0
1354,11.4428,54.3982,2018,DE,15,279,14.0,30,7.0,1002,0,23.0,8.950437531988335,438.6692573546599,9.0,10.00941276550293,200.41796875,19.63,14.06,1,1,0,1,0,0,1,0,0,0,1,0,1,0,0,0,0,1,0,1,0,0,0,0,0,0,0,1,0,0,0,0,0,0,0,0,0,0,0,0,0,0,0,0,0
1355,11.1333,54.142,2018,DE,16,279,12.5,30,7.0,1161,-1,22.0,7.401388978233919,468.5613171285559,9.5,9.848769187927246,86.95404052734375,21.59,15.07,1,1,1,1,0,0,0,0,0,1,1,0,0,1,0,0,0,0,0,0,0,0,0,0,1,0,0,0,0,0,0,0,0,0,0,0,0,0,0,0,0,0,0,0,0
1356,11.2498,54.1122,2018,DE,17,279,9.5,40,8.0,1260,-1,25.0,11.84724387063701,471.3419756928309,15.5,9.85403823852539,27.61529541015625,16.95,14.52,1,1,1,0,0,0,1,0,1,1,0,0,1,0,0,0,0,0,0,1,0,0,1,0,0,0,0,0,0,0,0,0,0,0,0,0,0,0,0,0,0,0,0,0,0
1357,11.7088,54.264,2018,DE,18,279,16.0,30,7.0,1421,-1,25.0,12.976406633292388,459.2097873032709,9.0,9.787397384643556,92.33029174804688,19.84,14.31,1,1,1,0,0,0,1,1,0,1,1,0,1,1,0,0,0,0,0,0,0,0,0,0,0,0,1,0,0,0,0,0,0,0,0,0,0,0,0,0,0,0,0,0,0
1358,12.163,54.4028,2018,DE,19,280,16.5,30,7.0,1030,0,22.0,15.599791910020915,463.9446099499432,5.5,9.69341278076172,196.7721710205078,20.69,14.25,1,1,0,1,0,0,1,0,0,1,0,0,1,1,0,0,0,0,0,0,0,0,0,0,0,0,0,0,0,0,0,0,0,0,0,0,0,0,0,0,0,0,0,0,0
1359,12.7727,54.7167,2018,DE,20,280,11.0,30,7.0,1263,-1,22.0,25.78681704287536,438.0095204452003,11.0,8.813151359558105,242.4483795166016,12.75,13.45,1,1,1,1,0,0,1,0,1,1,1,0,1,0,0,0,0,0,0,1,0,0,0,0,0,0,0,0,0,0,0,0,0,0,0,0,0,0,0,0,0,0,0,0,0
1360,13.2718,54.7158,2018,DE,21,280,17.0,30,6.0,1407,-1,27.0,4.703575265955704,438.9364066332952,10.0,8.455962181091309,258.8619689941406,12.42,13.77,1,1,1,1,1,0,1,1,1,1,1,0,0,0,0,0,0,0,0,1,0,0,0,0,0,0,0,0,0,0,0,0,0,0,0,0,0,0,0,0,0,0,0,0,0
1361,13.6767,54.7163,2018,DE,22,281,33.0,30,6.0,95,-1,40.0,15.025257247169549,448.9011063792669,7.0,8.260489463806152,225.22637939453125,15.88,14.84,1,1,1,1,0,0,1,0,1,1,1,0,1,0,0,0,0,0,0,0,0,0,0,0,0,0,0,0,0,0,0,0,0,0,0,0,0,0,0,0,0,0,0,0,0
1362,14.1155,54.6545,2018,DE,23,281,10.0,30,7.0,990,0,27.0,29.96908581853896,470.9111042682474,17.0,8.337373733520508,274.9720458984375,7.67,13.71,1,1,0,1,0,0,0,0,0,0,0,0,0,0,0,0,0,0,0,0,0,0,0,0,1,0,0,0,0,0,0,0,0,0,0,0,0,0,0,0,0,0,0,0,0
1363,13.7975,54.5673,2018,DE,24,281,16.0,30,7.0,1131,-1,22.0,7.254826824102928,467.0426352494522,6.0,7.761972904205322,234.24301147460932,9.61,13.19,1,1,0,1,0,0,1,0,1,1,1,0,0,1,0,0,0,1,0,1,0,0,0,0,0,0,0,0,0,0,0,0,0,0,0,0,0,0,0,0,0,0,0,0,1
1364,13.726,54.4823,2018,DE,25,281,11.5,30,7.0,1219,-1,20.0,6.100380623140931,473.47912630838886,8.5,6.749933242797852,208.8717193603516,8.2,13.65,1,1,0,1,0,0,1,0,1,1,1,0,0,0,0,0,0,0,0,0,0,0,0,0,0,0,0,0,0,0,0,0,0,0,0,0,0,0,0,0,0,0,0,0,1
1365,14.6883,54.652,2018,DE,26,282,35.5,30,7.0,101,-1,48.0,43.25937187189099,499.7329761727465,12.5,8.741669654846191,191.07667541503903,9.66,7.5,1,1,1,1,0,0,0,0,1,1,1,0,0,0,0,0,0,0,0,1,0,0,0,0,0,0,0,0,0,0,0,0,0,0,0,0,0,0,0,0,0,0,0,0,0
1366,14.1315,54.8998,2018,DE,27,282,12.0,30,6.0,1020,0,41.0,41.74497606132409,453.5705230171755,29.0,8.48460865020752,185.39968872070312,8.15,13.48,1,1,1,1,0,0,1,0,0,0,0,0,0,0,0,0,0,0,0,0,0,0,0,0,0,0,0,0,0,0,0,0,0,0,0,0,0,0,0,0,0,0,0,0,0
1367,13.6287,54.9023,2018,DE,28,282,26.0,35,7.0,1170,-1,47.0,28.120683386788272,429.1672014300108,21.0,8.42591667175293,145.40245056152344,13.77,13.78,1,1,1,1,0,0,1,0,1,1,1,0,0,0,0,0,0,0,0,1,0,0,0,1,0,0,0,0,0,0,0,0,0,0,0,0,0,0,0,0,0,0,0,0,0
1368,12.9272,54.9005,2018,DE,29,282,19.5,30,7.0,1373,-1,34.0,25.085704314123248,416.7088618809224,14.5,8.682527542114258,237.42613220214844,9.61,13.26,1,1,1,0,0,1,0,0,1,0,0,0,0,0,0,0,0,0,0,0,0,0,0,0,0,0,0,0,1,0,0,0,0,0,0,0,0,0,0,0,0,0,0,0,0
1369,12.385,54.8355,2018,DE,30,283,11.0,30,7.0,112,-1,22.0,11.587584387873862,426.4626565221116,11.0,8.922874450683594,180.9423217773437,15.28,13.44,1,1,1,0,0,1,1,0,1,0,0,0,0,1,0,0,0,0,0,0,0,0,0,0,0,0,0,0,0,0,0,0,0,0,0,0,0,0,0,0,0,0,0,0,0
1370,12.7503,55.0832,2018,DE,32,283,15.0,30,7.0,1106,-1,29.0,16.95334364677913,395.40820331664446,14.0,8.833724975585938,258.38201904296875,9.95,13.14,1,1,1,1,0,0,1,1,1,1,0,0,0,1,0,0,0,0,0,0,0,0,0,0,0,0,0,0,1,0,0,0,0,0,0,0,0,0,0,0,0,0,1,0,0
1371,13.0748,55.0832,2018,DE,33,283,18.5,30,7.0,1212,-1,29.0,32.261382330083364,396.33508950473873,10.5,8.69179630279541,255.83184814453125,9.2,12.88,1,1,1,1,0,0,1,1,1,1,0,0,0,1,0,0,0,0,0,0,0,0,0,0,0,0,0,0,0,0,0,0,0,0,0,0,0,0,0,0,0,0,0,0,0
1372,13.5702,55.0832,2018,DE,34,283,10.0,30,7.0,1360,-1,45.0,31.411880059204652,412.293490070569,35.0,8.62561321258545,162.903076171875,8.29,12.79,1,1,1,1,0,1,1,0,0,1,1,0,0,1,0,0,0,0,0,0,0,0,0,0,0,0,0,0,0,0,0,0,0,0,0,0,0,0,0,0,0,0,0,0,0
1373,14.218,55.039,2018,DE,35,284,13.0,30,7.0,125,-1,47.0,30.76150408533416,448.5693785916383,34.0,8.53504753112793,157.53060913085938,8.26,13.44,1,1,1,1,0,0,1,0,1,0,0,0,0,0,0,0,0,0,0,0,0,0,0,0,0,0,0,0,0,0,0,0,0,0,0,0,0,0,0,0,0,0,0,0,0
1374,14.601,55.2695,2018,DE,36,284,23.0,30,7.0,985,0,43.0,8.50546814652597,464.584052422043,20.0,8.686941146850586,209.8639678955078,8.86,11.63,1,1,1,0,0,0,1,0,0,0,0,0,0,0,0,0,0,0,0,0,0,0,0,0,0,0,0,0,0,0,0,0,0,0,0,0,0,0,0,0,0,0,0,0,0
1375,13.6455,55.2675,2018,DE,37,284,16.0,30,6.0,1233,-1,35.0,14.258718063416628,404.21720213631033,19.0,8.628941535949707,293.7774353027344,8.43,11.81,1,1,0,1,0,0,1,1,1,0,0,0,0,0,0,0,0,0,0,0,0,0,0,0,0,0,0,0,0,0,0,0,0,0,0,0,0,0,0,0,0,0,0,0,0
1376,13.2942,55.2675,2018,DE,38,284,13.0,30,6.0,1349,-1,37.0,8.922482623584738,384.8449683016164,24.0,8.659430503845215,294.2031555175781,8.53,11.61,1,1,1,1,0,0,1,0,1,0,0,0,0,0,0,0,0,0,0,0,0,0,0,0,0,0,0,0,0,0,0,0,0,0,0,0,0,0,0,0,0,0,0,0,0
1377,12.993,55.2775,2018,DE,39,285,13.0,30,6.0,14,-1,27.0,11.246095275597453,373.1806585642779,14.0,8.671540260314941,280.66583251953125,8.71,12.83,1,1,0,0,0,0,0,0,1,0,1,0,0,1,0,0,0,0,0,0,0,0,0,0,0,0,0,0,0,0,0,0,0,0,0,0,0,0,0,0,0,0,0,0,0
1378,12.8695,55.7702,2018,DE,40,285,12.0,30,7.0,1043,-1,21.0,2.990465746791967,319.2269397618926,9.0,9.911931037902832,191.5061492919922,25.31,13.78,1,1,1,1,0,0,1,1,1,1,1,0,0,1,0,0,0,0,0,0,0,0,0,0,0,0,0,1,0,0,0,0,0,0,0,0,0,0,0,0,0,0,0,0,0
1379,12.7188,55.9225,2018,DE,41,285,12.0,30,7.0,1174,-1,40.0,1.2108297139347637,299.9518424699808,28.0,10.99915885925293,210.6371917724609,24.65,13.41,1,1,1,1,0,0,1,0,1,1,0,0,0,1,0,0,0,0,0,0,0,0,0,0,0,0,1,1,0,0,0,0,0,0,0,0,0,0,0,0,0,0,0,0,0
1380,12.4668,56.1493,2018,DE,42,285,16.0,30,7.0,1341,-1,25.0,6.366941092092747,269.6310549942877,9.0,11.426671028137209,210.37725830078125,29.22,13.06,1,1,1,0,0,0,1,1,0,1,0,0,1,1,0,1,0,0,0,0,0,0,1,0,0,0,0,0,0,0,0,0,0,0,0,0,0,0,0,0,0,0,0,0,0
1381,12.436,56.1452,2018,DE,43,285,17.5,30,7.0,1422,-1,25.0,5.932893218102654,268.9394909670094,7.5,11.796396255493164,215.24411010742188,29.14,13.02,1,1,1,0,0,0,1,0,1,1,0,0,1,1,0,1,0,0,0,0,0,0,1,0,0,0,0,0,0,0,0,0,1,0,0,0,0,0,0,0,0,0,0,0,0
1382,12.6217,55.9882,2018,DE,44,286,14.5,30,7.0,122,-1,19.0,3.1858423339044446,290.29608754155873,4.5,11.003417015075684,239.8311309814453,27.45,13.42,1,1,1,1,0,0,1,0,1,1,0,0,0,1,0,1,0,0,0,1,0,0,0,0,0,0,0,1,0,0,0,0,0,0,0,0,0,0,0,0,0,0,0,0,0
1383,12.1307,56.1917,2018,DE,45,286,11.0,30,7.0,993,0,22.0,9.772870337073549,254.01576275825445,11.0,13.010282516479492,230.67431640625,26.03,13.76,1,0,0,0,0,0,0,0,0,0,0,0,0,0,0,1,0,0,0,0,0,0,0,0,0,0,0,0,0,0,0,0,0,0,0,0,0,0,0,0,0,0,0,0,0
1384,11.8057,56.1245,2018,DE,46,286,15.0,15,6.0,1103,-1,19.0,10.390012973742545,250.9068557575822,4.0,13.171833992004396,234.31674194335932,27.76,13.17,1,1,1,0,0,0,1,0,0,1,0,0,0,0,0,1,0,1,0,0,0,0,0,0,0,0,0,1,0,0,0,0,0,0,0,0,0,0,0,0,0,0,0,0,0
1385,10.9642,56.1958,2018,DE,47,286,12.0,30,7.0,1352,-1,21.0,11.3188297596094,227.8013171285558,9.0,12.565177917480469,232.948486328125,25.11,13.53,1,1,0,0,0,0,0,0,1,1,0,0,0,1,0,0,0,1,0,0,0,0,0,0,0,0,0,0,0,0,0,0,0,0,0,0,0,0,0,0,0,0,0,0,0
1386,11.2678,56.3645,2018,DE,48,287,13.5,27,6.0,76,-1,29.0,21.041783639352584,211.74845659667292,15.5,12.772175788879396,221.2702178955078,24.77,13.65,1,1,0,0,0,0,1,1,0,1,0,0,1,0,0,1,0,1,0,0,0,0,1,0,0,0,0,1,0,0,0,0,0,0,0,0,0,0,0,0,0,0,0,0,0
1387,12.0362,56.368,2018,DE,49,287,21.5,30,7.0,987,0,32.0,26.741418013022063,234.14876216438557,10.5,13.320881843566896,203.51779174804688,29.89,14.26,1,1,1,0,0,0,0,1,0,1,0,0,0,1,0,0,0,1,0,0,0,0,0,0,0,0,0,0,0,0,0,0,0,0,0,0,0,0,0,0,0,0,0,0,0
1388,12.0687,56.5927,2018,DE,50,287,15.0,30,7.0,1122,-1,25.0,29.95069377294802,214.06521150289183,10.0,13.35784149169922,251.9706115722656,28.56,14.35,1,1,1,0,0,0,1,1,0,1,0,0,0,0,0,1,0,0,0,0,0,0,0,0,1,0,0,1,0,0,0,0,0,0,0,0,0,0,0,0,0,0,0,0,0
1389,11.7453,56.6177,2018,DE,51,287,23.0,30,7.0,1240,-1,36.0,13.1695277872889,200.3867431094189,13.0,13.12828254699707,205.4488983154297,31.22,14.7,1,1,1,0,0,0,1,1,0,1,0,0,0,1,0,1,0,1,0,0,0,0,1,0,1,0,0,0,0,0,0,0,0,0,0,0,0,0,0,0,0,0,0,0,0
1390,11.5528,57.1547,2018,DE,53,288,22.0,30,7.0,1157,-1,34.0,26.597053341114137,146.47998055764305,12.0,13.623909950256348,239.889892578125,32.15,14.93,1,1,0,0,0,0,0,1,1,1,0,0,0,1,0,1,0,1,0,0,0,0,0,0,0,0,0,0,0,0,0,1,0,0,0,0,0,0,0,0,0,0,0,0,0
1391,11.4963,57.4007,2018,DE,54,288,11.0,30,6.0,1353,-1,71.0,19.836382969468023,128.25464089951,60.0,13.572681427001951,227.8485717773437,31.42,14.35,1,1,1,0,0,0,1,1,1,1,0,0,0,1,0,1,0,1,0,0,0,0,0,0,1,0,0,1,0,0,0,0,0,0,0,0,0,0,0,0,0,0,0,0,0
1392,11.7055,57.3585,2018,DE,55,289,41.5,30,7.0,10,-1,48.0,13.127943336257378,141.95874077281945,6.5,13.4315767288208,238.17074584960932,33.56,13.2,1,1,0,0,0,0,1,1,1,1,0,0,0,1,0,1,0,1,0,0,0,0,1,0,1,0,0,1,0,0,0,1,0,0,1,0,0,0,0,1,0,0,0,0,0
1393,11.912,57.1643,2018,DE,56,289,47.5,30,7.0,135,-1,56.0,12.812391211848023,163.17420409588004,8.5,13.127107620239258,227.34580993652344,33.74,12.04,1,1,0,0,0,0,0,0,0,1,0,0,0,1,0,1,0,1,0,0,0,0,0,0,0,0,0,1,0,0,0,0,0,0,0,0,0,0,0,1,0,0,0,0,0
1394,12.1702,56.9098,2018,DE,57,289,15.5,25,7.0,1003,0,38.0,11.284786673333508,193.66302288040615,22.5,12.83354949951172,222.52398681640625,29.51,14.37,1,1,0,0,0,0,1,1,1,1,0,0,0,1,0,1,0,1,0,0,0,0,0,0,0,0,0,0,0,0,0,0,0,0,0,0,0,0,0,0,0,0,0,0,0
1395,12.4357,56.5862,2018,DE,58,289,15.0,30,7.0,1175,-1,27.0,16.90961036195982,229.13183239288105,12.0,12.743157386779783,221.1897735595703,29.02,14.0,1,1,0,0,0,0,1,1,1,1,0,0,0,1,0,1,0,1,0,0,0,0,0,0,0,0,0,1,0,0,0,0,0,0,0,0,0,0,0,0,0,0,0,0,0
1396,12.432,56.4827,2018,DE,59,289,16.5,30,7.0,1258,-1,29.0,8.070825212564399,237.34718417752387,12.5,12.76307487487793,225.7958068847656,28.98,13.67,1,1,1,0,0,0,1,0,0,1,0,0,1,1,0,1,0,0,0,0,0,0,0,0,0,0,0,1,0,0,0,1,0,0,0,0,0,0,0,0,0,0,0,0,0
1397,12.8697,55.7678,2018,DE,60,291,14.5,30,7.0,290,0,23.0,2.5232337394926523,320.0340810917086,8.5,9.911931037902832,191.5061492919922,28.14,14.15,1,1,0,0,0,0,1,1,0,0,0,0,0,1,0,0,0,0,0,0,0,0,0,0,0,0,0,1,0,0,0,0,0,0,0,0,0,0,0,0,0,0,0,0,0
1398,12.7405,55.881,2018,DE,61,291,26.5,26,7.0,429,1,32.0,2.422413798740587,304.6962500943029,5.5,10.217413902282717,203.4723663330078,28.44,13.79,1,1,1,1,0,0,0,1,0,1,0,0,0,0,0,0,0,0,0,0,0,0,0,0,0,0,0,1,0,0,0,0,0,0,0,0,0,0,0,0,0,0,0,0,0
1399,12.4502,56.137,2018,DE,62,291,17.0,30,7.0,653,1,25.0,5.07443097907208,269.6321490490521,8.0,11.796396255493164,215.24411010742188,29.14,13.02,1,1,0,0,0,0,0,0,0,1,0,0,0,1,0,0,0,0,0,0,0,0,0,0,0,0,0,1,0,0,0,0,0,0,0,0,0,0,0,0,0,0,0,0,0
1400,19.514933,60.028816,2018,FI,1,273,50.0,118,18.0,789,1,208.0,13.10744038195959,1062.323482064749,158.0,8.429197311401367,316.5594482421875,6.99,6.6,1,1,1,0,1,0,0,0,0,0,0,1,0,0,0,0,0,0,0,0,0,0,0,0,0,0,0,0,0,0,0,0,0,0,0,0,0,0,0,0,0,0,0,0,0
1401,19.2735,62.0175,2018,FI,10,276,18.0,123,20.0,292,0,71.0,83.41170780506833,1288.0757480690174,53.0,8.608262062072754,343.7680053710937,4.98,9.06,1,1,1,0,1,0,0,0,0,0,0,0,0,0,0,0,0,0,0,0,0,0,0,0,0,1,0,0,0,0,1,0,0,0,0,0,0,0,0,0,0,0,0,0,0
1402,18.13475,62.061085,2018,FI,11,276,11.0,45,20.0,848,1,73.0,26.089795092253212,1293.6370651975744,62.0,8.640677452087402,269.5534362792969,5.02,7.55,1,0,1,0,0,0,0,0,0,0,0,0,0,0,0,0,1,0,0,0,0,0,0,0,0,1,0,0,0,0,0,0,0,0,0,0,0,0,0,0,0,0,0,0,0
1403,18.5593,62.16295,2018,FI,12,276,10.0,60,20.0,1074,-1,86.0,43.49688686850773,1305.668861880923,76.0,8.687239646911621,270.17218017578125,5.03,8.33,1,0,1,0,0,0,0,0,0,0,0,0,0,0,0,0,1,0,0,0,0,0,0,0,0,0,0,0,0,0,0,0,0,0,0,0,0,0,0,0,0,0,0,0,0
1404,19.2175,62.336166,2018,FI,13,277,15.0,80,20.0,39,-1,112.0,66.50698679169825,1326.0426342571088,97.0,8.449432373046875,274.0110778808594,4.95,8.79,1,1,1,0,0,0,0,0,0,0,0,0,0,0,1,0,1,0,0,0,0,0,0,0,0,0,0,0,0,0,0,0,0,0,0,0,0,0,0,0,0,0,0,0,0
1405,18.8255,62.5875,2018,FI,14,277,75.0,67,15.0,531,1,154.0,36.76847991853163,1355.66754475237,79.0,8.209274291992188,268.2666320800781,6.18,3.64,1,0,1,0,0,0,0,0,0,0,0,0,0,0,1,0,0,0,0,0,0,0,0,0,0,0,0,0,0,0,0,0,0,0,0,0,0,0,0,0,0,0,0,0,0
1406,19.054417,63.054283,2018,FI,15,277,10.0,60,20.0,896,1,190.0,14.325962450461551,1410.3006585642772,180.0,7.899846076965332,267.7079772949219,4.69,9.66,1,1,1,0,0,0,0,0,0,0,0,0,0,0,0,0,1,0,0,0,0,0,0,0,0,0,0,0,0,0,0,0,0,0,0,0,0,0,0,0,0,0,0,0,0
1407,20.194834,63.193333,2018,FI,17,278,10.0,64,20.0,1376,-1,77.0,21.39598942747788,1425.130837573756,67.0,8.09578800201416,275.2303161621094,4.74,9.95,1,1,1,0,0,0,0,0,0,0,0,1,0,0,1,0,0,0,1,0,0,0,0,0,0,0,0,0,0,0,0,0,0,0,0,0,0,0,0,0,0,0,0,0,0
1408,19.5475,62.63933,2018,FI,18,278,75.0,66,15.0,479,1,136.0,59.46685329840294,1361.2288618809216,61.0,8.559518814086914,269.53662109375,6.13,3.47,1,0,1,0,0,0,0,0,0,0,0,0,0,0,0,0,1,0,0,0,0,0,0,0,0,0,0,0,0,0,0,0,0,0,0,0,0,0,0,0,0,0,0,0,0
1409,20.2698,62.601383,2018,FI,19,278,18.0,44,18.0,889,1,70.0,40.177989791331854,1356.5944309404615,52.0,8.315263748168945,284.14923095703125,4.99,10.95,1,1,1,0,0,0,0,0,0,0,0,1,0,0,0,0,0,0,0,0,0,0,0,0,0,0,0,0,0,0,0,0,0,0,0,0,0,0,0,0,0,0,0,0,0
1410,18.927017,60.6611,2018,FI,2,274,15.0,51,18.0,251,0,68.0,29.889866633006346,1129.7377237618475,53.0,8.4909086227417,317.4738464355469,5.08,10.34,1,1,1,0,1,0,0,0,0,0,0,0,0,0,1,0,0,0,0,0,0,0,0,0,0,0,0,0,0,0,0,0,0,0,0,0,0,0,0,0,0,0,0,0,0
1411,20.198,62.4445,2018,FI,20,278,20.0,60,20.0,1040,-1,111.0,45.6723075974073,1339.0013171285516,91.0,8.36923885345459,282.5842590332031,4.99,9.6,1,1,1,0,0,0,0,0,0,0,0,0,0,0,0,0,1,0,0,0,0,0,0,0,0,0,0,0,0,0,0,0,0,0,0,0,0,0,0,0,0,0,0,0,0
1412,20.309166,62.1165,2018,FI,21,279,10.0,105,22.0,1320,-1,108.0,51.15359179681181,1300.10754475237,98.0,8.278918266296387,276.3782653808594,5.0,10.4,1,1,1,0,0,0,0,0,0,0,0,0,0,0,1,0,1,0,0,0,0,0,0,0,0,0,0,0,0,0,0,0,0,0,0,0,0,0,0,0,0,0,0,0,0
1413,19.754,61.975666,2018,FI,22,279,8.0,47,20.0,913,0,89.0,80.13584631525632,1283.441317128557,81.0,8.64758014678955,284.40948486328125,4.98,9.45,1,1,1,0,0,0,0,0,0,0,0,0,0,0,0,0,1,0,0,0,0,0,0,0,0,0,0,0,0,0,0,0,0,0,0,0,0,0,0,0,0,0,0,0,0
1414,20.051867,61.81027,2018,FI,23,279,15.0,74,20.0,1156,-1,115.0,68.4238506909894,1263.9944309404643,100.0,8.63218879699707,277.6112060546875,5.01,9.56,1,0,1,0,0,0,0,0,0,0,0,0,0,0,0,0,1,0,0,0,0,0,0,0,0,0,0,0,0,0,0,0,0,0,0,0,0,0,0,0,0,0,0,0,0
1415,20.424267,61.8483,2018,FI,24,280,15.0,90,20.0,1399,-1,102.0,48.03348344897088,1268.9940741615064,87.0,8.41719913482666,278.2090148925781,4.99,10.11,1,1,1,0,0,0,0,0,0,0,0,0,0,0,0,0,1,0,0,0,0,0,0,0,0,0,0,0,0,0,1,0,0,0,0,0,0,0,0,0,0,0,0,0,0
1416,19.898783,61.367367,2018,FI,25,280,80.0,76,20.0,617,1,121.0,78.08974379038271,1212.1419756928344,41.0,8.641807556152344,288.0426940917969,6.38,4.26,1,1,1,0,0,0,0,0,0,0,0,0,0,0,1,0,1,0,0,0,0,0,0,0,0,0,0,0,0,0,1,0,0,0,0,0,0,0,0,0,0,0,0,0,0
1417,20.202833,61.335667,2018,FI,26,280,10.0,60,22.0,868,1,119.0,61.96268825777865,1211.6674087226788,109.0,8.581637382507324,295.0124816894531,5.01,9.94,1,1,1,0,0,0,0,0,0,0,0,0,0,0,0,0,0,0,0,0,0,0,0,0,0,0,0,0,0,0,0,0,0,0,0,0,0,0,0,0,0,0,0,0,0
1418,20.73495,61.25295,2018,FI,27,280,10.0,55,20.0,1132,-1,79.0,33.84145685103728,1216.558438895628,69.0,8.46229362487793,300.0082397460937,5.05,11.09,1,1,1,0,0,0,0,0,0,0,0,1,0,0,0,0,0,0,0,0,0,0,0,0,0,0,0,0,0,0,0,0,0,0,0,0,0,0,0,0,0,0,0,0,0
1419,20.205383,60.954365,2018,FI,28,281,10.0,52,20.0,1422,-1,85.0,44.9178354335666,1173.3862798731293,75.0,8.517695426940918,314.1761779785156,5.02,10.32,1,1,1,0,0,0,0,0,0,0,0,1,0,0,0,0,0,0,0,0,0,0,0,0,0,0,0,0,0,0,0,0,0,0,0,0,0,0,0,0,0,0,0,0,0
1420,19.608334,60.774666,2018,FI,29,281,9.0,44,20.0,849,1,80.0,38.53245239355892,1142.696406633296,71.0,8.440845489501953,316.7154235839844,5.07,10.52,1,1,1,0,0,0,0,0,0,0,0,0,0,0,0,0,0,0,0,0,0,0,0,0,0,1,0,0,0,0,1,0,0,0,0,0,0,0,0,0,0,0,0,0,0
1421,17.807167,60.814533,2018,FI,3,274,23.0,57,18.0,788,1,55.0,21.244094270909493,1161.8549643493832,32.0,8.760313034057617,326.34967041015625,5.18,6.17,1,1,1,0,0,0,0,0,0,0,0,0,0,0,1,0,0,0,1,0,0,0,0,0,0,0,0,0,0,0,0,0,0,0,0,0,0,0,0,0,0,0,0,0,0
1422,19.237867,59.9758,2018,FI,30,282,10.0,44,20.0,1398,-1,121.0,13.792892158383378,1049.729693457784,111.0,8.260415077209473,318.0694274902344,5.4,9.85,1,1,1,0,0,1,0,0,1,0,0,1,0,0,1,0,0,0,0,0,1,0,0,0,0,0,0,0,0,0,1,0,0,0,0,0,0,0,0,0,0,0,0,0,0
1423,17.864983,61.100483,2018,FI,4,274,10.0,44,18.0,1063,-1,66.0,29.584563026271603,1189.3982774916012,56.0,8.786540031433105,287.08648681640625,5.13,6.77,1,1,1,0,0,0,0,0,0,0,0,0,0,0,0,0,0,0,1,0,0,0,0,0,0,0,0,0,0,0,0,0,0,0,0,0,0,0,0,0,0,0,0,0,0
1424,18.79,61.103333,2018,FI,5,275,7.0,35,20.0,1375,-1,69.0,67.5335387072168,1181.5901790094774,62.0,8.76948356628418,294.3509826660156,5.13,9.46,1,1,1,0,0,0,0,0,0,0,0,0,0,0,1,0,0,0,0,0,0,0,0,0,0,0,0,0,0,0,0,0,0,0,0,0,0,0,0,0,0,0,0,0,0
1425,19.137733,61.120033,2018,FI,6,275,15.0,84,18.0,102,-1,60.0,77.35693637957174,1183.4439513856646,45.0,8.717998504638672,334.43017578125,5.11,9.87,1,1,1,0,0,0,0,0,0,0,0,0,0,0,0,0,0,0,0,0,1,0,0,0,0,0,0,0,0,0,0,0,0,0,0,0,0,0,0,0,0,0,0,0,0
1426,17.825583,61.637817,2018,FI,7,275,8.0,60,20.0,846,1,58.0,17.589777174783986,1245.5574571651275,50.0,8.331923484802246,280.00347900390625,4.99,6.54,1,0,1,0,0,0,0,0,0,0,0,0,0,0,0,0,0,0,0,0,0,0,0,0,0,0,0,0,0,0,0,0,0,0,0,0,0,0,0,0,0,0,0,0,0
1427,18.344866,61.62277,2018,FI,8,275,7.0,60,20.0,1047,-1,57.0,43.66205271306524,1241.7846099499418,50.0,8.770652770996094,309.1062927246094,5.01,8.07,1,1,1,0,0,0,0,0,0,0,0,0,0,0,0,0,0,0,0,0,0,0,0,0,0,0,0,0,0,0,1,0,0,0,0,0,0,0,0,0,0,0,0,0,0
1428,19.1015,61.686165,2018,FI,9,276,11.0,60,23.0,1386,-1,63.0,81.7987631430313,1250.1088618809258,52.0,8.766205787658691,270.443603515625,5.13,9.14,1,1,1,0,0,0,0,0,0,0,0,0,0,0,1,0,0,0,0,0,0,0,0,0,0,0,0,0,0,0,0,0,0,0,0,0,0,0,0,0,0,0,0,0,0
1429,20.67933,55.86666,2018,LT,1,291,16.0,30,18.0,350,0,36.0,23.421337473499417,855.0407371682388,20.0,8.656092643737793,295.2638244628906,7.15,14.6,0,1,0,0,0,0,0,0,0,0,1,0,0,0,0,0,0,0,0,0,0,0,0,0,0,0,0,0,0,0,0,0,0,0,0,0,0,0,0,0,0,0,0,0,0
1430,19.60967,55.946,2018,LT,2,291,31.0,30,22.0,710,1,55.0,90.34392559210426,786.4036055277377,24.0,9.10391902923584,291.02001953125,7.19,9.19,1,1,1,0,0,1,0,0,0,0,0,0,0,0,0,0,0,0,0,0,0,0,0,0,0,0,0,0,0,0,0,0,0,0,0,0,0,0,0,0,0,0,0,0,0
1431,19.37117,55.86267,2018,LT,3,291,33.0,30,22.0,870,1,56.0,105.31505360324714,771.0227610576771,23.0,9.246593475341797,243.38796997070312,7.26,6.95,1,0,0,0,0,0,0,0,0,0,0,0,0,0,0,0,0,0,0,0,0,0,0,0,0,0,0,0,0,0,0,0,0,0,0,0,0,0,0,0,0,0,0,0,0
1432,19.74267,55.72883,2018,LT,4,292,53.0,30,22.0,320,0,76.0,83.17333669344912,795.0629134281464,23.0,9.15025806427002,171.51441955566406,7.77,4.29,1,1,1,1,0,0,0,0,0,0,1,0,0,0,0,0,0,0,0,0,0,0,0,0,0,1,0,0,0,0,0,0,0,0,0,0,0,0,0,0,0,0,0,0,0
1433,20.57333,55.57784,2018,LT,5,292,43.0,30,20.0,510,1,64.0,33.79213388908095,848.3314379823623,21.0,9.019282341003418,217.87538146972656,7.49,5.57,1,1,0,1,0,0,0,0,0,0,0,0,0,0,0,0,0,0,0,0,0,0,0,0,0,0,0,0,0,0,0,0,0,0,0,0,0,0,0,0,0,0,0,0,0
1434,20.83333,55.565,2018,LT,6,292,21.0,30,20.0,710,1,45.0,17.296369627567685,865.2853800463189,24.0,9.017990112304688,301.7750244140625,7.18,14.17,1,1,0,0,0,0,0,0,0,0,0,0,0,0,0,0,0,0,0,0,0,0,0,0,0,0,0,0,0,0,0,0,0,0,0,0,0,0,0,0,0,0,0,0,0
1435,20.51972,56.10278,2018,LV,1,290,19.0,30,24.0,570,1,33.0,30.656008460371734,845.1100362142886,14.0,8.551631927490234,276.7294006347656,7.15,14.55,1,1,0,1,0,0,0,0,0,0,0,1,0,0,0,0,0,0,0,0,0,0,0,0,0,0,0,0,0,0,0,0,0,0,0,0,0,0,0,0,0,0,0,0,0
1436,20.79889,57.01,2018,LV,10,293,60.0,15,20.0,964,0,71.0,24.6106699744392,885.6362222076364,11.0,8.865525245666504,311.6102294921875,7.31,10.61,1,0,0,1,0,0,0,0,0,0,1,0,0,0,0,0,0,0,0,0,0,0,0,1,0,0,0,0,0,0,0,0,0,0,0,0,0,0,0,0,0,0,0,0,0
1437,20.27639,57.10972,2018,LV,11,294,30.0,30,20.0,459,1,148.0,55.98873509073725,861.2161296943115,118.0,9.0615816116333,74.84443664550781,7.05,8.64,1,1,1,0,0,0,0,0,0,0,0,0,0,0,0,0,0,0,0,0,0,0,0,0,0,0,0,0,0,0,0,0,0,0,0,0,0,0,0,0,0,0,0,0,0
1438,20.12333,57.3175,2018,LV,12,294,60.0,30,20.0,797,1,241.0,70.34414665844324,864.2632533499176,181.0,9.011833190917969,72.45844268798828,8.3,4.06,1,1,1,0,0,0,0,0,0,0,0,0,0,0,0,0,0,0,0,0,0,0,0,0,0,0,0,0,0,0,0,0,0,0,0,0,0,0,0,0,0,0,0,0,0
1439,20.68167,57.36945,2018,LV,13,294,55.0,30,20.0,990,-1,62.0,45.78934980724088,896.8809231719339,7.0,8.986395835876465,277.1832275390625,7.94,4.68,1,1,1,1,0,0,0,0,0,0,1,0,0,0,0,0,0,0,0,0,0,0,0,0,0,0,0,0,0,0,0,0,0,0,0,0,0,0,0,0,0,0,0,0,0
1440,20.66028,57.60389,2018,LV,14,298,40.0,15,20.0,904,0,115.0,57.12780368739719,907.4139596975668,75.0,8.923184394836426,120.87429809570312,7.22,6.23,0,1,1,0,0,1,0,0,0,0,0,0,0,0,0,0,0,0,0,0,0,0,0,0,0,0,0,0,0,0,0,0,0,0,0,0,0,0,0,0,0,0,0,0,0
1441,20.415,57.87,2018,LV,15,299,50.0,30,20.0,554,1,104.0,63.69758487972088,911.540167536349,54.0,8.89725399017334,102.258056640625,7.65,3.78,1,1,1,0,0,1,0,0,0,0,0,0,0,0,0,0,0,0,0,0,0,0,0,0,0,0,0,0,0,0,0,0,0,0,0,0,0,0,0,0,0,0,0,0,0
1442,21.37028,57.85833,2018,LV,16,299,44.0,30,22.0,857,0,67.0,37.54985363499639,958.4957502628736,23.0,8.883950233459473,255.7286834716797,7.32,7.08,1,1,0,0,0,0,0,0,0,0,1,0,0,0,0,0,0,0,0,0,0,0,0,0,0,0,0,0,0,0,0,0,1,0,0,0,0,0,0,0,0,0,0,0,0
1443,19.54833,56.10278,2018,LV,2,290,55.0,20,20.0,885,0,62.0,90.40544449741044,784.0425872299417,7.0,9.149675369262695,315.38433837890625,7.7,4.21,1,1,0,0,0,0,0,0,0,0,0,0,0,0,0,0,0,0,0,0,0,0,0,1,0,0,0,0,0,0,0,0,0,0,0,0,0,0,0,0,0,0,0,0,0
1444,19.32222,56.38306,2018,LV,3,291,70.0,30,20.0,518,1,132.0,87.85639621585938,777.3824367151336,62.0,9.231470108032228,67.47700500488281,9.27,4.73,1,1,1,1,0,0,0,0,0,0,0,0,0,0,0,0,0,0,0,0,0,0,0,0,0,0,0,0,0,0,0,0,0,0,0,0,0,0,0,0,0,0,0,0,0
1445,19.77972,56.38583,2018,LV,4,291,70.0,20,20.0,725,1,101.0,73.89523156629585,805.0298487744134,31.0,9.203803062438965,142.17007446289062,9.51,4.53,1,1,0,1,0,0,0,0,0,0,1,0,0,0,0,0,0,0,0,0,0,0,0,0,0,0,0,0,0,0,0,0,0,1,0,0,0,0,0,0,0,0,0,0,0
1446,20.25667,56.39917,2018,LV,5,291,45.0,30,20.0,919,0,62.0,44.16285787559489,834.4646242290476,17.0,9.10320281982422,257.51708984375,7.56,5.08,1,1,1,0,0,1,0,0,0,0,0,0,0,0,0,0,0,0,0,0,0,0,0,0,0,0,0,0,0,0,0,0,0,0,0,0,0,0,0,0,0,0,0,0,0
1447,20.43944,56.6425,2018,LV,6,292,40.0,30,20.0,473,1,71.0,35.28777285055423,852.5850140219623,31.0,9.109417915344238,206.1725006103516,7.27,5.26,1,1,0,1,0,0,0,0,0,0,0,0,0,0,0,0,0,0,0,0,0,0,0,0,0,0,0,0,0,0,0,0,0,0,0,0,0,0,0,0,0,0,0,0,0
1448,19.49055,56.64917,2018,LV,7,292,50.0,30,20.0,832,1,132.0,77.44649531317215,797.3120012394575,82.0,9.175731658935549,66.64100646972656,7.7,3.63,1,1,1,1,0,0,0,0,0,0,0,0,0,0,0,0,0,0,0,0,0,0,0,0,0,0,0,0,0,0,0,0,0,0,0,0,0,0,0,0,0,0,0,0,0
1449,19.61861,56.85444,2018,LV,8,293,40.0,30,20.0,482,1,135.0,68.84871515001768,811.9658277262661,95.0,9.147577285766602,106.0265884399414,7.28,4.8,1,1,1,0,0,1,0,0,0,0,0,0,0,0,0,0,0,0,0,0,0,0,0,0,0,0,0,0,0,0,0,0,0,0,0,0,0,0,0,0,0,0,0,0,0
1450,20.25694,56.84306,2018,LV,9,293,50.0,30,20.0,696,1,119.0,48.67103627832153,848.65509356071,69.0,9.10202693939209,111.21392059326172,7.81,3.9,1,1,0,1,0,1,0,0,0,0,0,0,0,0,0,0,0,0,0,0,0,0,0,1,0,0,0,0,0,0,0,0,0,1,0,0,1,0,0,0,0,0,0,0,0
1451,18.89,54.54,2018,PL,1,271,29.0,20,16.0,465,1,65.0,8.092231932995551,754.9989479344363,36.0,8.243206977844238,211.28390502929688,7.28,12.05,1,1,0,0,0,0,0,0,0,0,0,0,0,0,0,0,0,0,0,0,0,0,0,0,0,0,0,0,0,0,0,0,1,0,0,0,0,0,0,0,0,0,0,0,0
1452,18.67,55.85,2018,PL,10,274,40.5,30,16.0,770,1,107.0,114.93331276438116,726.1825950102658,66.5,9.421546936035156,108.2947998046875,7.3,5.2,1,1,1,1,0,0,0,0,0,0,0,0,0,0,0,0,0,0,0,0,1,0,0,0,0,0,0,0,0,0,0,0,0,0,0,0,0,0,0,0,0,0,0,0,0
1453,18.67,55.59,2018,PL,11,274,35.0,30,20.0,985,0,85.0,86.83147153819422,726.2084934595899,50.0,9.05892276763916,201.2821044921875,7.3,8.13,1,1,0,1,0,0,0,0,0,0,0,0,0,0,0,0,0,0,0,0,0,0,0,0,0,0,0,0,0,0,0,0,0,0,0,0,0,0,0,0,0,0,0,0,0
1454,18.69,55.15,2018,PL,12,275,39.0,20,20.0,360,1,92.0,41.7060460339113,727.8416204713907,53.0,9.02793025970459,175.54823303222656,7.51,7.11,1,1,0,1,0,1,0,0,0,0,0,0,0,0,0,0,0,0,0,0,0,0,0,0,0,0,0,0,0,0,0,0,0,0,0,0,0,0,0,0,0,0,0,0,0
1455,18.69,54.9,2018,PL,13,275,55.0,20,20.0,565,1,82.0,19.25458111587521,729.5341063495783,27.0,8.529768943786621,215.051986694336,9.19,6.46,1,1,0,1,0,0,0,0,0,0,1,0,0,0,0,0,0,0,0,0,0,0,0,0,0,0,0,0,0,0,0,0,0,1,0,0,0,0,0,0,0,0,0,0,0
1456,18.35,55.24,2018,PL,14,277,45.0,20,16.0,495,1,78.0,45.42441119634622,706.1380725619589,33.0,9.092960357666016,246.36111450195312,7.66,4.81,1,1,0,1,0,0,0,0,0,0,0,0,0,0,0,0,0,0,0,0,0,0,0,0,0,0,0,0,0,0,0,0,0,0,0,0,0,0,0,0,0,0,0,0,0
1457,18.45,55.6,2018,PL,15,277,51.0,30,18.0,775,1,92.0,85.5092743345554,711.6153177435126,41.0,9.249673843383787,170.28854370117188,7.8,4.23,1,1,0,1,0,0,0,0,0,0,0,0,0,0,0,0,0,0,0,0,0,0,0,0,0,0,0,0,0,0,0,0,0,0,0,0,0,0,0,0,0,0,0,0,0
1458,15.95,55.21,2018,PL,16,278,57.5,30,18.0,475,1,89.0,51.50232285962611,550.5670339266311,31.5,8.777976989746094,57.126834869384766,13.68,9.94,1,1,0,1,0,0,0,0,0,0,0,0,0,0,0,0,0,0,0,0,0,0,0,0,0,0,0,0,0,0,0,0,0,0,0,0,0,0,0,0,0,0,0,0,0
1459,16.02,54.89,2018,PL,17,278,44.0,30,16.0,715,1,63.0,50.94114516916472,563.6492504787657,19.0,8.760313987731934,194.47042846679688,11.03,7.68,1,1,0,1,0,1,0,0,0,0,0,0,0,0,0,0,0,0,0,1,1,0,0,0,0,0,0,0,0,0,0,0,0,0,0,0,0,0,0,0,0,0,0,0,0
1460,15.98,54.5,2018,PL,18,278,22.0,30,18.0,980,0,41.0,24.606372340491948,577.1697983232569,19.0,8.651886940002441,276.4217224121094,7.41,13.56,1,1,0,0,0,0,0,0,0,0,1,0,0,0,0,0,0,0,0,0,0,0,0,0,0,0,0,0,0,0,0,0,0,0,0,0,0,0,0,0,0,0,0,0,0
1461,14.83,54.7,2018,PL,19,279,35.5,30,16.0,360,0,53.0,35.19951024936143,503.0803823273477,17.5,8.801032066345215,164.01287841796875,8.95,8.04,1,1,0,1,0,0,1,0,0,0,1,0,0,0,0,0,0,0,0,0,0,0,0,0,0,0,0,0,0,0,0,0,0,0,0,0,0,0,0,0,0,0,0,0,0
1462,18.92,54.8,2018,PL,2,271,40.0,30,17.0,740,1,95.0,17.877155515066544,746.3536135254845,55.0,8.484943389892578,139.463134765625,7.34,8.37,1,1,0,0,0,1,0,0,0,0,0,0,0,0,0,0,0,0,0,0,0,0,0,0,0,1,0,0,0,0,0,0,0,0,0,0,0,0,0,0,0,0,0,0,0
1463,15.01,54.66,2018,PL,20,279,36.5,30,18.0,460,1,55.0,37.21362132701245,514.6152179008159,18.5,8.823753356933594,186.0936737060547,10.1,7.26,1,1,0,1,0,0,0,0,0,0,1,0,0,0,0,0,0,0,0,0,0,0,0,0,0,0,0,0,0,0,0,0,0,0,0,0,0,0,0,0,0,0,0,0,0
1464,15.34,54.5,2018,PL,21,279,28.0,20,16.0,900,1,46.0,37.39316389157455,543.1788118133082,18.0,8.783744812011719,291.38494873046875,7.45,11.54,1,1,0,0,0,0,0,0,0,0,0,0,0,0,0,0,0,0,0,0,0,0,0,0,0,0,0,0,0,0,0,0,0,0,0,0,0,0,0,0,0,0,0,0,0
1465,15.33,54.6,2018,PL,22,279,38.5,30,17.0,990,0,56.0,46.4196113260515,534.9810841710737,17.5,8.800152778625488,209.71969604492188,8.04,8.0,1,1,0,1,0,0,0,0,0,0,1,0,0,0,0,0,0,0,0,0,0,0,0,0,0,0,0,0,0,0,0,0,0,0,0,0,0,0,0,0,0,0,0,0,0
1466,15.66,55.14,2018,PL,23,280,50.0,30,17.0,670,1,88.0,32.598519102245774,533.3311789244435,38.0,8.697953224182129,145.97178649902344,13.23,10.75,1,1,0,1,0,0,0,0,0,0,0,0,0,0,0,0,0,0,0,0,0,0,0,0,0,0,0,0,0,0,0,0,0,1,0,0,0,0,0,0,0,0,0,0,0
1467,15.66,54.95,2018,PL,24,280,51.5,30,17.0,855,1,79.0,35.09891708729037,539.4754851710874,27.5,8.726795196533203,156.8088836669922,12.7,9.85,1,1,0,1,0,0,0,0,0,0,0,0,0,0,0,0,0,0,0,0,0,0,0,0,0,0,0,0,0,0,0,0,0,0,0,0,0,0,0,0,0,0,0,0,0
1468,16.32,55.1,2018,PL,25,281,52.5,30,16.0,360,0,68.0,62.7710864574218,575.7110252370583,15.5,8.756926536560059,176.0245361328125,12.5,7.71,1,1,0,1,0,0,0,0,0,0,1,0,0,0,0,0,0,0,0,1,0,0,0,0,0,0,0,0,0,0,0,0,0,1,0,0,0,0,0,0,0,0,0,0,0
1469,16.31,54.7,2018,PL,26,281,20.0,30,16.0,660,1,39.0,22.80595034362813,587.3863150135126,19.0,8.446398735046387,281.9296569824219,7.35,14.1,1,1,0,0,0,0,0,0,0,0,0,0,0,0,0,0,0,0,0,0,0,0,0,0,0,0,0,0,0,0,0,0,0,0,0,0,0,0,0,0,0,0,0,0,0
1470,16.64,55.15,2018,PL,27,282,42.0,30,16.0,320,0,60.0,59.33646626373479,595.818068980862,18.0,8.883549690246582,241.4856414794922,9.03,6.14,1,1,0,0,0,0,0,0,0,0,1,0,0,0,0,0,0,0,0,0,0,0,0,0,0,0,0,0,0,0,0,0,0,0,0,0,0,0,0,0,0,0,0,0,0
1471,16.68,55.36,2018,PL,28,282,38.0,30,16.0,490,1,64.0,78.21391711489315,598.1725435919939,26.0,8.800973892211914,289.5513610839844,7.36,7.06,1,1,1,0,1,1,0,0,0,0,0,0,0,0,0,0,0,0,0,0,0,0,0,0,0,0,0,0,0,0,0,0,0,0,0,0,0,0,0,0,0,0,0,0,0
1472,17.02,55.24,2018,PL,29,282,50.0,20,16.0,820,1,86.0,58.31609213214558,619.8795980866607,36.0,8.97952651977539,219.7362365722656,9.14,5.68,1,1,0,0,0,1,0,0,0,0,0,0,0,0,0,0,0,0,0,0,0,0,0,0,0,0,0,0,0,0,0,0,0,0,0,0,0,0,0,0,0,0,0,0,0
1473,19.19,54.83,2018,PL,3,272,32.5,30,15.0,460,1,105.0,32.76710288502636,762.6543321132251,72.5,9.085604667663574,79.90369415283203,7.29,9.92,1,1,0,0,0,0,0,0,0,0,0,0,0,0,0,0,0,0,0,0,0,0,0,0,0,0,0,0,0,0,0,0,0,0,0,0,0,0,0,0,0,0,0,0,0
1474,17.35,54.98,2018,PL,30,283,13.0,15,13.0,420,1,28.0,25.64492123136469,643.2543211521522,15.0,8.688465118408203,319.4454345703125,7.36,13.76,1,1,0,0,0,0,0,0,0,0,0,0,0,0,0,0,0,0,0,0,0,0,0,0,0,0,0,0,0,0,0,0,0,0,0,0,0,0,0,0,0,0,0,0,0
1475,17.34,55.17,2018,PL,31,283,36.5,30,17.0,570,1,60.0,46.77154570424462,640.7962680577775,23.5,8.791791915893555,244.4642639160156,7.79,6.46,1,1,0,1,0,1,0,0,0,0,0,0,0,0,0,0,0,0,0,0,1,0,0,0,0,0,0,0,0,0,0,0,0,0,0,0,0,0,0,0,0,0,0,0,0
1476,17.36,55.3,2018,PL,32,283,61.0,30,18.0,750,1,82.0,60.2183417568553,641.5529097161641,21.0,8.90242862701416,212.1163024902344,10.2,5.7,1,1,0,1,0,0,0,0,0,0,0,0,0,0,0,0,0,0,0,0,0,0,0,0,0,0,0,0,0,0,0,0,0,0,0,0,0,0,0,0,0,0,0,0,0
1477,17.55,55.54,2018,PL,33,283,22.5,30,16.0,990,0,40.0,82.54338755317086,654.4935946363653,17.5,8.940080642700195,333.9446105957031,7.33,10.25,1,1,0,1,0,0,0,0,0,0,1,0,0,0,0,0,0,0,0,0,0,0,0,0,0,0,0,0,0,0,0,0,0,0,0,0,0,0,0,0,0,0,0,0,0
1478,17.69,55.44,2018,PL,34,284,44.0,30,18.0,340,0,77.0,69.69060062564729,663.1852729134241,33.0,9.024895668029783,230.63536071777344,7.52,4.85,1,1,0,1,0,1,0,0,0,0,0,0,0,0,0,0,0,0,0,0,0,0,0,0,0,0,0,0,0,0,0,0,0,0,0,0,0,0,0,0,0,0,0,0,0
1479,17.65,55.32,2018,PL,35,284,52.0,30,18.0,490,1,79.0,57.8469174860152,660.0654275237719,27.0,8.999091148376465,211.476791381836,8.67,5.21,1,1,0,1,0,0,1,0,0,0,0,0,0,0,0,0,0,0,0,0,0,0,0,0,0,0,0,0,0,0,0,0,0,1,0,0,0,0,0,0,0,0,0,0,0
1480,18.01,55.17,2018,PL,36,284,20.0,20,18.0,895,1,45.0,38.00233371178784,683.3943966273392,25.0,8.875405311584473,322.5662841796875,7.3,13.69,1,1,0,0,0,0,0,0,0,0,0,0,0,0,0,0,0,0,0,0,0,0,0,0,0,0,0,0,0,0,0,0,0,0,0,0,0,0,0,0,0,0,0,0,0
1481,18.01,55.33,2018,PL,37,285,42.5,30,20.0,360,0,74.0,55.6131712855474,683.3281013281984,31.5,9.092573165893556,215.6006317138672,7.45,5.45,1,1,0,1,0,0,0,0,0,0,0,0,0,0,0,0,0,0,0,0,0,0,0,0,0,0,0,0,0,0,0,0,0,0,0,0,0,0,0,0,0,0,0,0,0
1482,17.98,55.74,2018,PL,38,285,40.0,30,18.0,630,1,61.0,101.03059450207748,681.5911615216814,21.0,9.20199966430664,253.07693481445312,7.34,5.07,1,1,0,1,0,0,0,0,0,0,0,0,0,0,0,0,0,0,0,0,0,0,0,0,0,0,0,0,0,0,0,0,0,0,0,0,0,0,0,0,0,0,0,0,0
1483,19.16,54.59,2018,PL,4,272,47.5,30,18.0,720,1,80.0,21.768631134531816,768.4540946145032,32.5,9.074742317199709,168.3994598388672,7.68,6.04,1,1,0,1,0,0,0,0,0,0,1,0,0,0,0,0,0,0,0,0,0,0,0,0,0,0,0,0,0,0,0,0,0,0,0,0,0,0,0,0,0,0,0,0,0
1484,19.34,54.49,2018,PL,5,272,35.0,5,18.0,885,1,69.0,12.709780599972827,784.5984351603994,34.0,9.148009300231934,183.4284210205078,7.3,10.83,1,1,0,0,0,0,0,0,0,0,0,0,0,0,0,0,0,0,0,0,0,0,0,0,0,1,0,0,0,0,0,0,0,0,0,0,0,0,0,0,0,0,0,0,0
1485,19.31,54.42,2018,PL,6,273,29.0,10,18.0,520,1,48.0,6.488203316644425,784.570146305723,19.0,8.102591514587402,276.9814758300781,8.05,12.23,1,1,0,0,0,0,0,0,0,0,0,1,0,0,0,0,0,0,0,0,0,0,0,0,0,0,0,0,0,0,0,0,0,0,0,0,0,0,0,0,0,0,0,0,0
1486,18.92,54.47,2018,PL,7,273,35.0,30,18.0,700,1,61.0,13.076903374499835,759.6919148140079,26.0,7.849685192108154,252.82228088378903,7.54,10.62,1,1,0,0,0,0,0,0,0,0,1,0,0,0,1,0,0,0,0,0,0,0,0,0,0,1,0,0,0,0,0,0,0,0,0,0,0,0,0,0,0,0,0,0,0
1487,19.0,55.41,2018,PL,8,274,36.5,30,19.0,335,0,88.0,76.15485788091063,747.1149190065887,51.5,9.02432346343994,158.67413330078125,7.39,6.38,1,1,0,1,0,0,0,0,0,0,0,0,0,0,0,0,0,0,0,0,0,0,0,1,0,0,0,0,0,0,0,0,0,0,0,0,0,0,0,0,0,0,0,0,0
1488,18.93,55.73,2018,PL,9,274,55.0,15,18.0,595,1,86.0,106.79735095595191,743.1485806147849,31.0,9.25932502746582,189.1959381103516,8.56,4.3,1,1,0,1,0,0,0,0,0,0,0,0,0,0,0,0,0,0,0,0,0,0,0,0,0,0,0,0,0,0,0,0,0,0,0,0,0,0,0,0,0,0,0,0,0
1489,14.5069,55.4461,2019,SE,1,282,28.0,51,13.0,1270,-1,59.0,12.64465472160298,458.1745670754936,31.0,9.445263862609863,341.2377624511719,7.77,9.48,1,1,0,1,1,1,0,0,1,0,1,0,0,0,0,0,0,0,0,1,0,0,0,0,0,0,0,0,0,0,0,0,0,0,0,0,0,0,0,0,0,0,0,0,0
1490,17.411,57.687,2019,SE,10,285,21.0,30,12.0,52,-1,137.0,38.72971445507751,773.2128339197601,116.0,9.293475151062012,66.79486846923828,6.69,10.67,1,1,1,0,0,0,0,0,0,0,0,0,0,0,0,0,0,0,0,0,0,0,0,0,0,0,0,0,0,0,0,0,0,0,0,0,0,0,0,0,0,0,0,0,0
1491,17.2767,57.84,2019,SE,11,285,32.0,35,15.0,318,0,91.0,28.740512676539023,784.6221654825993,59.0,9.32032871246338,74.50773620605469,6.92,7.98,1,1,1,0,1,0,0,0,0,0,0,0,0,0,0,0,0,0,0,0,0,0,0,0,0,0,0,0,0,0,0,0,0,0,0,0,0,0,0,0,0,0,0,0,0
1492,18.3818,57.8167,2019,SE,12,285,50.0,50,13.0,709,1,103.0,4.3639469058413045,818.2909901160402,53.0,9.3251314163208,75.31468963623047,8.55,5.2,1,1,1,0,1,1,0,0,0,0,0,0,0,0,0,0,0,0,0,0,0,0,0,0,0,0,0,0,0,0,0,0,0,0,0,0,0,0,0,0,0,0,0,0,0
1493,18.582,58.1797,2019,SE,13,285,20.0,39,14.0,1004,0,92.0,29.78577782877157,859.3256201119444,72.0,9.322710990905762,85.45050048828125,6.77,10.63,1,1,1,0,1,0,0,0,0,0,0,0,0,0,1,0,0,0,1,0,0,0,0,0,0,0,0,0,0,0,0,0,0,0,0,0,0,0,0,0,0,0,0,0,0
1494,17.4303,58.1718,2019,SE,14,285,15.0,67,14.0,1372,-1,83.0,25.04797128949553,822.8550235727199,68.0,9.380956649780272,87.44644927978516,6.54,10.97,1,1,1,0,1,0,0,0,0,0,0,0,0,0,1,0,0,0,0,0,0,0,0,0,0,0,0,0,0,0,0,0,0,0,0,0,0,0,0,0,0,0,0,0,0
1495,17.6058,58.4438,2019,SE,16,286,33.0,30,17.0,342,0,83.0,27.080806367822827,855.7524583906434,50.0,9.224601745605469,81.50126647949219,6.99,6.54,1,1,1,0,1,0,0,0,0,0,0,0,0,0,1,0,0,0,0,0,0,0,0,0,0,0,0,0,0,0,0,0,0,0,0,0,0,0,0,0,0,0,0,0,0
1496,18.3272,58.3615,2019,SE,18,286,27.0,60,14.0,731,1,147.0,50.56315034682402,866.26863572937,120.0,9.395636558532717,73.23657989501953,7.0,7.66,1,1,1,0,1,0,0,0,0,0,0,0,0,0,1,0,0,0,0,0,0,0,0,0,0,0,0,0,0,0,0,0,0,0,0,0,0,0,0,0,0,0,0,0,0
1497,18.4895,58.5972,2019,SE,19,286,24.0,51,15.0,1015,-1,183.0,36.26969087773314,893.6664205194221,159.0,9.264327049255373,76.4982681274414,6.73,9.89,1,1,1,0,1,1,0,0,0,0,1,0,0,0,0,0,0,0,0,0,0,1,0,0,0,0,0,0,0,0,0,0,0,0,0,0,0,0,0,0,0,0,0,0,0
1498,14.711,55.7472,2019,SE,2,283,26.0,30,14.0,151,-1,52.0,27.81752368993125,487.5040793318644,26.0,9.38101291656494,339.4494934082031,7.79,9.37,1,1,0,1,0,1,0,0,0,0,0,0,0,0,0,0,0,0,0,0,0,0,0,0,0,0,0,0,0,0,0,0,0,0,0,0,0,0,0,0,0,0,0,0,0
1499,18.6213,58.8543,2019,SE,20,286,20.0,38,14.0,1338,-1,78.0,12.643260604353465,921.7699774778024,58.0,9.035301208496094,138.4669952392578,6.47,10.09,1,1,1,0,1,1,0,0,0,0,1,0,0,0,1,0,0,0,0,0,0,0,0,0,0,0,0,0,0,0,0,0,0,0,0,0,0,0,0,0,0,0,0,0,0
1500,19.2008,58.7555,2019,SE,21,287,27.0,50,13.0,243,-1,144.0,40.78299227606785,932.023939309329,117.0,9.126405715942385,84.7729263305664,6.8,8.38,1,1,1,1,1,0,0,0,0,0,0,0,0,0,1,0,0,0,0,0,0,0,0,0,0,0,0,0,0,0,0,0,0,0,0,0,0,0,0,0,0,0,0,0,0
1501,19.24,59.0668,2019,SE,22,287,70.0,73,12.0,488,1,87.0,26.753325180219623,960.8641038182496,17.0,9.018555641174316,101.1533660888672,9.13,4.82,1,1,1,0,0,0,0,0,0,0,0,0,0,0,1,0,0,0,0,0,0,0,0,0,0,0,0,0,0,0,0,0,0,0,0,0,0,0,0,0,0,0,0,0,0
1502,19.7533,59.0953,2019,SE,23,287,23.0,56,13.0,928,0,78.0,41.68365573329368,983.4137723761844,55.0,8.982882499694824,93.91375732421876,6.5,11.14,1,1,1,0,1,0,0,0,0,0,0,0,0,0,1,0,0,0,0,0,0,0,0,0,0,0,0,0,0,0,0,0,0,0,0,0,0,0,0,0,0,0,0,0,0
1503,20.149,58.9388,2019,SE,24,287,25.0,34,15.0,1201,-1,145.0,69.08879076181536,982.359583589914,120.0,9.1375093460083,80.85706329345703,6.8,8.81,1,1,1,0,1,1,0,0,0,0,0,0,0,0,0,0,0,0,1,0,0,0,0,0,0,0,0,0,0,0,0,0,0,0,0,0,0,0,0,0,0,0,0,0,0
1504,20.382,58.6058,2019,SE,25,288,25.0,45,14.0,154,-1,134.0,67.58946870889565,965.130315045306,109.0,9.123113632202148,82.39234161376953,6.79,9.77,1,1,1,0,1,1,0,0,0,0,0,0,0,0,1,0,0,0,0,0,0,0,0,0,0,0,0,0,0,0,0,0,0,0,0,0,0,0,0,0,0,0,0,0,0
1505,19.8107,58.6388,2019,SE,26,288,25.0,45,12.0,382,1,150.0,42.187873973171165,944.0611321082316,125.0,9.07302474975586,86.8405532836914,6.8,9.15,1,1,1,0,1,0,0,0,0,0,0,0,0,0,1,0,0,0,0,0,0,0,0,0,0,0,0,0,0,0,0,0,0,0,0,0,0,0,0,0,0,0,0,0,0
1506,19.5422,58.3518,2019,SE,27,288,27.0,30,10.0,777,1,101.0,13.648891385397006,909.5736165090487,74.0,9.203938484191896,110.9980239868164,6.96,7.75,1,1,1,0,1,1,0,0,0,0,1,0,0,0,1,0,0,0,0,0,0,0,0,0,0,0,0,0,0,0,0,0,0,0,0,0,0,0,0,0,0,0,0,0,0
1507,19.4065,58.09,2019,SE,28,288,25.0,27,15.0,1119,-1,67.0,13.010320294127524,886.0454885506683,42.0,9.209311485290527,255.56549072265625,6.96,8.09,1,1,1,1,1,0,0,0,0,0,0,0,0,0,0,0,0,0,0,0,0,0,0,1,0,0,0,0,0,0,0,0,0,0,0,0,1,0,0,0,0,0,0,0,0
1508,19.3983,57.8175,2019,SE,30,289,27.0,60,10.0,67,-1,47.0,15.627526504430978,862.1553469732646,20.0,9.129611015319824,341.1311340332031,6.91,10.53,1,1,1,0,1,1,0,0,0,0,1,0,0,0,0,0,0,0,1,0,0,0,0,1,0,0,0,0,0,0,0,0,0,0,0,0,0,0,0,0,0,0,0,0,0
1509,19.469,57.6322,2019,SE,31,289,17.0,60,12.0,324,0,93.0,30.583060325868225,850.3542540470039,76.0,9.23623275756836,103.37159729003906,6.74,12.39,1,1,1,0,1,0,0,0,0,0,0,0,0,0,1,0,0,0,0,0,0,0,0,0,0,0,0,0,0,0,0,0,0,0,0,0,0,0,0,0,0,0,0,0,0
1510,19.659,57.389,2019,SE,32,289,30.0,30,15.0,637,1,66.0,41.30867963022191,843.1412943084254,36.0,9.33266258239746,106.6361312866211,7.24,6.42,0,1,1,0,1,0,0,0,0,0,0,0,0,0,0,0,0,0,0,0,0,0,0,0,0,0,0,0,0,0,0,0,0,0,0,0,0,0,0,0,0,0,0,0,0
1511,19.7925,57.1947,2019,SE,33,289,40.0,80,13.0,894,0,217.0,55.92968605796209,840.0380745504976,177.0,9.39612102508545,48.11322784423828,7.4,4.99,1,1,1,1,0,1,0,0,0,0,0,0,0,0,0,0,0,0,0,0,0,0,0,0,0,0,0,0,0,0,0,0,0,0,0,0,0,0,0,0,0,0,0,0,0
1512,18.8718,57.195,2019,SE,34,289,25.0,31,14.0,1281,-1,51.0,11.387825556004906,791.9989255322453,26.0,9.376553535461426,357.83660888671875,7.2,8.08,1,1,1,0,0,1,0,0,0,0,1,0,0,0,0,0,0,0,0,0,0,0,0,0,0,0,0,0,0,0,0,0,0,0,0,0,0,0,0,0,0,0,0,0,0
1513,18.7723,56.9067,2019,SE,35,290,27.0,30,15.0,88,-1,56.0,25.388682092206302,769.1477389520657,29.0,9.559954643249512,320.9832763671875,7.28,7.46,1,1,1,0,0,0,0,0,0,0,0,0,0,0,0,0,0,0,0,0,0,0,0,0,0,0,0,0,0,0,0,0,0,0,0,0,0,0,0,0,0,1,0,0,0
1514,18.8198,56.6145,2019,SE,36,290,40.0,60,15.0,321,0,67.0,47.92842827245391,757.4307308527328,27.0,9.460017204284668,286.2107849121094,7.72,5.11,1,1,1,1,1,1,0,0,0,0,0,0,0,0,0,0,0,0,0,0,0,0,0,0,0,0,0,0,0,0,0,0,0,1,0,0,0,0,0,0,0,0,0,0,0
1515,17.8658,57.0525,2019,SE,37,290,26.0,45,13.0,734,1,84.0,21.18819369909524,733.8887111500859,58.0,9.311416625976562,95.67616271972656,7.26,6.64,1,1,1,0,1,0,0,0,0,0,1,0,0,0,1,0,0,0,0,0,0,0,0,0,0,0,0,0,0,0,0,0,0,0,0,0,0,0,0,0,0,0,0,0,0
1516,17.6948,56.7877,2019,SE,38,290,30.0,34,13.0,977,0,82.0,29.797211338051657,706.94424385429,52.0,9.335251808166504,76.36909484863281,7.38,6.15,1,1,1,1,1,0,0,0,0,0,0,0,0,0,0,0,0,0,0,0,0,0,0,0,0,0,0,0,0,0,0,0,0,1,0,0,0,0,0,0,0,0,0,0,0
1517,17.2856,56.7892,2019,SE,39,290,20.0,29,13.0,1208,-1,94.0,26.96098882946087,688.6836126376696,74.0,9.437662124633787,66.74996185302734,6.93,10.24,1,1,1,0,1,0,0,0,0,0,1,0,0,0,0,0,0,0,0,0,0,0,0,0,0,0,0,0,0,0,0,0,0,0,0,0,0,0,0,0,0,0,0,0,0
1518,15.803,55.7955,2019,SE,4,283,27.0,64,12.0,628,1,55.0,24.11163927368434,548.2518302373213,28.0,9.35300636291504,303.56671142578125,7.47,9.38,1,1,1,1,1,1,0,0,0,0,0,0,0,0,0,0,0,0,0,0,0,0,0,0,0,0,0,0,0,0,0,0,1,0,0,0,0,0,0,0,0,0,0,0,0
1519,16.8847,56.6348,2019,SE,40,290,22.0,37,13.0,1420,-1,57.0,10.237136170058305,657.816458654329,35.0,9.399602890014648,223.50271606445312,7.03,9.91,1,1,1,1,1,0,0,0,0,0,1,0,0,0,1,0,0,0,0,0,0,0,0,1,0,0,0,0,0,0,0,0,0,0,0,0,0,0,0,0,0,0,0,0,0
1520,17.176,56.4228,2019,SE,41,291,22.0,30,11.0,196,-1,45.0,34.93752018655508,656.7463162733216,23.0,9.446972846984863,290.6323547363281,7.02,11.05,1,1,1,0,1,0,0,0,0,0,0,0,0,0,0,0,0,0,1,0,0,0,0,0,0,0,0,0,0,0,0,0,0,1,0,0,0,0,0,0,0,0,0,0,0
1521,17.6778,56.1168,2019,SE,42,291,40.0,45,14.0,508,1,61.0,74.07732308813453,670.8541630923365,21.0,9.385022163391112,272.098876953125,7.9,6.2,1,1,1,0,1,1,0,0,0,0,0,0,0,0,0,0,0,0,0,0,0,0,0,0,0,0,0,0,0,0,0,0,0,0,0,0,0,0,0,0,0,0,0,0,0
1522,18.4312,56.32,2019,SE,43,291,38.0,48,15.0,868,1,46.0,66.43501567866302,722.413063180986,8.0,9.35654640197754,358.68359375,7.78,5.96,1,1,1,0,0,0,0,0,0,0,0,0,0,0,0,0,0,0,0,0,0,0,0,1,0,0,0,0,0,0,0,0,0,0,0,0,0,0,0,0,0,0,0,0,0
1523,18.4712,56.0933,2019,SE,44,291,25.0,58,12.0,1190,-1,104.0,92.48517022501277,718.2701642832233,79.0,9.544824600219728,112.88587188720705,7.15,10.73,1,1,1,1,0,1,0,0,0,0,0,0,0,0,0,0,0,0,1,0,0,0,0,0,0,0,0,0,0,0,0,0,0,0,0,0,0,0,0,0,0,0,0,0,0
1524,17.8807,55.9407,2019,SE,45,292,27.0,45,12.0,314,0,58.0,93.30098557561996,678.43812673688,31.0,9.42494010925293,248.3178253173828,7.27,9.75,1,1,1,0,0,0,0,0,0,0,0,0,0,0,0,0,0,0,0,0,0,0,0,0,0,0,0,0,0,0,0,0,0,0,0,0,0,0,0,0,0,0,0,0,0
1525,17.2393,55.895,2019,SE,46,292,30.0,32,14.0,728,1,42.0,60.60494143105283,638.4545569950029,12.0,9.34373664855957,365.1963806152344,7.43,8.39,1,1,1,0,0,1,0,0,0,0,0,0,0,0,0,0,0,0,0,0,0,0,0,0,0,0,0,0,0,0,0,0,0,0,0,0,0,0,0,0,0,0,0,0,0
1526,16.6725,55.7143,2019,SE,47,292,40.0,93,13.0,990,0,55.0,56.71834833712819,598.1015342139696,15.0,9.410711288452148,294.0150146484375,7.97,8.38,1,1,1,1,0,1,0,0,1,0,1,0,0,0,0,0,0,0,0,0,0,0,0,0,0,0,0,0,0,0,0,0,0,0,0,0,0,0,0,0,0,0,0,0,0
1527,15.842,55.5962,2019,SE,48,292,40.0,82,11.0,1342,-1,74.0,46.44957432090167,544.2110314806735,34.0,9.31635856628418,186.2675323486328,9.05,8.59,1,1,1,1,1,1,0,0,0,0,1,0,0,0,0,0,0,0,0,0,0,0,0,0,0,0,0,0,0,0,0,0,0,0,0,0,0,0,0,0,0,0,0,0,0
1528,15.5898,55.1237,2019,SE,49,293,29.0,45,10.0,300,0,80.0,28.620491145595253,530.0289153666694,51.0,9.262107849121094,198.00997924804688,8.01,11.11,1,1,1,1,1,0,0,0,0,0,0,0,0,0,0,0,0,0,0,0,0,0,0,0,0,0,0,0,0,0,0,0,0,0,0,0,0,0,0,0,0,0,0,0,0
1529,16.2442,55.7988,2019,SE,5,283,42.0,30,13.0,854,1,59.0,36.98541749838069,574.4266846437905,17.0,9.336503028869627,277.4034423828125,9.35,7.2,1,1,1,0,1,0,0,0,0,0,0,0,0,0,0,0,0,0,0,0,0,0,0,0,0,0,0,0,0,0,0,0,0,0,0,0,0,0,0,0,0,0,0,0,0
1530,15.2725,55.3255,2019,SE,50,293,40.0,104,12.0,564,1,94.0,22.024651864424463,507.1592578892465,54.0,9.318133354187012,195.0905303955078,10.31,8.95,1,1,1,1,0,1,0,0,0,0,0,0,0,0,0,0,0,0,0,1,0,0,0,0,0,0,0,0,0,0,0,0,0,0,0,0,0,0,0,0,0,0,0,0,0
1531,14.899,55.6195,2019,SE,51,293,38.0,30,12.0,988,0,77.0,34.58910465599477,488.0694103718157,39.0,9.326032638549805,227.6446685791016,8.87,8.32,1,1,1,1,0,1,0,0,0,0,0,0,0,0,0,0,0,0,0,0,0,0,0,0,0,0,0,0,0,0,0,0,0,0,0,0,0,0,0,0,0,0,0,0,0
1532,16.5585,56.1254,2019,SE,6,283,30.0,27,10.0,1165,-1,49.0,12.413674292246768,606.6430321782079,19.0,9.577868461608888,318.2643127441406,7.46,7.71,1,1,1,0,1,0,0,0,0,0,0,0,0,0,0,0,0,0,0,0,0,0,0,0,0,0,0,0,0,0,0,0,1,0,0,0,0,0,0,0,0,0,0,0,0
1533,16.7918,56.4428,2019,SE,7,283,20.0,24,16.0,1424,-1,61.0,11.607031489116842,639.1015021713303,41.0,9.552979469299316,216.12432861328125,7.09,10.15,1,1,1,1,1,1,0,0,0,0,1,0,0,0,1,0,0,0,1,0,0,0,0,0,0,0,0,0,0,0,0,0,0,0,0,0,0,0,0,0,0,0,0,0,0
1534,17.5333,57.091,2019,SE,8,284,32.0,45,14.0,460,1,100.0,29.95531877220233,722.2836367429271,68.0,9.282086372375488,76.71408081054688,7.35,6.13,1,1,1,0,1,0,0,0,0,0,0,0,0,0,0,0,0,0,0,0,0,0,0,1,0,0,0,0,0,0,0,0,0,0,0,0,0,0,0,0,0,0,0,0,0
1535,21.65195,58.06805,2019,EE,1,294,20.0,15,20.0,350,0,43.0,22.60387834262133,984.2589612790404,23.0,8.830554008483887,312.9438171386719,6.8,13.67,1,1,1,0,0,0,0,0,0,0,0,0,0,0,0,0,0,0,0,0,0,0,0,0,0,0,0,0,0,0,0,0,0,0,0,0,0,0,0,0,0,0,0,0,0
1536,22.05111,59.16889,2019,EE,10,297,65.0,30,20.0,505,1,105.0,25.970311905876077,1080.1873246703087,40.0,8.897246360778809,85.50633239746094,9.02,5.13,1,1,1,0,1,0,0,0,0,0,0,0,0,0,0,0,0,0,0,0,0,0,0,0,0,0,0,0,0,0,0,0,0,0,0,0,0,0,0,0,0,0,0,0,0
1537,22.51861,59.23583,2019,EE,11,297,62.5,15,20.0,730,1,95.0,17.347215144561606,1106.6181808729975,32.5,8.78428840637207,97.30062103271484,8.91,5.1,1,1,1,0,0,0,0,0,0,0,0,1,0,0,0,0,0,0,0,0,0,0,0,0,0,0,0,0,0,0,0,0,0,0,0,0,0,0,0,0,0,0,0,0,0
1538,26.98361,59.56861,2019,EE,12,298,25.0,15,20.0,450,1,47.0,12.670603763183747,1360.4115343943192,22.0,8.209142684936523,175.41258239746094,4.91,11.82,1,1,1,0,1,0,0,0,0,0,0,0,0,0,0,0,0,0,0,0,1,0,0,0,0,0,0,0,0,0,0,0,0,0,0,0,0,0,0,0,0,0,0,0,0
1539,27.26833,59.55083,2019,EE,13,298,22.0,15,20.0,585,1,43.0,12.049520445200226,1377.0566704479916,21.0,8.207228660583496,208.4253845214844,4.67,12.34,1,1,1,0,1,0,0,0,0,0,0,0,0,0,0,0,0,0,0,0,0,0,0,0,0,0,0,0,0,0,0,0,0,0,0,0,0,0,0,0,0,0,0,0,0
1540,26.3,59.75,2019,EE,14,300,45.0,10,20.0,375,0,81.0,18.561352187366023,1321.5237689122823,36.0,8.165833473205566,124.92487335205078,6.48,5.85,1,1,1,0,1,0,0,0,0,0,0,1,0,0,0,0,0,0,0,0,0,0,0,0,0,0,0,0,0,0,0,0,0,0,0,0,0,0,0,0,0,0,0,0,0
1541,25.91722,59.75056,2019,EE,15,300,41.0,10,20.0,505,1,79.0,13.505248997326287,1301.0581561585504,38.0,8.245676040649414,121.23544311523438,6.2,8.0,1,1,1,0,1,0,0,0,0,0,0,1,0,0,0,0,0,0,0,0,0,0,0,0,0,0,0,0,0,0,0,0,0,0,0,0,0,0,0,0,0,0,0,0,0
1542,25.38445,59.73555,2019,EE,16,300,44.5,20,20.0,665,1,89.0,12.64744582545074,1272.3207811837665,44.5,8.447844505310059,93.57416534423828,6.9,4.93,1,1,1,0,1,0,0,0,0,0,0,1,0,0,0,0,0,0,0,0,0,0,0,0,0,0,0,0,0,0,0,0,0,0,0,0,0,0,0,0,0,0,0,0,0
1543,24.53444,59.70222,2019,EE,17,301,40.0,10,20.0,350,0,87.0,11.16199019959461,1228.9052622497836,47.0,8.675482749938965,109.24720764160156,6.35,9.14,1,1,1,0,0,0,0,0,0,0,0,1,0,0,0,0,0,0,0,0,0,0,0,0,0,0,0,0,0,0,0,0,0,0,0,0,0,0,0,0,0,0,0,0,0
1544,24.31778,59.5675,2019,EE,18,301,51.0,10,20.0,475,1,80.0,10.32965206567378,1210.5470955020182,29.0,8.695740699768066,106.41938018798828,7.02,6.74,1,1,1,0,1,0,0,0,0,0,0,1,0,0,0,0,0,0,0,0,0,0,0,0,0,0,0,0,0,0,0,0,0,0,0,0,0,0,0,0,0,0,0,0,0
1545,24.15,59.46889,2019,EE,19,301,40.0,5,20.0,575,1,64.0,7.935934212810941,1197.846092389531,24.0,8.7093505859375,98.74481201171876,6.5,9.92,1,1,1,0,1,0,0,0,0,0,0,1,0,0,0,0,0,0,0,0,0,0,0,0,0,0,0,0,0,0,0,0,0,0,0,0,0,0,0,0,0,0,0,0,0
1546,20.45083,58.06861,2019,EE,2,294,42.5,30,20.0,565,1,98.0,65.75541366049892,925.6848457478364,55.5,9.23180103302002,114.98383331298828,7.69,4.78,1,1,1,0,0,1,0,0,0,0,0,0,0,0,0,0,0,0,0,0,0,0,0,0,0,0,0,0,0,0,0,0,0,0,0,0,0,0,0,0,0,0,0,0,0
1547,23.86722,59.46917,2019,EE,20,301,60.0,5,20.0,675,1,89.0,13.908978442637997,1183.1754825946527,29.0,8.730926513671875,83.35186004638672,7.71,5.54,1,1,1,0,1,0,0,0,0,0,0,1,0,0,0,0,0,0,0,0,0,0,0,0,0,0,0,0,0,0,0,0,0,0,0,0,0,0,0,0,0,0,0,0,0
1548,23.26861,59.35083,2019,EE,21,301,48.5,5,20.0,870,0,102.0,8.646379702063006,1146.9427885954988,53.5,8.705501556396484,79.65747833251953,7.34,5.63,1,1,1,0,1,0,0,0,0,0,0,1,0,0,0,0,0,0,0,0,0,0,0,0,0,0,0,0,0,0,0,0,0,0,0,0,0,0,0,0,0,0,0,0,0
1549,20.45028,58.28444,2019,EE,3,294,35.0,30,20.0,840,1,139.0,66.72670198077334,943.482020722365,104.0,9.215354919433594,97.0565414428711,7.18,6.59,0,0,1,0,0,1,0,0,0,0,0,0,0,0,0,0,0,0,0,0,0,0,0,0,0,0,0,0,0,0,0,0,0,0,0,0,0,0,0,0,0,0,0,0,0
1550,21.20222,58.38528,2019,EE,4,295,65.0,30,20.0,370,0,90.0,33.386120111787186,983.6531899586126,25.0,9.012112617492676,122.75296783447266,8.98,5.0,1,1,0,0,0,1,0,0,0,0,0,0,0,0,0,0,0,0,0,0,0,0,0,0,0,0,0,0,0,0,0,0,0,0,0,0,0,0,0,0,0,0,0,0,0
1551,21.25222,58.63361,2019,EE,5,295,60.0,30,20.0,605,1,83.0,37.33070796482787,1006.112776740763,23.0,8.957514762878418,127.56432342529295,8.22,4.64,1,1,1,0,1,1,0,0,0,0,0,0,0,0,0,0,0,0,0,0,0,0,0,0,0,0,0,0,0,0,0,0,0,0,0,0,0,0,0,0,0,0,0,0,0
1552,22.0675,58.63334,2019,EE,6,296,17.5,15,20.0,330,0,35.0,13.400584647734506,1039.796362887742,17.5,8.635969161987305,350.2947998046875,6.64,13.51,1,1,1,0,0,0,0,0,0,0,1,0,0,0,0,0,0,0,0,0,0,0,0,0,0,0,0,0,0,0,0,0,0,0,0,0,0,0,0,0,0,0,0,0,0
1553,21.7,58.85167,2019,EE,7,296,35.0,10,20.0,585,1,58.0,22.14712763978426,1041.8136763204002,23.0,8.8441801071167,217.99078369140625,6.85,9.86,0,1,0,0,0,0,0,0,0,0,0,0,0,0,0,0,0,0,0,0,0,0,0,0,0,0,0,0,0,0,0,0,0,0,0,0,0,0,0,0,0,0,0,0,0
1554,21.28361,59.01722,2019,EE,8,296,65.0,30,20.0,820,1,119.0,44.92005930842583,1035.2360743379393,54.0,8.998664855957031,87.8049087524414,9.57,5.19,1,1,1,1,0,0,0,0,0,0,0,0,0,0,0,0,0,0,0,0,0,0,0,0,0,0,0,0,0,0,0,0,0,0,0,0,0,0,0,0,0,0,0,0,0
1555,21.68556,59.26667,2019,EE,9,297,62.5,30,20.0,335,0,107.0,41.776712151339424,1072.8843249374468,44.5,8.961089134216309,83.22354125976562,9.32,4.94,1,1,1,0,0,1,0,0,0,0,0,0,0,0,0,0,0,0,0,0,0,0,0,0,0,0,0,0,0,0,0,0,0,0,0,0,0,0,0,0,0,0,0,0,0
1556,10.1678,54.6683,2019,DE,1,275,13.0,30,7.5,1066,0,21.0,8.845248441588621,419.0214071748581,8.0,12.0411376953125,311.61688232421875,21.49,13.8,1,1,1,1,0,0,1,1,1,0,1,0,1,1,0,0,0,0,0,1,0,0,0,0,0,0,0,0,1,0,0,0,0,0,0,0,0,0,0,0,0,0,0,0,0
1557,10.1657,54.7762,2019,DE,2,275,16.5,30,7.5,1193,-1,25.0,12.800596403585962,410.476849758563,8.5,12.021491050720217,301.62890625,23.0,13.91,1,1,1,0,0,0,1,1,0,0,0,0,1,1,0,0,0,0,0,0,0,0,0,0,0,0,0,0,0,0,0,0,0,0,0,0,0,0,0,0,0,0,0,0,0
1558,10.0452,55.6655,2019,DE,3,276,15.0,30,6.8,1026,0,20.0,3.78950240997796,303.6027652896306,5.0,11.6964111328125,306.5261535644531,26.03,14.24,1,1,0,0,0,0,1,1,0,1,0,0,0,1,0,1,0,0,0,0,0,0,0,0,0,0,0,0,0,0,0,0,0,0,0,0,0,0,0,0,0,0,0,0,0
1559,10.4797,55.7788,2019,DE,4,276,18.0,30,6.8,1231,-1,32.0,3.261569836547084,278.5419600864133,14.0,11.732906341552734,283.2508850097656,27.68,14.11,0,0,1,0,0,0,0,1,0,1,0,0,1,1,0,1,0,0,0,0,0,0,0,0,0,0,0,0,0,1,0,0,0,0,0,0,0,0,0,0,0,0,0,0,0
1560,10.6555,56.046,2019,DE,5,276,10.5,30,7.0,1438,-1,25.0,8.535453877646091,246.6938291679176,14.5,12.329475402832031,300.1083068847656,22.15,13.53,1,0,0,0,0,0,1,1,0,1,0,0,1,1,0,1,0,1,0,0,0,0,0,0,0,0,1,0,0,1,0,0,0,0,1,0,0,0,0,0,0,0,0,0,0
1561,11.0105,55.889,2019,DE,6,277,19.5,29,6.0,963,0,21.0,5.440818966862065,263.91443094046434,1.5,11.578779220581056,318.1258239746094,26.51,13.87,1,1,0,0,0,0,0,1,0,1,0,0,0,0,0,1,0,1,0,0,0,0,0,0,0,0,0,0,0,0,0,0,0,0,0,0,0,0,0,0,0,0,0,0,0
1562,10.9557,55.5315,2019,DE,7,277,9.0,30,6.8,1219,-1,25.0,8.655525897630985,305.5888618809259,16.0,11.106183052062988,294.3338623046875,17.29,13.42,1,1,0,0,0,0,1,1,0,1,0,0,1,1,0,1,0,0,0,0,0,0,0,0,0,0,1,0,0,0,0,0,0,0,0,0,0,0,0,0,0,0,0,0,0
1563,10.838,55.4238,2019,DE,8,277,10.0,30,7.8,1346,-1,19.0,6.6267762754025625,318.5475447523729,9.0,11.39707851409912,285.6318664550781,19.43,13.69,1,1,1,0,0,0,1,1,0,1,0,0,1,1,0,1,0,0,0,0,0,0,0,0,0,0,0,0,0,0,0,0,0,0,0,0,0,0,0,0,0,0,0,0,0
1564,10.9855,55.2788,2019,DE,9,278,12.0,30,7.5,54,-1,23.0,5.617339282933773,334.3046099499425,11.0,11.162482261657717,292.77264404296875,18.79,13.66,1,1,0,0,0,0,0,1,0,1,0,0,1,1,0,0,0,1,0,0,0,0,0,0,0,0,0,0,0,0,0,0,0,0,0,0,0,0,0,0,0,0,0,0,0
1565,11.2872,55.1402,2019,DE,10,278,13.0,30,7.8,969,0,19.0,6.536618424442746,351.82519168430025,6.0,10.30030918121338,311.2259521484375,20.93,13.71,0,1,1,0,0,0,0,1,0,1,0,0,0,1,0,0,0,0,0,0,0,0,0,0,1,0,0,0,0,1,0,0,0,0,0,0,0,0,0,0,0,0,0,0,0
1566,10.4472,54.7745,2019,DE,11,278,13.0,30,7.0,1323,-1,24.0,5.618772583329809,398.97209285902574,11.0,11.58913803100586,315.5721740722656,21.37,14.15,1,0,1,0,0,0,1,1,0,1,0,0,0,0,0,0,0,1,0,0,0,0,0,0,0,0,0,0,0,0,0,0,0,0,0,0,0,0,0,0,0,0,0,0,0
1567,10.598,54.4558,2019,DE,12,279,8.0,30,6.0,1079,-1,19.0,9.270893098905384,431.521317128553,11.0,11.54128074645996,314.5329895019531,17.13,13.68,1,1,0,0,0,0,1,1,0,1,0,0,1,1,0,0,0,0,0,0,0,0,0,0,0,0,0,0,0,0,0,0,0,0,0,0,0,0,0,0,0,0,0,0,0
1568,11.3807,54.5257,2019,DE,13,279,11.0,15,6.5,1397,-1,28.0,9.62261926024196,424.1755570243716,17.0,10.182365417480469,312.79168701171875,16.49,13.86,1,1,1,0,0,0,1,1,0,1,0,0,1,0,0,0,0,0,0,0,0,0,0,0,0,0,0,0,0,0,0,0,0,0,0,0,0,0,0,0,0,0,0,0,0
1569,11.884,54.3238,2019,DE,14,280,14.0,30,6.5,992,0,20.0,18.07324778747221,460.362985130133,6.0,9.82827854156494,321.0251770019531,19.94,14.2,1,1,0,0,0,0,0,1,0,1,0,0,0,0,0,0,0,0,0,0,0,0,0,0,0,0,0,0,0,0,0,0,0,0,0,0,0,0,0,0,0,0,0,0,0
1570,11.2252,54.1018,2019,DE,15,280,10.0,30,6.0,1228,-1,24.0,9.826920477810646,473.1957480690173,14.0,10.135343551635742,308.5812683105469,18.03,14.82,1,1,1,0,0,0,1,1,1,1,0,0,0,0,0,0,0,0,0,0,0,0,0,0,0,0,0,0,0,0,0,0,0,0,0,0,0,0,0,0,0,0,0,0,0
1571,11.3655,54.2665,2019,DE,16,280,18.0,30,6.0,1422,-1,21.0,16.26998824851401,453.74886188092586,3.0,10.16405963897705,315.5023803710937,23.65,14.89,1,1,1,0,0,0,1,1,0,1,1,0,1,0,0,0,0,0,0,0,0,0,0,0,0,0,1,0,0,0,0,0,0,0,0,0,0,0,0,0,0,0,0,0,0
1572,12.149,54.3808,2019,DE,17,281,13.5,30,7.0,1023,0,20.0,14.991062380990082,467.6344309404616,6.5,9.864715576171877,329.1178283691406,19.17,14.16,1,1,1,0,0,1,1,1,0,1,0,0,0,0,0,0,0,0,0,0,0,0,0,0,0,0,0,0,0,0,0,0,0,0,0,0,0,0,0,0,0,0,0,0,0
1573,12.6153,54.6822,2019,DE,18,281,13.5,30,6.0,1239,-1,18.0,24.052216589501707,441.7170651975696,4.5,9.296945571899414,344.80535888671875,12.77,13.83,1,0,1,1,0,0,0,1,0,1,1,0,0,0,0,0,0,0,0,0,0,0,0,0,0,0,0,0,0,0,0,0,0,0,0,0,0,0,0,0,0,0,0,0,0
1574,13.613,54.7165,2019,DE,19,282,33.0,30,5.0,81,-1,39.0,12.609193679380551,446.9326396087845,6.0,8.82400894165039,338.0531005859375,14.25,14.47,1,1,1,0,0,0,1,1,1,1,1,0,0,1,0,0,0,1,0,0,0,0,0,0,0,0,0,0,0,0,0,0,0,0,0,0,0,0,0,0,0,0,0,0,0
1575,14.1168,54.6227,2019,DE,20,282,14.0,30,8.0,1003,0,24.0,28.92992886377558,473.5346721857619,10.0,8.46697998046875,340.208251953125,8.36,13.79,1,1,0,0,0,0,0,0,0,0,0,0,0,0,0,0,0,0,0,0,0,0,0,0,0,0,0,0,0,0,0,0,0,0,0,0,0,0,0,0,0,0,0,0,0
1576,13.7483,54.555,2019,DE,21,282,14.0,30,7.0,1190,-1,24.0,4.031283395182537,466.2141355712326,10.0,8.47502326965332,336.1212463378906,9.38,13.83,1,1,0,1,0,0,1,1,1,1,1,0,0,0,0,0,0,0,0,0,0,0,0,0,0,0,0,0,0,0,0,0,0,0,0,0,0,0,0,0,0,0,0,0,0
1577,13.7407,54.4213,2019,DE,22,282,14.0,30,7.0,1319,-1,21.0,4.9217130538586575,479.9936680385956,7.0,7.891952991485596,336.6327514648437,10.61,14.36,1,1,0,1,0,0,1,1,0,1,0,0,0,0,0,0,0,0,0,0,0,0,0,0,0,0,0,0,0,0,0,0,0,0,0,0,0,0,0,0,0,0,0,0,0
1578,14.5905,54.526,2019,DE,23,283,14.5,30,8.0,161,-1,19.0,53.357112407970455,504.2995170786842,4.5,8.356047630310059,350.7267761230469,7.92,13.69,1,1,0,1,0,0,0,1,0,1,1,0,0,0,0,0,0,0,0,0,0,0,0,0,0,0,0,0,0,0,0,0,0,0,0,0,0,0,0,0,0,0,0,0,0
1579,12.3098,54.7927,2019,DE,24,285,15.0,30,7.0,1030,0,22.0,10.673338274065214,425.61720633157984,7.0,9.244277000427246,339.7215576171875,15.22,14.02,1,1,1,0,0,0,1,1,0,1,0,0,0,1,0,0,0,0,0,0,0,0,0,0,0,0,0,0,0,0,0,0,0,0,0,0,0,0,0,0,0,0,0,0,0
1580,12.8522,54.9007,2019,DE,25,285,25.0,30,6.5,1245,-1,31.0,20.555817528611584,416.7088618809224,6.0,9.047307968139648,346.6453552246094,13.99,14.12,1,1,1,0,0,0,1,1,0,1,1,0,0,1,0,0,0,0,0,0,0,0,0,0,0,0,0,0,0,0,0,0,0,0,0,0,0,0,0,0,0,0,0,0,0
1581,13.4602,54.9008,2019,DE,26,286,40.0,30,6.5,19,-1,46.0,24.15231333653706,423.88391224156845,6.0,9.031180381774902,322.8410339355469,17.99,14.88,1,1,1,0,0,0,1,1,1,1,1,0,0,0,0,0,0,0,0,0,0,0,0,0,0,0,0,0,0,0,0,0,0,0,0,0,0,0,0,0,0,0,0,0,0
1582,14.5903,55.264,2019,DE,27,286,35.0,30,6.0,976,0,43.0,8.749594429973431,463.4926029920183,8.0,9.403898239135742,340.6357727050781,13.38,14.19,1,0,1,0,0,0,0,0,0,1,1,0,0,0,0,0,0,0,0,0,0,0,0,0,0,0,0,0,0,0,0,0,0,0,0,0,0,0,0,0,0,0,0,0,0
1583,13.9178,55.268,2019,DE,28,286,30.0,30,7.0,1169,-1,39.0,15.623694090721228,421.1871872533089,9.0,9.2064847946167,355.8212585449219,9.12,10.93,1,1,0,1,0,0,1,0,0,0,0,0,0,0,0,0,0,0,0,0,0,0,0,0,0,0,0,0,0,0,0,0,0,0,0,0,0,0,0,0,0,0,0,0,0
1584,12.994,55.2763,2019,DE,29,286,20.0,30,6.5,1415,-1,27.0,12.09293603435312,374.1075447523701,7.0,9.102384567260742,363.2235412597656,8.97,12.74,1,1,1,0,0,0,1,0,1,0,0,0,0,0,0,0,0,0,0,0,0,0,0,0,0,0,0,0,0,0,0,0,0,0,0,0,0,0,0,0,0,0,0,0,0
1585,12.7503,55.8145,2019,DE,30,288,12.0,30,8.0,1110,-1,22.0,5.384161554593848,311.55917195104684,10.0,9.869882583618164,297.98114013671875,24.32,14.16,1,1,1,1,0,0,1,1,1,1,0,0,0,1,0,1,0,0,0,0,0,0,0,0,0,0,0,1,0,0,0,0,0,0,0,0,0,0,0,0,0,0,0,0,0
1586,12.6857,55.9523,2019,DE,31,288,21.5,41,8.0,1267,-1,27.0,4.634430940464346,295.2553140552261,5.5,9.986751556396484,287.3022155761719,30.37,13.83,1,1,0,1,0,0,1,1,0,1,0,0,0,1,0,1,0,0,0,0,0,0,1,0,0,0,0,0,0,0,0,0,0,0,0,0,0,0,0,0,0,0,0,1,0
1587,12.5042,56.1348,2019,DE,32,288,14.5,30,8.0,1439,-1,26.0,4.528307796665963,272.82639368989186,11.5,10.479999542236328,288.51617431640625,28.36,14.06,1,0,1,1,0,0,0,0,0,1,0,0,1,1,0,1,0,0,0,0,0,0,0,0,0,0,0,0,0,0,0,0,0,0,0,0,0,0,0,0,0,0,0,0,0
1588,12.138,56.1945,2019,DE,33,289,14.0,30,8.0,1028,0,23.0,10.147220289155172,253.8636400154833,9.0,13.068190574645996,294.8838806152344,27.33,14.31,1,1,0,0,0,0,1,0,1,1,0,0,1,0,0,1,0,0,0,0,0,0,1,0,0,0,0,0,0,0,0,0,0,0,1,0,0,0,0,0,0,0,0,0,0
1589,11.9743,56.1595,2019,DE,34,289,16.5,30,8.0,1106,-1,23.0,11.758139373568728,251.9045376283361,6.5,13.199444770812988,290.416748046875,29.6,14.22,1,1,0,0,0,0,1,1,0,1,0,0,1,0,0,1,0,1,0,0,0,0,0,0,0,0,0,0,0,0,0,0,0,0,1,0,0,0,0,0,0,0,0,0,0
1590,10.9682,56.1165,2019,DE,35,289,12.0,15,8.0,1399,-1,23.0,9.482810506256593,237.07017900947812,11.0,12.42825412750244,299.8693542480469,23.02,13.75,1,1,0,0,0,0,0,1,0,1,0,0,0,0,0,1,0,1,0,0,0,0,0,0,0,0,0,1,0,0,0,0,0,0,0,0,0,0,0,0,0,0,0,0,0
1591,12.1225,56.461,2019,DE,36,290,20.5,33,6.0,998,0,29.0,25.67560870564132,228.4239073542413,8.5,13.698095321655272,292.8457946777344,30.73,14.93,1,1,0,0,0,0,1,1,0,1,0,0,0,0,0,1,0,1,0,0,0,0,1,0,0,0,0,0,0,0,0,0,0,0,0,0,0,0,0,0,0,0,0,0,0
1592,11.8725,56.6168,2019,DE,37,290,19.5,30,6.0,1139,-1,30.0,19.279618860555367,205.0982000301808,10.5,13.652432441711426,294.7422180175781,29.81,14.89,1,1,0,0,0,0,1,1,0,1,0,0,0,1,0,1,0,1,0,0,0,0,0,0,0,0,0,0,0,0,0,0,0,0,0,0,0,0,0,0,0,0,0,0,0
1593,11.901,56.8673,2019,DE,38,291,21.5,30,6.0,157,-1,34.0,21.25525352427433,183.77506977026076,12.5,13.504703521728516,297.0483093261719,31.94,15.12,1,1,0,0,0,0,1,1,0,1,0,0,0,0,0,1,0,1,0,0,0,0,0,0,0,0,0,0,0,0,0,0,0,0,0,0,0,0,0,0,0,0,0,0,0
1594,12.356,56.7272,2019,DE,40,291,6.5,30,7.0,1067,-1,29.0,16.372357996478666,214.68172525781293,22.5,12.84389591217041,288.58575439453125,22.33,13.13,1,1,1,0,0,0,1,0,0,1,0,0,0,1,0,1,0,0,0,0,0,0,0,0,0,0,0,0,0,0,0,0,0,0,0,0,0,0,0,0,0,0,0,0,0
1595,12.6202,56.008,2019,DE,41,291,15.0,30,5.0,1435,-1,17.0,2.2704833901138,288.80454906339554,2.0,10.206381797790527,302.1161499023437,23.76,13.79,1,1,0,1,0,0,1,1,0,1,0,0,1,0,0,1,0,0,0,0,0,0,1,0,0,0,0,1,0,0,0,0,0,0,0,0,0,0,0,0,0,0,0,0,0
1596,14.425,55.0833,2019,DE,42,292,24.0,30,6.0,998,0,41.0,16.736664258484456,459.0999394234765,17.0,9.227250099182127,336.1899719238281,9.62,12.13,1,1,0,1,0,0,0,1,1,1,0,0,0,0,0,0,0,1,0,0,0,0,0,0,0,0,0,0,0,0,0,0,0,0,0,0,0,0,0,0,0,0,0,0,0
1597,14.2165,55.0377,2019,DE,43,292,24.5,30,7.0,1090,-1,47.0,30.76150408533416,448.5693785916383,22.5,9.06101894378662,326.4221496582031,10.13,13.47,1,1,1,1,0,0,0,0,1,0,1,0,0,0,0,0,0,0,0,0,0,0,0,0,0,0,0,0,0,0,0,0,0,0,0,0,0,0,0,0,0,0,0,0,0
1598,13.7328,55.0833,2019,DE,44,292,22.5,35,6.0,1254,-1,45.0,35.38613498213657,420.1136916945504,22.5,9.103026390075684,310.5920104980469,10.26,13.75,1,1,1,1,0,0,1,1,1,0,1,0,0,1,0,0,0,0,0,1,0,0,0,0,0,0,0,0,0,0,0,0,0,0,0,0,0,0,0,0,0,0,0,0,0
1599,12.78,55.0837,2019,DE,45,293,19.0,30,7.0,58,-1,29.0,18.25165082195926,395.40820331664446,10.0,9.090912818908691,343.6366271972656,9.48,13.25,1,1,1,1,0,0,0,1,1,1,1,0,0,1,0,0,0,0,0,0,0,0,0,0,0,0,0,0,0,0,0,0,0,0,0,0,0,0,0,0,0,0,0,0,0
1600,23.24865,59.608215,2019,FI,1,269,21.0,25,18.0,5,-1,67.0,23.84155458713658,1164.6092191085324,46.0,8.680971145629883,140.81553649902344,6.2,12.71,1,1,1,0,1,0,0,0,0,0,0,1,0,0,1,0,0,0,0,0,0,0,0,0,0,0,0,0,0,0,0,0,0,0,0,0,0,0,0,0,0,0,1,0,0
1601,18.557667,61.862335,2019,FI,10,272,8.0,30,20.0,1160,-1,59.0,54.91146935842358,1270.4826342571116,51.0,8.919844627380371,276.8997802734375,5.26,9.75,1,1,1,0,0,0,0,0,0,0,0,1,0,0,0,0,0,0,0,0,0,0,0,0,0,0,0,0,0,0,0,0,0,0,0,0,0,0,0,0,0,0,0,0,0
1602,18.080334,61.889168,2019,FI,11,273,10.0,48,21.0,1352,-1,73.0,29.518045319688284,1273.2632928213875,63.0,8.9160795211792,244.969955444336,5.16,9.44,1,0,1,0,0,0,0,0,0,0,0,0,0,0,0,0,0,0,0,0,1,0,0,0,0,0,0,0,0,0,0,0,0,0,0,0,0,0,0,0,0,0,0,0,0
1603,19.2175,62.34667,2019,FI,12,273,80.0,40,18.0,425,1,113.0,66.1042658610246,1326.9695204452005,33.0,8.752452850341797,262.2958068847656,6.36,3.79,1,0,1,0,1,0,0,0,0,0,0,0,0,0,0,0,1,0,0,0,0,0,0,0,0,0,0,0,0,0,0,0,0,0,0,0,0,0,0,0,0,0,0,0,0
1604,18.8705,62.40217,2019,FI,13,273,82.0,60,19.0,626,1,107.0,47.81121549762793,1333.457723761849,25.0,8.728019714355469,263.601318359375,6.45,3.89,1,1,1,0,0,0,0,0,0,0,0,0,0,0,1,0,1,0,0,0,0,0,0,0,0,0,0,0,0,0,1,0,0,0,0,0,0,0,0,0,0,0,0,0,0
1605,18.758083,62.59925,2019,FI,14,273,10.0,30,21.0,892,1,125.0,33.463916085500685,1356.5944309404615,115.0,8.655055046081543,266.6159973144531,4.97,10.15,1,1,1,0,0,0,0,0,0,0,0,1,0,0,0,0,0,0,0,0,0,0,0,0,0,0,0,0,0,0,1,0,0,0,0,0,0,0,0,0,0,0,0,0,0
1606,19.328667,62.623,2019,FI,15,273,10.0,39,22.0,1103,-1,130.0,52.870176557652,1359.3750895047388,120.0,8.665420532226562,264.986083984375,4.91,10.14,1,0,1,0,0,0,0,0,0,0,0,0,0,0,0,0,0,0,1,0,1,0,0,0,0,0,0,0,0,0,0,0,0,0,0,0,0,0,0,0,0,0,0,0,0
1607,19.054,63.033165,2019,FI,16,274,11.0,38,18.0,1410,-1,187.0,16.42418977420989,1406.6108375737576,176.0,8.51444149017334,265.4241638183594,4.8,10.58,1,1,1,0,0,0,0,0,0,0,0,1,0,0,1,0,0,0,1,0,0,0,0,0,0,0,0,0,0,0,0,0,0,0,0,0,0,0,0,0,0,0,0,0,0
1608,20.2638,63.29615,2019,FI,17,274,75.0,60,20.0,335,0,106.0,18.673964166033038,1438.0895204452004,31.0,8.276671409606934,271.6734619140625,6.41,3.36,1,1,1,0,1,0,0,0,0,0,0,1,0,0,1,0,1,0,0,0,0,1,0,0,0,0,0,0,0,0,1,0,0,0,0,1,1,0,0,0,0,0,0,0,0
1609,19.62875,62.605434,2019,FI,18,274,8.0,75,20.0,850,1,117.0,65.1153883454982,1357.521317128553,109.0,8.658639907836914,279.0273742675781,4.87,10.11,1,1,1,0,1,0,0,0,0,0,0,0,0,0,0,0,1,0,0,0,0,0,0,0,0,0,0,0,0,0,1,0,0,0,0,0,0,0,0,0,0,0,0,0,0
1610,20.04745,62.609367,2019,FI,19,274,11.0,45,20.0,1055,-1,98.0,52.04637361041805,1357.521317128553,87.0,8.477897644042969,286.3133544921875,4.93,10.11,1,1,1,0,0,0,0,0,0,0,0,1,0,0,0,0,0,0,0,0,0,0,0,0,0,0,0,0,0,0,1,0,0,0,0,0,0,0,0,0,0,0,0,0,0
1611,22.206667,59.5025,2019,FI,2,270,20.0,60,18.0,717,1,49.0,31.989789908238496,1113.8415494538235,29.0,8.729844093322754,225.056884765625,6.31,12.41,1,1,1,0,1,1,0,0,0,0,0,0,0,0,1,0,0,0,0,0,0,0,0,0,0,0,0,0,0,0,0,0,0,0,0,0,0,0,0,0,0,0,0,0,0
1612,20.430666,62.551,2019,FI,20,274,10.0,40,19.0,1237,-1,51.0,32.47472214092768,1350.123951385662,41.0,8.378209114074707,315.7042236328125,4.97,9.88,1,1,1,0,0,0,0,0,0,0,0,1,0,0,0,0,0,0,0,0,0,1,0,0,0,1,0,0,0,0,0,0,0,0,0,0,0,0,0,0,0,0,0,0,0
1613,20.4375,62.304832,2019,FI,21,275,12.0,45,23.0,985,0,88.0,37.09357886092421,1322.3350895047402,76.0,8.273390769958496,301.3788452148437,5.09,10.42,1,1,1,0,0,0,0,0,0,0,0,1,0,0,0,0,1,0,0,0,0,0,0,0,0,0,0,0,0,0,0,0,0,0,0,0,0,0,0,0,0,0,0,0,0
1614,19.60435,62.129616,2019,FI,22,276,13.0,68,21.0,1342,-1,89.0,84.46958053848716,1301.961317128553,76.0,8.559867858886719,273.45037841796875,5.08,10.16,1,1,1,0,0,0,0,0,0,0,0,0,0,0,0,0,0,0,0,0,0,0,0,0,0,0,0,0,0,0,0,0,0,0,0,0,0,0,0,0,0,0,0,0,0
1615,20.142834,62.132668,2019,FI,23,276,80.0,75,18.0,180,-1,138.0,59.13270688376879,1301.961317128553,58.0,8.296650886535645,287.0314636230469,6.63,3.23,1,1,1,0,0,0,0,0,0,0,0,0,0,0,0,0,1,0,0,0,0,0,0,0,0,0,0,0,0,0,0,0,0,0,0,0,0,0,0,0,0,0,0,0,0
1616,20.172333,61.85832,2019,FI,24,276,82.0,60,20.0,672,1,142.0,60.30812454908675,1269.5557480690177,60.0,8.464093208312988,299.6280822753906,6.77,3.22,1,1,1,0,1,0,0,0,0,0,0,0,0,0,1,0,1,0,1,0,0,0,0,0,0,0,0,0,0,0,0,0,0,0,0,0,0,0,0,0,0,0,0,0,0
1617,19.63,61.6255,2019,FI,25,276,14.0,32,21.0,1047,-1,75.0,92.48207552775068,1241.7846099499418,61.0,8.422561645507812,265.5357360839844,5.13,10.45,1,1,1,0,1,0,0,0,0,0,0,0,0,0,0,0,0,0,0,0,0,0,0,0,0,0,0,0,0,0,0,0,0,0,0,0,0,0,0,0,0,0,0,0,0
1618,20.038666,61.634117,2019,FI,26,276,12.0,60,21.0,1246,-1,120.0,71.09324308473441,1243.6206585642772,108.0,8.5205078125,281.57647705078125,5.29,10.4,1,1,1,0,0,0,0,0,0,0,0,1,0,0,0,0,1,0,0,0,0,0,0,0,0,0,0,0,0,0,0,0,0,0,0,0,0,0,0,0,0,0,0,0,0
1619,20.105833,61.360832,2019,FI,27,277,79.0,75,17.0,295,0,126.0,66.72307157590492,1212.3295418246726,47.0,8.6322603225708,287.5890808105469,6.66,2.85,1,1,1,0,0,0,0,0,1,0,0,0,0,0,1,0,1,0,0,0,1,0,0,0,0,0,0,0,0,0,1,0,0,0,0,0,0,0,0,0,0,0,0,0,0
1620,19.721167,61.134865,2019,FI,28,277,80.0,75,17.0,729,1,122.0,76.05875628795653,1184.370837573756,42.0,8.675284385681152,320.30682373046875,6.6,3.04,1,1,1,0,1,0,0,0,0,0,0,0,0,0,0,0,1,0,0,0,0,0,0,0,0,0,0,0,0,0,0,0,0,0,0,0,0,0,0,0,0,0,0,0,0
1621,20.5685,61.126835,2019,FI,29,277,26.0,45,20.0,1035,-1,82.0,36.35602778457902,1198.8666610602295,56.0,8.671239852905273,337.3761291503906,5.57,3.38,1,1,1,0,1,0,0,0,0,0,0,1,0,0,0,0,0,0,0,0,0,0,0,0,0,0,0,0,0,0,0,0,0,0,0,0,0,0,0,0,0,0,0,0,0
1622,18.939367,60.6314,2019,FI,3,271,60.0,53,18.0,219,-1,103.0,28.0813852933114,1126.0301790094788,43.0,8.74604606628418,340.6372375488281,5.99,3.32,1,1,1,0,0,0,0,0,0,0,0,0,0,0,1,0,0,0,1,0,1,0,0,0,0,1,0,0,0,0,0,0,0,0,0,0,0,0,0,0,0,0,0,0,0
1623,20.58375,60.86475,2019,FI,30,278,19.0,46,22.0,1284,-1,62.0,23.545627803861183,1173.3919206374644,43.0,8.575471878051758,348.59326171875,5.46,9.43,1,1,1,0,1,0,0,0,1,0,0,1,0,0,0,0,0,0,1,0,0,1,0,0,0,0,0,0,0,0,0,0,0,0,0,0,1,0,0,0,0,0,0,0,0
1624,19.353,60.9175,2019,FI,31,278,75.0,62,17.0,232,-1,111.0,57.35032078706404,1159.3626342571088,36.0,8.749430656433105,321.2516784667969,6.55,3.16,1,1,1,0,0,0,0,0,1,0,0,1,0,0,0,0,0,0,0,0,0,1,0,0,0,0,0,0,0,0,1,0,0,0,0,0,0,0,0,0,0,0,0,0,0
1625,19.234167,60.1287,2019,FI,32,278,63.0,78,15.0,677,1,244.0,7.225206079788416,1067.6895204452003,181.0,8.72558879852295,318.02099609375,7.07,5.89,1,1,1,0,0,0,0,0,0,0,0,1,0,0,0,0,0,0,0,0,0,0,0,0,0,0,0,0,0,0,0,0,0,0,0,0,0,0,0,0,0,0,0,0,0
1626,19.792166,59.856167,2019,FI,33,278,15.0,30,20.0,960,0,70.0,7.676349750754851,1052.0880867888682,55.0,8.866249084472656,347.67041015625,5.97,10.07,1,1,1,0,1,0,0,0,1,0,0,1,0,0,0,0,0,0,1,0,0,0,0,0,0,0,0,0,0,0,0,0,0,0,0,0,0,0,0,0,0,0,0,0,0
1627,20.138233,59.426334,2019,FI,34,278,8.0,20,21.0,1043,-1,55.0,45.26414204791557,1025.6791212298167,47.0,8.994087219238281,254.24969482421875,6.03,10.99,1,1,1,0,0,1,0,0,0,0,0,1,0,0,1,0,0,0,0,0,0,0,0,0,0,0,0,0,0,0,0,0,0,0,0,0,0,0,0,0,0,0,0,0,0
1628,20.273518,59.2208,2019,FI,35,277,13.0,15,20.0,1210,-1,77.0,56.76572089027596,1011.3628098390376,64.0,8.9818115234375,125.41936492919922,6.32,12.21,1,1,1,0,0,0,0,0,0,0,0,0,0,0,1,0,0,0,0,0,0,0,0,0,0,0,0,0,0,0,0,0,0,0,0,0,0,0,0,0,0,0,0,0,0
1629,21.026,59.538166,2019,FI,36,279,55.0,40,20.0,308,0,96.0,27.28712753367204,1067.5262226527489,41.0,8.885126113891602,283.0757141113281,7.45,5.31,1,1,1,0,1,1,0,0,0,0,0,1,0,0,1,0,0,0,0,0,0,0,0,0,0,0,0,0,0,0,1,0,0,0,0,0,0,0,0,0,0,0,0,0,0
1630,21.497784,59.514618,2019,FI,37,279,17.0,30,20.0,556,1,75.0,30.37650607220648,1084.8305847200388,58.0,8.913891792297363,110.1723403930664,6.22,11.7,1,1,1,0,1,1,0,0,0,0,0,0,0,0,1,0,0,0,0,0,0,0,0,0,0,0,0,0,0,0,0,0,0,0,0,0,0,0,0,0,0,0,0,0,0
1631,22.7485,59.574333,2019,FI,38,279,17.0,20,20.0,921,0,70.0,24.920234907932716,1140.950476057588,53.0,8.68574333190918,192.1783905029297,6.16,12.26,1,1,1,0,1,0,0,0,0,0,0,1,0,0,1,0,0,0,1,0,0,0,0,0,0,0,0,0,0,0,0,0,0,0,0,0,0,0,0,0,0,0,0,0,0
1632,23.550417,59.5768,2019,FI,39,279,19.0,20,19.0,974,0,79.0,27.822312051504984,1176.6724921887492,60.0,8.695865631103516,98.49295806884766,6.22,12.95,1,1,1,0,1,1,0,0,0,0,0,1,0,0,1,0,0,0,1,0,0,0,0,0,0,0,0,0,0,0,1,0,0,0,0,0,0,0,0,0,0,0,0,0,0
1633,18.033,60.766167,2019,FI,4,271,10.0,45,20.0,607,1,57.0,16.16967679449991,1151.5586557405504,47.0,8.758979797363281,399.0890502929688,5.12,9.11,1,1,1,0,0,0,0,0,0,0,0,0,0,0,1,0,0,0,1,0,0,1,0,0,0,0,0,0,0,0,0,0,0,0,0,0,0,0,0,0,0,0,0,0,0
1634,24.218018,59.81772,2019,FI,40,279,10.0,21,20.0,1220,-1,45.0,15.761974169576826,1222.219042003996,35.0,8.584266662597656,305.1687316894531,5.5,11.83,1,1,1,0,1,0,0,0,0,0,0,1,0,0,1,0,0,0,0,0,0,0,0,0,0,0,0,0,0,0,0,0,1,0,0,0,0,0,0,0,0,0,0,0,0
1635,25.292166,59.93017,2019,FI,41,280,4.0,45,20.0,355,1,64.0,23.16844297579169,1278.6934375390315,60.0,8.401504516601562,210.2901153564453,5.14,11.87,1,1,1,0,1,0,0,0,0,0,0,1,0,0,1,0,0,0,1,0,0,0,0,0,0,0,0,0,0,0,0,0,0,0,0,0,0,0,0,0,0,0,0,0,0
1636,26.387167,60.095665,2019,FI,42,280,17.0,15,19.0,866,1,65.0,24.315864516993017,1341.974608606935,48.0,8.182641983032227,150.9174346923828,4.9,11.8,1,1,1,0,1,0,0,0,0,0,0,1,0,0,1,0,0,0,0,0,0,0,0,0,0,0,0,0,0,0,0,0,0,0,0,0,0,0,0,0,0,0,0,0,0
1637,25.872833,60.020668,2019,FI,43,280,11.0,29,20.0,1056,-1,56.0,19.486519004719348,1312.5899233098548,45.0,8.232030868530273,262.9823608398437,4.77,11.41,1,1,1,0,1,0,0,0,0,0,0,1,0,0,1,0,0,0,0,0,0,0,0,0,0,0,0,0,0,0,0,0,0,0,0,0,0,0,0,0,0,0,0,0,0
1638,18.048216,61.099934,2019,FI,5,271,8.0,53,18.0,919,1,69.0,39.19306105945046,1184.4686884824152,61.0,9.001774787902832,281.10284423828125,5.17,9.15,1,1,1,0,1,0,0,0,0,0,0,0,0,0,1,0,0,0,0,0,0,0,0,1,0,0,0,0,0,0,0,0,0,0,0,0,0,0,0,0,0,0,0,0,0
1639,18.763834,61.078335,2019,FI,6,271,21.0,17,20.0,1204,-1,60.0,64.32725744378052,1178.8095204452031,39.0,8.7374849319458,281.8490600585937,5.37,7.91,1,1,1,0,0,0,0,0,0,0,0,0,0,0,0,0,0,0,0,0,0,0,0,0,0,0,0,0,0,0,1,0,0,0,0,0,0,0,0,0,0,0,0,0,0
1640,19.139,61.116333,2019,FI,7,272,19.0,30,18.0,1435,-1,62.0,76.57280936396575,1182.5170651975732,43.0,8.733281135559082,267.4691772460937,5.26,9.83,1,0,1,0,0,0,0,0,0,0,0,0,0,0,0,0,0,0,0,0,0,0,0,0,0,0,0,0,0,0,0,0,0,0,0,0,0,0,0,0,0,0,0,0,0
1641,19.095266,61.65875,2019,FI,9,272,8.0,30,18.0,878,1,53.0,82.09437817791616,1246.4013171285558,45.0,8.649060249328613,296.17364501953125,5.07,10.27,1,1,1,0,0,0,0,0,0,0,0,1,0,0,0,0,0,0,0,0,0,0,0,0,0,0,0,0,0,0,0,0,0,0,0,0,0,0,0,0,0,0,0,0,0
1642,20.65133,55.94717,2019,LT,1,303,30.0,30,21.0,610,1,30.0,24.986498220717724,852.6406411240056,0.0,8.758164405822754,351.5413818359375,7.13,14.49,0,1,0,0,0,0,0,0,0,0,0,0,0,0,0,0,0,0,0,0,0,0,0,0,0,0,0,0,0,0,0,0,0,0,0,0,0,0,0,0,0,0,0,0,0
1643,20.462,55.94017,2019,LT,2,303,34.0,30,20.0,725,1,34.0,37.39190103734591,840.4080945185251,0.0,8.938220977783203,341.4886474609375,7.19,13.9,0,1,0,0,0,0,0,0,0,0,0,0,0,0,0,0,0,0,0,0,0,0,0,0,0,0,0,0,0,0,0,0,0,0,0,0,0,0,0,0,0,0,0,0,0
1644,19.7925,55.94017,2019,LT,3,303,62.0,30,20.0,945,0,62.0,78.65923117382997,798.6960317351055,0.0,9.309420585632324,292.6452331542969,8.44,6.06,1,1,0,1,0,0,0,0,0,0,0,0,0,0,0,0,0,0,0,0,0,0,0,0,0,0,0,0,0,0,0,0,0,0,0,0,0,0,0,0,0,0,0,0,0
1645,19.28767,55.88334,2019,LT,4,304,69.0,30,18.0,405,0,71.0,109.94783144050032,766.3386449384826,2.0,9.502821922302246,207.98452758789065,10.05,5.9,1,1,1,0,0,0,0,0,0,0,0,0,0,0,0,0,0,0,0,0,0,0,0,0,0,0,0,0,0,0,0,0,0,0,0,0,0,0,0,0,0,0,0,0,0
1646,20.50383,55.57167,2019,LT,5,304,68.0,30,16.0,765,1,68.0,37.53583843267313,844.4044499143673,0.0,9.298368453979492,193.82098388671875,9.11,6.09,1,1,0,0,0,0,0,0,0,0,1,0,0,0,0,0,0,0,0,0,0,0,0,0,0,0,0,0,0,0,0,0,0,0,0,0,0,0,0,0,0,0,0,0,0
1647,19.04,56.11833,2019,LV,1,285,50.0,30,18.0,870,1,124.0,101.82343550275452,753.7499329532773,74.0,9.600882530212402,183.52264404296875,7.84,5.06,1,1,1,1,1,1,0,0,0,0,0,0,0,0,0,0,0,0,0,0,0,0,0,0,0,0,0,0,0,0,0,0,0,0,0,0,0,0,0,0,0,0,0,0,0
1648,19.84167,56.86666,2019,LV,10,289,40.0,30,20.0,575,1,165.0,74.04748792659002,825.3909487436987,125.0,9.447358131408691,103.31317901611328,7.3,5.69,0,0,1,0,1,0,0,0,0,0,0,0,0,0,0,0,0,0,0,0,0,0,0,0,0,0,0,0,0,0,0,0,0,0,0,0,0,0,0,0,0,0,0,0,0
1649,19.14667,57.02,2019,LV,11,289,60.0,30,18.0,910,0,155.0,35.114901080198536,795.1352392029396,95.0,9.554678916931152,74.28687286376953,8.69,4.75,1,1,1,0,0,0,0,0,0,0,0,0,0,0,0,0,0,0,0,0,0,0,0,0,0,0,0,0,0,0,0,0,0,0,0,0,0,0,0,0,0,0,0,0,0
1650,19.88833,57.11833,2019,LV,12,290,60.0,30,20.0,365,0,218.0,65.91177979119013,840.9767501003495,158.0,9.417238235473633,48.135841369628906,8.48,4.66,1,1,1,1,1,0,0,0,0,0,0,0,0,0,0,0,0,0,0,0,0,0,0,0,0,0,0,0,0,0,0,0,0,0,0,0,0,0,0,0,0,0,0,0,0
1651,20.525,57.11666,2019,LV,13,290,60.0,30,19.0,580,1,93.0,44.50477763853245,875.3341290346902,33.0,9.36120319366455,132.08995056152344,8.83,5.51,1,1,0,0,0,0,0,0,0,0,0,0,0,0,0,0,0,0,0,0,0,0,0,0,0,0,0,0,0,0,0,0,0,0,0,0,0,0,0,0,0,0,0,0,0
1652,21.05167,57.37167,2019,LV,14,290,45.0,30,19.0,900,0,68.0,24.477231044355225,916.7258700746746,23.0,9.227614402770996,274.2198486328125,7.33,9.69,1,1,0,0,0,0,0,0,0,0,1,0,0,0,0,0,0,0,0,0,0,0,0,0,0,0,0,0,0,0,0,0,0,0,0,0,0,0,0,0,0,0,0,0,0
1653,20.70833,57.35333,2019,LV,15,291,40.0,20,20.0,350,0,69.0,43.51821106318008,897.7802978949411,29.0,9.29844570159912,283.5785522460937,7.48,6.79,1,1,0,0,0,1,0,0,0,0,0,0,0,0,0,0,0,0,0,0,0,0,0,1,0,0,0,0,0,0,0,0,0,0,0,0,0,0,0,0,0,0,0,0,0
1654,19.52667,57.42833,2019,LV,16,291,60.0,30,18.0,785,1,116.0,32.94011729884095,839.5179377870976,56.0,9.3584623336792,94.77545928955078,9.03,4.81,1,1,1,0,0,0,0,0,0,0,0,0,0,0,0,0,0,0,0,0,0,0,0,0,0,0,0,0,0,0,0,0,0,0,0,0,0,0,0,0,0,0,0,0,0
1655,20.61167,57.63167,2019,LV,17,292,60.0,30,18.0,330,0,142.0,61.00622028923317,906.0380522117656,82.0,9.266619682312012,100.76624298095705,8.78,5.12,1,1,1,0,1,0,0,0,0,0,0,0,0,0,0,0,0,0,0,0,0,0,0,0,0,0,0,0,0,0,0,0,0,0,0,0,0,0,0,0,0,0,0,0,0
1656,21.25,57.805,2019,LV,18,292,40.0,30,19.0,615,1,63.0,38.59076402729476,948.8847731132756,23.0,9.141011238098145,226.9665679931641,7.13,10.11,0,1,0,0,0,0,0,1,0,0,0,0,0,0,0,0,0,0,0,0,0,0,0,0,0,0,0,0,0,0,0,0,0,0,0,0,0,0,0,0,0,0,0,0,0
1657,20.605,57.88334,2019,LV,19,292,60.0,30,19.0,895,0,98.0,73.81000364063651,921.7532499742076,38.0,9.289742469787598,114.49561309814452,8.91,5.06,1,1,1,1,0,1,0,0,0,0,0,0,0,0,0,0,0,0,0,0,0,0,0,0,0,0,0,0,0,0,0,0,0,0,0,0,0,0,0,0,0,0,0,0,0
1658,19.79,56.115,2019,LV,2,286,34.0,30,18.0,380,1,55.0,74.90900681397336,799.4606223719862,21.0,9.427854537963867,314.29296875,7.36,9.17,1,1,1,0,0,0,0,0,0,0,0,0,0,0,0,0,0,0,0,0,0,0,0,0,0,0,0,0,0,0,0,0,0,0,0,0,0,0,0,0,0,0,0,0,0
1659,20.05667,56.11833,2019,LV,3,286,32.0,20,17.0,500,1,54.0,58.55339239615439,815.7887485519644,22.0,9.252996444702148,293.92333984375,7.32,10.61,0,1,0,0,0,0,0,0,0,0,0,0,0,0,0,0,0,0,0,0,0,0,0,0,0,0,0,0,0,0,0,0,0,0,0,0,0,0,0,0,0,0,0,0,0
1660,20.51833,56.11666,2019,LV,4,286,16.0,30,15.0,715,1,33.0,31.34204436111496,844.3844899226517,17.0,8.881049156188965,361.29534912109375,7.11,14.39,1,1,0,0,0,0,0,1,0,0,0,0,0,0,0,0,0,0,0,0,0,0,0,0,0,0,0,0,0,0,0,0,0,0,0,0,0,0,0,0,0,0,0,0,0
1661,19.33,56.615,2019,LV,5,288,30.0,30,18.0,330,0,131.0,71.04802704547795,786.4638701284978,101.0,9.4330415725708,113.11624908447266,7.11,9.56,1,1,1,1,1,0,0,0,0,0,0,0,0,0,0,0,0,0,0,0,0,0,0,0,0,0,0,0,0,0,0,0,0,0,0,0,0,0,0,0,0,0,0,0,0
1662,19.85833,56.69833,2019,LV,6,288,35.0,30,17.0,540,1,152.0,71.52442223480601,820.6807052448261,117.0,9.589682579040527,131.8530731201172,7.26,6.14,0,1,1,0,0,0,0,0,0,0,0,0,0,0,0,0,0,0,0,0,0,0,0,0,0,0,0,0,0,0,0,0,0,0,0,0,0,0,0,0,0,0,0,0,0
1663,20.46167,56.61666,2019,LV,7,288,48.0,30,20.0,760,1,70.0,33.88060948228175,852.5966476989859,22.0,9.536558151245115,216.6760711669922,7.98,6.15,1,1,0,0,0,0,0,0,0,0,1,0,0,0,0,0,0,0,0,0,0,0,0,0,0,0,0,0,0,0,0,0,0,0,0,0,0,0,0,0,0,0,0,0,0
1664,20.765,56.67167,2019,LV,8,288,20.0,30,20.0,910,0,42.0,17.54194609616682,872.4769911991852,22.0,9.132124900817873,348.9141845703125,7.11,14.02,1,1,0,0,0,0,0,0,0,0,0,0,0,0,0,0,0,0,0,0,0,0,0,0,0,0,0,0,0,0,0,0,0,0,0,0,0,0,0,0,0,0,0,0,0
1665,20.49333,56.87167,2019,LV,9,289,25.0,15,18.0,360,0,52.0,34.658934277118824,863.4092007975821,27.0,9.487747192382812,344.7660522460937,7.16,12.41,0,1,0,0,0,0,0,0,0,0,1,0,0,0,0,0,0,0,0,0,0,0,0,0,0,0,0,0,0,0,0,0,0,0,0,0,0,0,0,0,0,0,0,0,0
1666,19.16,54.47,2019,PL,1,258,35.0,20,18.0,735,1,68.0,13.854659213236,773.5405677840372,33.0,8.612357139587402,249.6316375732422,7.34,13.18,1,1,0,0,0,0,0,0,0,0,0,0,0,0,0,0,0,0,0,0,0,0,0,0,0,0,0,0,0,0,0,0,0,0,0,0,0,0,0,0,0,0,0,0,0
1667,18.7,54.96,2019,PL,10,264,50.0,30,18.0,555,1,92.0,24.69712960697265,728.1666531708406,42.0,9.362786293029783,251.5990600585937,8.48,6.76,1,1,0,1,0,0,0,0,0,0,1,0,0,0,0,0,0,0,0,1,0,0,0,1,0,0,0,0,0,0,0,0,0,0,0,0,0,0,0,0,0,0,0,0,0
1668,18.36,55.1,2019,PL,11,264,40.0,30,18.0,960,0,74.0,29.67109528379551,706.1465378396693,34.0,9.365116119384766,281.7117919921875,7.47,7.7,1,1,0,0,0,0,0,0,0,0,0,0,0,0,0,0,0,0,0,0,0,0,0,1,0,0,0,0,0,0,0,0,0,0,0,0,0,0,0,0,0,0,0,0,0
1669,18.46,55.59,2019,PL,12,265,71.0,30,17.0,360,1,93.0,84.64822839178126,712.4026844911378,22.0,9.517322540283203,219.97283935546875,10.85,6.12,1,1,1,1,0,0,0,0,0,0,0,0,0,0,0,0,0,0,0,0,0,0,0,0,0,0,0,0,0,0,0,0,0,1,0,0,0,0,0,0,0,0,0,0,0
1670,18.03,55.63,2019,PL,13,265,47.5,30,18.0,735,1,67.0,88.98107405687371,684.7718674268064,19.5,9.293941497802734,201.37533569335932,8.34,5.28,1,1,0,0,0,1,0,0,0,0,0,0,0,0,0,0,0,0,0,0,0,0,0,0,0,0,0,0,0,0,0,0,0,0,0,0,0,0,0,0,0,0,0,0,0
1671,15.35,54.49,2019,PL,14,267,25.5,30,18.0,445,1,46.0,36.37516070349945,544.3876666746476,20.5,9.045745849609377,323.0870361328125,7.63,12.82,1,1,0,0,0,1,0,0,0,0,0,0,0,0,0,0,0,1,0,0,0,0,0,0,0,0,0,0,0,0,0,0,0,0,0,0,0,0,0,0,0,0,0,0,0
1672,15.33,54.74,2019,PL,15,267,46.0,30,19.0,650,1,67.0,32.08268737501368,527.8138420717761,21.0,9.111510276794434,250.00596618652344,11.42,9.8,1,1,0,1,0,0,1,0,0,0,0,0,0,0,0,0,0,0,0,0,0,0,0,0,0,0,0,0,0,0,0,0,0,0,0,0,0,0,0,0,0,0,0,0,0
1673,15.47,54.97,2019,PL,16,267,52.5,30,19.0,880,1,71.0,22.80813734837665,527.3379806807887,18.5,9.154030799865724,242.51248168945312,12.93,11.45,1,1,0,1,0,0,0,0,0,0,0,0,0,0,0,0,0,0,0,1,0,0,0,0,0,0,0,0,0,0,0,0,0,0,0,0,0,0,0,0,0,0,0,0,0
1674,15.65,54.47,2019,PL,17,268,35.0,30,17.0,330,0,53.0,28.869997646372106,559.8625112409302,18.0,9.113255500793455,298.8651733398437,8.12,10.39,1,1,0,1,0,0,1,0,0,0,0,0,0,0,0,0,0,0,0,0,0,0,0,0,0,0,0,0,0,0,0,0,0,0,0,0,0,0,0,0,0,0,0,0,0
1675,15.98,54.52,2019,PL,18,268,26.0,30,16.0,585,1,45.0,26.55813755728145,575.9809237433702,19.0,9.028887748718262,315.0171813964844,7.57,12.62,1,1,0,1,0,0,1,0,0,0,0,0,0,0,0,0,0,0,0,0,0,0,0,0,0,0,0,0,0,0,0,0,0,0,0,0,0,0,0,0,0,0,0,0,0
1676,16.02,54.82,2019,PL,19,268,32.0,30,18.0,825,1,51.0,45.24051270233864,565.2553138081871,19.0,9.05962085723877,280.8248596191406,8.13,9.64,1,1,0,1,0,1,0,0,0,0,0,0,0,0,0,0,0,0,0,0,0,0,0,0,0,0,0,0,0,0,0,0,0,0,0,0,0,0,0,0,0,0,0,0,0
1677,19.43,54.45,2019,PL,2,258,28.5,20,18.0,965,0,51.0,6.434057954173085,791.5733533565042,22.5,8.559517860412598,261.0394287109375,7.29,14.02,1,1,1,0,0,0,0,0,0,0,0,0,0,0,0,0,0,0,0,0,0,0,0,0,0,0,0,0,0,0,0,0,0,0,0,0,0,0,0,0,0,0,0,0,0
1678,16.31,55.26,2019,PL,20,269,49.0,30,18.0,365,1,69.0,75.10238184038178,573.8242342678766,20.0,9.220647811889648,222.15679931640625,12.83,9.74,1,1,0,1,0,0,0,0,0,0,1,0,0,0,0,0,0,0,0,0,0,0,0,0,0,0,0,0,0,0,0,0,0,0,0,0,0,0,0,0,0,0,0,0,0
1679,16.31,54.99,2019,PL,21,269,30.5,30,18.0,585,1,48.0,51.60688628727858,578.2142198760121,17.5,9.04453945159912,311.8444519042969,7.79,11.46,1,1,0,0,0,0,1,0,0,0,0,0,0,0,0,0,0,1,0,0,0,0,0,0,0,0,0,0,0,0,0,0,0,0,0,0,0,0,0,0,0,0,0,0,0
1680,16.34,54.72,2019,PL,22,269,18.5,30,17.0,815,1,39.0,23.696744344347614,588.5044744201401,20.5,8.809028625488281,314.7367248535156,7.45,14.17,1,1,0,1,0,0,0,0,0,0,0,0,0,0,0,0,0,1,0,0,0,0,0,0,0,0,0,0,0,0,0,0,0,0,0,0,0,0,0,0,0,0,0,0,0
1681,16.69,55.18,2019,PL,23,270,51.0,30,18.0,425,1,73.0,60.964746370495725,598.9908262749791,22.0,9.21043872833252,283.0116271972656,11.5,8.85,1,1,0,0,0,0,0,0,0,0,0,0,0,0,0,0,0,0,0,0,0,0,0,0,0,0,0,0,0,0,0,0,0,0,0,0,0,0,0,0,0,0,0,0,0
1682,17.05,55.23,2019,PL,24,270,45.0,30,18.0,845,1,90.0,56.7478787215702,622.2599948601729,45.0,9.23163604736328,255.33966064453125,8.5,8.15,1,1,0,0,0,0,0,0,0,0,0,0,0,0,0,0,0,0,0,0,0,0,0,0,0,0,0,0,0,0,0,0,0,0,0,0,0,0,0,0,0,0,0,0,0
1683,17.35,55.09,2019,PL,26,271,25.0,30,17.0,490,1,44.0,37.49492194920748,641.6151732784733,19.0,9.207403182983398,330.9821472167969,7.45,13.41,1,1,0,0,0,0,0,1,0,0,0,0,0,0,0,0,0,0,0,0,0,0,0,0,0,0,0,0,0,0,0,0,0,1,0,0,0,0,0,0,0,0,0,0,0
1684,17.36,55.25,2019,PL,27,271,60.0,30,18.0,660,1,91.0,54.74951329213664,641.5678673182315,31.0,9.202081680297852,247.2840881347656,11.98,8.67,1,1,0,0,0,0,0,0,0,0,0,0,0,0,0,0,0,0,0,0,0,0,0,0,0,0,0,0,0,0,0,0,0,0,0,0,0,0,0,0,0,0,0,0,0
1685,18.89,54.49,2019,PL,3,261,31.5,20,18.0,655,1,61.0,12.984877130628348,757.3531324594173,29.5,7.935771942138672,289.2701721191406,7.39,13.23,1,1,1,0,0,0,0,0,0,0,0,0,0,0,0,0,0,0,0,0,0,0,0,0,0,0,0,0,0,0,1,0,0,0,0,0,0,0,0,0,0,0,0,0,0
1686,18.9,54.54,2019,PL,4,261,37.5,20,15.0,790,1,65.0,8.092231932995551,754.9989479344363,27.5,8.228676795959473,258.38671875,7.54,11.54,1,1,0,0,0,0,0,0,0,0,0,1,0,0,0,0,0,0,0,0,0,0,0,0,0,1,0,0,0,1,1,0,0,0,0,0,0,0,0,0,0,0,0,0,0
1687,19.16,54.58,2019,PL,5,262,55.5,30,19.0,365,1,79.0,21.82996622254425,768.9242285462517,23.5,8.734082221984863,248.7722320556641,8.86,7.14,1,1,0,1,0,0,0,0,0,0,0,0,0,0,0,0,0,0,0,0,0,0,0,0,0,1,0,0,0,0,0,0,0,0,0,0,0,0,0,0,0,0,0,0,0
1688,19.19,54.82,2019,PL,6,262,40.0,30,18.0,600,1,105.0,32.17375379490749,763.0209785516928,65.0,8.87267780303955,201.40435791015625,7.45,10.45,1,1,0,0,0,0,0,0,0,0,0,0,0,0,0,0,0,0,0,0,0,0,0,0,0,0,0,0,0,0,0,0,0,0,0,0,0,0,0,0,0,0,0,0,0
1689,19.11,55.1,2019,PL,7,262,34.0,30,19.0,955,0,94.0,51.77453370846413,754.3237093737134,60.0,9.095739364624023,189.3223571777344,7.34,10.73,1,1,0,0,0,0,0,0,0,0,0,0,0,0,0,0,0,0,0,0,0,0,0,0,0,0,0,0,0,0,0,0,0,0,0,0,0,0,0,0,0,0,0,0,0
1690,18.67,55.83,2019,PL,8,263,30.0,30,20.0,810,1,106.0,113.11071443622082,726.1842682777135,76.0,9.563244819641112,206.613510131836,7.21,8.76,1,1,1,0,0,0,0,0,0,0,0,0,0,0,0,0,0,0,0,0,1,0,0,0,0,0,0,0,0,0,0,0,0,0,0,0,0,0,0,0,0,0,0,0,0
1691,18.69,55.16,2019,PL,9,264,64.0,30,19.0,360,1,92.0,42.49049665999687,727.8404588054626,28.0,9.453656196594238,234.6157989501953,11.3,7.14,1,1,0,1,0,0,0,0,0,0,0,0,0,0,0,0,0,0,0,0,0,0,0,0,0,0,0,0,0,0,0,0,0,0,0,0,0,0,0,0,0,0,0,0,0
1692,19.37833,54.65667,2019,RU,1,299,30.0,30,29.0,562,1,88.0,27.37012439097546,778.625379686897,58.0,8.821233749389648,222.27267456054688,7.31,14.16,1,1,0,1,0,0,0,0,0,0,1,0,0,0,0,0,0,0,0,0,0,0,0,0,0,0,0,0,0,0,0,0,0,0,0,0,0,0,0,0,0,0,0,0,0
1693,19.07667,55.40333,2019,RU,10,307,47.5,30,32.0,405,0,85.0,75.97364667171297,752.6404705754227,37.5,9.44611930847168,172.88534545898438,8.33,5.59,1,1,0,1,0,0,0,0,0,0,0,0,0,0,0,0,0,0,0,0,0,0,0,0,0,0,0,0,0,0,0,0,0,0,0,0,0,0,0,0,0,0,0,0,0
1694,19.12167,55.61167,2019,RU,11,307,47.5,30,31.0,651,1,88.0,91.3575447546974,754.9335605961522,40.5,9.491352081298828,160.57701110839844,8.33,5.56,1,1,0,1,0,0,0,1,0,0,0,0,0,0,0,0,0,0,0,0,0,0,0,0,0,0,0,0,0,0,0,0,0,0,0,0,0,0,0,0,0,0,0,0,0
1695,19.73667,55.62167,2019,RU,12,308,49.5,30,30.0,538,1,83.0,75.82246420065101,794.3256467780703,33.5,9.404151916503906,150.5880126953125,8.77,6.11,1,1,1,1,0,1,0,0,0,0,0,0,0,0,0,0,0,0,0,0,0,0,0,0,0,0,0,0,0,0,0,0,0,0,0,0,0,0,0,0,0,0,0,0,0
1696,19.08,55.88667,2019,RU,13,308,36.5,30,31.0,866,0,108.0,118.33689089866232,752.4952280117636,71.5,9.53025722503662,183.1114654541016,7.33,5.56,1,1,1,0,0,0,0,0,0,0,0,0,0,0,0,0,0,0,0,0,0,0,0,0,0,0,0,0,0,0,0,0,0,0,0,0,0,0,0,0,0,0,0,0,0
1697,19.61667,54.54,2019,RU,2,299,24.0,30,20.0,886,0,47.0,7.3067755485075185,797.973172301352,23.0,8.552929878234863,264.0885009765625,7.24,14.39,1,1,0,0,0,0,0,0,0,0,0,0,0,0,0,0,0,1,0,0,0,0,0,0,0,0,0,0,0,0,0,0,0,0,0,0,0,0,0,0,0,0,0,0,0
1698,19.64333,54.88667,2019,RU,3,302,31.5,30,31.0,413,1,70.0,18.392015953987148,789.6286996922822,38.5,8.932751655578613,234.9492645263672,7.29,13.96,1,1,0,1,0,0,0,0,0,0,1,0,0,0,0,0,0,0,0,0,1,0,0,1,0,0,0,0,0,0,0,0,0,0,0,0,0,0,0,0,0,0,0,0,0
1699,19.22,55.15667,2019,RU,4,303,50.0,30,32.0,390,0,96.0,52.996215985743554,761.7030539011018,46.0,9.135828971862791,185.53990173339844,8.66,6.29,1,1,0,1,0,0,0,0,0,0,1,0,0,0,0,0,0,0,0,0,0,0,0,0,0,0,0,0,0,0,0,0,0,0,0,0,0,0,0,0,0,0,0,0,0
1700,19.72333,55.13833,2019,RU,5,303,41.5,30,34.0,724,1,80.0,26.37407944384772,793.7336554642718,38.5,9.10987377166748,219.3980255126953,7.5,8.74,1,1,0,1,0,0,0,0,0,0,1,0,0,0,0,0,0,0,0,0,0,0,0,0,0,0,0,0,0,0,0,0,0,0,0,0,0,0,0,0,0,0,0,0,0
1701,20.005,55.12833,2019,RU,6,304,28.5,30,30.0,396,0,61.0,19.464609949939643,812.256973837377,32.5,9.159348487854004,246.6654815673828,7.28,14.07,1,1,0,0,0,1,0,0,0,0,0,0,0,0,0,0,0,0,0,0,0,0,0,0,0,0,0,0,0,0,0,0,0,0,0,0,0,0,0,0,0,0,0,0,0
1702,20.24,55.135,2019,RU,7,304,19.0,30,26.0,806,1,47.0,19.464609949939643,827.5975815147394,28.0,9.153714179992676,304.2295837402344,7.24,14.31,1,1,0,0,0,0,0,1,0,0,0,0,0,0,0,0,0,0,0,0,0,0,0,0,0,0,0,0,0,0,0,0,0,0,0,0,0,0,0,0,0,0,0,0,0
1703,20.01,55.37833,2019,RU,8,305,22.5,30,35.0,645,1,69.0,47.271195592713696,812.1572766766675,46.5,9.188068389892578,208.770248413086,7.28,14.04,1,1,0,0,0,0,0,0,0,0,0,0,0,0,0,0,0,0,0,0,0,0,0,0,0,0,0,0,0,0,0,0,1,0,0,0,0,0,0,0,0,0,0,0,0
1704,19.72667,55.37,2019,RU,9,305,56.0,30,35.0,870,0,97.0,48.99059999362776,794.4306340965782,41.0,9.23367404937744,161.32052612304688,9.53,6.24,1,1,0,1,0,0,0,0,0,0,0,0,0,0,0,0,0,0,0,0,0,0,0,0,0,0,0,0,0,0,0,0,0,0,0,0,0,0,0,0,0,0,0,0,0
1705,17.2245,57.13,2020,SE,1,276,22.0,52,18.0,842,1,54.0,11.489547604334051,717.2409525879451,32.0,9.067620277404783,186.67855834960932,7.09,11.99,1,1,1,0,1,1,0,0,0,0,0,0,0,0,1,0,0,0,1,0,0,0,0,0,0,0,0,0,0,0,0,0,0,0,0,0,0,0,0,0,0,0,0,0,0
1706,17.7462,58.2836,2020,SE,10,278,22.0,45,13.0,1254,-1,112.0,41.95933217173012,840.970996368787,90.0,8.980239868164062,67.5690689086914,6.78,13.05,1,1,1,0,0,1,0,0,0,0,0,0,0,0,1,0,0,0,1,0,0,0,0,0,0,0,0,0,0,0,0,0,0,0,0,0,0,0,0,0,0,0,0,0,0
1707,18.2728,58.3611,2020,SE,11,279,22.0,36,14.5,158,-1,161.0,50.63187693232238,864.750320866732,139.0,8.962468147277832,71.53500366210938,6.79,12.95,1,1,1,0,1,0,0,0,0,0,0,0,0,0,0,0,0,0,0,0,0,0,0,0,0,0,0,0,0,0,0,0,0,0,0,0,0,0,0,0,0,0,0,0,0
1708,18.732,58.1235,2020,SE,12,279,22.0,46,14.0,508,1,76.0,22.24526851422037,858.7232366131051,54.0,8.942488670349121,94.15457153320312,6.82,13.03,1,1,1,0,0,0,0,0,0,0,0,0,0,0,1,0,0,0,0,0,0,0,0,0,0,0,0,0,0,0,0,0,0,0,0,0,0,0,0,0,0,0,0,0,0
1709,18.7247,58.6035,2020,SE,13,279,22.0,49,17.0,914,0,208.0,36.28178609955005,901.7580350846704,186.0,8.971403121948242,76.74161529541016,6.73,12.17,1,1,1,0,0,1,0,0,0,0,0,0,0,0,0,0,0,0,0,0,0,0,0,0,0,0,0,0,0,0,0,0,0,0,0,0,0,0,0,0,0,0,0,0,0
1710,18.4119,58.7605,2020,SE,14,279,22.0,44,18.0,1313,-1,129.0,19.20969154416736,906.9444243731772,107.0,8.969338417053223,78.08528900146484,6.67,11.88,1,1,1,0,1,1,0,0,0,0,0,0,0,0,1,0,0,0,1,0,0,0,0,0,0,0,0,0,0,0,0,0,0,0,0,0,0,0,0,0,0,0,0,0,0
1711,19.1068,58.769,2020,SE,15,280,22.0,32,16.0,150,-1,130.0,38.14106310948029,930.0063274437427,108.0,8.966316223144531,77.7236557006836,6.66,12.82,1,1,1,0,1,1,0,0,1,0,0,0,0,0,1,0,0,0,1,0,0,0,0,0,0,0,0,0,0,0,0,0,0,0,0,0,0,0,0,0,0,0,0,0,0
1712,19.6644,58.7428,2020,SE,16,280,22.0,46,16.0,481,1,119.0,45.64076959268954,946.6086149863542,97.0,9.065194129943848,80.60767364501953,6.56,13.14,1,1,1,0,1,1,0,0,0,0,0,0,0,0,1,0,0,0,0,0,1,0,0,0,0,0,0,0,0,0,0,0,0,0,0,0,0,0,0,0,0,0,0,0,0
1713,19.368,59.1479,2020,SE,17,280,22.0,69,17.0,901,0,71.0,27.07139854776508,972.3985215976912,49.0,8.991332054138184,175.5115966796875,6.51,11.79,1,1,1,0,0,1,0,0,0,0,0,0,0,0,0,0,0,0,1,0,0,0,0,0,0,0,0,0,0,0,0,0,0,0,0,0,0,0,0,0,0,0,0,0,0
1714,20.3147,58.8523,2020,SE,18,281,22.0,32,17.0,298,0,183.0,79.66519248550873,982.3820243413008,161.0,9.047645568847656,72.12956237792969,6.49,12.92,1,1,1,0,1,1,0,0,0,0,0,0,0,0,1,0,0,0,0,0,0,0,0,0,0,0,0,0,0,0,0,0,0,0,0,0,0,0,0,0,0,0,0,0,0
1715,19.9624,59.0412,2020,SE,19,281,22.0,32,13.0,505,1,118.0,53.80538948590161,984.2201026748724,96.0,9.05927276611328,75.27055358886719,6.42,12.74,1,1,1,0,0,1,0,0,0,0,0,0,0,0,1,0,0,0,0,0,0,0,0,0,0,0,0,0,0,0,0,0,0,0,0,0,0,0,0,0,0,0,0,0,0
1716,17.1817,56.7693,2020,SE,2,276,22.0,50,17.0,1159,-1,88.0,20.65942820843193,682.3506163745698,66.0,9.038662910461426,22.00578689575196,7.0,12.64,1,1,1,0,0,1,0,0,0,0,0,0,0,0,0,0,0,0,0,0,1,0,0,0,0,0,0,0,0,0,0,0,0,0,0,0,0,0,0,0,0,0,0,0,0
1717,20.405,58.7296,2020,SE,20,281,22.0,51,14.0,868,1,190.0,75.75334110493202,976.4085262376466,168.0,9.144220352172852,74.67293548583984,6.57,12.99,1,1,1,0,1,1,0,0,0,0,0,0,0,0,0,0,0,0,0,0,0,0,0,0,0,0,0,0,0,0,0,0,0,0,0,0,0,0,0,0,0,0,0,0,0
1718,19.5689,58.3883,2020,SE,21,281,22.0,40,17.0,1251,-1,96.0,15.798337772772872,914.1962358067832,74.0,9.116600036621094,87.39385986328125,6.68,13.39,1,1,1,1,0,1,0,0,0,0,0,0,0,0,0,0,0,0,1,0,0,0,0,0,0,0,0,0,0,0,0,0,0,0,0,0,0,0,0,0,0,0,0,0,0
1719,19.4456,58.1777,2020,SE,22,282,22.0,40,17.0,55,-1,110.0,20.130608410978173,892.9783061278647,88.0,9.126063346862791,89.66908264160156,6.72,13.36,1,1,1,1,1,1,0,0,0,0,0,0,0,0,0,0,0,0,1,0,0,0,0,0,0,0,0,0,0,0,0,0,0,0,0,0,0,0,0,0,0,0,0,0,0
1720,19.862,57.9407,2020,SE,23,282,22.0,34,17.0,395,1,199.0,30.553342979760902,891.6639505644148,177.0,9.170921325683594,65.47734832763672,6.77,13.56,1,1,1,0,1,1,0,0,0,0,0,0,0,0,0,0,0,0,0,0,0,0,0,0,0,0,0,0,0,0,0,0,0,0,0,0,0,0,0,0,0,0,0,0,0
1721,19.3379,57.629,2020,SE,24,282,22.0,51,18.0,814,1,73.0,23.687563012389955,844.9219598879112,51.0,9.10421657562256,171.4488525390625,7.05,12.99,1,1,1,0,1,1,0,0,0,0,0,0,0,0,0,0,0,0,0,0,1,0,0,1,0,0,0,0,0,0,0,0,0,0,0,0,0,0,0,0,0,0,0,0,0
1722,19.6905,57.3589,2020,SE,25,282,22.0,45,17.0,1171,-1,101.0,43.93760537060996,843.1371144925704,79.0,9.22437572479248,80.99061584472656,7.03,13.84,1,1,1,1,0,1,0,0,0,0,0,0,0,0,0,0,0,0,0,0,0,0,0,0,0,0,0,0,0,0,0,0,0,0,0,0,0,0,0,0,0,0,0,0,0
1723,19.5187,57.2704,2020,SE,26,283,22.0,32,18.0,137,-1,139.0,36.98019469114243,829.0180793526828,117.0,9.252564430236816,84.28980255126953,7.18,13.48,1,1,1,1,0,1,0,0,0,0,1,0,0,0,0,0,0,0,0,0,0,0,0,0,0,0,0,0,0,0,0,0,0,0,0,0,0,0,0,0,0,0,0,0,0
1724,18.7766,57.0742,2020,SE,27,283,22.0,72,16.0,527,1,41.0,17.367305906712556,778.6672598911013,19.0,8.978940963745117,302.51690673828125,7.1,12.94,1,1,1,0,0,1,0,0,0,0,1,0,0,0,0,0,0,0,1,0,1,0,0,0,0,0,0,0,0,0,0,0,0,0,0,0,0,0,0,0,0,0,0,0,0
1725,18.9136,56.8741,2020,SE,28,283,22.0,82,17.0,939,0,126.0,34.29733614159327,774.4442676217557,104.0,9.28125286102295,98.32798767089844,7.15,13.35,1,1,1,1,1,1,0,0,0,0,0,0,0,0,0,0,0,0,0,0,1,0,0,0,0,0,0,0,0,0,0,0,0,0,0,0,0,0,0,0,0,0,0,0,0
1726,18.8848,56.5987,2020,SE,29,283,22.0,45,18.0,1236,-1,89.0,51.35370961615988,759.6811454093056,67.0,9.17063331604004,137.01992797851562,7.18,12.85,1,1,1,1,1,1,0,0,0,0,1,0,0,0,0,0,0,0,0,0,0,0,0,0,0,0,0,0,0,0,0,0,0,0,0,0,0,0,0,0,0,0,0,0,0
1727,16.8879,56.6101,2020,SE,3,276,22.0,39,14.0,1400,-1,64.0,11.815091961427884,656.4560354400702,42.0,9.089559555053713,124.45326232910156,7.13,12.35,1,1,1,0,1,1,0,0,0,0,1,0,0,0,0,0,0,0,0,0,0,0,0,0,0,0,0,0,0,0,0,0,0,1,0,0,0,0,0,0,0,0,0,0,0
1728,18.5691,56.3797,2020,SE,30,284,22.0,41,18.0,210,-1,76.0,62.92381597121848,733.5465906483953,54.0,9.16477394104004,187.65728759765625,7.22,12.96,1,1,1,1,0,1,0,0,0,0,1,0,0,0,0,0,0,0,0,0,1,0,0,0,0,0,0,0,0,0,0,0,0,0,0,0,0,0,0,0,0,0,0,0,0
1729,18.3842,56.1884,2020,SE,31,284,22.0,110,16.0,565,1,70.0,80.50077472288567,715.1067770567527,48.0,9.054682731628418,191.855697631836,7.22,13.45,1,1,1,1,0,1,0,0,0,0,1,0,0,0,0,0,0,0,0,0,1,0,0,0,0,0,0,0,0,0,0,0,0,0,0,0,0,0,0,0,0,0,0,0,0
1730,17.7741,56.3916,2020,SE,32,284,22.0,38,18.0,1033,-1,51.0,62.19150237835235,687.4920911699982,29.0,8.894372940063477,173.6205596923828,7.2,12.76,1,1,1,1,0,1,0,0,1,0,1,0,0,0,0,0,0,0,1,0,0,0,0,0,0,0,0,0,0,0,0,0,0,0,0,0,0,0,0,0,0,0,0,0,0
1731,17.2029,56.3816,2020,SE,33,284,22.0,35,17.0,1294,-1,47.0,38.05470334911936,656.2875885596558,25.0,9.122214317321776,219.9003448486328,7.34,11.24,1,1,1,1,0,1,0,0,0,0,0,0,0,0,0,0,0,0,0,0,0,0,0,0,0,0,0,0,0,0,0,0,0,0,0,0,0,0,0,0,0,0,0,0,0
1732,16.7643,56.3515,2020,SE,34,285,22.0,30,17.0,55,-1,64.0,12.360631557316742,630.5185124560436,42.0,9.163671493530272,144.90576171875,7.18,12.36,1,1,1,0,0,1,0,0,0,0,0,0,0,0,0,0,0,0,0,0,0,0,0,0,0,0,0,0,0,0,0,0,0,0,0,0,0,0,0,0,0,0,0,0,0
1733,17.1877,55.9428,2020,SE,35,285,22.0,26,18.0,461,1,48.0,55.35991745009531,636.5036901928609,26.0,8.990498542785645,247.8441467285156,7.51,13.63,1,1,1,0,0,1,0,0,0,0,0,0,0,0,0,0,0,0,0,0,1,0,0,0,0,0,0,0,0,0,0,0,0,0,0,0,0,0,0,0,0,0,0,0,0
1734,17.7856,55.8459,2020,SE,36,285,22.0,44,17.0,771,1,61.0,91.99016239383285,669.842076046376,39.0,8.956520080566406,171.3739013671875,7.46,14.07,1,1,0,0,0,1,0,0,0,0,0,0,0,0,0,0,0,0,0,0,0,0,0,0,0,0,0,0,0,0,0,0,0,0,0,0,0,0,0,0,0,0,0,0,0
1735,16.5444,55.6801,2020,SE,37,285,22.0,45,17.0,1239,-1,62.0,58.84423500659658,589.2754165971976,40.0,8.835055351257324,185.58253479003903,7.58,14.35,1,1,0,1,0,1,0,0,0,0,1,0,0,0,0,0,0,0,0,0,0,0,0,0,0,0,0,0,0,0,0,0,0,0,0,0,0,0,0,0,0,0,0,0,0
1736,16.2635,56.0455,2020,SE,38,286,22.0,33,17.0,126,-1,36.0,19.915061415576098,586.2384671238635,14.0,8.9064302444458,283.5244140625,7.45,12.31,1,1,1,1,0,0,0,0,0,0,0,0,0,0,0,0,0,0,0,0,0,0,0,0,0,0,0,0,0,0,0,0,0,0,0,0,0,0,0,0,0,0,0,0,0
1737,16.1473,55.7961,2020,SE,39,286,22.0,31,17.5,482,1,60.0,32.51070643874798,568.4137215658805,38.0,8.945664405822754,183.1234130859375,7.54,13.82,1,1,1,0,0,1,0,0,0,0,0,0,0,0,0,0,0,0,0,0,0,0,0,0,0,0,0,0,0,0,0,0,0,0,0,0,0,0,0,0,0,0,0,0,0
1738,17.328,56.5548,2020,SE,4,277,22.0,77,16.0,311,0,58.0,38.880158803885344,672.5375065399038,36.0,9.06267547607422,128.4202423095703,7.14,12.42,1,1,1,0,0,1,0,0,0,0,0,0,0,0,0,0,0,0,0,0,0,0,0,0,0,0,0,0,0,0,0,0,0,0,0,0,0,0,0,0,0,0,0,0,0
1739,15.8703,55.7029,2020,SE,40,286,22.0,31,16.0,689,1,68.0,34.61285314425889,548.9782223749909,46.0,8.869821548461914,165.11923217773438,7.54,13.87,1,1,0,1,0,0,0,0,0,0,1,0,0,0,0,0,0,0,0,0,0,0,0,0,0,0,0,0,0,0,0,0,0,0,0,0,0,0,0,0,0,0,0,0,0
1740,15.7192,55.5762,2020,SE,41,286,22.0,60,17.0,1217,-1,72.0,49.34829651330461,535.9554263743089,50.0,8.809380531311035,149.3255157470703,7.57,14.06,1,1,0,1,0,1,0,0,0,0,0,0,0,0,0,0,0,0,0,0,0,0,0,0,0,0,0,0,0,0,0,0,0,0,0,0,0,0,0,0,0,0,0,0,0
1741,15.7109,55.32,2020,SE,42,287,22.0,40,18.0,27,-1,93.0,41.56542556495185,535.1715937208403,71.0,8.722049713134766,103.84635925292967,7.61,13.97,1,1,0,1,0,1,0,0,0,0,0,0,0,0,0,0,0,0,0,0,0,0,0,0,0,0,0,0,0,0,0,0,0,0,0,0,0,0,0,0,0,0,0,0,0
1742,15.2953,55.2943,2020,SE,43,287,22.0,75,17.0,415,1,76.0,20.406983942142137,508.746801672271,54.0,8.68110466003418,123.8927764892578,7.7,14.27,1,1,0,1,0,1,0,0,0,0,1,0,0,0,0,0,0,0,0,0,0,0,0,0,0,0,0,0,0,0,0,0,0,0,0,0,0,0,0,0,0,0,0,0,0
1743,14.8804,55.3965,2020,SE,44,287,22.0,22,17.0,768,1,69.0,13.608646321027225,481.9487389005854,47.0,8.562905311584473,153.83697509765625,7.88,14.25,1,1,0,0,0,0,0,0,0,0,0,0,0,0,0,0,0,0,0,0,0,0,0,0,0,0,0,0,0,0,0,0,0,0,0,0,0,0,0,0,0,0,0,0,0
1744,14.7266,55.6006,2020,SE,45,287,22.0,42,17.0,1002,0,76.0,24.02957734749216,477.6020284493135,54.0,8.724884033203125,137.64549255371094,7.74,13.95,1,1,0,1,0,0,1,0,1,0,0,0,0,0,0,0,0,1,0,0,0,0,0,0,0,0,0,0,0,0,0,0,0,0,0,0,0,0,0,0,0,0,0,0,0
1745,14.5991,55.6924,2020,SE,46,287,22.0,46,17.0,1217,-1,46.0,20.415522762199604,477.8226975626087,24.0,8.727635383605957,233.1578826904297,7.7,14.01,1,1,1,1,0,1,1,0,1,0,1,0,0,0,0,0,0,0,0,0,0,0,0,0,0,0,0,0,0,0,0,0,0,0,0,0,0,0,0,0,0,0,0,0,0
1746,17.8312,57.1744,2020,SE,5,277,22.0,51,11.0,821,1,87.0,14.478788457331843,741.3732505181353,65.0,8.947415351867676,50.87588119506836,6.98,12.57,0,1,1,0,1,1,0,0,0,0,0,0,0,0,1,0,0,0,0,0,0,0,0,0,0,0,0,0,0,0,0,0,0,0,0,0,0,0,0,0,0,0,0,0,0
1747,17.9071,57.6106,2020,SE,6,277,22.0,45,17.0,1191,-1,103.0,14.554880004751038,784.6257595166094,81.0,8.939512252807617,41.15000534057617,6.85,13.0,1,1,1,0,0,1,0,0,0,0,0,0,0,0,0,0,0,0,1,0,0,0,0,1,0,0,0,0,0,0,0,0,0,0,0,0,0,0,0,0,0,0,0,0,0
1748,18.1814,57.7565,2020,SE,7,278,22.0,45,18.0,0,-1,97.0,12.674669249564754,806.4396191781731,75.0,8.955583572387695,52.575042724609375,6.86,12.92,1,1,1,0,1,1,0,0,0,0,1,0,0,0,0,0,0,0,1,0,0,0,0,0,0,0,0,0,0,0,0,0,0,1,0,0,0,0,0,0,0,0,0,0,0
1749,17.4075,57.8713,2020,SE,8,278,22.0,86,20.0,471,1,122.0,35.26059120551238,791.266970164986,100.0,8.982847213745117,47.55019760131836,6.79,13.17,1,1,1,0,0,1,0,0,0,0,0,0,0,0,1,0,0,0,1,0,0,0,0,0,0,0,0,0,0,0,0,0,0,0,0,0,0,0,0,0,0,0,0,0,0
1750,17.4532,58.1549,2020,SE,9,278,22.0,138,13.0,845,1,104.0,27.40501675195992,821.6571269475955,82.0,8.979888916015625,55.50618362426758,6.8,12.75,1,1,1,0,1,1,0,0,0,0,0,0,0,0,1,0,0,0,0,0,0,0,0,0,0,0,0,0,0,0,0,0,0,0,0,0,0,0,0,0,0,0,0,0,0
1751,23.134167,59.366665,2020,EE,1,292,60.0,20,20.0,520,1,102.0,16.004758464043583,1142.9625071046205,42.0,8.645258903503418,81.36844635009766,8.72,5.81,1,1,1,0,1,1,0,0,0,0,0,1,0,0,0,0,0,0,0,0,0,1,0,0,0,0,0,0,0,0,0,0,0,0,0,0,0,0,0,0,0,0,0,0,0
1752,24.2175,59.485554,2020,EE,10,294,45.0,5,20.0,875,0,67.0,8.672879167442673,1201.8072541375593,22.0,8.54928207397461,104.18106842041016,6.65,9.68,1,1,1,0,0,1,0,0,0,0,0,1,0,0,0,0,0,0,0,0,0,0,0,0,0,0,0,0,0,0,0,0,0,0,0,0,0,0,0,0,0,0,0,0,0
1753,22.967222,59.317223,2020,EE,11,295,50.0,15,19.0,330,0,113.0,23.72889454334916,1132.3691653385026,63.0,8.656316757202148,72.07904815673828,7.75,6.34,1,1,1,0,1,1,0,0,0,0,0,0,0,0,0,0,0,0,0,0,0,0,0,0,0,0,0,0,0,0,0,0,0,0,0,0,0,0,0,0,0,0,0,0,0
1754,22.5175,59.2675,2020,EE,12,295,60.0,20,20.0,510,1,107.0,20.03562176978387,1108.1064822967203,47.0,8.778862953186035,76.38458251953125,8.63,6.02,1,1,1,0,1,1,0,0,0,0,0,0,0,0,0,0,0,0,0,0,0,0,0,0,0,0,0,0,0,0,0,0,0,0,0,0,0,0,0,0,0,0,0,0,0
1755,21.816668,59.250557,2020,EE,13,295,55.0,15,20.0,790,1,121.0,37.14990640099983,1076.8118157435931,66.0,8.927557945251465,72.14216613769531,8.29,5.79,1,1,1,0,1,1,0,0,0,0,1,0,0,0,0,0,0,0,0,0,0,0,0,0,0,0,0,0,0,0,0,0,0,0,0,0,0,0,0,0,0,0,0,0,0
1756,21.684723,59.251667,2020,EE,14,295,52.5,15,20.0,875,0,110.0,40.69052077471893,1070.8960521876966,57.5,8.938089370727539,74.99156951904297,7.81,6.0,1,1,1,0,0,1,0,0,0,0,0,1,0,0,0,0,0,0,0,0,0,0,0,0,0,0,0,0,0,0,0,0,0,0,0,0,0,0,0,0,0,0,0,0,0
1757,22.068056,58.635555,2020,EE,15,296,25.0,15,20.0,370,0,39.0,14.117979574397602,1040.1593460054287,14.0,8.543139457702637,284.50421142578125,6.89,14.04,1,1,1,0,0,1,0,0,0,0,0,0,0,0,0,0,0,0,0,0,0,0,0,0,0,0,0,0,0,0,0,0,0,0,0,0,0,0,0,0,0,0,0,0,0
1758,21.734722,58.817223,2020,EE,16,296,32.5,15,20.0,545,1,53.0,22.35834766633789,1040.4994015488344,20.5,8.813989639282227,248.5352478027344,7.11,10.7,1,1,1,0,0,1,0,0,0,0,0,0,0,0,0,0,0,0,1,0,0,0,0,0,0,0,0,0,0,0,0,0,0,0,0,0,0,0,0,0,0,0,0,0,0
1759,21.5175,58.618057,2020,EE,17,297,52.5,20,20.0,800,1,74.0,23.82133266330507,1014.811858660553,21.5,8.951600074768066,143.3808135986328,8.09,6.26,1,1,1,0,0,1,0,0,0,0,0,0,0,0,0,0,0,0,0,0,0,0,0,0,0,0,0,0,0,0,0,0,0,0,0,0,0,0,0,0,0,0,0,0,0
1760,21.3675,58.384167,2020,EE,18,298,62.5,20,20.0,415,1,76.0,24.74877720268311,989.794948084024,13.5,8.862360954284668,122.8198013305664,9.54,5.95,1,1,1,0,0,1,0,0,0,0,0,0,0,0,0,0,0,0,0,0,0,0,0,0,0,0,0,0,0,0,0,0,0,0,0,0,0,0,0,0,0,0,0,0,0
1761,20.869167,58.4,2020,EE,19,298,70.0,10,20.0,590,1,94.0,52.89842558829042,971.098984024299,24.0,9.008646965026855,107.6713409423828,9.55,5.85,1,1,1,1,0,0,0,0,0,0,1,0,0,0,0,0,0,0,0,0,0,0,0,0,0,0,0,0,0,0,0,0,0,0,0,0,0,0,0,0,0,0,0,0,0
1762,23.569166,59.450832,2020,EE,2,292,66.5,20,20.0,685,1,94.0,19.653820762993394,1168.8396302055885,27.5,8.61829948425293,86.6527328491211,9.2,5.89,1,1,1,0,1,1,0,0,0,0,0,1,0,0,0,0,0,0,0,0,1,1,0,0,0,0,0,0,0,0,0,0,0,0,0,0,0,0,0,0,0,0,0,0,0
1763,20.668888,58.083332,2020,EE,20,299,62.5,20,20.0,460,1,96.0,70.20183034560021,937.5299689784412,33.5,8.982354164123535,115.79044342041016,9.66,5.75,1,1,1,0,0,0,0,0,0,0,0,0,0,0,0,0,0,0,0,0,0,0,0,0,0,0,0,0,0,0,0,0,0,0,0,0,0,0,0,0,0,0,0,0,0
1764,21.185,58.08389,2020,EE,21,299,40.0,15,20.0,630,1,56.0,44.82689852220563,961.914215266036,16.0,8.794960975646973,249.59815979003903,7.59,8.47,0,1,1,0,1,1,0,0,0,0,0,0,0,0,0,0,0,0,0,0,0,0,0,0,0,0,0,0,0,0,0,0,0,0,0,0,0,0,0,0,0,0,0,0,0
1765,27.233889,59.53528,2020,EE,3,293,29.0,20,18.0,330,0,37.0,10.195748069017318,1375.1799461155456,8.0,7.967371940612793,250.51248168945312,5.6,10.04,1,1,1,0,1,0,0,0,0,0,0,1,0,0,0,0,0,0,0,0,0,1,0,0,0,0,0,0,0,0,0,0,0,0,0,0,0,0,0,0,0,0,0,0,0
1766,26.9025,59.584167,2020,EE,4,293,42.5,15,20.0,500,1,48.0,11.87877614527002,1356.6529727084971,5.5,8.065814018249512,254.3350830078125,6.56,7.1,1,1,1,0,1,0,0,0,0,0,0,1,0,0,0,0,0,0,0,0,0,0,0,0,0,0,0,0,0,0,0,0,0,0,0,0,0,0,0,0,0,0,0,0,0
1767,26.18389,59.735554,2020,EE,5,293,60.0,15,20.0,795,1,78.0,14.981103996625722,1314.755038511204,18.0,8.054186820983887,155.8993682861328,8.26,5.18,1,1,1,0,1,0,0,0,0,0,0,1,0,0,0,0,0,0,0,0,0,0,0,0,0,1,0,0,0,0,0,0,0,0,0,0,0,0,0,0,0,0,0,0,0
1768,25.685833,59.766666,2020,EE,6,294,50.0,15,20.0,320,0,85.0,11.122634257108771,1289.6846185868285,35.0,8.145421981811523,143.0405731201172,7.46,5.33,1,1,1,0,1,0,0,0,0,0,0,1,0,0,0,0,0,0,0,0,0,0,0,0,0,0,0,0,0,0,0,0,0,0,0,0,0,0,0,0,0,0,0,0,0
1769,25.301666,59.734722,2020,EE,7,294,60.0,15,20.0,465,1,98.0,15.291688579176528,1267.7075104773685,38.0,8.359724998474121,117.8271026611328,8.42,5.36,1,1,1,0,1,0,0,0,0,0,0,1,0,0,0,0,0,0,0,0,0,0,0,0,0,0,0,0,0,0,0,0,0,0,0,0,0,0,0,0,0,0,0,0,0
1770,24.966667,59.733612,2020,EE,8,294,50.0,10,20.0,590,1,93.0,10.238592994117427,1251.7198089087392,43.0,8.329806327819824,132.1793975830078,7.43,5.77,1,1,1,0,1,1,0,0,0,0,0,1,0,0,0,0,0,0,0,0,0,0,0,0,0,0,0,0,0,0,0,0,0,0,0,0,0,0,0,0,0,0,0,0,0
1771,24.419167,59.667778,2020,EE,9,294,55.0,15,20.0,755,1,88.0,8.003116241636462,1221.4317437719053,33.0,8.444114685058594,116.7735824584961,8.4,5.65,1,1,1,0,1,1,0,0,0,0,0,1,0,0,0,0,0,0,0,0,0,0,0,0,0,0,0,0,0,0,0,0,0,0,0,0,0,0,0,0,0,0,0,0,0
1772,12.1673,54.4033,2020,DE,1,278,20.0,30,3.4,1017,0,22.0,15.599791910020915,463.9446099499432,2.0,8.718308448791504,185.1938323974609,19.16,15.68,1,1,0,0,0,0,0,1,1,1,1,0,1,1,0,0,0,0,0,1,0,0,0,0,0,0,1,0,1,0,0,0,0,0,0,0,0,0,0,0,0,0,0,0,0
1773,12.9485,54.7172,2020,DE,2,278,18.0,30,6.6,1327,-1,25.0,17.050076629939877,438.0095204452003,7.0,8.257715225219727,237.3391876220703,11.39,14.75,1,1,1,0,0,0,0,0,1,0,1,0,1,0,0,0,0,0,0,0,0,0,1,0,0,0,0,0,0,0,0,0,0,0,0,0,0,0,0,0,0,0,0,0,0
1774,13.3962,54.7157,2020,DE,3,279,23.0,20,6.1,52,-1,28.0,3.7075447523693543,440.9536460952411,5.0,7.981407642364502,245.22085571289065,11.44,14.8,1,1,1,1,0,1,0,1,1,0,1,0,0,0,0,0,0,0,0,1,0,0,0,0,0,0,0,0,0,0,0,0,0,0,0,0,0,0,0,0,0,0,0,0,0
1775,13.531,54.7153,2020,DE,4,279,26.0,30,5.3,137,-1,33.0,7.420262023520915,444.1370850356883,7.0,7.987395763397217,242.95269775390625,11.91,14.89,1,1,1,1,0,0,0,0,0,0,0,0,0,0,0,0,0,0,0,0,0,0,0,0,0,0,0,0,0,0,0,0,0,0,0,0,0,0,0,0,0,0,0,0,0
1776,14.1177,54.5958,2020,DE,5,279,16.0,30,7.1,1045,0,22.0,28.444299143481413,475.81586682441673,6.0,7.790325164794922,255.74659729003903,8.49,11.77,1,1,1,1,0,0,0,0,0,0,0,0,0,0,0,0,0,0,0,0,0,0,0,0,0,0,0,0,0,0,0,0,0,0,0,0,0,0,0,0,0,0,0,0,0
1777,13.8327,54.5665,2020,DE,6,279,12.0,30,7.3999963,1182,-1,21.0,9.673101629833765,468.2268566704229,9.0,7.680033683776855,246.8023681640625,7.97,14.35,1,1,1,1,0,0,0,0,0,0,0,0,0,0,0,0,0,0,0,0,0,0,0,0,0,0,0,0,0,0,0,0,0,0,0,0,0,0,0,0,0,0,0,0,0
1778,13.7232,54.5003,2020,DE,7,279,16.0,25,5.8999963,1290,-1,23.0,4.2610141976140765,471.4965529587989,7.0,6.808224678039551,248.6642608642578,10.45,14.78,1,1,1,1,0,0,1,0,0,0,1,0,0,0,0,0,0,0,0,0,0,0,0,0,0,0,0,0,0,0,0,0,0,0,0,0,0,0,0,0,0,0,0,0,0
1779,14.7277,54.7197,2020,DE,8,280,46.0,30,6.0,1028,0,48.0,34.64931198750563,496.0809522332022,2.0,8.523955345153809,204.3907928466797,10.0,8.85,1,1,0,1,0,0,0,0,1,0,0,0,0,0,0,0,0,0,0,0,0,0,0,0,0,0,0,0,0,0,0,0,0,0,0,0,0,0,0,0,0,0,0,0,0
1780,14.2693,54.9008,2020,DE,9,280,31.0,30,5.8,1281,-1,37.0,34.494130389134966,460.2102718085272,6.0,8.34158992767334,213.9407196044922,10.94,14.81,1,1,0,0,0,0,1,0,0,0,1,0,0,0,0,0,0,0,0,0,0,0,0,0,0,0,0,0,0,0,0,0,0,0,0,0,0,0,0,0,0,0,0,0,0
1781,12.9847,54.9005,2020,DE,10,281,30.5,20,5.8999963,158,-1,39.0,28.154059495217385,416.7088618809224,8.5,8.391892433166504,239.34066772460932,11.51,14.98,1,1,1,0,0,0,0,1,1,0,1,0,1,0,0,0,0,0,0,0,0,0,0,0,0,0,0,0,0,0,0,0,0,0,0,0,0,0,0,0,0,0,0,0,0
1782,11.6152,54.2338,2020,DE,11,281,19.0,30,6.5,1034,0,26.0,10.122049187487942,460.1845949959428,7.0,9.106295585632324,102.9591293334961,19.97,14.84,1,1,1,0,0,0,0,1,0,0,1,0,0,0,0,0,0,0,0,0,0,0,0,0,0,0,0,0,0,1,0,0,1,0,0,0,0,0,0,0,0,0,0,0,0
1783,11.1292,54.1195,2020,DE,12,281,14.5,30,6.699996,1218,-1,23.0,8.565425676856382,470.4150895047394,8.5,9.38355541229248,71.05168151855469,18.91,15.08,1,1,1,1,0,0,0,1,0,0,1,0,1,0,0,0,0,0,0,0,0,0,0,0,0,0,0,0,0,0,0,0,0,0,0,0,0,0,0,0,0,0,0,0,0
1784,11.4202,54.3573,2020,DE,13,281,17.0,30,4.8999963,1377,-1,22.0,9.167038610519802,442.81943501440617,5.0,9.079730033874512,149.7203369140625,18.46,15.02,1,1,0,1,0,0,1,1,1,0,1,0,1,0,0,0,0,0,0,1,0,0,0,0,0,0,1,0,0,0,0,0,0,0,0,0,0,0,0,0,0,0,0,0,0
1785,11.2712,54.566,2020,DE,14,282,21.0,30,5.8999963,111,-1,28.0,7.800075007458292,418.5626342571088,7.0,9.054657936096191,156.48422241210938,23.05,15.36,1,1,1,1,0,0,0,1,0,1,1,0,1,0,0,0,0,0,0,0,0,0,0,1,0,0,0,0,1,0,0,0,0,0,0,0,0,0,0,0,0,0,0,0,0
1786,10.6762,54.4417,2020,DE,15,282,10.0,30,8.1,1089,-1,19.0,10.083749318991432,433.3750895047388,9.0,10.53506088256836,130.1733856201172,16.27,14.87,1,1,1,1,0,0,1,1,0,1,0,0,1,0,0,0,0,0,0,0,0,0,0,0,0,0,0,0,0,0,0,0,0,0,0,0,0,0,0,0,0,0,0,0,0
1787,10.5303,54.672,2020,DE,16,282,16.0,30,6.8,1238,-1,21.0,11.62045750427495,406.5241901569357,5.0,10.735018730163574,141.4963836669922,21.07,15.08,1,1,1,0,0,0,0,1,0,0,1,0,1,0,0,0,0,0,0,0,0,0,0,0,0,0,0,0,0,0,0,0,0,0,0,0,0,0,0,0,0,0,0,0,0
1788,10.1663,54.7248,2020,DE,17,283,10.5,30,6.0,1054,-1,23.0,9.582475060228791,414.1231734037223,12.5,11.062507629394531,103.34801483154295,16.95,14.68,1,1,1,0,0,0,1,1,0,0,0,0,1,0,0,0,0,0,0,0,0,0,0,0,0,0,0,0,0,0,0,0,0,0,0,0,0,0,0,0,0,0,0,0,0
1789,9.8175,55.0995,2020,DE,18,283,17.0,30,6.0,1267,-1,24.0,3.203904860864652,373.1806585642779,7.0,11.62040901184082,104.46338653564452,19.22,14.76,1,1,1,0,0,0,0,1,0,0,0,0,1,0,0,0,0,0,0,0,0,0,0,0,0,0,0,0,1,1,0,0,0,0,0,0,0,0,0,0,0,0,0,0,0
1790,10.5118,55.7365,2020,DE,19,284,10.0,30,5.6,1017,0,20.0,4.851726537024849,282.4999898363126,10.0,10.59817886352539,161.6897430419922,22.0,14.59,1,1,1,0,0,0,0,1,0,0,0,0,1,0,0,0,0,0,0,0,0,0,0,0,0,0,0,0,0,1,0,0,0,0,0,0,0,0,0,0,0,0,0,0,0
1791,10.6532,56.0475,2020,DE,20,284,14.5,35,5.5,1221,-1,25.0,8.535453877646091,246.6938291679176,10.5,10.97414207458496,184.240951538086,27.46,14.7,1,1,1,1,0,1,0,1,0,1,0,0,1,1,0,1,0,1,0,1,0,0,0,0,0,0,0,0,0,0,0,0,0,0,0,0,0,0,0,0,0,0,0,0,0
1792,10.9728,55.9682,2020,DE,21,284,16.0,30,5.0,1335,-1,20.0,8.946597867853896,254.67293705077265,4.0,10.644451141357422,193.6605224609375,25.9,14.82,1,1,1,1,0,0,1,1,0,1,0,0,1,0,0,1,0,1,0,1,0,0,0,0,0,0,0,0,0,0,0,0,0,0,0,0,0,0,0,0,0,0,0,0,0
1793,10.8348,55.7718,2020,DE,22,285,19.0,10,5.0,103,-1,25.0,4.851726537023628,276.8908375737568,6.0,10.230376243591309,175.66673278808594,25.34,14.67,1,0,0,0,0,0,0,1,0,1,0,0,1,0,0,1,0,1,0,0,0,0,0,0,0,0,0,0,0,0,0,0,0,0,0,0,0,0,0,0,0,0,0,0,0
1794,10.85,55.4135,2020,DE,23,285,13.0,30,6.5,1052,-1,19.0,6.65511152533654,319.47443094046434,6.0,10.19970417022705,170.87071228027344,23.42,14.69,1,1,0,0,0,0,1,1,0,1,0,0,1,0,0,1,0,0,0,0,0,0,0,0,0,0,0,0,1,0,0,0,0,0,0,0,0,0,0,0,0,0,0,0,0
1795,10.9703,55.2653,2020,DE,24,285,14.0,30,6.0,1159,-1,24.0,7.415089504742247,337.0675447523694,10.0,9.905350685119627,169.90243530273438,23.63,14.74,1,1,1,1,0,0,0,1,0,0,0,0,1,1,0,0,0,1,0,0,0,0,0,0,1,0,1,0,1,0,0,0,0,0,0,0,0,0,0,0,0,0,0,0,0
1796,11.2905,55.1373,2020,DE,25,285,15.5,30,7.0,1287,-1,19.0,6.488203316647256,352.078934739946,3.5,9.438377380371094,228.12130737304688,20.83,15.23,1,1,1,0,0,0,0,1,1,0,1,0,1,1,0,0,0,0,0,0,0,0,0,0,0,0,1,0,1,0,0,0,0,0,0,0,0,0,0,0,0,0,1,0,0
1797,10.9667,54.9687,2020,DE,26,285,21.0,30,6.8,1436,-1,23.0,6.0548507944604415,371.3446099499397,2.0,9.46320343017578,182.7907867431641,25.46,14.82,0,1,1,0,0,0,0,1,1,1,0,0,1,1,0,0,0,0,0,0,0,0,0,0,1,0,1,0,1,0,0,0,0,0,0,0,0,1,0,0,0,0,1,0,0
1798,14.6185,55.2657,2020,DE,27,286,35.5,30,5.0,965,0,40.0,7.344656650141901,465.3765771787749,4.5,8.620589256286621,222.5589904785156,11.73,14.49,1,0,0,0,0,0,0,0,0,0,0,0,0,0,0,0,0,0,0,0,0,0,0,0,0,0,0,0,0,0,0,0,0,0,0,0,0,0,0,0,0,0,0,0,0
1799,14.3332,55.2997,2020,DE,28,286,21.5,34,6.6,1067,-1,45.0,12.710661699099996,446.85458263074366,23.5,8.677412033081055,188.4002990722656,7.81,13.72,1,1,0,1,0,1,1,0,1,0,1,0,0,0,0,0,0,0,0,0,0,0,0,0,0,0,0,0,0,0,0,0,0,0,0,0,0,0,0,0,0,0,0,0,0
1800,13.8698,55.2658,2020,DE,29,286,25.0,30,6.0,1208,-1,39.0,17.58337697657891,418.1041638505024,14.0,8.550703048706055,217.4496459960937,8.63,14.37,1,1,0,1,0,0,1,0,0,0,1,0,0,0,0,0,0,0,0,0,0,0,0,0,0,0,0,0,0,0,0,0,0,0,0,0,0,0,0,0,0,0,0,0,0
1801,13.4333,55.266,2020,DE,30,286,12.0,35,6.0,1336,-1,38.0,9.232992377947918,391.93367239911663,26.0,8.517975807189941,235.4728546142578,7.97,14.82,1,1,0,1,0,0,1,0,1,0,0,0,0,0,0,0,0,0,0,0,0,0,0,0,0,0,0,0,0,0,0,0,0,0,0,0,0,0,0,0,0,0,0,0,0
1802,12.9947,55.2762,2020,DE,31,287,18.0,30,6.3999963,32,-1,27.0,12.09293603435312,374.1075447523701,9.0,8.478414535522461,272.80548095703125,8.26,14.47,1,1,0,0,0,0,1,0,1,0,1,0,0,0,0,0,0,0,0,0,0,0,0,0,0,0,0,0,0,0,0,0,0,0,0,0,0,0,0,0,0,0,0,0,0
1803,12.8695,55.7105,2020,DE,32,287,8.5,20,6.0,989,0,16.0,4.853020445905987,324.8193341735693,7.5,8.521509170532227,179.15187072753906,19.74,15.14,1,1,0,1,0,0,1,0,0,1,0,0,0,0,0,0,0,1,0,0,0,0,0,0,0,0,0,0,0,0,0,0,0,0,0,0,0,0,0,0,0,0,0,0,0
1804,12.7878,55.8073,2020,DE,33,287,16.5,30,6.0,1089,-1,22.0,4.890542075632798,313.4534039154855,5.5,8.519283294677734,165.43699645996094,29.25,15.34,1,1,0,0,0,0,1,0,1,0,0,0,0,0,0,0,0,0,0,0,0,0,0,0,0,0,0,0,0,0,0,0,0,0,0,0,0,0,0,0,0,0,0,0,0
1805,12.7093,55.926,2020,DE,34,287,22.0,30,6.0,1218,-1,34.0,0.9268861880914544,299.50715180162894,12.0,8.723031997680664,170.2335968017578,30.39,14.96,1,1,0,1,0,0,1,0,0,1,0,0,1,0,0,0,0,0,0,0,0,0,0,0,0,0,1,0,0,0,0,0,0,0,0,0,0,0,0,0,0,0,0,0,0
1806,12.491,56.1205,2020,DE,35,288,14.0,30,6.0,10,-1,26.0,3.7075447523693543,273.0725464962991,12.0,9.10338020324707,134.45277404785156,29.75,14.79,1,1,0,0,0,0,0,0,0,0,0,0,0,0,0,1,0,0,0,0,0,0,1,0,0,0,0,0,0,0,0,0,0,0,0,0,0,0,0,0,0,0,0,0,0
1807,11.9967,56.1632,2020,DE,36,289,10.0,30,6.0,1010,0,22.0,11.933160498679262,251.75815815391107,12.0,11.614447593688965,175.90951538085938,22.97,14.67,1,1,0,1,0,0,1,1,0,1,0,0,1,1,0,1,0,0,0,0,0,0,1,0,0,0,0,0,0,0,0,0,1,0,0,0,0,0,0,0,0,0,0,0,0
1808,11.5003,56.1163,2020,DE,37,289,14.0,30,6.0,1147,-1,22.0,16.310962226373366,243.72640769106684,8.0,11.387749671936035,191.6872100830078,28.33,14.81,1,1,1,1,0,0,1,1,0,1,0,0,1,1,0,1,0,1,0,0,0,0,1,0,0,0,0,0,0,0,0,0,0,0,0,0,0,0,0,0,0,0,0,0,0
1809,10.9527,56.1772,2020,DE,38,289,14.5,30,6.0,1319,-1,21.0,10.828923456312312,229.65508950473944,6.5,11.128203392028809,190.0714569091797,29.63,14.53,1,1,1,0,0,0,1,1,0,1,0,0,1,1,0,1,0,0,0,1,0,0,1,0,0,0,0,0,0,0,0,0,0,0,0,0,0,0,0,0,0,0,0,0,0
1810,11.2907,56.3708,2020,DE,39,290,25.5,30,6.0,21,-1,33.0,22.78014415177328,211.7481983411409,7.5,11.763779640197754,180.5909423828125,32.26,14.66,1,1,1,0,0,0,0,1,1,1,0,0,1,1,0,1,0,1,0,1,0,0,1,0,0,0,0,0,0,0,0,0,0,0,0,0,0,0,0,0,0,0,0,0,0
1811,12.4327,56.4667,2020,DE,40,290,23.5,30,6.0,997,0,29.0,7.406171025547152,238.7244267523309,5.5,10.89396858215332,156.52963256835938,33.1,13.23,1,1,0,0,0,0,1,0,1,0,0,0,1,1,0,1,0,0,0,0,0,0,1,0,0,0,0,0,0,0,0,1,0,0,0,0,0,0,0,0,0,0,0,0,0
1812,12.207,56.8897,2020,DE,41,290,17.0,30,6.3,1201,-1,35.0,9.83518691845842,196.38151172686165,18.0,11.451127052307127,189.9873504638672,29.99,15.13,1,1,0,0,0,0,1,1,1,1,0,0,0,1,0,1,0,1,0,0,0,0,1,0,0,0,0,0,0,0,0,0,0,0,0,0,0,0,0,0,0,0,0,0,0
1813,11.9525,57.1565,2020,DE,42,290,33.0,30,6.0,1346,-1,57.0,10.615722941934935,166.08475384517064,24.0,12.481378555297852,200.7567443847656,34.06,13.32,1,1,0,0,0,0,1,1,0,0,0,0,1,1,0,0,0,0,0,0,0,0,0,0,0,0,0,1,0,0,0,0,0,0,0,0,0,0,0,0,0,0,0,0,0
1814,11.4203,57.384,2020,DE,43,291,12.5,30,6.0,103,-1,41.0,15.431188681190031,125.63141885326368,28.5,12.629560470581056,214.3358917236328,31.06,15.29,1,1,0,0,0,0,1,1,1,1,0,0,1,0,0,1,0,1,0,0,0,0,0,0,1,0,0,0,0,0,0,0,0,0,0,0,0,0,0,0,0,0,0,0,0
1815,11.4888,57.214,2020,DE,44,291,28.5,30,6.0,1003,0,53.0,19.88456780670577,139.4036607582841,24.5,12.584649085998535,193.7533721923828,33.83,14.6,1,1,0,0,0,0,1,0,0,1,0,0,0,0,0,1,0,1,0,0,0,0,0,0,0,0,0,0,0,0,0,1,0,0,0,0,0,0,0,0,0,0,0,0,0
1816,11.7238,56.9888,2020,DE,45,291,11.0,30,6.0,1161,-1,31.0,29.17683364484405,166.59038166328335,20.0,12.440230369567873,185.00538635253903,26.11,14.9,1,1,0,0,0,0,1,1,1,0,0,0,0,0,0,1,0,1,0,0,0,0,0,0,1,0,0,0,0,0,0,1,0,0,0,0,0,0,0,0,0,0,0,0,0
1817,11.7873,56.8667,2020,DE,46,291,15.0,30,6.0,1263,-1,37.0,17.418405272736223,179.67602689747844,22.0,12.41106414794922,173.8925323486328,29.01,15.54,1,1,1,0,0,0,1,1,0,1,0,0,0,0,0,1,0,1,0,0,0,0,0,0,0,0,0,0,0,0,0,0,0,0,0,0,0,0,0,0,0,0,0,0,0
1818,11.5773,56.613,2020,DE,47,292,20.5,30,6.0,989,0,29.0,8.341975692830871,194.81129966737865,8.5,11.998982429504396,155.0292510986328,32.51,15.34,1,1,0,0,0,0,1,1,0,1,0,0,0,0,0,1,0,1,0,0,0,0,0,0,0,0,0,0,0,0,0,0,0,0,0,0,0,0,0,0,0,0,0,0,0
1819,12.065,56.5968,2020,DE,48,292,17.5,30,6.0,1163,-1,25.0,29.471172961117087,213.3330192074432,7.5,11.96737003326416,215.0223999023437,29.8,15.59,1,1,0,0,0,0,1,0,1,1,0,0,0,0,0,1,0,1,0,0,0,0,0,0,0,0,0,0,0,0,0,0,0,0,0,0,0,0,0,0,0,0,0,0,0
1820,12.12,56.453,2020,DE,49,292,19.0,30,6.0,1279,-1,30.0,25.62817645262489,229.14516232691832,11.0,11.865082740783691,183.24777221679688,31.15,15.53,1,1,0,0,0,0,1,0,1,1,1,0,1,0,0,1,0,0,0,0,0,0,1,0,0,0,0,0,0,0,0,0,0,0,0,0,0,0,0,0,0,0,0,0,0
1821,14.317,55.0823,2020,DE,50,293,11.0,30,6.0,1008,0,46.0,23.890799119603432,452.5426257279528,35.0,8.534217834472656,147.5321044921875,8.0,14.77,1,1,1,0,0,0,1,1,0,0,1,0,0,0,0,0,0,0,0,0,0,0,0,0,0,0,0,0,0,0,0,0,0,0,0,0,0,0,0,0,0,0,0,0,0
1822,13.8758,55.0828,2020,DE,51,293,24.0,30,6.0,1160,-1,45.0,35.16567626942947,427.8017552952931,21.0,8.451459884643555,140.51773071289062,8.38,13.83,1,1,1,1,0,0,1,0,1,0,1,0,0,0,0,0,0,0,0,0,0,0,0,0,0,0,0,0,0,0,0,0,0,0,0,0,0,0,0,0,0,0,0,0,0
1823,13.3352,55.0825,2020,DE,52,293,31.5,30,6.0,1327,-1,42.0,28.744419920424683,402.1445031297093,10.5,8.390636444091797,190.214584350586,10.96,14.61,1,1,1,0,0,0,1,1,1,0,1,0,1,0,0,0,0,1,0,0,0,0,0,0,0,0,0,0,0,0,0,0,0,0,0,0,0,0,0,0,0,0,0,0,0
1824,12.8778,55.0927,2020,DE,53,294,22.5,30,6.0,15,-1,33.0,24.215673466383176,394.481317128553,10.5,8.387691497802734,248.3083953857422,10.34,14.89,1,1,1,0,0,0,0,1,1,0,1,0,0,1,0,0,0,0,0,0,0,0,0,0,0,0,0,0,0,0,0,0,0,0,0,0,0,0,0,0,0,0,0,0,0
1825,12.6583,55.087,2020,DE,54,294,9.0,30,6.0,102,-1,24.0,12.68567999771884,394.481317128553,15.0,8.42065143585205,271.8299865722656,8.6,14.82,1,1,1,1,0,0,1,1,1,0,0,0,0,1,0,0,0,0,0,1,0,0,0,0,0,0,0,0,0,0,0,0,0,0,0,0,0,0,0,0,0,0,0,0,0
1826,12.366,54.8257,2020,DE,55,294,12.5,30,6.0,1021,-1,21.0,12.127383692374725,426.92147240568414,8.5,8.339346885681152,188.6428680419922,10.35,14.92,1,1,1,1,0,0,1,0,1,0,1,0,1,0,0,0,0,0,0,0,0,0,0,0,0,0,0,0,0,0,0,0,0,0,0,0,0,0,0,0,0,0,0,0,0
1827,24.105667,59.718334,2020,FI,1,266,22.0,30,17.1,989,0,62.0,22.937464117419456,1210.5261209225462,40.0,8.411979675292969,258.68035888671875,6.03,12.7,1,1,1,0,1,1,0,0,0,0,1,1,0,0,0,0,0,0,0,0,0,0,0,0,0,0,0,0,0,0,0,0,0,0,0,0,0,0,0,0,0,0,0,0,0
1828,19.106167,61.123833,2020,FI,10,269,17.0,32,15.9,1,-1,58.0,76.42253855550561,1183.4439513856646,41.0,8.964629173278809,274.1317749023437,5.21,10.21,1,1,1,0,0,0,0,0,0,0,0,0,0,0,0,0,0,0,0,0,0,0,0,0,0,0,0,0,0,0,0,0,0,0,0,0,0,0,0,0,0,0,0,0,0
1829,17.982,61.27,2020,FI,11,269,38.0,64,16.2,553,1,80.0,36.83504461683766,1203.9678897821475,42.0,8.908097267150879,222.16769409179688,5.75,3.97,1,1,1,0,0,0,0,0,0,0,0,0,0,0,0,0,0,0,1,0,0,0,0,0,0,0,0,0,0,0,0,0,0,0,0,0,0,0,0,0,0,0,0,0,0
1830,17.8695,61.5525,2020,FI,12,269,45.0,60,15.0,784,1,64.0,22.095972471275857,1235.7701835738665,19.0,8.92221450805664,252.3759613037109,5.95,4.36,1,1,1,0,1,0,0,0,0,0,0,0,0,0,1,0,1,0,1,0,0,0,0,0,0,0,0,0,0,0,0,0,0,0,0,0,0,0,0,0,0,0,0,0,0
1831,18.115667,61.635666,2020,FI,13,269,10.0,32,17.8,966,0,71.0,31.302738014147213,1244.54754475237,61.0,8.872095108032227,232.039779663086,5.05,9.52,1,1,1,0,0,0,0,0,0,0,0,0,0,0,0,0,0,0,1,0,0,0,0,0,0,1,0,0,0,0,0,0,0,0,0,0,0,0,0,0,0,0,0,0,0
1832,18.624666,61.650833,2020,FI,14,269,10.0,30,18.0,1150,-1,54.0,57.7572490270411,1245.4744309404643,44.0,9.01998519897461,238.1527404785156,5.05,9.35,1,1,1,0,0,0,0,0,0,0,0,1,0,0,0,0,0,0,0,0,0,0,0,0,0,0,0,0,0,0,0,0,0,0,0,0,0,0,0,0,0,0,0,0,0
1833,19.102667,61.644165,2020,FI,15,270,8.0,20,18.2,1343,-1,60.0,83.06896064074208,1245.4744309404643,52.0,8.990551948547363,246.6017303466797,5.08,9.59,1,1,1,0,0,0,0,0,0,0,0,1,0,0,0,0,0,0,0,0,0,0,0,0,0,0,0,0,0,0,0,0,0,0,0,0,0,0,0,0,0,0,0,0,0
1834,20.209167,61.852665,2020,FI,16,270,80.0,90,15.3,269,0,123.0,58.61835330711045,1269.5557480690177,43.0,8.89385986328125,258.24725341796875,6.53,4.28,1,1,1,0,0,0,0,0,0,0,0,0,0,0,0,0,0,0,0,0,0,0,0,0,0,0,0,0,0,0,0,0,0,0,0,0,0,0,0,0,0,0,0,0,0
1835,20.375166,62.138668,2020,FI,17,270,70.0,70,18.2,808,1,108.0,47.64874574266584,1302.8882033166444,38.0,8.768587112426758,296.33172607421875,6.47,4.14,1,1,1,0,0,0,0,0,0,0,0,0,0,0,0,0,1,0,0,0,0,0,0,0,0,0,0,0,0,0,0,0,0,0,0,0,0,0,0,0,0,0,0,0,0
1836,20.208666,62.301666,2020,FI,18,270,22.0,60,18.0,1054,-1,115.0,48.74282379738501,1321.4082033166444,93.0,8.760037422180176,292.12664794921875,5.29,9.76,1,1,1,0,1,0,0,0,0,0,0,0,0,0,0,0,1,0,1,0,0,0,0,0,0,0,0,0,0,1,0,0,0,0,0,0,0,0,0,0,0,0,0,0,0
1837,20.2765,62.5715,2020,FI,19,271,11.0,31,19.0,1421,-1,71.0,40.132278985336335,1352.904609949939,60.0,8.624588966369629,290.8699035644531,5.28,9.89,1,1,1,0,0,0,0,0,0,0,0,1,0,0,0,0,1,0,1,0,0,0,0,0,0,0,0,0,0,0,0,0,0,0,0,0,0,0,0,0,0,0,0,0,0
1838,23.292667,59.598,2020,FI,2,267,30.0,15,15.0,1292,-1,68.0,25.182628060334373,1166.1933053359337,38.0,8.518468856811523,225.8525848388672,6.36,11.65,1,1,1,0,1,1,0,0,0,0,1,1,0,0,0,0,0,0,0,0,0,0,0,0,0,0,0,0,0,0,0,0,0,0,0,0,0,0,0,0,0,0,0,0,0
1839,19.861,62.616333,2020,FI,20,271,70.0,69,16.6,180,-1,125.0,61.39093719622912,1358.448203316647,55.0,8.759629249572754,269.49786376953125,6.36,3.91,1,1,1,0,0,0,0,0,0,0,0,1,0,0,0,0,1,0,0,0,0,0,0,0,0,0,0,0,0,0,0,0,0,0,0,0,0,0,0,0,0,0,0,0,0
1840,20.380333,62.911,2020,FI,21,271,14.0,50,20.3,940,0,63.0,23.439330967120405,1393.6344309404617,49.0,8.616491317749023,281.4354248046875,5.24,9.91,1,1,1,0,1,0,0,0,0,0,0,1,0,0,0,0,0,0,0,0,0,0,0,0,0,0,0,0,0,0,0,0,0,0,0,0,0,0,0,0,0,0,0,0,0
1841,20.382833,63.25617,2020,FI,22,271,14.0,45,16.7,1155,-1,74.0,11.828324161233237,1433.455089504739,60.0,8.357492446899414,281.2763061523437,5.1,9.69,1,1,1,0,1,0,0,0,0,0,0,1,0,0,0,0,0,0,0,0,0,0,0,0,0,0,0,0,0,0,0,0,0,0,0,0,0,0,0,0,0,0,0,0,0
1842,19.7135,63.237667,2020,FI,23,272,21.0,45,15.4,1393,-1,129.0,21.056871131524936,1431.6013171285558,108.0,8.371490478515625,270.29254150390625,5.24,7.56,1,1,1,0,1,0,0,0,0,0,0,1,0,0,0,0,0,0,0,0,0,0,0,0,0,0,0,0,0,1,0,0,0,0,0,0,0,0,0,0,0,0,0,0,0
1843,19.305,62.8195,2020,FI,24,272,80.0,60,15.1,322,0,162.0,38.09180064643325,1382.5295204452002,82.0,8.65005111694336,263.5594787597656,6.44,3.8,1,1,0,0,0,0,0,0,0,0,0,0,0,0,1,0,1,0,0,0,0,0,0,0,0,0,0,0,0,0,0,0,0,0,0,0,0,0,0,0,0,0,0,0,0
1844,18.875334,62.588833,2020,FI,25,272,85.0,71,15.0,648,1,187.0,38.41061867030529,1355.66754475237,102.0,8.641203880310059,267.49932861328125,6.53,3.89,1,1,1,0,1,0,0,0,0,0,0,0,0,0,0,0,1,0,0,0,0,0,0,0,0,0,0,0,0,0,0,0,0,0,0,0,0,0,0,0,0,0,0,0,0
1845,18.490833,62.387,2020,FI,26,272,14.0,50,19.8,942,0,70.0,32.70592661808467,1331.6039513856615,56.0,8.910232543945312,272.2186584472656,5.04,9.51,1,1,1,0,0,0,0,0,0,0,0,0,0,0,0,0,1,0,1,0,0,0,0,1,0,0,0,0,0,0,0,0,0,0,0,0,0,0,0,0,0,0,0,0,0
1846,19.312,62.377167,2020,FI,27,272,11.0,30,16.1,1186,-1,102.0,69.24842034842082,1330.6770651975703,91.0,8.8273286819458,264.3409118652344,5.07,9.13,1,1,1,0,0,0,0,0,0,0,0,0,0,0,0,0,0,0,0,0,0,0,0,0,0,0,0,0,0,0,0,0,0,0,0,0,0,0,0,0,0,0,0,0,0
1847,19.789833,62.245834,2020,FI,28,273,23.0,60,10.0,1347,-1,108.0,70.97639307642167,1314.9377237618476,85.0,8.838757514953613,264.0355529785156,5.21,9.24,1,1,1,0,0,0,0,0,0,0,0,0,0,0,0,0,1,0,0,0,0,0,0,0,0,0,0,0,0,0,0,0,0,0,0,0,0,0,0,0,0,0,0,0,0
1848,18.8435,62.141335,2020,FI,29,273,20.0,40,20.3,131,-1,88.0,58.44992918546591,1302.8882033166444,68.0,9.064706802368164,249.64854431152344,5.06,8.87,1,1,1,0,0,0,0,0,0,0,0,0,0,0,1,0,1,0,0,0,0,0,0,0,0,0,0,0,0,0,0,0,0,0,0,0,0,0,0,0,0,0,0,0,0
1849,21.432333,59.64683,2020,FI,3,267,80.0,45,15.5,323,1,114.0,15.09304623200087,1092.62534484832,34.0,8.948266983032227,267.3075256347656,7.83,6.23,1,1,1,0,1,0,0,0,0,0,0,1,0,0,0,0,0,0,0,0,0,1,0,0,0,0,0,0,0,0,0,0,0,0,0,1,0,0,0,0,0,0,0,0,0
1850,18.543667,62.1415,2020,FI,30,273,8.0,40,19.0,489,1,86.0,43.04530688746812,1302.8882033166444,78.0,9.032791137695312,245.2628173828125,4.98,9.39,1,1,1,0,0,0,0,0,0,0,0,0,0,0,0,0,0,0,0,0,1,0,0,0,0,0,0,0,0,0,0,0,0,0,0,0,0,0,0,0,0,0,0,0,0
1851,19.158167,61.862835,2020,FI,31,273,7.0,30,19.6,988,0,71.0,83.86028183514075,1270.4826342571116,64.0,8.988055229187012,309.2972412109375,5.05,9.22,1,1,1,0,0,0,0,0,0,0,0,0,0,0,0,0,0,0,0,0,0,0,0,0,0,0,0,0,0,0,0,0,0,0,0,0,0,0,0,0,0,0,0,0,0
1852,20.574333,61.6145,2020,FI,32,274,10.0,112,21.3,1360,-1,106.0,43.21078747939261,1248.225578650091,96.0,8.873424530029297,291.5775451660156,5.4,10.68,1,1,1,0,0,0,0,0,0,0,0,0,0,0,0,0,0,0,1,0,0,0,0,0,0,0,0,0,0,0,0,0,0,0,0,0,1,0,0,0,0,0,0,0,0
1853,20.406,61.314167,2020,FI,33,274,68.0,90,14.0,273,0,109.0,51.06296029188584,1214.5000487380275,41.0,8.94629192352295,299.1418151855469,6.61,5.22,1,1,1,0,0,0,0,0,0,0,0,0,0,0,1,0,1,0,0,0,1,0,0,0,0,0,0,0,0,0,0,0,0,0,0,0,1,0,0,0,0,0,0,0,0
1854,19.944,61.320667,2020,FI,34,274,75.0,100,14.3,566,1,126.0,75.85444232898304,1207.50754475237,51.0,8.965031623840332,260.3500366210937,6.56,4.52,1,1,1,0,0,0,0,0,0,0,0,0,0,0,0,0,0,0,0,0,0,0,0,0,0,0,0,0,0,0,1,0,0,0,0,0,0,0,0,0,0,0,0,0,0
1855,20.652666,60.918667,2020,FI,36,275,11.0,120,21.3,1328,-1,58.0,20.343287610274924,1180.3657706655565,47.0,8.743570327758789,315.2652587890625,5.5,11.21,1,1,1,0,0,0,0,0,1,0,0,1,0,0,1,0,0,0,0,0,0,1,0,0,0,0,0,0,0,0,0,0,0,0,0,0,0,0,0,0,0,0,0,0,0
1856,19.3775,60.917835,2020,FI,37,275,60.0,60,16.1,306,0,113.0,57.040443951093245,1159.3626342571088,53.0,8.972779273986816,296.7200012207031,6.13,4.34,1,1,1,0,0,0,0,0,1,0,0,1,0,0,0,0,0,0,0,0,0,1,0,0,0,0,0,0,0,0,0,0,0,0,0,0,0,0,0,0,0,0,0,0,0
1857,19.215166,60.147,2020,FI,38,275,11.0,60,19.8,930,0,266.0,6.660846487412736,1069.5432928213877,255.0,8.68702220916748,305.5731811523437,5.62,10.92,1,1,1,0,1,0,0,0,0,0,0,1,0,0,0,0,0,0,1,0,0,0,0,0,0,0,0,0,0,0,0,0,0,0,0,0,0,0,0,0,0,0,0,0,0
1858,20.2995,59.327835,2020,FI,39,276,16.0,26,16.2,1322,-1,61.0,54.47943478024667,1021.9631881263372,45.0,9.074463844299316,232.9296722412109,6.23,12.38,1,1,1,0,0,1,0,0,0,0,0,1,0,0,0,0,0,0,0,0,0,0,0,0,0,0,0,0,0,0,0,0,0,0,0,0,0,0,0,0,0,0,0,0,0
1859,20.230333,59.766,2020,FI,4,267,42.0,60,15.0,695,1,172.0,18.56109441400002,1057.7156401020004,130.0,9.006030082702637,298.1670227050781,6.86,8.36,1,1,1,0,0,0,0,0,0,0,0,1,0,0,0,0,0,0,0,0,0,0,0,0,0,0,0,0,0,0,0,0,0,0,0,0,0,0,0,0,0,0,0,0,0
1860,20.697,59.16083,2020,FI,40,276,29.0,45,18.5,168,-1,98.0,72.2381657606619,1023.9109220137408,69.0,9.16037940979004,72.20562744140625,6.75,10.07,1,1,1,0,1,1,0,0,0,0,0,0,0,0,1,0,0,0,1,0,0,0,0,0,0,0,0,0,0,0,0,0,0,0,0,0,0,0,0,0,0,0,0,0,0
1861,21.3765,59.560665,2020,FI,41,276,65.0,20,15.1,482,1,113.0,24.099040890404694,1084.0735718555454,48.0,9.07430934906006,211.48257446289065,8.76,5.96,1,1,1,1,0,0,0,0,0,0,0,1,0,0,0,0,0,0,0,0,0,0,0,0,0,0,0,0,0,0,0,0,1,0,0,0,0,0,0,0,0,0,0,0,0
1862,22.166334,59.529667,2020,FI,42,276,28.0,10,15.7,936,0,75.0,30.354943959243933,1113.8405565327182,47.0,8.753599166870117,245.9025115966797,6.31,12.03,1,1,1,0,1,1,0,0,0,0,0,1,0,0,0,0,0,0,0,0,0,0,0,0,0,0,0,0,0,0,0,0,0,0,0,0,0,0,0,0,0,0,0,0,0
1863,22.697,59.593334,2020,FI,43,276,14.0,30,19.8,1070,-1,65.0,24.755805624427246,1140.2769276428164,51.0,8.504559516906738,268.3907165527344,6.05,12.73,1,1,1,0,1,0,0,0,0,0,0,1,0,0,0,0,0,0,0,0,0,0,0,0,0,0,0,0,0,0,0,0,0,0,0,0,0,0,0,0,0,0,0,0,0
1864,23.4655,59.563,2020,FI,44,277,21.0,45,17.4,1407,-1,79.0,29.276518634808063,1172.2184111680065,58.0,8.587325096130371,111.33870697021484,6.25,13.18,1,1,1,0,1,1,0,0,0,0,0,1,0,0,0,0,0,0,1,0,0,0,0,0,0,0,0,0,0,0,0,0,0,0,0,0,0,0,0,0,0,0,0,0,0
1865,25.436167,59.916332,2020,FI,45,277,28.0,30,18.6,888,0,63.0,27.806585642773346,1285.3701758168463,35.0,8.241610527038574,211.6244964599609,5.71,9.86,1,1,1,0,1,0,0,0,0,0,0,1,0,0,0,0,0,0,0,0,0,0,0,0,0,0,0,0,0,0,0,0,0,0,0,0,0,0,0,0,0,0,0,0,0
1866,25.822166,60.015835,2020,FI,46,277,17.0,30,20.3,1047,-1,56.0,20.39149613803322,1309.6744272503367,39.0,7.92422342300415,295.27166748046875,4.86,11.94,1,1,1,0,1,1,0,0,1,0,1,1,0,0,0,0,0,0,0,0,0,0,0,0,0,0,0,0,0,0,0,0,0,0,0,0,0,0,0,0,0,0,0,0,0
1867,26.2705,60.0765,2020,FI,47,277,17.0,30,20.5,1233,-1,55.0,22.278306694415228,1335.2896846415604,38.0,7.947260856628418,235.02267456054688,4.67,12.26,1,1,1,0,1,0,0,0,0,0,0,1,0,0,0,0,0,0,0,0,0,0,0,0,0,0,0,0,0,0,0,0,0,0,0,0,0,0,0,0,0,0,0,0,0
1868,19.556168,59.930332,2020,FI,5,267,16.0,90,19.1,971,0,75.0,21.615970154751174,1053.3180220592174,59.0,8.845459938049316,322.9185485839844,5.93,10.99,1,1,1,0,1,1,0,0,1,0,0,1,0,0,0,0,0,0,0,0,0,0,0,0,0,0,0,0,0,0,0,0,0,0,0,0,0,0,0,0,0,0,0,0,0
1869,18.9225,60.562332,2020,FI,6,268,8.0,50,19.9,1374,-1,115.0,23.329077148643385,1118.6150895047388,107.0,8.890881538391113,321.06402587890625,5.28,10.5,1,1,1,0,0,0,0,0,0,0,0,1,0,0,0,0,0,0,1,0,0,0,0,0,0,0,0,0,0,0,0,0,0,0,0,0,0,0,0,0,0,0,0,0,0
1870,18.040667,60.74917,2020,FI,7,268,24.0,70,15.8,665,1,58.0,14.625169828658622,1149.1348204007816,34.0,8.731842994689941,285.4525451660156,5.23,9.23,1,1,1,0,1,0,0,0,0,0,0,0,0,0,0,0,0,0,0,0,0,0,0,0,0,1,0,0,0,0,0,0,0,0,0,0,0,0,0,0,0,0,0,0,0
1871,18.045834,61.073,2020,FI,8,268,13.0,90,17.0,989,0,64.0,39.82758484153102,1182.0195277027797,51.0,8.82419490814209,246.0525054931641,5.05,10.1,1,1,1,0,0,0,0,0,0,0,0,0,0,0,0,0,1,0,0,0,0,0,0,0,0,0,0,0,0,0,0,0,0,0,0,1,0,0,0,0,0,0,0,0,0
1872,18.773,61.098,2020,FI,9,269,8.0,30,18.4,1263,-1,66.0,66.3686710552146,1180.663292821386,58.0,8.921871185302734,256.9115600585937,5.11,9.71,1,1,1,0,0,0,0,0,0,0,0,1,0,0,0,0,0,0,0,0,0,0,0,0,0,0,0,0,0,0,0,0,0,0,0,0,0,0,0,0,0,0,0,0,0
1873,20.7804,55.903282,2020,LT,1,286,30.25,30,18.0,365,1,32.0,17.145627585066812,861.2721648255173,1.75,8.448814392089844,257.2398376464844,7.11,14.63,0,1,0,0,0,0,0,0,0,0,0,0,0,0,0,0,0,0,0,0,0,0,0,0,0,0,0,0,0,0,0,0,0,0,0,0,0,0,0,0,0,0,0,0,0
1874,20.370033,55.904133,2020,LT,2,286,38.0,30,18.0,550,1,38.0,42.86392082973119,834.9586944343706,0.0,8.826146125793457,236.31581115722656,7.54,9.61,0,1,0,0,0,0,0,0,0,0,0,0,0,0,0,0,0,0,0,0,0,0,0,0,0,0,0,0,0,0,0,0,0,0,0,0,0,0,0,0,0,0,0,0,0
1875,20.854366,55.581165,2020,LT,3,301,42.0,30,18.0,410,1,42.0,15.71730231207474,866.8514379823621,0.0,8.84768009185791,253.69960021972656,7.41,11.49,0,1,0,1,0,0,0,0,0,0,0,0,0,0,0,0,0,0,0,0,0,0,0,0,0,0,0,0,0,0,0,0,0,0,0,0,0,0,0,0,0,0,0,0,0
1876,19.791233,55.72307,2020,LT,4,301,75.0,30,22.0,755,1,77.0,80.14320968401478,798.7090819252118,2.0,8.972704887390137,88.58516693115234,10.42,6.58,1,1,0,0,0,0,0,0,0,0,0,0,0,0,0,0,0,0,0,0,0,0,0,0,0,0,0,0,0,0,0,0,0,0,0,0,0,0,0,0,0,0,0,0,0
1877,19.173334,56.083332,2020,LV,1,282,69.0,30,18.0,720,1,123.0,108.98386173486126,761.3888718677094,54.0,9.140049934387209,134.14634704589844,9.84,6.03,1,1,1,1,0,0,0,0,0,0,0,0,0,0,0,0,0,0,0,0,0,0,0,0,0,0,0,0,0,0,0,0,0,1,0,0,0,0,0,0,0,0,0,0,0
1878,20.205,57.113335,2020,LV,10,287,75.0,30,20.0,620,1,169.0,59.9177996951278,858.17268068785,94.0,9.235795974731444,58.79792022705078,10.19,6.0,1,1,1,1,0,0,0,0,0,0,0,0,0,0,0,0,0,0,0,0,0,0,0,0,0,0,0,0,0,0,0,0,0,0,0,0,0,0,0,0,0,0,0,0,0
1879,21.113333,57.363335,2020,LV,11,289,45.0,10,20.0,815,1,67.0,20.406830300758248,920.0417240475472,22.0,8.790969848632812,237.8719787597656,7.8,8.74,1,1,0,0,0,0,0,0,0,0,0,0,0,0,0,0,0,0,0,0,0,0,0,0,0,0,0,0,0,0,0,0,0,0,0,0,0,0,0,0,0,0,0,0,0
1880,20.075,57.28,2020,LV,12,290,70.0,30,20.0,380,1,242.0,68.29791010201095,859.8563676354303,172.0,9.22312831878662,60.71117782592773,9.11,5.55,1,1,1,1,0,1,0,0,0,0,1,0,0,0,0,0,0,0,0,0,0,0,0,0,0,0,0,0,0,0,0,0,0,0,0,0,0,0,0,0,0,0,0,0,0
1881,19.685,57.376667,2020,LV,13,290,45.0,30,20.0,580,1,93.0,42.59094356310269,843.1333362379348,48.0,9.23269748687744,109.3842544555664,7.49,5.95,1,1,1,1,1,1,0,0,0,0,0,0,0,0,0,0,0,0,0,0,0,0,0,0,0,0,0,0,0,0,0,0,0,0,0,0,0,0,0,0,0,0,0,0,0
1882,19.735,57.6,2020,LV,14,290,75.0,30,20.0,815,1,116.0,45.19230150071976,860.0747794843362,41.0,9.263457298278809,89.94354248046875,10.12,5.85,1,1,1,1,0,0,0,0,0,0,0,0,0,0,0,0,0,0,0,0,0,0,0,0,0,0,0,0,0,0,0,0,0,0,0,0,0,0,0,0,0,0,0,0,0
1883,20.34,57.583332,2020,LV,15,291,40.0,30,20.0,340,0,163.0,72.09987573716228,889.2976594875576,123.0,9.133478164672852,76.12523651123047,7.38,6.3,1,1,1,0,0,1,0,0,0,0,0,0,0,0,0,0,0,0,0,0,0,0,0,0,0,0,0,0,0,0,0,0,0,0,0,0,0,0,0,0,0,0,0,0,0
1884,21.083334,57.591667,2020,LV,16,291,42.0,20,20.0,570,1,61.0,34.906745964936896,929.121868269551,19.0,8.73595142364502,263.9563293457031,7.6,9.83,0,1,0,0,0,0,0,0,0,0,0,0,0,0,0,0,0,0,0,0,0,0,0,0,0,0,0,0,0,0,0,0,0,0,0,0,0,0,0,0,0,0,0,0,0
1885,21.138334,57.81167,2020,LV,17,291,55.0,20,20.0,770,1,72.0,43.53165361716812,943.8805162611308,17.0,8.803382873535156,159.1866455078125,8.71,6.42,1,1,1,0,1,1,0,0,0,0,0,0,0,0,0,0,0,0,0,0,0,0,0,0,0,0,0,0,0,0,0,0,0,0,0,0,0,0,0,0,0,0,0,0,0
1886,20.945,57.866665,2020,LV,18,291,50.0,30,20.0,885,0,72.0,56.23084358947055,936.9991924820888,22.0,8.885183334350586,179.9176483154297,8.16,6.13,1,1,1,0,0,1,0,0,0,0,1,0,0,0,0,0,0,0,0,0,0,0,0,1,0,0,0,0,0,0,0,0,0,0,0,0,0,0,0,0,0,0,0,0,0
1887,20.023333,56.118332,2020,LV,2,283,40.0,30,20.0,790,1,57.0,60.5930323748636,813.8169201118241,17.0,8.978043556213379,210.49420166015625,7.41,8.57,1,1,0,0,1,1,0,0,0,0,0,0,0,0,0,0,0,1,0,0,1,0,0,0,0,0,0,0,0,0,0,0,0,0,0,0,0,0,0,0,0,0,0,0,0
1888,20.253334,56.378334,2020,LV,3,284,36.0,30,22.0,660,1,56.0,44.13359009894288,834.185097848971,20.0,9.070890426635742,235.6655731201172,7.33,10.4,1,1,0,0,0,0,0,0,0,0,1,0,0,0,0,0,0,0,0,0,0,0,0,0,0,0,0,0,0,0,0,0,0,0,0,0,0,0,0,0,0,0,0,0,0
1889,19.886667,56.395,2020,LV,4,284,70.0,30,20.0,845,1,89.0,66.72433855888401,812.1956320354567,19.0,9.183427810668944,151.66070556640625,9.79,6.13,1,1,0,0,0,1,0,0,0,0,0,0,0,0,0,0,0,0,0,0,0,0,0,0,0,0,0,0,0,0,0,0,0,0,0,0,0,0,0,0,0,0,0,0,0
1890,19.071667,56.616665,2020,LV,5,285,70.0,30,20.0,425,1,147.0,59.072142121518105,771.8500060048497,77.0,9.291604042053224,53.28725814819336,9.8,5.87,1,1,1,1,0,0,0,0,0,0,0,0,0,0,0,0,0,0,0,0,0,0,0,0,0,0,0,0,0,0,0,0,0,0,0,0,0,0,0,0,0,0,0,0,0
1891,19.878334,56.701668,2020,LV,6,285,69.0,30,18.0,695,1,151.0,70.5222215877005,821.592024419046,82.0,9.275445938110352,38.04244995117188,9.39,5.85,1,1,1,1,0,0,0,0,0,0,0,0,0,0,0,0,0,0,0,0,0,0,0,0,0,0,0,0,0,0,0,0,0,0,0,0,0,0,0,0,0,0,0,0,0
1892,20.758333,56.875,2020,LV,7,286,38.0,15,20.0,450,1,53.0,18.61651981402774,879.010968110304,15.0,8.84702205657959,259.3228454589844,7.83,8.4,0,1,1,0,0,0,0,0,0,0,0,0,0,0,0,0,0,0,0,0,0,0,0,0,0,0,0,0,0,0,0,0,0,0,0,0,0,0,0,0,0,0,0,0,0
1893,20.331667,56.87,2020,LV,8,286,45.0,20,20.0,615,1,74.0,44.749140473315286,853.9461653421387,29.0,9.154099464416504,176.61619567871094,7.66,6.5,1,1,1,0,0,1,0,0,0,0,0,0,0,0,0,0,0,0,0,0,1,0,0,0,0,0,0,0,0,0,0,0,0,0,0,0,0,0,0,0,0,0,0,0,0
1894,19.651667,57.118332,2020,LV,9,287,75.0,30,20.0,405,1,152.0,53.97608516639642,827.2766907101333,77.0,9.263148307800291,73.65878295898438,9.95,5.79,1,1,1,1,0,0,0,0,0,0,0,0,0,0,0,0,0,0,0,0,1,0,0,0,0,0,0,0,0,0,0,0,0,0,0,0,0,0,0,0,0,0,0,0,0
1895,18.92,54.46,2020,PL,1,259,34.0,15,20.0,800,1,46.0,11.2397656413004,760.936464746264,12.0,6.827375888824463,247.83290100097656,7.77,9.77,1,1,0,0,0,0,0,0,0,0,1,0,0,0,0,0,0,0,0,0,0,0,0,0,0,0,0,0,0,0,0,0,0,0,0,0,0,0,0,0,0,0,0,0,0
1896,18.66,54.97,2020,PL,10,265,44.0,20,20.0,345,1,90.0,24.8650740755756,725.4719934205474,46.0,8.168465614318848,190.43565368652344,7.98,7.4,1,1,0,1,0,0,0,0,0,0,0,0,0,0,0,0,0,0,0,0,0,0,0,0,0,0,0,0,0,0,0,0,0,0,0,0,0,0,0,0,0,0,0,0,0
1897,18.36,55.19,2020,PL,11,265,46.5,30,20.0,745,1,79.0,39.86407894526712,706.1410619697879,32.5,8.575486183166504,215.0835418701172,7.62,7.51,1,1,0,0,0,0,0,0,0,0,0,0,0,0,0,0,0,0,0,0,0,0,0,0,0,0,0,0,0,0,0,0,0,0,0,0,0,0,0,0,0,0,0,0,0
1898,18.34,55.51,2020,PL,12,265,30.0,20,20.0,980,0,87.0,75.07778123548704,705.3347323594503,57.0,8.845922470092773,141.99334716796875,7.33,11.84,1,1,0,1,0,0,0,0,0,0,0,0,0,0,0,0,0,0,0,0,0,0,0,0,0,0,0,0,0,0,0,0,0,0,0,0,0,0,0,0,0,0,0,0,0
1899,18.02,55.56,2020,PL,13,266,45.0,20,20.0,670,1,71.0,80.63909836404284,684.020038600902,26.0,8.865835189819336,187.9150390625,7.39,7.07,1,1,0,0,0,0,0,0,0,0,0,0,0,0,0,0,0,0,0,0,0,0,0,0,0,0,0,0,0,0,0,0,0,0,0,0,0,0,0,0,0,0,0,0,0
1900,18.01,55.34,2020,PL,14,266,50.0,30,20.0,850,1,74.0,56.54005747363885,683.3246085842318,24.0,8.792983055114746,188.7194976806641,7.67,6.81,1,1,0,1,0,0,0,0,0,0,1,0,0,0,0,0,0,0,0,0,0,0,0,0,0,0,0,0,0,0,0,0,0,0,0,0,0,0,0,0,0,0,0,0,0
1901,17.68,55.32,2020,PL,15,267,43.0,30,17.0,560,1,76.0,57.23579323829416,662.4385111379241,33.0,8.715875625610352,193.5303192138672,7.57,7.77,1,1,0,0,0,0,0,0,0,0,0,0,0,0,0,0,0,0,0,0,0,0,0,0,0,0,0,0,0,0,0,0,0,0,0,0,0,0,0,0,0,0,0,0,0
1902,17.55,55.54,2020,PL,16,267,20.5,45,18.0,810,1,40.0,82.54338755317086,654.4935946363653,19.5,8.71617603302002,280.7047119140625,7.44,14.25,1,1,0,0,0,0,0,0,0,0,0,0,0,0,0,0,0,0,0,0,0,0,0,0,0,0,0,0,0,0,0,0,0,0,0,0,0,0,0,0,0,0,0,0,0
1903,17.35,55.17,2020,PL,17,268,36.0,30,20.0,390,1,60.0,46.58734608935409,641.5902867431854,24.0,8.825704574584961,206.3865966796875,7.48,10.49,1,1,0,1,0,0,0,0,0,0,0,0,0,0,0,0,0,0,0,0,0,0,0,0,0,0,0,0,0,0,0,0,0,0,0,0,0,0,0,0,0,0,0,0,0
1904,17.02,55.24,2020,PL,18,268,46.5,30,20.0,835,1,86.0,58.31609213214558,619.8795980866607,39.5,8.781686782836914,189.90333557128903,8.35,8.17,1,1,0,1,0,0,0,0,0,0,0,0,0,0,0,0,0,0,0,0,0,0,0,0,0,0,0,0,0,0,0,0,0,0,0,0,0,0,0,0,0,0,0,0,0
1905,16.63,55.29,2020,PL,19,269,43.0,30,20.0,415,1,71.0,73.36613906571574,595.0150813431243,28.0,8.787617683410645,193.2075653076172,8.54,8.45,1,1,0,0,0,0,0,0,0,0,1,0,0,0,0,0,0,0,0,0,0,0,0,0,0,1,0,0,0,0,0,0,0,0,0,0,0,0,0,0,0,0,0,0,0
1906,18.99,54.55,2020,PL,2,259,15.5,20,19.0,960,0,69.0,12.579100860424331,761.1800668691119,53.5,7.880068778991699,196.7789001464844,7.3,14.85,1,1,0,0,0,1,0,0,0,0,0,0,0,0,0,0,0,0,0,0,1,0,0,0,0,0,0,0,0,0,0,0,0,0,0,0,0,0,0,0,0,0,0,0,0
1907,16.27,54.73,2020,PL,20,269,20.0,60,18.0,945,0,40.0,27.203507797413128,583.6941028863198,20.0,8.457674980163574,225.0276641845703,7.55,14.54,1,1,0,1,0,0,0,0,0,0,0,0,0,0,0,0,0,1,0,0,0,0,0,0,0,0,0,0,0,0,0,0,0,0,0,0,0,0,0,0,0,0,0,0,0
1908,15.35,54.5,2020,PL,21,270,25.5,30,19.0,480,1,46.0,37.260985361561175,543.7824459015675,20.5,8.71299934387207,232.6636962890625,7.54,12.63,1,1,0,0,0,1,0,0,0,0,0,0,0,0,0,0,0,0,0,0,0,0,0,0,0,0,0,0,0,0,0,0,0,0,0,0,0,0,0,0,0,0,0,0,0
1909,15.32,54.81,2020,PL,22,270,48.0,30,12.0,725,1,69.0,25.42746279612657,524.1127551832758,21.0,8.743804931640625,145.15284729003906,11.3,10.15,1,1,0,0,0,0,0,0,0,0,0,0,0,0,0,0,0,0,0,0,0,0,0,0,0,0,0,0,0,0,0,0,0,0,0,0,0,0,0,0,0,0,0,0,0
1910,15.71,54.87,2020,PL,23,271,48.0,30,18.0,320,0,76.0,40.70638410653893,544.3385361339901,28.0,8.724823951721191,151.29647827148438,11.07,10.17,1,1,0,1,0,0,0,0,0,0,0,0,0,0,0,0,0,0,0,0,0,0,0,0,0,0,0,0,0,0,0,0,0,0,0,0,0,0,0,0,0,0,0,0,0
1911,15.64,54.7,2020,PL,24,271,38.5,30,19.0,450,1,67.0,48.4790425141755,548.15935338604,28.5,8.762189865112305,177.86827087402344,7.97,9.89,1,1,0,1,0,0,0,0,0,0,0,0,0,0,0,0,0,0,0,0,0,0,0,0,0,0,0,0,0,0,0,0,0,0,0,0,0,0,0,0,0,0,0,0,0
1912,15.65,54.49,2020,PL,25,271,35.0,30,18.0,655,1,55.0,30.60270841278353,558.6501905201238,20.0,8.694616317749023,200.4399871826172,7.7,10.27,1,1,0,1,0,1,1,0,0,0,0,0,0,0,0,0,0,0,0,0,0,0,0,0,0,0,0,0,0,0,0,0,0,0,0,0,0,0,0,0,0,0,0,0,0
1913,16.02,54.84,2020,PL,26,272,33.0,30,18.0,410,1,54.0,46.620475367082605,564.8330403029878,21.0,8.696623802185059,189.4972381591797,7.75,9.67,1,1,0,1,0,0,0,0,0,0,0,0,0,0,0,0,0,0,0,0,0,0,0,0,0,0,0,0,0,0,0,0,0,0,0,0,0,0,0,0,0,0,0,0,0
1914,16.06,55.22,2020,PL,27,272,49.0,30,22.0,640,1,85.0,58.84687885799927,557.9790692325705,36.0,8.747817039489746,110.14358520507812,11.17,9.67,1,1,0,1,0,1,0,0,0,0,0,0,0,0,0,0,0,0,0,1,0,0,0,0,0,0,0,0,0,0,0,0,0,0,0,0,0,0,0,0,0,0,0,0,0
1915,16.34,55.17,2020,PL,28,272,45.0,30,21.0,870,1,65.0,70.43158554961371,576.5020580362249,20.0,8.822076797485352,176.94332885742188,9.24,8.63,1,1,0,1,0,0,0,0,0,0,0,0,0,0,0,0,0,0,0,0,0,0,0,0,0,0,0,0,0,0,0,0,0,0,0,0,0,0,0,0,0,0,0,0,0
1916,19.08,55.11,2020,PL,3,260,59.0,30,21.0,680,1,94.0,51.72200683771676,752.7301979895404,35.0,8.357414245605469,134.71067810058594,9.24,6.46,1,1,0,1,0,0,0,0,0,0,0,0,0,0,0,0,0,0,0,0,0,0,0,0,0,0,0,0,0,0,0,0,0,0,0,0,0,0,0,0,0,0,0,0,0
1917,19.31,54.83,2020,PL,4,260,42.0,30,20.0,950,1,107.0,38.54106635525381,769.7706503397361,65.0,8.610627174377441,123.8725814819336,7.77,7.34,1,0,0,1,0,0,0,0,0,0,0,0,0,0,0,0,0,0,0,0,0,0,0,0,0,0,0,0,0,0,0,0,0,0,0,0,0,0,0,0,0,0,0,0,0
1918,19.14,54.42,2020,PL,5,262,21.0,10,19.0,870,1,47.0,8.341975692830871,775.22825988011,26.0,8.109604835510254,272.1425170898437,8.11,11.86,0,1,0,0,0,0,0,0,0,0,0,0,0,0,0,0,0,0,0,0,0,0,0,0,0,0,0,0,0,0,0,0,0,0,0,0,0,0,0,0,0,0,0,0,0
1919,19.31,54.5,2020,PL,6,263,35.0,20,20.0,335,1,70.0,14.479265179319714,782.1010141976141,35.0,7.984608650207519,180.13331604003906,7.31,10.25,1,1,0,0,0,0,0,0,0,0,1,0,0,0,0,0,0,0,0,0,0,0,0,0,0,0,0,0,0,0,0,0,0,0,0,0,0,0,0,0,0,0,0,0,0
1920,19.17,54.59,2020,PL,7,263,51.5,30,19.0,550,1,80.0,22.57343945630469,769.1050550341907,28.5,8.412701606750488,177.61619567871094,8.38,6.83,1,1,0,1,0,0,0,0,0,0,0,0,0,0,0,0,0,0,0,0,0,0,0,0,0,0,0,0,0,0,0,0,0,0,0,0,0,0,0,0,0,0,0,0,0
1921,18.67,55.7,2020,PL,8,264,60.0,30,19.0,585,1,99.0,98.57178868036948,726.1976425123294,39.0,8.9508695602417,189.31700134277344,8.64,5.96,1,1,0,1,0,0,0,0,0,0,0,0,0,0,0,0,0,0,0,0,0,0,0,0,0,0,0,0,0,0,0,0,0,0,0,0,0,0,0,0,0,0,0,0,0
1922,18.65,55.34,2020,PL,9,264,45.0,30,20.0,845,1,81.0,59.67834145525083,724.652088315564,36.0,8.521294593811035,182.5130920410156,7.31,7.78,1,1,0,1,0,0,0,0,0,0,0,0,0,0,0,0,0,0,0,0,0,0,0,0,0,0,0,0,0,0,0,0,0,0,0,0,0,0,0,0,0,0,0,0,0
1923,17.196,57.6124,2021,SE,1,270,20.0,35,25.23,188,-1,101.0,26.242673344265064,759.7350973449528,81.0,8.768301010131836,41.40984344482422,6.83,10.0,1,1,1,0,1,0,0,0,0,0,0,0,0,0,0,0,0,0,0,0,0,0,0,0,0,0,0,0,0,0,0,0,0,0,0,0,0,0,0,0,0,0,0,0,0
1924,17.2988,57.2346,2021,SE,2,270,35.0,32,25.6,493,1,59.0,12.933354757360718,728.4121808483213,24.0,8.786299705505371,93.56517791748048,7.75,6.93,1,1,1,0,1,0,0,0,0,0,1,0,0,0,0,0,0,0,0,0,0,0,0,0,0,0,0,0,0,0,0,0,0,0,0,0,0,0,0,0,0,0,0,0,0
1925,17.2024,56.7754,2021,SE,3,270,21.0,31,28.07,803,1,90.0,22.565713918850143,683.8555331432073,69.0,8.725228309631348,12.8541841506958,6.59,11.63,1,1,1,0,1,0,0,0,0,0,0,0,0,0,0,0,0,0,0,0,1,0,0,0,0,0,0,0,0,0,0,0,0,0,0,0,0,0,0,0,0,0,0,0,0
1926,16.9095,56.6217,2021,SE,4,270,13.0,58,24.0,1044,0,64.0,12.375090364732626,658.4974669619497,51.0,8.592947006225586,84.33920288085938,6.67,11.74,1,1,1,0,1,0,0,0,0,0,1,0,0,0,0,0,0,0,0,0,0,0,0,0,0,0,0,0,0,0,0,0,0,0,0,0,0,0,0,0,0,0,0,0,0
1927,17.49,56.6219,2021,SE,5,271,20.0,47,28.0,19,-1,76.0,45.479941907850105,685.1194799803934,56.0,8.833806037902832,6.315759658813477,6.6,11.08,1,1,1,0,1,1,0,0,0,0,0,0,0,0,0,0,0,0,0,0,0,0,0,0,0,0,0,0,0,0,0,0,0,0,0,0,0,0,0,0,0,0,0,0,0
1928,17.7825,57.1533,2021,SE,6,271,16.0,28,29.99,408,1,96.0,17.753777478918437,737.9756097425409,80.0,8.817001342773438,25.13778305053711,6.52,12.2,1,1,1,0,1,1,0,0,0,0,0,0,0,0,0,0,0,0,0,0,0,0,0,0,0,0,0,0,0,0,0,0,0,0,0,0,0,0,0,0,0,0,0,0,0
1929,18.1317,57.68,2021,SE,7,271,19.0,26,28.8,784,1,103.0,10.24804111283138,797.7170497653949,84.0,8.891738891601562,34.0203857421875,6.39,11.83,1,1,1,0,0,0,0,0,0,0,0,0,0,0,1,0,0,0,0,0,0,0,0,0,0,0,0,0,0,0,0,0,0,0,0,0,0,0,0,0,0,0,0,0,0
1930,17.5416,57.866,2021,SE,8,271,19.0,25,27.99,1160,-1,152.0,43.16992862707928,794.3425086293116,133.0,8.906803131103516,37.505985260009766,6.36,12.11,1,1,1,0,1,0,0,0,0,0,0,0,0,0,0,0,0,0,0,0,0,0,0,0,0,0,0,0,0,0,0,0,0,0,0,0,0,0,0,0,0,0,0,0,0
1931,17.4083,58.1339,2021,SE,9,272,21.0,41,28.66,42,-1,86.0,25.57941881913796,818.2809594159193,65.0,8.869769096374512,61.77058410644531,6.4,11.88,1,1,1,0,1,0,0,0,0,0,0,0,0,0,0,0,0,0,0,0,0,0,0,0,0,0,0,0,0,0,0,0,0,0,0,0,0,0,0,0,0,0,0,0,0
1932,17.6106,58.3922,2021,SE,10,272,23.0,20,29.19,401,1,105.0,33.35176699035033,849.3389309279844,82.0,8.852054595947266,45.75120162963867,6.42,11.53,1,1,1,0,0,0,0,0,0,0,0,0,0,0,0,0,0,0,0,0,1,0,0,0,0,0,0,0,0,0,0,0,0,0,0,0,0,0,0,0,0,0,0,0,0
1933,18.194,58.3879,2021,SE,11,272,17.0,40,29.0,640,1,156.0,45.97090162079927,864.4816958355217,139.0,8.942851066589355,52.84896087646485,6.32,12.02,1,1,1,0,0,1,0,0,0,0,0,0,0,0,0,0,0,0,0,0,0,0,0,0,0,0,0,0,0,0,0,0,0,0,0,0,0,0,0,0,0,0,0,0,0
1934,18.7454,58.1171,2021,SE,12,272,16.0,47,27.64,1022,0,85.0,21.31838232612892,858.6636611625822,69.0,8.948813438415527,58.54486846923828,6.44,11.43,1,1,1,0,1,0,0,0,0,0,1,0,0,0,0,0,0,0,0,0,0,0,0,0,0,0,0,0,0,0,0,0,0,0,0,0,0,0,0,0,0,0,0,0,0
1935,18.6103,58.5811,2021,SE,13,272,19.0,30,27.94,1413,-1,193.0,40.058376682273966,895.734284977754,174.0,8.813983917236328,48.04937362670898,6.17,11.97,1,1,1,0,1,0,0,0,0,0,0,0,0,0,0,0,0,0,0,0,0,0,0,0,0,0,0,0,0,0,0,0,0,0,0,0,0,0,0,0,0,0,0,0,0
1936,18.3757,58.5761,2021,SE,14,273,20.0,61,27.99,110,-1,188.0,35.07674424693878,887.3829284705777,168.0,8.848804473876953,48.36068344116211,6.22,11.84,1,1,1,0,0,1,0,0,0,0,0,0,0,0,0,0,0,0,0,0,0,0,0,0,0,0,0,0,0,0,0,0,0,0,0,0,0,0,0,0,0,0,0,0,0
1937,18.4305,58.7343,2021,SE,15,273,22.0,20,28.84,395,1,357.0,22.77621550623313,904.018270044216,335.0,8.85998821258545,53.04246520996094,6.18,11.6,1,1,1,0,0,0,0,0,0,0,0,0,0,0,0,0,0,0,0,0,0,0,0,0,0,0,0,0,0,0,0,0,0,0,0,0,0,0,0,0,0,0,0,0,0
1938,19.2949,58.689,2021,SE,16,273,22.0,45,29.05,739,1,146.0,33.49389927525467,930.17871676576,124.0,9.045395851135254,52.642333984375,6.41,11.29,1,1,1,0,0,0,0,0,0,0,0,0,0,0,0,0,0,0,0,0,0,0,0,0,0,0,0,0,0,0,0,0,0,0,0,0,0,0,0,0,0,0,0,0,0
1939,19.5096,58.8876,2021,SE,17,273,20.0,45,26.65,1120,-1,118.0,49.060753731843846,955.787196644918,98.0,9.005648612976074,58.54378890991211,6.42,11.87,1,1,1,0,0,0,0,0,0,0,1,0,0,0,0,0,0,0,0,0,0,0,0,0,0,0,0,0,0,0,0,0,0,0,0,0,0,0,0,0,0,0,0,0,0
1940,19.238,59.0781,2021,SE,18,273,22.0,46,30.0,1407,-1,77.0,25.87625736192395,962.466516721474,55.0,8.826983451843262,74.28981018066406,6.29,11.44,1,1,1,0,0,0,0,0,0,0,0,0,0,0,1,0,0,1,0,0,0,0,0,0,0,0,0,0,0,0,0,0,0,0,0,0,0,0,0,0,0,0,0,0,0
1941,19.8592,59.1213,2021,SE,19,274,25.0,37,29.43,381,1,88.0,43.07794387120799,988.649167030878,63.0,8.889517784118652,65.99673461914062,6.48,10.5,1,1,1,0,1,1,0,0,0,0,0,0,0,0,0,0,0,0,0,0,1,0,0,0,0,0,0,0,0,0,0,0,0,0,0,0,0,0,0,0,0,0,0,0,0
1942,20.1399,58.8433,2021,SE,20,274,20.0,40,28.17,661,1,141.0,71.55049993780717,974.3802449648214,121.0,9.324419975280762,63.92753219604492,6.51,11.97,1,1,1,0,1,0,0,0,0,0,0,0,0,0,1,0,0,0,0,0,1,0,0,0,0,0,0,0,0,0,0,0,0,0,0,0,0,0,0,0,0,0,0,0,0
1943,20.1,58.5703,2021,SE,21,274,15.0,46,26.6,1047,-1,102.0,51.117701478907776,950.55690324435,87.0,9.22189998626709,96.00521850585938,6.52,11.85,1,1,1,0,1,1,0,0,0,0,0,0,0,0,0,0,0,0,0,0,0,0,0,0,0,0,0,0,0,0,0,0,0,0,0,0,0,0,0,0,0,0,0,0,0
1944,19.6093,58.3997,2021,SE,22,274,21.0,45,29.16,1328,-1,99.0,17.882161716853684,916.2048945581756,78.0,9.164592742919922,65.4547119140625,6.7,10.84,1,1,1,0,1,1,0,0,0,0,1,0,0,0,0,0,0,0,0,0,0,0,0,0,0,0,0,0,0,0,0,0,0,0,0,0,0,0,0,0,0,0,0,0,0
1945,19.4249,58.109,2021,SE,23,275,16.0,31,28.62,172,-1,79.0,15.098243125640655,887.7899318587995,63.0,9.09495449066162,77.20801544189453,6.73,11.46,1,1,1,1,1,1,0,0,0,0,1,0,0,0,0,0,0,0,0,0,0,0,0,0,0,0,0,0,0,0,0,0,1,0,0,0,0,0,0,0,0,0,0,0,0
1946,19.8726,57.8639,2021,SE,24,275,26.0,60,27.8,485,1,151.0,33.12199234943898,885.9863927113352,125.0,9.128817558288574,43.12676239013672,6.91,9.98,1,1,1,0,1,1,0,0,0,0,0,0,0,0,0,0,0,0,0,0,0,0,0,0,0,0,0,0,0,0,0,0,0,0,0,0,0,0,0,0,0,0,0,0,0
1947,19.4839,57.577,2021,SE,25,275,17.0,20,34.14,928,0,96.0,33.35403024688901,846.1220444607933,79.0,9.023923873901367,84.99099731445312,6.91,12.02,1,1,1,0,1,1,0,0,0,0,0,0,0,0,0,0,0,0,0,0,0,0,0,0,0,0,0,0,0,0,0,0,0,0,0,0,0,0,0,0,0,0,0,0,0
1948,19.8291,57.4677,2021,SE,26,275,20.0,35,29.19,1153,-1,159.0,50.939871516546624,856.3186115620598,139.0,9.113895416259766,55.24571990966797,6.87,12.14,1,1,1,0,1,0,0,0,0,0,0,0,0,0,0,0,0,0,0,0,0,0,0,0,0,0,0,0,0,0,0,0,0,0,0,0,0,0,0,0,0,0,0,0,0
1949,19.4046,57.2666,2021,SE,27,276,20.0,45,29.07,59,-1,150.0,32.48001043242171,823.2927104791833,130.0,9.02033519744873,57.91074752807617,6.93,12.04,1,1,1,0,0,0,0,0,0,0,0,0,0,0,0,0,0,0,0,0,0,0,0,0,0,0,0,0,0,0,0,0,0,0,0,0,0,0,0,0,0,0,0,0,0
1950,18.9598,57.1616,2021,SE,28,276,11.0,28,28.92,426,1,67.0,17.33033449325966,793.8726926929173,56.0,8.779346466064453,155.20323181152344,6.94,12.44,1,1,1,0,0,1,0,0,0,0,0,0,0,0,0,0,0,0,0,0,0,0,0,0,0,0,0,0,0,0,0,0,0,0,0,0,0,0,0,0,0,0,0,0,0
1951,18.9133,56.7199,2021,SE,29,276,14.0,67,27.67,876,1,110.0,43.74745902533202,766.9659281833183,96.0,8.940293312072754,112.9830551147461,6.96,12.15,1,1,1,0,0,1,0,0,0,0,1,0,0,0,0,0,0,0,0,0,0,0,0,0,1,0,0,0,0,0,0,0,0,0,0,0,0,0,0,0,0,0,0,0,0
1952,18.8668,56.6041,2021,SE,30,276,17.0,41,28.56,1158,-1,77.0,49.982207935115255,759.0257188116204,60.0,8.885664939880371,157.3820037841797,6.97,12.07,1,1,1,0,1,1,0,0,0,0,1,0,0,0,0,0,0,0,0,0,0,0,0,0,0,0,0,0,0,0,0,0,0,0,0,0,0,0,0,0,0,0,0,0,0
1953,18.5225,56.3632,2021,SE,31,277,11.0,18,28.7,163,-1,60.0,63.60430646941972,729.9890306915491,49.0,8.837379455566406,197.51092529296875,6.81,12.23,1,1,1,1,0,0,0,0,0,0,1,0,0,0,0,0,0,0,0,0,0,0,0,0,0,0,0,0,0,0,0,0,0,0,0,0,0,0,0,0,0,0,0,0,0
1954,18.4682,56.122,2021,SE,32,277,26.0,97,30.02,455,1,97.0,88.65058169815835,717.9769601237924,71.0,8.874225616455078,106.50738525390624,7.16,7.82,1,1,1,0,0,1,0,0,0,0,0,0,0,0,0,0,0,0,1,0,0,0,0,0,0,0,0,0,0,0,0,0,0,0,0,0,0,0,0,0,0,0,0,0,0
1955,17.7547,56.1235,2021,SE,33,277,32.0,35,30.36,771,1,66.0,78.58109895525448,675.7831499909942,34.0,8.793441772460938,166.88662719726562,7.94,6.34,1,1,1,0,0,0,0,0,0,0,0,0,0,0,0,0,0,0,0,0,0,0,0,0,0,0,0,0,0,0,0,0,0,0,0,0,0,0,0,0,0,0,0,0,0
1956,17.7708,56.3002,2021,SE,34,277,9.0,22,32.54,965,0,48.0,71.8580403224769,683.8264743767978,39.0,8.817017555236816,197.8358917236328,6.61,12.02,1,1,1,0,1,1,0,0,0,0,0,0,0,0,0,0,0,0,0,0,0,0,0,0,0,0,0,0,0,0,0,0,0,0,0,0,0,0,0,0,0,0,0,0,0
1957,16.7117,56.2516,2021,SE,35,277,14.0,29,29.19,1410,-1,55.0,13.193496826242296,621.9750865286456,41.0,8.552589416503906,101.94956970214844,6.73,11.61,1,1,1,1,1,0,0,0,0,0,0,0,0,0,0,0,0,0,0,0,0,0,0,0,0,0,0,0,0,0,0,0,0,0,0,0,0,0,0,0,0,0,0,0,0
1958,17.1833,55.9554,2021,SE,36,278,8.0,17,31.75,214,-1,46.0,53.66968524011119,636.1781086436537,38.0,8.657003402709961,232.65879821777344,6.79,12.18,1,1,1,1,1,0,0,0,0,0,0,0,0,0,0,0,0,0,0,0,0,0,0,0,0,0,0,0,0,0,0,0,0,0,0,0,0,0,0,0,0,0,0,0,0
1959,17.696,55.8742,2021,SE,37,278,27.0,35,28.19,442,1,60.0,85.86440105983235,665.0015446799167,33.0,8.820043563842773,124.64766693115234,7.34,7.57,1,1,1,0,0,0,0,0,0,0,0,0,0,0,0,0,0,0,0,0,0,0,0,0,0,0,0,0,0,0,0,0,0,0,0,0,0,0,0,0,0,0,0,0,0
1960,16.6008,55.7562,2021,SE,38,278,12.0,27,27.21,922,0,56.0,51.2784954726932,595.6312528262,44.0,8.56556224822998,225.00965881347656,6.91,12.52,1,1,1,0,0,1,0,0,0,0,0,0,0,0,0,0,0,1,0,0,1,0,0,0,0,0,0,0,0,0,0,0,0,0,0,0,0,0,0,0,0,0,0,0,0
1961,16.2824,55.7371,2021,SE,39,278,19.0,30,31.31,1225,-1,64.0,43.136762406040425,574.9575968236687,45.0,8.42191219329834,222.18487548828125,6.91,12.57,1,1,1,1,1,0,0,0,0,0,0,0,0,0,0,0,0,0,0,0,0,0,0,0,0,0,0,0,0,0,0,0,0,0,0,0,0,0,0,0,0,0,0,0,0
1962,15.8202,55.3948,2021,SE,40,279,22.0,40,28.61,65,-1,95.0,52.05467561983342,542.6067194261566,73.0,8.568387031555176,204.0102386474609,7.12,12.87,1,1,0,1,0,1,0,0,0,0,1,0,0,0,0,0,0,0,0,0,0,0,0,0,0,0,0,0,0,0,0,0,0,0,0,0,0,0,0,0,0,0,0,0,0
1963,15.6422,55.1904,2021,SE,41,279,50.0,30,28.97,330,0,92.0,32.42639853124967,531.2914494602172,42.0,8.560506820678711,201.9641571044922,13.07,10.82,1,1,0,1,0,0,0,0,0,0,0,0,0,0,0,0,0,0,0,0,0,0,0,0,0,0,0,0,0,0,0,0,0,0,0,0,0,0,0,0,0,0,0,0,0
1964,14.8739,55.3713,2021,SE,42,279,32.0,46,26.87,709,1,69.0,10.796270813775008,481.1706923394986,37.0,8.668919563293457,176.03378295898438,8.98,10.71,1,1,0,0,0,1,0,0,0,0,0,0,0,0,0,0,0,0,0,0,0,0,0,0,0,0,0,0,0,0,0,0,0,0,0,0,0,0,0,0,0,0,0,0,0
1965,14.6014,55.6148,2021,SE,43,279,24.0,58,28.08,978,0,64.0,17.002287522309835,472.5974203609632,40.0,8.489492416381836,208.20559692382807,7.22,12.08,1,1,0,1,0,1,0,0,0,0,0,0,0,0,0,0,0,0,0,0,0,0,0,0,0,0,0,0,0,0,0,0,0,0,0,0,0,0,0,0,0,0,0,0,0
1966,14.8569,55.6814,2021,SE,44,279,24.0,56,26.27,1361,-1,61.0,34.34446927278071,489.9046704274833,37.0,8.436043739318848,230.92721557617188,7.17,11.69,1,1,1,1,1,1,0,0,0,0,1,0,0,0,0,0,0,1,0,0,0,0,0,0,0,0,0,0,0,0,0,0,0,0,0,0,0,0,0,0,0,0,0,0,0
1967,15.2223,55.5821,2021,SE,45,280,16.0,60,29.88,157,-1,75.0,42.59779690146613,505.6191742236979,59.0,8.504895210266113,181.465072631836,7.03,12.91,1,1,1,1,1,1,0,0,0,0,1,0,0,0,0,0,0,0,0,0,1,0,0,0,0,0,0,0,0,0,0,0,0,0,0,0,0,0,0,0,0,0,0,0,0
1968,15.7907,55.5226,2021,SE,46,280,39.0,47,28.78,432,1,81.0,54.686285097452405,541.0151639873922,42.0,8.52730655670166,227.249755859375,9.16,8.83,1,1,0,0,0,1,0,0,0,0,0,0,0,0,0,0,0,0,0,0,0,0,0,0,0,0,0,0,0,0,0,0,0,0,0,0,0,0,0,0,0,0,0,0,0
1969,16.1385,56.058,2021,SE,47,280,10.0,46,28.0,814,1,38.0,17.188984903267492,580.4882964868274,28.0,8.551468849182129,215.520736694336,6.86,12.18,1,1,1,0,0,1,0,0,0,0,0,0,0,0,0,0,0,0,0,0,0,0,0,0,0,0,0,0,0,0,0,0,0,0,0,0,0,0,0,0,0,0,0,0,0
1970,20.45,58.266945,2021,EE,1,297,40.0,30,35.0,460,1,138.0,66.9991096645867,942.1427026844492,98.0,9.308496475219728,75.69428253173828,7.44,5.75,1,1,1,1,0,0,0,0,0,0,0,0,0,0,0,0,0,0,0,0,0,0,0,0,0,0,0,0,0,0,0,0,0,0,0,0,0,0,0,0,0,0,0,0,0
1971,20.468334,58.383335,2021,EE,2,297,55.0,20,25.0,575,1,136.0,67.09947495593275,952.5809779005268,81.0,9.28781032562256,70.99214935302734,9.02,6.32,1,1,1,1,1,0,0,0,0,0,0,0,0,0,0,0,0,0,0,0,0,0,0,0,0,0,0,0,0,0,0,0,0,0,0,0,0,0,0,0,0,0,0,0,0
1972,21.03389,58.38389,2021,EE,3,297,60.0,30,25.0,755,1,101.0,44.00434163064895,975.7914335299258,41.0,9.265727996826172,62.33204650878906,9.36,6.38,1,1,1,0,1,0,0,0,0,0,0,0,0,0,0,0,0,0,0,0,0,0,0,0,0,0,0,0,0,0,0,0,0,0,0,0,0,0,0,0,0,0,0,0,0
1973,21.285,58.38389,2021,EE,4,297,45.0,15,25.0,865,0,84.0,29.53898012620981,986.27748376978,39.0,9.263784408569336,84.9678955078125,7.81,6.48,1,1,1,0,0,1,0,0,0,0,0,0,0,0,0,0,0,0,0,0,0,0,0,0,0,0,0,0,0,0,0,0,0,0,0,0,0,0,0,0,0,0,0,0,0
1974,23.433332,59.384724,2021,EE,5,298,30.0,10,17.0,420,1,93.0,9.459724180568196,1156.8565165514583,63.0,8.975639343261719,50.32795715332031,6.46,9.5,1,1,1,0,1,1,0,0,0,0,0,0,0,0,0,0,0,0,0,0,0,0,0,0,0,0,0,0,0,0,0,0,0,0,0,0,0,0,0,0,0,0,0,0,0
1975,23.884167,59.468334,2021,EE,6,298,35.0,10,23.0,595,1,86.0,12.58940150051844,1183.5684159974835,51.0,8.849152565002441,75.93827056884766,6.49,9.31,1,1,1,0,1,0,0,0,0,0,0,1,0,0,0,0,0,0,0,0,0,0,0,0,0,0,0,0,0,0,0,0,0,0,0,0,0,0,0,0,0,0,0,0,0
1976,24.25,59.535,2021,EE,7,298,45.0,15,23.0,805,1,69.0,9.24484151055288,1205.679978549621,24.0,8.837308883666992,71.73848724365234,7.25,8.07,1,1,1,0,1,0,0,0,0,0,0,1,0,0,0,0,0,0,0,0,0,0,0,0,0,0,0,0,0,0,0,0,0,0,0,0,0,0,0,0,0,0,0,0,0
1977,24.885279,59.73389,2021,EE,8,299,20.0,15,20.0,355,0,85.0,11.639224808104492,1247.5637901852233,65.0,8.584545135498047,78.48106384277344,5.65,10.49,1,1,1,0,1,0,0,0,0,0,0,0,0,0,0,0,0,0,0,0,0,0,0,0,0,0,0,0,0,0,0,0,0,0,0,0,0,0,0,0,0,0,0,0,0
1978,25.185,59.734722,2021,EE,9,299,35.0,10,23.0,460,1,89.0,14.48756905681474,1261.9926171206023,54.0,8.484042167663574,63.22223663330078,6.59,8.59,1,1,1,0,1,0,0,0,0,0,0,0,0,0,0,0,0,0,0,0,0,0,0,0,0,0,0,0,0,0,0,0,0,0,0,0,0,0,0,0,0,0,0,0,0
1979,25.634722,59.75028,2021,EE,10,299,35.0,10,18.0,600,1,88.0,9.99512432552506,1285.5798679062564,53.0,8.550457954406738,65.62344360351562,6.78,8.25,1,1,1,0,1,0,0,0,0,0,0,1,0,0,0,0,0,0,0,0,0,0,0,0,0,0,0,0,0,0,0,0,0,0,0,0,0,0,0,0,0,0,0,0,0
1980,26.1525,59.75,2021,EE,11,299,25.0,15,25.0,750,1,80.0,15.368843364960998,1314.118856813437,55.0,8.369039535522461,82.66328430175781,6.06,8.65,1,1,1,0,1,0,0,0,0,0,0,1,0,0,0,0,0,0,0,0,0,0,0,0,0,0,0,0,0,0,0,0,0,0,0,0,0,0,0,0,0,0,0,0,0
1981,26.5025,59.75,2021,EE,12,299,20.0,10,18.0,865,0,82.0,22.70372669525374,1333.056696181494,62.0,8.323259353637695,113.35946655273438,4.85,10.75,1,1,1,0,1,0,0,0,0,0,0,1,0,0,0,0,0,0,0,0,0,0,0,0,0,0,0,0,0,0,0,0,0,0,0,0,0,0,0,0,0,0,0,0,0
1982,24.018888,59.4675,2021,EE,13,300,40.0,15,20.0,435,1,82.0,8.395094021909113,1191.5800360724363,42.0,8.831263542175293,74.69125366210938,6.77,8.64,1,1,1,0,1,0,0,0,0,0,0,0,0,0,0,0,0,0,0,0,0,0,0,0,0,0,0,0,0,0,0,0,0,0,0,0,0,0,0,0,0,0,0,0,0
1983,22.618334,59.334446,2021,EE,14,301,50.0,15,25.0,420,1,109.0,26.89644366826533,1117.2099869919282,59.0,9.021047592163086,53.32833099365234,8.1,6.47,1,1,1,0,1,1,0,0,0,0,0,0,0,0,0,0,0,0,0,0,0,0,0,0,0,0,0,0,0,0,0,0,0,0,0,0,0,0,0,0,0,0,0,0,0
1984,22.134167,59.135277,2021,EE,15,301,45.0,5,20.0,630,1,69.0,21.318382326126088,1081.5142009926706,24.0,9.16081428527832,156.36952209472656,7.44,8.31,1,1,1,0,0,1,0,0,0,0,0,1,0,0,0,0,0,0,0,0,0,0,0,0,0,0,0,0,0,0,0,0,0,0,0,0,0,0,0,0,0,0,0,0,0
1985,21.71889,59.267223,2021,EE,16,301,15.0,15,20.0,790,1,105.0,40.855568539644025,1074.2119685155683,90.0,9.278626441955566,60.74504089355469,6.13,11.67,0,0,1,0,0,0,0,0,0,0,0,0,0,0,0,0,0,0,0,0,0,0,0,0,0,0,0,0,0,0,0,0,0,0,0,0,0,0,0,0,0,0,0,0,0
1986,21.516666,59.20111,2021,EE,17,301,40.0,20,27.0,870,0,107.0,42.54017962963636,1060.315874524922,67.0,9.308853149414062,50.97677612304688,7.2,7.79,1,1,1,0,1,0,0,0,0,0,0,0,0,0,0,0,0,0,0,0,0,0,0,0,0,0,0,0,0,0,0,0,0,0,0,0,0,0,0,0,0,0,0,0,0
1987,21.35111,58.635,2021,EE,18,302,50.0,20,25.0,375,0,84.0,33.0110427987109,1009.450173435205,34.0,9.344548225402832,71.95025634765625,8.78,6.19,1,1,1,0,0,0,0,0,0,0,0,1,0,0,0,0,0,0,0,0,0,0,0,0,0,0,0,0,0,0,0,0,0,0,0,0,0,0,0,0,0,0,0,0,0
1988,22.016945,58.635277,2021,EE,19,302,18.0,15,22.0,590,1,38.0,13.84716680132137,1037.119102606548,20.0,9.14342975616455,292.7970886230469,6.57,11.26,1,1,1,0,1,0,0,0,0,0,1,0,0,0,0,0,0,0,0,0,0,0,0,0,0,0,0,0,0,0,0,0,0,0,0,0,0,0,0,0,0,0,0,0,0
1989,21.250834,58.918888,2021,EE,20,303,60.0,30,21.0,590,1,72.0,45.93474840948758,1026.596227534115,12.0,9.333030700683594,96.91949462890624,9.21,6.19,1,1,1,1,0,0,0,0,0,0,0,0,0,0,0,0,0,0,0,0,0,0,0,0,0,0,0,0,0,0,0,0,0,0,0,0,0,0,0,0,0,0,0,0,0
1990,12.1572,54.3987,2021,DE,1,282,6.0,30,6.5,1028,0,21.0,15.957800408344204,465.7806585642751,15.0,9.19487190246582,169.90847778320312,11.79,13.9,1,1,1,0,0,0,1,1,1,1,0,0,1,1,0,0,0,0,0,1,0,0,0,0,0,0,0,0,0,0,0,0,0,0,0,0,0,0,0,0,0,0,0,0,0
1991,12.7128,54.7195,2021,DE,2,282,11.5,30,6.6,1251,-1,21.0,27.421967924468355,437.0826342571088,9.5,8.855998992919922,248.276611328125,10.01,13.85,1,1,1,0,0,0,0,1,1,1,1,0,0,1,0,0,0,1,0,0,0,0,0,0,0,0,0,0,0,0,0,0,0,0,0,0,0,0,0,0,0,0,0,0,0
1992,13.5612,54.7172,2021,DE,3,283,28.5,20,6.3,22,-1,35.0,8.848707961462098,444.8309087127114,6.5,8.728299140930176,253.5842742919922,12.04,14.03,1,1,1,0,0,0,1,0,1,0,1,0,0,0,0,0,0,0,0,1,0,0,0,0,0,0,0,0,0,0,0,0,0,0,0,0,0,0,0,0,0,0,0,0,0
1993,14.1167,54.6778,2021,DE,4,283,14.5,30,7.199996,1098,-1,26.0,31.01759912700213,469.081549147933,11.5,8.495840072631836,282.40185546875,7.58,13.45,1,1,1,1,0,0,0,1,0,0,0,0,0,0,0,0,0,0,0,0,0,0,0,0,0,0,0,0,0,0,0,0,0,0,0,0,0,0,0,0,0,0,0,0,0
1994,13.8255,54.5682,2021,DE,5,283,12.0,30,7.6,1128,-1,21.0,9.673101629833765,468.2268566704229,9.0,8.644172668457031,271.54150390625,7.58,13.73,1,1,1,1,0,0,1,0,1,0,1,0,0,0,0,0,0,1,0,0,0,0,0,0,0,0,0,0,0,0,0,0,0,0,0,0,0,0,0,0,0,0,0,0,1
1995,13.7258,54.4882,2021,DE,6,283,11.0,30,7.6,1216,-1,20.0,5.480601244361048,472.5796354710181,9.0,8.16219711303711,253.096435546875,7.64,13.9,1,1,0,1,0,0,1,1,1,0,1,0,0,0,0,0,0,0,0,0,0,0,0,0,0,0,0,0,0,0,0,0,0,0,0,0,0,0,0,0,0,0,0,0,1
1996,14.6905,54.6198,2021,DE,7,284,29.5,30,6.8,117,-1,45.0,45.83592458417675,501.8974954335091,15.5,8.587657928466797,198.05030822753903,8.49,12.01,1,1,1,1,0,0,1,0,1,0,1,0,0,0,0,0,0,0,0,0,0,0,0,0,0,0,0,0,0,0,0,0,0,0,0,0,0,0,0,0,0,0,0,0,0
1997,14.1902,54.9002,2021,DE,8,284,19.5,30,6.8999963,1013,0,39.0,38.37039997799565,456.59550083352406,19.5,8.905585289001465,185.5047607421875,7.9,13.19,1,1,1,1,0,1,1,0,1,0,1,0,0,1,0,0,0,0,0,1,0,0,0,0,0,0,0,0,0,0,0,0,0,0,0,0,0,0,0,0,0,0,0,0,0
1998,13.6935,54.8977,2021,DE,9,284,34.0,15,6.5,1191,-1,46.0,29.396555995967947,432.3742376506427,12.0,8.847604751586914,145.1817169189453,14.75,14.6,1,1,1,1,0,0,1,1,1,0,0,0,0,0,0,0,0,0,0,0,0,0,0,0,0,0,0,0,0,0,0,0,0,0,0,0,0,0,0,0,0,0,0,0,0
1999,12.9772,54.8985,2021,DE,10,285,21.5,30,7.3,1248,-1,39.0,28.154059495217385,416.7088618809224,17.5,8.746784210205078,245.9155731201172,8.45,13.81,1,0,1,1,0,0,0,1,1,0,0,0,0,0,0,0,0,0,0,0,0,0,0,0,0,0,0,0,0,0,0,0,0,0,0,0,0,0,0,0,0,0,1,0,0
2000,12.3775,54.8313,2021,DE,11,285,11.5,30,6.8,1435,-1,21.0,12.13169067201595,427.561621916472,9.5,8.747461318969727,171.60922241210938,11.93,14.27,1,1,1,1,0,0,1,1,1,0,0,0,0,1,0,0,0,0,0,0,0,0,0,0,0,0,0,0,0,0,0,0,0,0,0,0,0,0,0,0,0,0,1,0,0
2001,11.735,54.2667,2021,DE,12,286,13.0,30,7.8,1017,0,25.0,12.976406633292388,459.8218645009949,12.0,9.126455307006836,91.04773712158205,15.65,14.68,0,0,1,1,0,0,1,1,1,1,0,0,0,0,0,0,0,0,0,0,0,0,0,0,0,0,0,0,0,0,0,0,0,0,0,0,0,0,0,0,0,0,0,0,0
2002,11.1205,54.0802,2021,DE,13,286,12.5,30,7.6,1215,-1,23.0,7.459883058350844,475.0495204452002,10.5,9.232898712158203,0.4337557554244995,20.03,16.71,1,0,1,1,0,0,1,1,0,1,1,0,1,0,0,0,0,0,0,1,0,0,0,0,1,0,0,0,0,0,0,0,0,0,0,0,0,0,0,0,0,0,0,0,0
2003,11.464,54.4322,2021,DE,14,286,15.0,30,7.8999963,1413,-1,25.0,10.677721484405804,435.77606390268033,10.0,9.385162353515623,154.07107543945312,17.82,14.73,1,1,1,1,0,0,1,1,1,1,1,0,1,1,0,0,0,0,0,0,0,0,0,0,0,0,0,0,0,0,0,0,0,0,0,0,0,0,0,0,0,0,0,0,0
2004,11.251,54.5728,2021,DE,15,287,16.5,30,7.3,109,-1,28.0,8.496552958798858,417.6357480690173,11.5,9.631107330322266,165.94598388671875,22.27,15.05,1,0,1,1,0,0,1,1,0,1,0,0,1,0,0,0,0,0,0,1,0,0,0,0,1,0,1,0,0,0,0,0,0,0,0,0,0,1,0,0,0,0,0,0,0
2005,10.7187,54.5623,2021,DE,16,287,10.0,30,6.8999963,999,0,23.0,17.684191718921948,418.5626342571088,13.0,10.297724723815918,183.33604431152344,15.34,14.36,1,1,0,0,0,0,0,1,0,0,0,0,0,0,0,0,0,0,0,0,0,0,0,0,1,0,0,0,0,0,0,0,0,0,0,0,0,0,0,0,0,0,0,0,0
2006,10.7067,54.4372,2021,DE,17,287,7.0,30,7.8999963,1095,-1,20.0,11.07433873063906,433.3750895047388,13.0,10.395654678344728,132.01792907714844,13.74,14.22,1,1,1,1,0,0,1,1,1,1,0,0,1,1,0,0,0,0,0,0,0,0,0,0,1,0,0,0,0,0,0,0,0,0,0,0,0,0,0,0,0,0,0,0,0
2007,10.3523,54.7848,2021,DE,18,288,15.0,30,6.8,1263,-1,24.0,6.058636702618574,401.3753821395444,9.0,11.293160438537598,92.1814193725586,22.01,15.24,0,0,1,1,0,0,1,1,0,0,0,0,0,0,0,0,0,0,0,1,0,0,0,0,1,0,1,0,0,0,0,0,0,0,0,0,0,0,0,0,0,0,0,0,0
2008,10.1692,54.6438,2021,DE,19,289,13.0,30,5.699996,14,-1,23.0,8.89638647690473,420.4215330209874,10.0,10.774526596069336,84.21630096435547,20.39,15.41,1,1,1,0,0,0,1,1,0,1,0,0,1,0,0,0,0,0,0,0,0,0,0,0,0,0,0,0,0,0,0,0,0,0,0,0,0,0,0,0,0,0,0,0,0
2009,9.8163,55.1008,2021,DE,20,289,11.0,30,8.7,1008,0,24.0,3.203904860864652,373.1806585642779,13.0,11.5905122756958,82.24590301513672,16.95,15.19,0,1,1,1,0,0,1,1,0,0,0,0,0,0,0,0,0,0,0,1,0,0,0,0,0,0,0,0,0,0,0,0,0,0,0,0,0,0,0,0,0,0,0,0,0
2010,9.8297,55.5748,2021,DE,21,289,10.0,30,7.3,1332,-1,19.0,1.853772376183616,320.24175394981586,9.0,10.545910835266112,125.39142608642578,26.2,16.38,1,1,1,1,0,0,1,1,0,1,0,0,0,0,0,1,0,1,0,0,0,0,0,0,0,0,0,1,0,0,0,0,0,0,0,0,0,0,0,0,0,0,0,0,0
2011,10.3542,55.7007,2021,DE,22,290,14.0,30,7.0,46,-1,25.0,6.037087997035042,290.4687138231095,11.0,10.54868221282959,159.23487854003906,27.98,15.72,1,1,1,0,0,0,1,1,1,1,0,0,0,0,0,0,0,1,0,0,0,0,0,0,0,0,0,0,0,0,0,0,0,0,0,0,0,0,0,0,0,0,0,0,0
2012,10.5708,56.071,2021,DE,23,290,15.0,30,7.1,977,0,37.0,4.166592976475839,246.9719045629936,22.0,10.885963439941406,203.66281127929688,28.52,15.5,0,1,0,0,0,0,0,1,0,0,0,0,0,0,0,1,0,0,0,0,0,0,0,0,0,0,0,0,0,0,0,0,0,0,0,0,0,0,0,0,0,0,0,0,0
2013,10.8397,55.9933,2021,DE,24,290,10.0,30,7.3999963,1070,-1,21.0,7.151487744388965,251.8826342571095,11.0,10.839168548583984,209.6618804931641,21.13,14.34,0,0,1,0,0,0,0,1,0,1,0,0,0,0,0,1,0,0,0,0,0,0,0,0,0,0,0,1,0,0,0,0,0,0,0,0,0,0,0,0,0,0,0,0,0
2014,10.9955,55.798,2021,DE,25,290,9.0,20,4.5,1251,-1,18.0,5.777066380959557,274.11017900948167,9.0,10.35578441619873,190.4132537841797,15.19,13.8,0,1,0,0,0,0,0,1,0,1,0,0,0,1,0,1,0,1,0,0,0,0,0,1,0,0,0,1,0,0,0,0,0,0,0,0,0,0,0,0,0,0,0,0,0
2015,10.887,55.4593,2021,DE,26,291,14.0,30,6.199996,94,-1,27.0,7.832250412645417,313.9308375737568,13.0,10.349939346313477,180.1806182861328,24.97,14.92,1,0,1,0,0,0,1,1,0,1,0,0,0,1,0,1,0,0,0,0,0,0,0,0,0,0,0,0,0,0,0,0,0,0,0,0,0,0,0,0,0,0,0,0,0
2016,10.9328,55.251,2021,DE,27,291,10.5,30,8.1,974,0,18.0,7.226503799106479,338.92131712855297,7.5,10.25059700012207,191.76156616210932,19.66,14.4,1,1,0,0,0,0,0,1,0,1,0,0,0,1,0,0,0,0,0,0,0,0,0,0,0,0,0,0,0,0,0,0,0,0,0,0,0,0,0,0,0,0,0,0,0
2017,11.29,55.1377,2021,DE,28,291,13.0,30,6.5,1119,-1,19.0,6.488203316647256,352.078934739946,6.0,9.493186950683594,204.2166748046875,23.58,15.52,0,1,1,0,0,0,0,1,1,1,0,0,0,1,0,0,0,0,0,0,0,0,0,0,0,0,0,0,0,0,0,0,0,0,0,0,0,1,0,0,0,0,0,0,0
2018,10.8363,54.8315,2021,DE,29,291,13.0,20,6.8,1350,-1,29.0,3.3343321132267483,387.3875500523926,16.0,10.039621353149414,213.15280151367188,22.62,14.88,1,0,1,1,0,0,0,1,0,0,0,0,1,0,0,0,0,0,0,0,0,0,0,0,0,0,0,0,0,0,0,0,0,0,0,0,0,0,0,0,0,0,0,0,0
2019,12.8605,55.7088,2021,DE,30,292,8.0,15,7.3,1000,0,15.0,6.066544953507732,325.23020004024613,7.0,9.117720603942873,192.47657775878903,18.8,14.47,1,1,1,1,0,0,1,0,1,1,0,0,0,0,0,0,0,0,0,0,0,0,0,0,0,0,0,0,0,0,0,0,0,0,0,0,0,0,0,0,0,0,0,0,0
2020,12.7345,55.911,2021,DE,31,292,9.5,30,6.699996,1149,-1,39.0,1.2109374809503326,301.16267203470994,29.5,9.454869270324709,186.2873992919922,23.32,14.21,1,1,1,1,0,0,0,0,0,1,0,0,0,1,0,0,0,0,0,1,0,0,0,0,0,0,0,0,0,0,0,0,0,0,0,0,0,0,0,0,0,0,0,0,0
2021,12.6577,56.0563,2021,DE,32,293,5.0,5,8.7,15,-1,18.0,1.389364278093844,285.39471362506686,13.0,10.79453468322754,205.5240631103516,15.43,13.6,1,1,0,0,0,0,0,0,0,1,0,0,0,0,0,0,0,1,0,0,0,0,0,0,0,0,0,0,0,0,0,0,0,0,0,0,0,0,0,0,0,0,0,0,0
2022,11.0495,56.2727,2021,DE,33,293,11.5,30,7.3999963,1434,-1,21.0,11.07558508439543,218.55017900947885,9.5,11.249173164367676,218.1703643798828,26.5,14.42,1,1,0,0,0,0,1,1,0,1,0,0,0,1,0,1,0,1,0,0,0,0,0,0,0,0,0,0,0,0,0,0,0,0,0,0,0,0,0,0,0,0,0,0,0
2023,11.49,56.3668,2021,DE,34,294,11.5,30,6.5,123,-1,22.0,22.86068783049124,217.67224721800983,10.5,11.856603622436523,229.72491455078125,23.04,14.29,0,0,0,0,0,0,0,0,0,1,0,0,0,0,0,1,0,1,0,0,0,0,0,0,0,0,0,0,0,0,0,0,0,0,0,0,0,0,0,0,0,0,0,0,0
2024,12.5892,55.0965,2021,DE,35,296,10.0,30,7.3999963,1034,-1,21.0,10.815988015227772,393.5544309404616,11.0,8.795500755310059,280.0918884277344,8.11,13.7,1,1,1,0,0,0,1,0,0,1,1,0,0,1,0,0,0,0,0,0,0,0,0,0,0,0,0,0,0,0,0,0,0,0,0,0,0,0,0,0,0,0,0,0,0
2025,13.1103,55.0837,2021,DE,36,296,16.5,30,8.299993,1190,-1,32.0,31.40161773733656,396.37760447589005,15.5,8.825632095336914,248.2066345214844,7.59,13.54,1,0,1,0,0,0,1,1,0,0,0,0,0,0,0,0,0,0,0,0,0,0,0,0,0,0,0,0,0,0,0,0,0,0,0,0,0,0,0,0,0,0,0,0,0
2026,13.5615,55.0822,2021,DE,37,296,7.5,30,8.299993,1335,-1,45.0,31.09981941423662,411.66606397670535,37.5,8.818402290344238,177.35763549804688,7.54,13.54,1,1,1,1,0,0,0,1,0,0,1,0,0,0,0,0,0,0,0,0,0,0,0,0,0,0,0,0,0,0,0,0,0,0,0,0,0,0,0,0,0,0,0,0,0
2027,14.3165,55.0832,2021,DE,38,297,9.5,30,7.3999963,109,-1,46.0,23.890799119603432,452.5426257279528,36.5,8.897173881530762,128.69790649414062,7.39,13.3,1,1,1,0,0,0,0,0,0,0,0,0,0,0,0,0,0,0,0,0,0,0,0,0,0,0,0,0,0,0,0,0,0,0,0,0,0,0,0,0,0,0,0,0,0
2028,14.6285,55.2683,2021,DE,39,297,17.0,30,6.199996,977,0,39.0,6.672522345163088,466.168769541991,22.0,8.759525299072266,223.1547698974609,7.38,13.37,1,1,1,1,0,0,1,1,0,0,0,0,0,0,0,0,0,0,0,0,0,0,0,0,0,0,0,0,0,0,0,0,0,0,0,0,0,0,0,0,0,0,0,0,0
2029,14.3398,55.3065,2021,DE,40,297,21.5,30,7.0,1080,-1,45.0,12.6332237432275,447.6454451277976,23.5,8.573326110839844,205.77734375,7.28,12.75,1,1,0,1,0,0,0,0,0,0,0,0,0,0,0,0,0,0,0,1,0,0,0,0,0,0,0,0,0,0,0,0,0,0,0,0,0,0,0,0,0,0,0,0,0
2030,13.7022,55.2683,2021,DE,41,297,19.0,30,7.5,1264,-1,40.0,15.619685759030611,407.9592685574493,21.0,8.93321418762207,246.20181274414065,7.58,13.13,1,1,1,1,0,0,1,0,1,0,1,0,0,0,0,0,0,0,0,1,0,0,0,0,0,0,0,0,0,0,0,0,0,0,0,0,0,0,0,0,0,0,0,0,0
2031,12.9927,55.2787,2021,DE,42,298,14.0,32,7.6,15,-1,27.0,11.246095275597453,373.1806585642779,13.0,8.859548568725586,271.6353759765625,7.9,13.69,1,1,1,0,0,0,0,0,1,0,1,0,0,0,0,0,0,0,0,0,0,0,0,0,0,0,0,0,0,0,0,0,0,0,0,0,0,0,0,0,0,0,0,0,0
2032,11.9382,56.3672,2021,DE,43,298,20.0,20,7.3,973,0,31.0,23.477710232635623,231.2564419366284,11.0,12.360733032226562,202.8729248046875,33.72,14.0,1,1,1,0,0,0,1,1,0,1,0,0,0,0,0,1,0,1,0,0,0,0,0,0,0,0,0,0,0,0,0,0,0,0,0,0,0,0,0,0,0,0,0,0,0
2033,12.112,56.418,2021,DE,44,298,20.5,30,7.3,1065,-1,29.0,25.170562357621517,231.8719420887277,8.5,11.966148376464844,223.3309936523437,33.84,13.37,1,1,0,0,0,0,1,1,0,1,0,0,0,0,0,1,0,1,0,0,0,0,1,0,0,0,0,0,0,0,0,0,0,0,0,0,0,0,0,0,0,0,0,0,0
2034,12.0478,56.6142,2021,DE,45,298,12.0,30,8.5,1194,-1,25.0,27.67467760860424,211.2637037053905,13.0,12.074307441711426,230.7533264160156,26.24,14.61,1,1,0,0,0,0,1,1,0,1,0,0,0,0,0,1,0,1,0,0,0,0,0,0,0,0,0,0,0,0,0,0,0,0,0,0,0,0,0,0,0,0,0,0,0
2035,11.758,56.6175,2021,DE,46,298,24.0,30,6.8999963,1284,-1,36.0,13.972992125133052,200.8243229752067,12.0,12.402098655700684,217.87191772460932,33.55,13.5,1,1,0,0,0,0,1,1,0,1,0,0,0,1,0,1,0,1,0,1,0,0,0,0,0,0,0,0,0,0,0,0,0,0,0,0,0,0,0,0,0,0,0,0,0
2036,11.9368,56.8655,2021,DE,47,299,19.5,15,8.5,995,0,30.0,23.53296284129806,185.8176427278951,10.5,12.178516387939451,237.116455078125,32.54,14.43,1,1,0,0,0,0,0,1,0,0,0,0,0,0,0,1,0,1,0,0,0,0,0,0,0,0,0,0,0,0,0,0,0,0,0,0,0,0,0,0,0,0,0,0,0
2037,12.303,56.7875,2021,DE,48,299,17.5,30,7.699996,1123,-1,32.0,14.331243982531056,208.1836052747508,14.5,10.995091438293455,231.6238555908203,31.46,13.96,0,1,0,0,0,0,1,1,0,0,0,0,0,1,0,1,0,1,0,1,0,0,0,0,0,0,0,0,0,0,0,0,0,0,0,0,0,0,0,0,0,0,0,0,0
2038,12.4357,56.6252,2021,DE,49,299,17.0,30,7.3999963,1228,-1,26.0,16.52539204057748,226.3736002104374,9.0,11.181971549987791,222.5038452148437,31.82,13.76,1,1,0,0,0,0,1,1,0,1,0,0,1,1,0,1,0,1,0,0,0,0,0,0,0,0,0,1,0,0,0,0,0,0,0,0,0,0,0,0,0,0,0,0,0
2039,12.4357,56.4528,2021,DE,50,299,16.0,30,8.0,1339,-1,27.0,6.21623835398333,240.1011208173705,11.0,11.343250274658203,217.4153289794922,31.69,13.64,1,1,1,0,0,0,1,1,0,1,0,0,0,1,0,1,0,1,0,0,0,0,0,0,0,0,0,0,0,0,0,1,0,0,0,0,0,0,0,0,0,0,0,0,0
2040,23.222,59.654335,2021,FI,1,265,10.0,45,17.1,1285,-1,52.0,18.219876470093016,1167.3669582684306,42.0,8.985108375549316,272.14422607421875,5.6,11.03,1,1,1,0,1,0,0,0,0,0,0,1,0,0,0,0,0,0,0,0,0,0,0,0,0,0,0,0,0,0,0,0,0,0,0,0,0,0,0,0,0,0,0,0,0
2041,22.547832,59.657333,2021,FI,2,265,28.0,45,14.8,123,-1,36.0,16.753446182082968,1138.947469511064,8.0,8.949893951416016,283.1967163085937,6.47,10.04,1,1,1,0,1,0,0,0,0,0,0,1,0,0,0,0,0,0,1,0,0,0,0,0,0,0,0,0,0,0,0,0,0,0,0,0,0,0,0,0,0,0,0,0,0
2042,21.128,59.668667,2021,FI,3,265,23.0,90,18.0,543,1,64.0,12.37153309102219,1081.4315810287694,41.0,9.088528633117676,273.8296203613281,6.16,11.04,1,1,1,0,1,1,0,0,0,0,0,0,0,0,1,0,0,0,0,0,0,0,0,0,0,0,0,0,0,0,0,0,0,0,0,0,0,0,0,0,0,0,0,0,0
2043,19.747833,59.9185,2021,FI,4,265,25.0,60,11.9,1044,0,146.0,13.202844747052517,1056.437554390884,121.0,8.863471984863281,299.0687255859375,5.87,9.82,1,1,1,0,1,0,0,0,0,0,0,1,0,0,1,0,0,0,1,0,0,1,0,0,0,0,0,0,0,0,0,0,0,0,0,0,0,0,0,0,0,0,0,0,0
2044,19.454,60.080334,2021,FI,5,266,17.0,75,11.5,1379,-1,233.0,8.735722905797612,1066.0004212907454,216.0,8.875849723815918,301.8392333984375,5.61,10.88,1,1,1,0,1,0,0,0,1,0,0,0,0,0,1,0,0,0,0,0,0,0,0,0,0,0,0,0,0,0,0,0,1,0,0,0,0,0,0,0,0,0,0,0,0
2045,18.875668,60.932335,2021,FI,6,266,50.0,75,10.0,500,1,80.0,51.67386890039105,1161.216406633296,30.0,9.037485122680664,251.4179077148437,5.97,4.71,1,1,1,0,1,0,0,0,0,0,0,0,0,0,1,0,0,0,0,0,0,1,0,0,0,0,0,0,0,0,0,0,0,0,0,0,0,0,0,0,0,0,0,0,0
2046,18.1435,61.1,2021,FI,7,266,20.0,60,12.9,971,0,65.0,44.47764883907393,1182.7456828383304,45.0,8.851666450500488,243.9854736328125,5.09,9.42,1,1,1,0,0,0,0,0,0,0,0,0,0,0,1,0,0,0,1,0,1,1,0,0,0,0,0,0,0,0,0,0,0,0,0,0,0,0,0,0,0,0,0,0,0
2047,19.184668,61.133167,2021,FI,8,267,15.0,60,15.0,365,1,72.0,79.09928622967473,1184.370837573756,57.0,9.097683906555176,252.3872985839844,5.09,10.35,1,1,1,0,0,0,0,0,0,0,0,0,0,0,1,0,0,0,1,0,0,0,0,0,0,0,0,0,0,0,0,0,0,0,0,0,0,0,0,0,0,0,0,0,0
2048,18.1755,61.311832,2021,FI,9,267,15.0,45,15.7,895,1,62.0,45.60415781394697,1206.5806585642788,47.0,9.044127464294434,264.3676147460937,4.9,9.82,1,1,1,0,0,0,0,0,0,0,0,0,0,0,1,0,0,0,1,0,0,1,0,0,0,0,0,0,0,0,0,0,0,0,0,0,0,0,0,0,0,0,0,0,0
2049,17.982166,61.238667,2021,FI,10,267,17.0,90,17.0,1031,0,85.0,35.8120598017024,1200.5259387447486,68.0,8.896382331848145,247.0213623046875,4.93,9.9,1,1,1,0,0,0,0,0,0,0,0,0,0,0,1,0,0,0,0,0,0,1,0,0,0,1,0,0,0,0,0,0,0,0,0,0,0,0,0,0,0,0,0,0,0
2050,18.141167,61.635166,2021,FI,11,268,15.0,45,17.2,1395,-1,73.0,33.26313289651154,1243.6206585642772,58.0,8.893354415893555,224.9428253173828,5.0,8.98,1,1,1,0,1,0,0,0,0,0,0,0,0,0,1,0,0,0,0,0,0,0,0,0,0,0,0,0,0,0,0,0,0,0,0,0,0,0,0,0,0,0,0,0,0
2051,19.2335,61.678,2021,FI,12,268,50.0,81,10.0,319,0,67.0,88.87643553123208,1249.1819756928346,17.0,9.109704971313477,197.79513549804688,5.86,4.39,1,1,1,0,1,0,0,0,0,0,0,0,0,0,1,0,0,0,0,0,1,0,0,0,0,0,0,0,0,0,0,0,0,0,0,0,0,0,0,0,0,0,0,0,0
2052,18.4855,61.900665,2021,FI,13,268,48.0,90,10.0,684,1,80.0,50.908878570188,1274.1901790094817,32.0,8.956696510314941,218.7041473388672,6.01,4.48,1,1,1,0,0,0,0,0,0,0,0,0,0,0,1,0,1,0,0,0,0,0,0,0,0,0,0,0,0,0,0,0,0,0,0,0,0,0,0,0,0,0,0,0,0
2053,18.385,62.1545,2021,FI,14,268,14.0,30,16.8,1060,-1,84.0,34.1944561363889,1304.7419756928302,70.0,8.966143608093262,231.12208557128903,4.91,9.37,1,1,1,0,0,0,0,0,0,0,0,0,0,0,1,0,0,0,0,0,0,0,0,0,0,0,0,0,0,0,0,0,0,0,0,0,0,0,0,0,0,0,0,0,0
2054,18.84,62.157333,2021,FI,15,269,16.0,40,18.3,1260,-1,91.0,58.22790232329383,1304.7419756928302,75.0,8.934730529785156,229.90963745117188,4.88,9.52,1,1,1,0,0,0,0,0,1,0,0,0,0,0,1,0,0,0,1,0,1,0,0,0,0,0,0,0,0,0,0,0,0,0,0,0,0,0,0,0,0,0,0,0,0
2055,19.2325,62.281,2021,FI,16,269,70.0,75,9.0,320,0,96.0,70.34803422499756,1319.5544309404615,26.0,8.836359977722168,236.80584716796875,6.39,5.04,1,1,1,0,0,0,0,0,0,0,0,0,0,0,0,0,1,0,0,0,0,0,0,0,0,0,0,0,0,0,0,0,0,0,0,0,0,0,0,0,0,0,0,0,0
2056,18.7425,62.614666,2021,FI,17,269,63.0,90,9.3,780,1,123.0,31.703745706840994,1358.448203316647,60.0,8.772598266601562,236.06265258789065,6.34,4.77,1,0,1,0,0,0,0,0,0,0,0,0,0,0,1,0,0,0,0,0,0,0,0,0,0,1,0,0,0,0,0,0,0,0,0,0,0,0,0,0,0,0,0,0,0
2057,19.328667,62.60317,2021,FI,18,269,17.0,45,16.7,1050,0,125.0,53.89653756946558,1357.521317128553,108.0,8.994750022888184,235.08950805664065,4.9,9.18,1,1,1,0,0,0,0,0,0,0,0,0,0,0,1,0,0,0,0,0,0,0,0,0,0,0,0,0,0,0,0,0,0,0,0,0,1,0,0,0,0,0,0,0,0
2058,19.535667,63.044,2021,FI,19,270,17.0,90,17.3,1341,-1,138.0,29.898970391270225,1408.4646099499405,121.0,8.880549430847168,225.67916870117188,4.75,9.32,1,1,1,0,1,0,0,0,0,0,0,0,0,0,1,0,0,0,0,0,0,0,0,0,0,0,0,0,0,0,0,0,0,0,0,0,0,0,0,0,0,0,0,0,0
2059,20.377666,63.166832,2021,FI,20,270,42.0,90,10.0,270,0,75.0,13.85384316691518,1422.3501790094774,33.0,8.95296573638916,266.6524963378906,5.9,5.68,1,1,1,0,0,0,0,0,0,0,0,1,0,0,0,0,0,0,0,0,0,0,0,0,0,0,0,0,0,0,0,0,0,0,0,0,0,0,0,0,0,0,0,0,0
2060,19.6805,62.646667,2021,FI,21,270,74.0,90,9.9,690,1,104.0,64.27857940903745,1362.1557480690174,30.0,8.885578155517578,235.96014404296875,6.48,5.32,1,1,1,0,1,0,0,0,0,0,0,1,0,0,1,0,1,0,1,0,0,0,0,0,0,0,0,0,0,0,0,0,0,0,0,0,0,0,0,0,0,0,0,0,0
2061,20.0755,62.605335,2021,FI,22,270,86.0,60,17.4,932,0,86.0,50.34217013861404,1357.521317128553,0.0,8.972999572753906,248.21226501464844,6.6,5.57,1,1,1,0,0,0,0,0,0,0,0,1,0,0,1,0,1,0,0,0,0,0,0,0,0,0,0,0,0,0,0,0,0,0,0,0,0,0,0,0,0,0,0,0,0
2062,20.2865,62.595,2021,FI,23,270,17.0,60,17.0,1107,-1,67.0,39.32728792748407,1356.5944309404615,50.0,8.91337776184082,276.5488586425781,4.8,9.05,1,1,1,0,0,0,0,0,0,0,0,1,0,0,0,0,0,0,0,0,0,1,0,0,0,0,0,0,0,0,0,0,0,0,0,0,0,0,0,0,0,0,0,0,0
2063,20.562,62.408165,2021,FI,24,271,15.0,75,15.8,1403,-1,60.0,28.46023259602489,1333.457723761849,45.0,8.810279846191406,301.3061828613281,4.83,8.66,1,1,1,0,1,0,0,0,0,0,0,1,0,0,1,0,0,0,0,0,0,1,0,0,0,0,0,0,0,0,0,0,0,0,0,0,0,0,0,0,0,0,0,0,0
2064,19.580166,62.32733,2021,FI,25,271,75.0,100,10.7,356,1,112.0,79.78381290043723,1325.1157480690174,37.0,8.903458595275879,234.45025634765625,6.46,5.23,1,1,1,0,0,0,0,0,0,0,0,1,0,0,1,0,1,0,1,0,0,0,0,0,0,0,0,0,0,0,0,0,0,0,0,0,0,0,0,0,0,0,0,0,0
2065,20.040667,62.096333,2021,FI,26,271,80.0,95,11.0,680,1,143.0,65.05877906785463,1297.344609949943,63.0,8.961318016052246,256.27496337890625,6.58,5.49,1,1,1,0,1,0,0,0,0,0,0,1,0,0,1,0,1,0,1,0,0,0,0,0,0,0,0,0,0,0,0,0,0,0,0,0,0,0,0,0,0,0,0,0,0
2066,20.670166,61.968834,2021,FI,27,271,17.0,60,17.4,1055,-1,77.0,32.27383391256946,1286.622663575112,60.0,8.949718475341797,290.92559814453125,4.95,8.99,1,1,1,0,1,0,0,0,1,0,0,1,0,0,1,0,1,0,1,0,0,1,0,0,0,0,0,0,0,0,0,0,0,0,0,0,0,0,0,0,0,0,0,0,0
2067,20.478,61.821167,2021,FI,28,272,85.0,60,15.7,1282,-1,85.0,45.58410742431353,1267.227314384967,0.0,9.005160331726074,290.8067932128906,6.62,5.54,1,1,1,0,1,0,0,0,0,0,0,0,0,0,0,0,0,0,0,0,0,1,0,1,0,0,0,0,0,0,0,0,0,0,0,0,0,0,0,0,0,0,0,0,0
2068,19.626167,61.661,2021,FI,29,272,10.0,90,10.1,235,0,73.0,92.62601951067845,1247.3282033166472,63.0,9.124297142028809,237.95132446289065,4.97,10.06,1,1,1,0,0,0,0,0,0,0,0,0,0,0,1,0,0,0,0,0,1,0,0,0,0,0,0,0,0,0,1,0,0,0,0,0,0,0,0,0,0,0,0,0,0
2069,19.570168,61.3275,2021,FI,30,272,17.0,30,16.9,887,1,83.0,93.3685318132109,1208.4344309404644,66.0,9.15488338470459,212.27867126464844,5.09,10.16,1,1,1,0,0,0,0,0,0,0,0,0,0,0,1,0,0,0,0,0,0,0,0,0,0,0,0,0,0,0,0,0,0,0,0,0,0,0,0,0,0,0,0,0,0
2070,20.015833,61.100666,2021,FI,31,272,17.0,67,17.3,1077,-1,112.0,60.71091726235742,1182.40862559333,95.0,9.086298942565918,257.5030212402344,5.09,10.2,1,1,1,0,0,0,0,0,0,0,0,0,0,0,1,0,0,0,0,0,0,0,0,0,0,0,0,0,0,0,1,0,0,0,0,0,0,0,0,0,0,0,0,0,0
2071,20.468,61.0995,2021,FI,32,273,17.0,75,18.5,1350,-1,102.0,39.63379845776852,1193.9456909728326,85.0,9.03501319885254,286.1490478515625,5.13,10.01,1,1,1,0,1,0,0,0,1,0,0,1,0,0,1,0,0,0,1,0,0,0,0,0,0,0,0,0,0,0,0,0,0,0,0,0,0,0,0,0,0,0,0,0,0
2072,19.286167,60.947166,2021,FI,33,273,80.0,90,11.2,482,1,115.0,62.12188787278851,1163.070179009479,35.0,9.106193542480469,282.5346069335937,6.55,5.25,1,1,1,0,1,0,0,0,0,0,0,1,0,0,1,0,0,0,0,0,1,0,0,0,0,0,0,0,0,0,0,0,0,0,0,0,0,0,0,0,0,0,0,0,0
2073,20.1465,60.815166,2021,FI,34,273,17.0,47,17.8,895,1,64.0,38.93982856344704,1157.3336101800526,47.0,9.033761024475098,298.5214538574219,5.25,10.13,1,1,1,0,0,0,0,0,0,0,0,1,0,0,1,0,0,0,1,0,0,1,0,0,0,0,0,0,0,0,0,0,0,0,0,0,0,0,0,0,0,0,0,0,0
2074,19.771166,60.798832,2021,FI,35,273,20.0,30,16.4,1069,-1,75.0,40.79313452955595,1146.3892442893075,55.0,9.064786911010742,297.7597351074219,5.22,9.99,1,1,1,0,1,0,0,0,1,0,0,0,0,0,1,0,0,0,0,0,0,0,0,0,0,0,0,0,0,0,1,0,0,0,0,0,0,0,0,0,0,0,0,0,0
2075,20.341333,59.184834,2021,FI,36,274,20.0,30,17.8,913,0,87.0,62.06457538184782,1010.7018411809996,67.0,9.029772758483888,76.93267059326172,6.21,11.82,1,1,1,0,1,0,0,0,0,0,0,0,0,0,1,0,0,0,0,0,0,0,0,0,0,0,0,0,0,0,0,0,0,0,0,0,0,0,0,0,0,0,0,0,0
2076,20.844,59.222168,2021,FI,37,274,22.0,60,14.0,1121,-1,92.0,64.00329870165123,1034.5267886139611,70.0,9.243518829345703,65.444580078125,6.15,11.82,1,1,1,1,1,1,0,0,0,0,1,0,0,0,0,0,0,0,0,0,0,0,0,0,0,0,0,0,0,0,0,0,0,0,0,0,0,0,0,0,0,0,0,0,0
2077,21.048334,59.541668,2021,FI,38,275,14.0,24,14.0,1409,-1,101.0,27.012551779318148,1068.1948083368352,87.0,9.186241149902344,148.1738739013672,5.92,11.41,1,1,1,0,0,1,0,0,0,0,0,1,0,0,0,0,0,0,0,0,0,0,0,0,0,0,0,0,0,0,0,0,0,0,0,0,0,0,0,0,0,0,0,0,0
2078,22.753,59.571,2021,FI,39,275,16.0,33,15.8,404,1,74.0,24.512580136942823,1141.6002653387595,58.0,8.971223831176758,161.53933715820312,5.91,11.02,1,1,1,0,1,1,0,0,0,0,0,0,0,0,0,0,0,0,0,0,0,0,0,0,0,0,0,0,0,0,0,0,0,0,0,0,0,0,0,0,0,0,0,0,0
2079,23.478167,59.562332,2021,FI,40,275,17.0,90,16.9,642,1,82.0,29.11166245295632,1173.045030981301,65.0,8.954497337341309,93.39710998535156,5.65,11.17,1,1,1,0,1,1,0,0,0,0,0,0,0,0,1,0,0,0,0,0,0,0,0,0,0,0,0,0,0,0,0,0,0,0,0,0,0,0,0,0,0,0,0,0,0
2080,24.042667,59.756332,2021,FI,41,275,24.0,30,16.1,990,0,62.0,17.709102236281616,1211.0633400645,38.0,8.964792251586914,174.2393035888672,5.89,10.99,1,1,1,0,1,0,0,0,0,0,1,1,0,0,1,0,0,0,0,0,0,1,0,0,0,0,0,0,0,0,0,0,0,0,0,0,0,0,0,0,0,0,0,0,0
2081,25.103167,59.97167,2021,FI,42,276,15.0,45,16.4,1331,-1,83.0,14.388118717487988,1272.7446361054965,68.0,8.675129890441895,102.90679168701172,4.95,10.59,1,1,1,0,1,0,0,0,0,0,0,1,0,0,0,0,0,0,0,0,0,1,0,1,0,0,0,0,0,0,0,0,0,0,0,0,0,0,0,0,0,0,0,0,0
2082,26.336834,60.122,2021,FI,43,276,23.0,30,16.3,938,0,55.0,20.79291420229022,1341.2932512663,32.0,8.421875,160.4238739013672,5.2,10.62,1,1,1,0,1,0,0,0,0,0,0,1,0,0,0,0,0,0,0,0,0,1,0,0,0,0,0,0,0,0,0,0,0,0,0,0,0,0,0,0,0,0,0,0,0
2083,25.343,60.032833,2021,FI,44,277,18.0,15,18.0,1270,-1,43.0,15.533352346267584,1287.4205778889416,25.0,8.659872055053711,216.9892578125,4.98,10.61,1,1,1,0,1,0,0,0,0,0,0,1,0,0,1,0,0,0,0,0,0,0,0,0,0,0,0,0,0,0,0,0,0,0,0,0,0,0,0,0,0,0,0,0,0
2084,20.781666,55.923332,2021,LT,1,287,28.0,30,17.0,360,0,30.0,17.138258675201598,860.9263724099043,2.0,7.932541370391846,289.4612731933594,7.19,11.08,1,1,0,0,0,0,0,0,0,0,0,0,0,0,0,0,0,0,0,0,0,0,0,0,0,0,0,0,0,0,0,0,0,0,0,0,0,0,0,0,0,0,0,0,0
2085,20.33,55.925,2021,LT,2,287,31.0,30,17.0,455,1,39.0,45.1825049146416,832.1145603786271,8.0,8.797858238220215,261.4135131835937,7.3,10.65,1,1,0,0,0,0,0,0,0,0,1,0,0,0,0,0,0,0,0,0,0,0,0,0,0,0,0,0,0,0,0,0,0,0,0,0,0,0,0,0,0,0,0,0,0
2086,19.826666,55.923332,2021,LT,3,287,61.0,30,20.0,625,1,63.0,76.33962432833395,801.0340733968092,2.0,9.037261962890623,153.79209899902344,9.91,6.53,1,1,0,0,0,0,0,0,0,0,0,0,0,0,0,0,0,0,0,0,0,0,0,0,0,0,0,0,0,0,0,0,0,0,0,0,0,0,0,0,0,0,0,0,0
2087,19.285,55.881668,2021,LT,4,287,70.0,30,21.0,805,1,71.0,110.7273398126525,765.558795645034,1.0,9.043007850646973,187.7265014648437,10.86,6.62,1,0,0,0,0,0,0,0,0,0,0,0,0,0,0,0,0,0,0,0,0,0,0,0,0,0,0,0,0,0,0,0,0,0,0,0,0,0,0,0,0,0,0,0,0
2088,19.695,55.772667,2021,LT,5,288,71.0,30,21.0,305,0,72.0,85.85337208941448,791.9164338943027,1.0,9.065114974975586,122.9934539794922,10.84,6.91,1,1,0,0,0,0,0,0,0,0,0,0,0,0,0,0,0,0,0,0,0,0,0,0,0,0,0,0,0,0,0,0,0,0,0,0,0,0,0,0,0,0,0,0,0
2089,20.082666,55.59833,2021,LT,6,288,76.0,30,22.0,480,1,78.0,64.25918390324922,817.2365956125866,2.0,8.992380142211914,141.26919555664062,11.22,6.91,1,1,0,0,0,0,0,0,0,0,0,0,0,0,0,0,0,0,0,0,0,0,0,0,0,0,0,0,0,0,0,0,0,0,0,0,0,0,0,0,0,0,0,0,0
2090,20.791666,55.590332,2021,LT,7,288,46.0,30,19.0,695,1,47.0,19.642451389406897,862.9197791478482,1.0,8.870590209960938,242.88087463378903,8.2,8.72,1,0,0,0,0,0,0,0,0,0,0,0,0,0,0,0,0,0,0,0,0,0,0,0,0,0,0,0,0,0,0,0,0,0,0,0,0,0,0,0,0,0,0,0,0
2091,19.15,56.05111,2021,LV,1,286,70.0,30,20.0,400,1,122.0,111.25192517444108,757.7820938637112,52.0,9.030797958374023,183.5776824951172,11.03,6.49,1,1,0,1,0,0,0,0,0,0,0,0,0,0,0,0,0,0,0,0,0,0,0,1,0,0,0,0,0,0,0,0,0,0,0,0,0,0,0,0,0,0,0,0,0
2092,20.035,56.100277,2021,LV,2,286,41.5,20,23.0,705,1,56.0,60.91691224080827,813.3211398623307,14.5,8.958974838256836,207.36366271972656,8.52,7.05,1,1,0,0,0,0,0,0,0,0,0,0,0,0,0,0,0,0,0,0,0,0,0,0,0,0,0,0,0,0,0,0,0,0,0,0,0,0,0,0,0,0,0,0,0
2093,20.316944,56.3675,2021,LV,3,287,31.5,20,23.0,420,1,45.0,41.07248755405175,837.5072646555504,13.5,8.861368179321289,272.6953430175781,7.33,9.61,0,1,0,0,0,0,0,0,0,0,0,0,0,0,0,0,0,0,0,0,0,0,0,0,0,0,0,0,0,0,0,0,0,0,0,0,0,0,0,0,0,0,0,0,0
2094,19.784721,56.38361,2021,LV,4,287,67.0,30,24.0,615,1,99.0,73.89750179666808,804.7793492688849,32.0,9.005260467529297,181.94813537597656,10.74,6.46,1,1,0,1,0,0,0,0,0,0,1,0,0,0,0,0,0,0,0,0,0,0,0,0,0,0,0,0,0,0,0,0,0,0,0,0,0,0,0,0,0,0,0,0,0
2095,19.135555,56.601944,2021,LV,5,289,26.0,30,22.0,415,1,137.0,63.43685093401638,775.0215587110443,111.0,8.947166442871094,55.81438064575195,7.11,8.76,1,1,1,0,0,1,0,0,0,0,0,0,0,0,0,0,0,0,0,0,0,0,0,0,0,0,0,0,0,0,0,0,0,0,0,0,0,0,0,0,0,0,0,0,0
2096,20.402222,56.866943,2021,LV,6,290,45.0,20,30.0,555,1,57.0,39.62976006236308,858.2774776666433,12.0,9.011162757873535,243.8594512939453,8.17,6.62,1,1,1,0,1,0,0,0,0,0,0,0,0,0,0,0,0,0,0,0,0,0,0,0,0,0,0,0,0,0,0,0,0,0,0,0,0,0,0,0,0,0,0,0,0
2097,20.216667,56.852222,2021,LV,7,290,52.5,30,65.0,710,1,143.0,51.73464800682272,846.4217816295643,90.5,9.08014678955078,133.68629455566406,8.75,6.27,1,1,1,1,0,0,0,0,0,0,1,0,0,0,0,0,0,0,0,0,0,0,0,0,0,0,0,0,0,0,0,0,0,0,0,0,0,0,0,0,0,0,0,0,0
2098,19.935,56.866665,2021,LV,8,290,22.5,30,15.0,905,0,168.0,68.98327680603983,830.1262677492138,145.5,9.05561065673828,46.69834518432617,7.07,11.84,0,1,1,0,0,0,0,0,0,0,0,0,0,0,0,0,0,0,0,0,0,0,0,0,0,0,0,0,0,0,0,0,0,0,0,0,0,0,0,0,0,0,0,0,0
2099,19.300833,57.102222,2021,LV,9,291,34.0,30,18.0,580,1,167.0,38.44218644811873,807.8673839357676,133.0,8.920465469360352,30.54808616638184,7.31,5.85,1,1,1,0,0,1,0,0,0,0,1,0,0,0,0,0,0,0,0,0,0,0,0,0,0,0,0,0,0,0,0,0,0,0,0,0,0,0,0,0,0,0,0,0,0
2100,20.101389,57.101387,2021,LV,10,291,39.0,30,28.0,830,1,196.0,65.27187951130078,850.6684975461276,157.0,9.08480167388916,20.97958755493164,7.49,6.03,0,1,1,0,0,0,0,0,0,0,0,0,0,0,0,0,0,0,0,0,0,0,0,0,0,0,0,0,0,0,0,0,0,0,0,0,0,0,0,0,0,0,0,0,0
2101,21.1525,57.251667,2021,LV,11,292,36.5,20,23.0,365,0,46.0,15.749301198338364,916.7494367221504,9.5,8.738019943237305,299.85308837890625,7.37,9.5,0,1,0,0,0,1,0,0,0,0,0,0,0,0,0,0,0,0,0,0,0,0,0,0,0,0,0,0,0,0,0,0,0,0,0,0,0,0,0,0,0,0,0,0,0
2102,20.568611,57.38389,2021,LV,12,292,50.0,30,20.0,640,1,111.0,52.83994623807553,891.1632210662526,61.0,9.14860725402832,123.30755615234376,8.66,6.38,1,1,1,0,1,0,0,0,0,0,1,0,0,0,0,0,0,0,0,0,0,0,0,0,0,0,0,0,0,0,0,0,0,0,0,0,0,0,0,0,0,0,0,0,0
2103,20.733889,57.61889,2021,LV,13,292,27.5,30,25.0,860,1,86.0,54.391734727399054,911.862939155846,58.5,9.090517044067385,171.3709716796875,6.95,9.23,1,1,1,0,1,0,0,0,0,0,0,0,0,0,0,0,0,0,0,0,0,0,0,0,0,0,0,0,0,0,0,0,0,0,0,0,0,0,0,0,0,0,0,0,0
2104,19.01,54.42,2021,PL,1,256,25.0,30,18.0,740,1,40.0,8.091318463363757,767.487090260034,15.0,6.930683135986328,281.9247741699219,7.46,13.28,1,1,0,0,0,0,0,0,0,0,0,0,0,0,0,0,0,0,0,0,0,0,0,0,0,0,0,0,0,0,0,0,0,0,0,0,0,0,0,0,0,0,0,0,0
2105,19.22,54.42,2021,PL,2,256,33.0,15,19.0,895,1,52.0,7.459150087046446,779.70434987334,19.0,6.930683135986328,281.9247741699219,7.46,13.28,1,1,0,0,0,0,0,0,0,0,0,0,0,0,0,0,0,0,0,0,0,0,0,0,0,0,0,0,0,0,0,0,0,0,0,0,0,0,0,0,0,0,0,0,0
2106,18.93,54.46,2021,PL,3,257,33.0,30,20.0,450,1,53.0,11.152032439698814,761.7446971034797,20.0,7.067187309265137,242.7621917724609,7.83,10.14,1,1,0,0,0,0,0,0,0,0,1,0,0,0,0,0,0,0,0,0,0,0,0,0,0,0,0,0,0,0,0,0,0,0,0,0,0,0,0,0,0,0,0,0,0
2107,18.93,54.55,2021,PL,4,257,42.0,15,20.0,625,1,66.0,9.13997938013488,757.0912291881813,24.0,7.515800476074219,244.4383544921875,8.21,9.24,1,1,0,0,0,0,0,0,0,0,1,0,0,0,0,0,0,0,0,0,0,0,0,0,0,0,0,0,0,0,0,0,0,0,0,0,0,0,0,0,0,0,0,0,0
2108,19.17,54.6,2021,PL,5,258,60.0,30,18.0,375,1,81.0,22.55209464887677,768.6089041342348,21.0,7.722349643707275,234.0675048828125,10.02,6.98,1,1,0,1,0,0,0,0,0,0,0,0,0,0,0,0,0,0,0,0,0,0,0,0,0,0,0,0,0,0,0,0,0,0,0,0,0,0,0,0,0,0,0,0,0
2109,19.25,54.84,2021,PL,6,258,80.0,30,20.0,610,1,107.0,35.83299691512148,765.7251646673799,27.0,7.890932083129883,229.7246551513672,11.83,6.81,1,1,0,1,0,0,0,0,0,0,1,0,0,0,0,0,0,0,0,0,0,0,0,0,0,0,0,0,0,0,0,0,0,0,0,0,0,0,0,0,0,0,0,0,0
2110,18.98,55.26,2021,PL,7,258,42.5,30,18.0,930,1,81.0,62.32961319622259,746.3465096465388,38.5,8.948827743530273,217.3313446044922,7.9,7.2,1,1,0,0,0,0,0,0,0,0,0,0,0,0,0,0,0,0,0,0,0,0,0,0,0,0,0,0,0,0,0,0,0,0,0,0,0,0,0,0,0,0,0,0,0
2111,18.64,55.74,2021,PL,8,259,37.0,30,19.0,670,1,99.0,102.80187827385632,724.628079254678,62.0,8.967005729675293,197.790283203125,7.77,6.29,1,1,0,0,0,0,0,0,0,0,0,0,0,0,0,0,0,0,0,0,0,0,0,0,0,0,0,0,0,0,0,0,0,0,0,0,0,0,0,0,0,0,0,0,0
2112,18.65,55.33,2021,PL,9,259,31.0,30,18.0,970,0,80.0,58.80159627047368,724.6525872790004,49.0,8.961613655090332,223.4179077148437,7.22,10.28,1,1,0,1,0,1,0,0,0,0,0,0,0,0,0,0,0,0,0,0,0,0,0,0,0,0,0,0,0,0,0,0,0,0,0,0,0,0,0,0,0,0,0,0,0
2113,18.68,55.16,2021,PL,10,260,28.0,30,19.0,370,1,91.0,42.07677948254685,727.0461076303063,63.0,8.8980073928833,222.38442993164065,7.14,12.03,1,1,0,0,0,0,0,0,0,0,0,0,0,0,0,0,0,0,0,0,0,0,0,0,0,0,0,0,0,0,0,0,0,0,0,0,0,0,0,0,0,0,0,0,0
2114,18.67,54.87,2021,PL,11,260,39.0,30,18.0,590,1,60.0,16.046724638840466,728.6798733563257,21.0,8.633838653564453,218.7738494873047,8.14,9.28,1,1,0,1,0,0,0,0,0,0,0,0,0,0,0,0,0,0,0,0,0,0,0,0,0,0,0,0,0,0,0,0,0,0,0,0,0,0,0,0,0,0,0,0,0
2115,18.32,55.19,2021,PL,12,260,28.0,30,18.0,955,1,73.0,39.85610608797428,703.49479574454,45.0,8.929900169372559,213.7439727783203,7.23,11.26,1,1,0,1,0,0,0,0,0,0,0,0,0,0,0,0,0,0,0,0,0,0,0,0,0,1,0,0,0,0,0,0,0,0,0,0,0,0,0,0,0,0,0,0,0
2116,15.33,54.47,2021,PL,13,262,13.0,30,18.0,485,1,43.0,34.76141489810004,544.3894488689498,30.0,8.590400695800781,252.0240173339844,7.25,14.07,1,1,1,0,0,0,0,0,0,0,0,0,0,0,0,0,0,0,0,0,0,0,0,0,0,0,0,0,0,0,0,0,0,0,0,0,0,0,0,0,0,0,0,0,0
2117,15.31,54.74,2021,PL,14,262,45.0,30,18.0,725,1,66.0,31.31519235841624,526.298283166397,21.0,8.803720474243164,210.491943359375,10.63,9.48,1,1,0,1,0,1,0,0,0,0,0,0,0,0,0,0,0,1,0,0,0,0,0,0,0,0,0,0,0,0,0,0,0,0,0,0,0,0,0,0,0,0,0,0,0
2118,15.65,54.88,2021,PL,15,263,53.0,30,18.0,335,0,75.0,36.66935785620392,540.27927529878,22.0,8.67587947845459,191.3681488037109,12.82,10.8,1,1,0,1,0,0,0,0,0,0,0,0,0,0,0,0,0,1,0,0,0,0,0,0,0,0,0,0,0,0,0,0,0,0,0,0,0,0,0,0,0,0,0,0,0
2119,15.65,54.72,2021,PL,16,263,33.5,30,19.0,510,1,69.0,46.64028328023917,547.0505332846193,35.5,8.757282257080078,196.4105987548828,7.83,10.62,1,1,0,0,0,0,0,0,0,0,0,0,0,0,0,0,0,0,0,0,0,0,0,0,0,0,0,0,0,0,0,0,0,0,0,0,0,0,0,0,0,0,0,0,0
2120,15.65,54.43,2021,PL,17,263,23.0,30,18.0,745,1,46.0,24.61551079124481,562.9139040132858,23.0,8.555764198303223,237.8397674560547,7.3,13.45,1,1,1,0,0,0,0,0,0,0,0,0,0,0,0,0,0,0,0,0,0,0,0,0,0,0,0,0,0,0,0,0,0,0,0,0,0,0,0,0,0,0,0,0,0
2121,15.76,54.41,2021,PL,18,263,20.0,30,18.0,905,1,37.0,19.38722431941053,570.228693333048,17.0,8.327220916748047,269.5771789550781,7.32,13.51,1,1,0,0,0,0,0,0,0,0,0,0,0,0,0,0,0,0,0,0,0,0,0,0,0,0,0,0,0,0,0,0,0,0,0,0,0,0,0,0,0,0,0,0,0
2122,16.01,54.73,2021,PL,19,264,29.0,30,18.0,435,1,48.0,38.90344034546975,568.1335475623471,19.0,8.658207893371582,250.4506683349609,7.48,11.28,1,1,0,1,0,0,0,0,0,0,0,0,0,0,0,0,0,0,0,0,0,0,0,0,0,0,0,0,0,0,0,0,0,0,0,0,0,0,0,0,0,0,0,0,0
2123,16.19,55.25,2021,PL,20,264,54.0,30,20.0,810,1,74.0,67.92014353077906,566.6953432611239,20.0,8.637786865234375,213.9314727783203,13.69,9.89,1,1,0,1,0,0,0,0,0,0,1,0,0,0,0,0,0,0,0,0,0,0,0,0,0,0,0,0,0,0,0,0,0,0,0,0,0,0,0,0,0,0,0,0,0
2124,16.69,55.25,2021,PL,21,265,48.0,30,20.0,375,1,71.0,67.33652953578029,598.9801972696548,23.0,8.745314598083496,238.0067901611328,11.0,8.13,1,1,0,1,0,0,0,0,0,0,0,0,0,0,0,0,0,0,0,0,0,0,0,0,0,0,0,0,0,0,0,0,0,0,0,0,0,0,0,0,0,0,0,0,0
2125,17.01,55.41,2021,PL,22,265,25.0,45,18.0,760,1,56.0,76.31212078925331,619.0536483763336,31.0,8.74194622039795,213.699447631836,7.31,8.21,1,1,0,0,0,1,0,0,0,0,0,0,0,0,0,0,0,0,0,0,0,0,0,0,0,0,0,0,0,0,0,0,0,0,0,0,0,0,0,0,0,0,0,0,0
2126,17.02,55.15,2021,PL,23,265,28.0,30,18.0,880,1,50.0,48.52272264052357,619.899688471784,22.0,8.800546646118164,256.6598815917969,7.27,11.09,1,1,0,0,0,0,0,0,0,0,0,0,0,0,0,0,0,0,0,0,0,0,0,0,0,0,0,0,0,0,0,0,0,0,0,0,0,0,0,0,0,0,0,0,0
2127,18.07,55.65,2021,PL,24,269,49.0,30,19.0,745,1,69.0,90.83484643306016,687.5935914816212,20.0,8.859789848327637,156.8172607421875,9.29,6.32,1,1,0,1,0,0,0,0,0,0,0,0,0,0,0,0,0,0,0,0,0,0,0,0,0,0,0,0,0,0,0,0,0,0,0,0,0,0,0,0,0,0,0,0,0
2128,17.98,55.43,2021,PL,25,269,26.0,30,18.0,945,0,69.0,66.73580554265617,681.7084368243114,43.0,8.887041091918945,175.01199340820312,7.26,9.03,1,1,0,0,0,0,0,0,0,0,0,0,0,0,0,0,0,0,0,0,0,0,0,0,0,0,0,0,0,0,0,0,0,0,0,0,0,0,0,0,0,0,0,0,0
2129,17.99,55.18,2021,PL,26,270,22.0,30,18.0,415,1,45.0,38.92921989988282,682.5970585569512,23.0,8.867694854736328,270.2680969238281,7.1,13.1,1,1,0,0,0,0,0,0,0,0,0,0,0,0,0,0,0,0,0,0,0,0,0,0,0,0,0,0,0,0,1,0,0,0,0,0,0,0,0,0,0,0,0,0,0
2130,17.64,55.3,2021,PL,27,270,53.0,30,18.0,830,1,81.0,55.18038551552447,660.0729097161641,28.0,8.7894868850708,243.9408264160156,10.47,7.67,1,1,0,1,0,1,0,0,0,0,0,0,0,0,0,0,0,0,0,0,0,0,0,0,0,0,0,0,0,0,0,0,0,0,0,0,0,0,0,0,0,0,0,0,0
2131,17.31,55.24,2021,PL,28,271,66.0,30,20.0,535,1,92.0,54.47042085971072,638.3995980866605,26.0,8.803921699523926,245.2353973388672,13.05,8.23,1,1,0,1,0,0,0,0,0,0,0,0,0,0,0,0,0,0,0,0,0,0,0,0,0,0,0,0,0,0,0,0,0,0,0,0,0,0,0,0,0,0,0,0,0
2132,17.32,55.12,2021,PL,29,271,31.0,30,18.0,685,1,50.0,41.55763195024918,639.2201783843211,19.0,8.878793716430664,246.35812377929688,7.49,9.73,1,1,0,0,0,0,0,0,0,0,0,0,0,0,0,0,0,0,0,0,0,0,0,0,0,0,0,0,0,0,0,0,0,0,0,0,0,0,0,0,0,0,0,0,0
2133,17.1542,57.669,2022,SE,1,276,21.0,30,28.75,1421,-1,84.0,24.22511725329137,764.8274802587644,63.0,9.327584266662598,29.304861068725582,6.69,12.44,1,1,1,0,1,1,0,0,0,0,0,0,0,0,0,0,0,0,0,0,0,0,0,0,0,0,0,0,0,0,0,0,0,0,0,0,0,0,0,0,0,0,0,0,0
2134,17.3682,57.2463,2022,SE,2,277,21.0,46,32.34,265,0,67.0,14.988581175042638,732.603293433337,46.0,9.307785034179688,56.50420379638672,6.81,12.87,1,1,1,0,1,0,0,0,0,0,0,0,0,0,0,0,0,0,0,0,1,1,0,0,0,0,0,0,0,0,0,0,0,0,0,0,0,0,0,0,0,0,0,0,0
2135,17.3284,56.8616,2022,SE,3,277,24.0,55,29.7,566,1,91.0,27.11317790903184,695.9268937762133,67.0,9.34916877746582,1.4219244718551636,6.92,12.61,0,1,1,0,1,1,0,0,0,0,0,0,0,0,0,0,0,0,0,0,1,0,0,0,0,0,0,0,0,0,0,0,1,0,0,0,0,0,0,0,0,0,0,0,0
2136,16.9097,56.6476,2022,SE,4,277,20.0,76,29.9,872,1,60.0,11.546973577018266,660.5505502002009,40.0,9.093731880187988,66.63821411132812,7.06,12.28,1,1,1,0,1,1,0,0,0,0,1,0,0,0,0,0,0,0,0,0,0,0,0,0,0,0,0,0,0,0,0,0,0,0,0,0,0,0,0,0,0,0,0,0,0
2137,16.8512,56.5156,2022,SE,5,277,33.0,45,20.43,1104,-1,63.0,12.105451954705398,646.2553787585263,30.0,8.952425956726074,23.75487518310547,7.85,7.37,1,1,1,0,1,1,0,0,0,0,0,0,0,0,0,0,0,0,0,0,0,0,0,0,0,0,0,0,0,0,0,0,0,0,0,0,0,0,0,0,0,0,0,0,0
2138,16.7616,56.3887,2022,SE,6,277,25.0,15,28.0,1350,-1,67.0,11.62142671957973,633.8290964301631,42.0,8.924293518066406,57.37599563598633,7.55,8.93,1,1,1,1,1,0,0,0,0,0,0,0,0,0,0,0,0,0,0,0,0,0,0,0,0,0,0,0,0,0,0,0,0,0,0,0,0,0,0,0,0,0,0,0,0
2139,17.7892,56.4066,2022,SE,8,278,15.0,60,28.0,673,1,51.0,60.09962033448217,689.3880966383817,36.0,9.640625953674316,224.71273803710932,6.9,13.5,1,1,1,0,1,1,0,0,0,0,0,0,0,0,0,0,0,0,0,0,0,0,0,0,0,0,0,0,0,0,0,0,0,0,0,0,0,0,0,0,0,0,0,0,0
2140,17.3356,56.4484,2022,SE,9,278,14.0,29,43.1,972,0,55.0,42.8833110533791,667.0476837183074,41.0,9.474459648132324,109.38390350341795,6.82,13.81,1,1,1,0,1,1,0,0,0,0,0,0,0,0,0,0,0,0,0,0,0,0,0,0,0,0,0,0,0,0,0,0,0,0,0,0,0,0,0,0,0,0,0,0,0
2141,17.3227,56.6476,2022,SE,10,278,28.0,30,20.0,1196,-1,72.0,35.332226726981936,679.2411310616944,44.0,9.446961402893066,29.047719955444336,6.9,10.38,1,1,1,0,1,1,0,0,0,0,1,0,0,0,0,0,0,0,0,0,0,0,0,0,0,0,0,0,0,0,0,0,0,0,0,0,0,0,0,0,0,0,0,0,0
2142,17.6766,56.8081,2022,SE,11,279,23.0,45,30.0,33,-1,86.0,29.89792800085021,707.2030804655334,63.0,9.550334930419922,7.889971733093262,6.88,10.7,1,1,1,0,1,1,0,0,0,0,0,0,0,0,0,0,0,0,0,0,0,0,0,0,0,0,0,0,0,0,0,0,0,0,0,0,0,0,0,0,0,0,0,0,0
2143,17.749,57.2806,2022,SE,12,279,21.0,19,28.66,377,1,104.0,13.025903867267886,747.6566685345598,83.0,9.596434593200684,7.542943477630615,6.77,13.19,1,1,1,0,1,0,0,0,0,0,0,0,0,0,0,0,0,0,0,0,0,0,0,0,0,0,0,0,0,0,0,0,0,0,0,0,0,0,0,0,0,0,0,0,0
2144,17.9196,57.6607,2022,SE,13,279,21.0,40,28.63,655,1,102.0,17.03883945960756,789.6482963699607,81.0,9.51718521118164,17.88812828063965,6.73,11.86,1,1,1,0,1,0,0,0,0,0,0,0,0,0,0,0,0,0,0,0,0,0,0,0,0,0,0,0,0,0,0,0,0,0,0,0,0,0,0,0,0,0,0,0,0
2145,18.4556,57.8711,2022,SE,14,279,36.0,98,27.86,986,0,101.0,5.036856921491216,826.4404341708686,65.0,9.574146270751951,23.93696403503418,7.13,8.46,1,1,1,0,1,1,0,0,0,0,0,0,0,0,0,0,0,0,0,0,0,0,0,0,0,0,0,0,0,0,0,0,0,0,0,0,0,0,0,0,0,0,0,0,0
2146,18.0482,57.8772,2022,SE,15,279,19.0,45,29.85,1407,-1,94.0,25.27885327339258,812.5799398720981,75.0,9.5924072265625,26.41577911376953,6.6,12.56,1,1,1,0,1,1,0,0,0,0,0,0,0,0,0,0,0,0,0,0,0,0,0,0,1,0,0,0,0,0,0,0,0,0,0,0,0,0,0,0,0,0,0,0,0
2147,17.4981,57.8896,2022,SE,16,280,19.0,20,29.89,237,-1,128.0,39.77819793695984,795.1279771687763,109.0,9.545827865600586,28.83008003234864,6.56,13.6,1,1,1,0,1,1,0,0,0,0,0,0,0,0,0,0,0,0,0,0,0,0,0,0,0,0,0,0,0,0,0,0,0,0,0,0,0,0,0,0,0,0,0,0,0
2148,17.4619,58.1894,2022,SE,17,280,48.0,64,29.59,495,1,122.0,26.442771003381655,825.2618281767985,74.0,9.43422794342041,28.447940826416016,9.07,5.89,1,1,1,1,1,0,0,0,0,0,0,0,0,0,0,0,0,0,0,0,0,0,0,0,0,0,0,0,0,0,0,0,0,0,0,0,0,0,0,0,0,0,0,0,0
2149,17.8976,58.3262,2022,SE,18,280,41.0,71,27.48,797,1,122.0,46.634523609577165,849.065249975617,81.0,9.385096549987791,43.74330520629883,7.32,8.02,1,1,1,1,1,1,0,0,0,0,0,0,0,0,0,0,0,0,0,0,0,0,0,0,0,0,0,0,0,0,0,0,0,0,0,0,0,0,0,0,0,0,0,0,0
2150,18.7049,58.1561,2022,SE,19,281,17.0,30,30.8,301,0,98.0,25.95281326659044,861.3796836149025,81.0,9.507864952087402,29.79686737060547,6.42,13.41,1,1,1,0,1,0,0,0,0,0,0,0,0,0,0,0,0,0,0,0,0,0,0,0,0,0,0,0,0,0,0,0,0,0,0,0,0,0,0,0,0,0,0,0,0
2151,18.7081,58.2884,2022,SE,20,281,43.0,90,27.54,480,1,130.0,29.70700820697425,873.8359533768261,87.0,9.487568855285645,35.77774810791016,7.39,7.4,1,1,1,1,1,1,0,0,0,0,0,0,0,0,0,0,0,0,0,0,0,0,0,0,0,0,0,0,0,0,0,0,0,0,0,0,0,0,0,0,0,0,0,0,0
2152,18.7202,58.4948,2022,SE,21,281,64.0,63,27.91,802,1,188.0,29.71652228700665,891.6416769656327,124.0,9.435226440429688,55.92865753173828,10.33,5.66,1,1,1,1,1,0,0,0,0,0,0,0,0,0,0,0,0,0,0,0,0,0,0,0,0,0,0,0,0,0,0,0,0,0,0,0,0,0,0,0,0,0,0,0,0
2153,18.2486,58.6619,2022,SE,22,281,19.0,31,28.0,1185,-1,112.0,22.66334889688329,892.3441230213763,93.0,8.97084903717041,63.59651184082031,6.59,13.05,1,1,1,0,1,1,0,0,0,0,0,0,0,0,0,0,0,0,0,0,0,0,0,1,0,0,0,0,0,0,0,0,0,0,0,0,0,0,0,0,0,0,0,0,0
2154,18.707,58.8038,2022,SE,23,282,42.0,65,29.01,49,-1,137.0,19.60792138142608,919.6965187198268,95.0,9.38121509552002,60.5804328918457,8.11,6.08,1,1,1,0,1,0,0,0,0,0,0,0,0,0,0,0,0,0,0,0,0,0,0,0,0,0,0,0,0,0,0,0,0,0,0,0,0,0,0,0,0,0,0,0,0
2155,19.2208,58.7952,2022,SE,24,282,36.0,59,25.64,321,0,144.0,42.570122548915215,936.6828727768764,108.0,9.147655487060549,67.30361938476562,6.65,7.94,1,1,1,0,1,1,0,0,0,0,1,0,0,0,0,0,0,0,0,0,0,0,0,0,0,0,0,0,0,0,0,0,0,0,0,0,0,0,0,0,0,0,0,0,0
2156,19.5726,58.6547,2022,SE,25,282,42.0,70,26.47,578,1,118.0,35.202517978788265,936.1555170728136,76.0,9.461742401123049,69.40811920166016,7.63,5.42,1,1,1,1,1,1,0,0,0,0,0,0,0,0,0,0,0,0,0,0,0,0,0,0,0,0,0,0,0,0,0,0,0,0,0,0,0,0,0,0,0,0,0,0,0
2157,19.8763,58.8462,2022,SE,26,282,59.0,32,25.62,863,1,153.0,62.46655221764478,963.8642688638348,94.0,9.455107688903809,63.68428421020508,9.13,5.57,1,1,1,1,0,0,0,0,0,0,0,0,0,0,0,0,0,0,0,0,0,0,0,0,0,0,0,0,0,0,0,0,0,0,0,0,0,0,0,0,0,0,0,0,0
2158,19.5353,59.0911,2022,SE,27,282,27.0,40,17.53,1170,-1,86.0,36.73253488964152,973.0152036220773,59.0,8.992998123168945,56.27932357788086,6.39,11.54,1,1,1,0,1,0,0,0,0,0,0,0,0,0,0,0,0,0,0,0,0,0,0,0,0,0,0,0,0,0,0,0,0,1,0,0,0,0,0,0,0,0,0,0,0
2159,19.8076,59.3306,2022,SE,28,283,11.0,20,31.98,27,-1,52.0,27.73086562382263,1004.7491057775292,41.0,8.814264297485352,130.74781799316406,6.02,12.49,1,1,1,0,1,0,0,0,0,0,0,0,0,0,0,0,0,0,0,0,0,0,0,0,0,0,0,0,0,0,0,0,0,0,0,0,0,0,0,0,0,0,0,0,0
2160,19.7852,59.1231,2022,SE,29,283,16.0,20,30.29,228,-1,102.0,39.9987686550684,986.239685124034,86.0,9.105475425720217,65.38468933105469,6.04,13.04,1,1,1,0,0,0,0,0,0,0,0,0,0,0,0,0,0,0,0,0,0,0,0,0,0,0,0,0,0,0,0,0,0,0,0,0,0,0,0,0,0,0,0,0,0
2161,20.1404,58.9466,2022,SE,30,283,37.0,74,27.01,471,1,140.0,68.39149080450507,983.6459641209084,103.0,9.352225303649902,67.80394744873047,6.82,7.29,1,1,1,1,1,0,0,0,0,0,0,0,0,0,0,0,0,0,0,0,0,0,0,0,0,0,0,0,0,0,0,0,0,0,0,0,0,0,0,0,0,0,0,0,0
2162,20.336,58.5578,2022,SE,31,283,37.0,55,29.37,918,0,97.0,63.78749140924413,959.9674961526166,60.0,9.517043113708496,81.50714111328125,7.44,6.0,1,1,1,1,1,1,0,0,0,0,1,0,0,0,0,0,0,0,0,0,0,0,0,0,0,0,0,0,0,0,0,0,0,0,0,0,0,0,0,0,0,0,0,0,0
2163,19.4374,58.3857,2022,SE,32,284,17.0,25,30.97,58,-1,79.0,8.258085431184062,908.4278355164614,62.0,9.542963981628418,68.76178741455078,6.12,13.07,1,1,1,0,1,0,0,0,0,0,0,0,0,0,0,0,0,0,0,0,0,0,0,0,0,0,0,0,0,0,0,0,0,0,0,0,0,0,0,0,0,0,0,0,0
2164,19.6038,58.1846,2022,SE,33,284,42.0,37,29.44,313,0,147.0,26.207799432507382,901.5247212695708,105.0,9.630816459655762,73.06588745117188,7.83,5.31,1,1,1,0,1,0,0,0,0,0,0,0,0,0,0,0,0,0,0,0,0,0,0,0,0,0,0,0,0,0,0,0,0,0,0,0,0,0,0,0,0,0,0,0,0
2165,19.6675,57.9065,2022,SE,34,284,43.0,47,27.36,571,1,110.0,19.509870875858955,880.569416512011,67.0,9.828964233398438,81.3313217163086,7.84,5.18,1,1,1,0,1,0,0,0,0,0,0,0,0,0,0,0,0,0,0,0,0,0,0,0,0,0,0,0,0,0,0,0,0,0,0,0,0,0,0,0,0,0,0,0,0
2166,19.8907,57.6521,2022,SE,35,284,42.0,58,28.25,925,0,121.0,46.64418548654848,872.423527598178,79.0,10.065048217773438,80.0250473022461,7.82,5.29,1,1,1,1,1,1,0,0,0,0,0,0,0,0,0,0,0,0,0,0,0,0,0,0,0,0,0,0,0,0,0,0,0,0,0,0,0,0,0,0,0,0,0,0,0
2167,19.4581,57.4104,2022,SE,36,284,17.0,20,30.54,1309,-1,119.0,29.18228807331624,834.3655545203451,102.0,10.089964866638184,87.40753936767578,6.49,12.55,1,1,1,0,1,0,0,0,0,0,0,0,0,0,0,0,0,0,0,0,0,0,0,0,0,0,0,0,0,0,0,0,0,0,0,0,0,0,0,0,0,0,0,0,0
2168,19.3691,57.19,2022,SE,37,285,20.0,24,28.66,254,0,159.0,36.3803813232693,817.613910987478,139.0,10.165656089782717,64.23835754394531,6.75,10.36,1,1,1,0,0,0,0,0,0,0,0,0,0,0,0,0,0,0,0,0,0,0,0,0,0,0,0,0,0,0,0,0,0,0,0,0,0,0,0,0,0,0,0,0,0
2169,18.8953,57.1012,2022,SE,38,285,44.0,93,29.56,533,1,77.0,18.40721663603028,786.2791969782825,33.0,9.884014129638672,220.99745178222656,8.28,5.21,1,1,1,1,1,1,0,0,0,0,1,0,0,0,0,0,0,0,0,0,0,0,0,0,0,0,0,0,0,0,0,0,0,0,0,0,0,0,0,0,0,0,0,0,0
2170,18.7595,56.8578,2022,SE,39,285,23.0,22,31.24,871,1,63.0,27.26884773200208,765.6009277841824,40.0,9.888229370117188,173.14430236816406,6.91,7.13,1,1,1,0,1,1,0,0,0,0,0,0,0,0,0,0,0,0,0,0,0,0,0,0,0,0,0,0,0,0,0,0,0,0,0,0,0,0,0,0,0,0,0,0,0
2171,18.8732,56.5775,2022,SE,40,285,19.0,30,28.59,1116,-1,96.0,52.73102021914064,759.0366474254678,77.0,9.993976593017578,105.7065200805664,6.75,13.31,1,1,1,0,1,1,0,0,0,0,0,0,0,0,0,0,0,0,0,0,0,0,0,0,0,0,0,0,0,0,0,0,0,0,0,0,0,0,0,0,0,0,0,0,0
2172,18.555,56.378,2022,SE,41,286,21.0,30,30.3,16,-1,67.0,62.5512362028606,732.6191987590173,46.0,9.874975204467772,148.3184051513672,6.85,12.11,1,1,1,1,1,1,0,0,0,0,0,0,0,0,0,0,0,0,0,0,0,0,0,0,0,0,0,0,0,0,0,0,0,0,0,0,0,0,0,0,0,0,0,0,0
2173,18.5015,56.1255,2022,SE,42,286,34.0,60,27.35,288,0,103.0,89.0508225121941,719.9458042203613,69.0,10.035329818725586,79.09844970703125,7.29,5.85,1,1,1,1,0,0,0,0,0,0,0,0,0,0,0,0,0,0,0,0,0,0,0,0,0,0,0,0,0,0,0,0,0,0,0,0,0,0,0,0,0,0,0,0,0
2174,17.8034,55.8837,2022,SE,43,286,15.0,50,28.43,625,1,61.0,91.65764915278804,672.2576538043817,46.0,9.682890892028809,174.38719177246094,7.03,13.51,0,1,1,0,1,1,0,0,0,0,1,0,0,0,0,0,0,0,0,0,1,0,0,0,0,0,0,0,0,0,0,0,0,0,0,0,0,0,0,0,0,0,0,0,0
2175,17.1236,55.7661,2022,SE,44,286,9.0,46,30.0,1046,-1,41.0,65.30894633318313,626.7350473924148,32.0,9.435114860534668,303.87860107421875,7.15,13.99,1,1,1,1,1,1,0,0,0,0,0,0,0,0,0,0,0,0,0,0,0,0,0,1,0,0,0,0,0,0,0,0,0,0,0,0,0,0,0,0,0,0,0,0,0
2176,16.6597,55.7026,2022,SE,45,286,20.0,45,30.5,1301,-1,57.0,57.4146019612578,596.9740966845806,37.0,9.625470161437988,237.3482818603516,7.19,13.62,1,1,1,1,0,1,0,0,0,0,1,0,0,0,0,0,0,0,0,0,0,0,0,0,0,0,0,0,0,0,0,0,0,0,0,0,0,0,0,0,0,0,0,0,0
2177,16.1928,55.571,2022,SE,46,287,22.0,23,29.91,169,-1,76.0,55.1253836079088,566.6044499143673,54.0,9.554546356201172,174.29139709472656,7.23,14.41,1,1,1,1,0,1,0,0,0,0,0,0,0,0,0,0,0,0,0,0,0,0,0,0,0,0,0,0,0,0,0,0,0,0,0,0,0,0,0,0,0,0,0,0,0
2178,15.9267,55.6501,2022,SE,47,287,40.0,52,27.76,504,1,73.0,41.67766995397661,550.9282200730098,33.0,9.439717292785645,165.058837890625,8.58,8.44,1,1,0,1,0,1,0,0,0,0,0,0,0,0,0,0,0,0,0,1,0,0,0,0,0,0,0,0,0,0,0,0,0,0,0,0,0,0,0,0,0,0,0,0,0
2179,15.9554,55.5048,2022,SE,48,287,53.0,30,26.49,666,1,81.0,57.44730885150475,551.2525851254138,28.0,9.338518142700195,137.7382354736328,12.26,9.3,1,1,1,1,0,1,0,0,0,0,0,0,0,0,0,0,0,0,0,0,0,0,0,0,0,0,0,0,0,0,0,0,0,0,0,0,0,0,0,0,0,0,0,0,0
2180,15.8305,55.2075,2022,SE,49,287,43.0,40,29.56,930,0,91.0,44.46494987932476,543.4268414048008,48.0,9.335412979125977,136.4736328125,11.16,10.07,1,1,1,1,0,0,0,0,0,0,0,0,0,0,0,0,0,0,0,0,0,0,0,0,0,0,0,0,0,0,0,0,0,0,0,0,0,0,0,0,0,0,0,0,0
2181,15.0702,55.3739,2022,SE,50,287,26.0,30,29.85,1374,-1,80.0,18.71488299217427,494.1604862614197,54.0,9.30677604675293,188.8144073486328,7.51,13.68,1,1,1,1,0,1,0,0,0,0,0,0,0,0,0,0,0,0,0,0,0,0,0,0,0,0,0,0,0,0,0,0,0,0,0,0,0,0,0,0,0,0,0,0,0
2182,14.8462,55.3336,2022,SE,51,288,20.0,30,29.31,82,-1,66.0,6.093518890155903,479.6081013281984,46.0,9.126404762268066,197.80709838867188,7.45,14.46,1,1,1,1,0,1,0,1,0,0,0,0,0,0,0,0,0,0,0,0,0,0,0,0,0,0,0,0,0,0,0,0,0,0,0,0,0,0,0,0,0,0,0,0,0
2183,14.5551,55.5987,2022,SE,52,288,24.0,80,28.42,383,0,64.0,13.401978197980192,468.9982437911156,40.0,9.27114200592041,184.64097595214844,7.5,13.84,1,1,1,1,0,1,1,1,0,0,0,0,0,0,0,0,0,0,0,0,0,0,0,0,0,0,0,0,0,0,0,0,0,0,0,0,0,0,0,0,0,0,0,0,0
2184,14.8004,55.7996,2022,SE,53,288,26.0,61,21.63,789,1,47.0,22.9047211793706,495.868529451673,21.0,9.06169605255127,239.18292236328125,7.65,11.18,1,1,1,0,0,1,0,1,0,0,0,0,0,0,0,0,0,1,0,0,0,0,0,0,0,0,0,0,0,0,0,0,0,0,0,0,0,0,0,0,0,0,0,0,0
2185,15.4973,55.5893,2022,SE,54,288,29.0,30,28.84,1217,-1,69.0,50.85554112976849,522.5967630232799,40.0,9.379768371582031,151.4511260986328,7.43,11.66,1,1,1,1,0,1,0,0,0,0,0,0,0,0,0,0,0,1,0,0,0,0,0,0,0,0,0,0,0,0,0,0,0,0,0,0,0,0,0,0,0,0,0,0,0
2186,16.298,56.0272,2022,SE,55,289,9.0,60,30.0,297,0,40.0,20.76539201882068,587.0383906738057,31.0,9.21424961090088,288.67059326171875,7.05,14.01,1,1,1,1,1,1,0,0,0,0,0,0,0,0,0,0,0,0,0,0,0,0,0,0,0,0,0,0,0,0,0,0,0,0,0,0,0,0,0,0,0,0,0,0,0
2187,21.551111,58.06861,2022,EE,1,285,20.0,10,17.0,395,1,43.0,28.080254040543466,978.8130630413564,23.0,9.245050430297852,307.0865173339844,6.38,10.62,1,1,1,0,1,0,0,0,0,0,0,0,0,0,0,0,0,0,0,0,0,0,0,0,0,0,0,0,0,0,0,0,0,0,0,0,0,0,0,0,0,0,0,0,0
2188,20.617222,58.06861,2022,EE,2,285,25.0,30,26.0,705,1,71.0,74.53796783359437,933.408107935246,46.0,9.665595054626465,147.56370544433594,6.57,8.86,1,1,1,0,1,0,0,0,0,0,0,0,0,0,0,0,0,0,0,0,0,0,0,0,0,0,0,0,0,0,0,0,0,0,0,0,0,0,1,0,0,0,0,0,0
2189,20.45139,58.25111,2022,EE,3,285,30.0,15,16.0,910,0,138.0,67.32147749276021,940.803672073676,108.0,9.649243354797363,81.43159484863281,6.86,4.73,1,1,1,0,1,0,0,0,0,0,0,0,0,0,0,0,0,0,0,0,0,0,0,0,0,0,0,0,0,0,0,0,0,0,0,0,0,0,0,0,0,0,0,0,0
2190,21.269167,58.38389,2022,EE,4,286,30.0,15,16.0,495,1,84.0,29.53898012620981,986.27748376978,54.0,9.49468231201172,97.1915283203125,6.7,8.28,1,1,1,0,1,1,0,0,0,0,0,0,0,0,0,0,0,0,0,0,0,0,0,0,0,0,0,0,0,0,0,0,0,0,0,0,0,0,0,0,0,0,0,0,0
2191,21.652222,58.635,2022,EE,5,286,40.0,10,19.0,790,1,57.0,19.010865471958528,1022.6147932700997,17.0,9.359257698059082,212.60305786132807,7.28,7.1,1,1,1,0,0,1,0,0,0,0,0,0,0,0,0,0,0,0,0,0,0,0,0,0,0,0,0,0,0,0,0,0,0,0,0,0,0,0,0,0,0,0,0,0,0
2192,22.001667,58.635555,2022,EE,6,286,20.0,5,18.0,900,0,40.0,14.430745049380896,1036.8681398389415,20.0,9.27859592437744,302.632080078125,6.16,10.92,1,1,1,0,1,1,0,0,0,0,0,0,0,0,0,0,0,0,0,0,0,0,0,0,0,0,0,0,0,0,0,0,0,0,0,0,0,0,0,0,0,0,0,0,0
2193,21.70139,58.868057,2022,EE,7,287,40.0,10,17.0,360,0,60.0,21.432971135643456,1043.1362859265828,20.0,9.384005546569824,197.49395751953125,7.38,7.42,1,1,1,0,1,1,0,0,0,0,0,0,0,0,0,0,0,0,0,0,0,0,0,0,0,0,0,0,0,0,0,0,0,0,0,0,0,0,0,0,0,0,0,0,0
2194,21.2525,59.06889,2022,EE,8,287,30.0,20,14.0,610,1,162.0,47.557057342825445,1039.778776329297,132.0,9.458871841430664,66.37980651855469,6.59,7.0,1,1,1,0,1,0,0,0,0,0,0,0,0,0,0,0,0,0,0,0,0,0,0,0,0,0,0,0,0,0,0,0,0,0,0,0,0,0,0,0,0,0,0,0,0
2195,22.016666,59.185,2022,EE,9,287,30.0,30,23.0,885,0,109.0,27.031343054886044,1079.4695962065828,79.0,9.352397918701172,59.62515640258789,6.44,9.25,1,1,1,0,1,0,0,0,0,0,0,0,0,0,0,0,0,0,0,0,0,0,0,0,0,0,0,0,0,0,0,0,0,0,0,0,0,0,0,0,0,0,0,0,0
2196,22.584444,59.302223,2022,EE,10,288,30.0,10,22.0,370,1,114.0,24.117729432511062,1114.1865873420306,84.0,9.152605056762695,55.11446380615234,6.36,9.4,1,1,1,0,1,1,0,0,0,0,0,0,0,0,0,0,0,0,0,0,0,0,0,0,0,0,0,0,0,0,0,0,0,0,0,0,0,0,0,0,0,0,0,0,0
2197,23.100555,59.318054,2022,EE,11,288,35.0,10,23.0,550,1,93.0,16.192808478678014,1137.6694821943274,58.0,8.903616905212402,65.6172103881836,6.38,8.0,1,1,1,0,1,1,0,0,0,0,0,0,0,0,0,0,0,0,0,0,0,0,0,0,0,0,0,0,0,0,0,0,0,0,0,0,0,0,0,0,0,0,0,0,0
2198,23.651112,59.435833,2022,EE,12,288,40.0,10,18.0,730,1,94.0,17.272861089917008,1170.7265448508597,54.0,8.928125381469727,58.04914093017578,6.99,7.47,1,1,1,0,1,0,0,0,0,0,0,0,0,0,0,0,0,0,0,0,0,0,0,0,0,0,0,0,0,0,0,0,0,0,0,0,0,0,0,0,0,0,0,0,0
2199,27.28389,59.552223,2022,EE,13,289,27.0,30,17.0,360,1,45.0,12.623495994570746,1377.9943350065853,18.0,7.665667533874512,170.24700927734375,5.41,8.22,1,1,1,0,1,0,0,0,0,0,0,1,0,0,0,0,0,0,0,0,0,0,0,0,0,1,0,0,0,0,0,0,0,0,0,0,0,0,0,0,0,0,0,0,0
2200,26.951944,59.584446,2022,EE,14,289,26.0,15,11.0,495,1,51.0,13.19946606666757,1358.5301613784734,25.0,7.846119880676269,137.65875244140625,4.88,8.57,1,1,1,0,1,0,0,0,0,0,0,1,0,0,0,0,0,0,0,0,0,0,0,0,0,0,0,0,0,0,0,0,0,0,0,0,0,0,0,0,0,0,0,0,0
2201,26.284166,59.75139,2022,EE,15,289,30.0,15,18.0,735,1,82.0,18.53772376184748,1320.6004716278412,52.0,7.920063972473144,64.42424774169922,5.77,7.79,1,1,1,0,1,0,0,0,0,0,0,1,0,0,0,0,0,0,0,0,0,0,0,0,0,0,0,0,0,0,0,0,0,0,0,0,0,0,0,0,0,0,0,0,0
2202,25.952223,59.75139,2022,EE,16,289,30.0,10,17.0,860,0,80.0,13.010089085669442,1303.5066181944817,50.0,7.920642375946045,74.06644439697266,6.36,7.64,1,1,1,0,1,0,0,0,0,0,0,1,0,0,0,0,0,0,0,0,0,0,0,0,0,0,0,0,0,0,0,0,0,0,0,0,0,0,0,0,0,0,0,0,0
2203,25.267778,59.735,2022,EE,17,291,30.0,10,20.0,390,1,90.0,16.818201393977823,1266.0837901852235,60.0,8.232394218444824,57.19659423828125,5.31,8.63,1,1,1,0,1,0,0,0,0,0,0,1,0,0,0,0,0,0,0,0,0,0,0,0,0,0,0,0,0,0,0,0,0,0,0,0,0,0,0,0,0,0,0,0,0
2204,24.36861,59.616665,2022,EE,18,291,40.0,10,26.0,670,1,86.0,8.37086764776345,1215.524821835241,46.0,8.794041633605957,67.72459411621094,6.82,6.63,1,1,1,0,1,0,0,0,0,0,0,0,0,0,0,0,0,0,0,0,0,0,0,0,0,0,0,0,0,0,0,0,0,0,0,0,0,0,0,0,0,0,0,0,0
2205,10.164,54.648,2022,DE,1,279,13.0,30,7.5,1123,-1,23.0,8.89638647690473,420.4215330209874,10.0,10.24519157409668,97.47941589355467,19.13,16.13,1,1,1,1,0,0,1,1,1,1,1,0,1,0,0,0,0,0,0,0,0,0,0,0,0,0,0,0,0,0,0,0,0,0,0,0,0,0,0,0,0,0,0,0,0
2206,10.043,55.044,2022,DE,2,279,19.0,30,7.4,1329,-1,35.0,4.410323208541814,380.0117134040268,16.0,10.59549045562744,16.90007209777832,23.02,15.5,1,1,1,1,0,0,0,1,0,0,0,0,1,0,0,0,0,0,0,1,0,0,0,0,0,0,1,0,0,0,0,0,0,0,0,0,0,0,0,0,0,0,0,0,0
2207,9.792,55.555,2022,DE,3,280,4.0,15,8.2,966,0,22.0,1.2155741326567513,323.2336666736917,18.0,10.248431205749512,127.56390380859376,21.98,15.0,1,1,0,0,0,0,0,1,0,0,0,0,0,0,0,0,0,1,0,0,0,0,0,0,0,0,0,0,0,0,0,0,0,0,0,0,0,0,0,0,0,0,0,0,0
2208,10.495,55.831,2022,DE,4,280,28.0,30,6.3,1198,-1,35.0,2.342561017512918,273.22423302189395,7.0,11.368874549865724,196.2907867431641,30.4,15.83,1,1,0,1,0,0,1,1,0,1,0,0,0,1,0,0,0,0,0,0,0,0,0,0,0,0,1,0,1,0,0,0,0,0,0,0,0,0,0,0,0,0,0,0,0
2209,10.614,56.062,2022,DE,5,280,20.0,15,6.4,1343,-1,32.0,6.212500592862433,246.3373096604516,12.0,11.502758026123049,205.4857482910156,31.23,15.75,1,0,1,0,0,0,1,1,0,0,0,0,0,0,0,1,0,0,0,0,0,0,0,0,0,0,0,0,0,0,0,0,0,0,0,0,0,0,0,0,0,0,0,0,0
2210,11.092,55.85,2022,DE,6,281,12.0,20,8.4,87,-1,19.0,4.79087808279778,268.54886188092587,7.0,10.952801704406738,223.42800903320312,20.55,14.29,1,1,1,1,0,0,1,1,1,1,0,0,0,1,0,1,0,0,0,0,0,0,0,0,0,0,0,0,0,0,0,0,0,0,0,0,0,0,0,0,0,0,0,0,0
2211,10.853,55.61,2022,DE,7,281,8.0,30,7.7,995,0,27.0,8.387669230765928,296.33772376185107,19.0,10.85758113861084,187.63934326171875,18.11,14.28,1,1,0,0,0,1,0,1,0,1,0,0,0,1,0,1,0,1,0,0,0,0,0,0,1,0,0,0,0,0,0,0,0,0,0,0,0,0,0,0,0,0,0,0,0
2212,10.991,55.278,2022,DE,8,281,9.0,30,7.7,1199,-1,21.0,5.782149932777152,334.3046099499425,12.0,10.955038070678713,185.0835876464844,19.89,14.59,1,1,1,1,0,0,1,1,1,1,0,0,1,1,0,0,0,0,0,0,0,0,0,0,0,0,0,0,0,0,0,0,0,0,0,0,0,0,0,0,0,0,0,0,0
2213,11.287,55.14,2022,DE,9,281,13.5,20,8.4,1328,-1,19.0,6.536618424442746,351.82519168430025,5.5,9.96285629272461,158.05218505859375,26.36,15.65,1,1,1,1,0,0,1,1,1,0,0,0,1,1,0,0,0,0,0,0,0,0,0,0,0,0,1,0,0,0,0,0,0,0,0,0,0,0,0,0,0,0,0,0,0
2214,12.743,55.085,2022,DE,10,282,16.0,20,7.4,1055,-1,29.0,16.323812683448853,395.40820331664446,13.0,8.717555046081543,257.8058776855469,8.86,14.15,1,0,1,1,0,0,0,1,1,0,0,0,0,0,0,0,0,0,0,0,0,0,0,0,1,0,0,0,1,0,0,0,0,0,0,0,0,0,0,0,0,0,0,0,0
2215,13.873,55.084,2022,DE,11,282,30.0,30,6.9,1325,-1,46.0,35.42392566799046,426.7531916809054,16.0,9.032154083251951,118.51688385009766,15.37,14.39,1,1,1,1,0,0,1,1,1,0,1,0,0,0,0,0,0,0,0,0,0,0,0,0,0,0,0,0,0,0,0,0,0,0,0,0,0,0,0,0,0,0,0,0,0
2216,14.214,55.037,2022,DE,12,283,29.0,30,6.7,7,-1,47.0,30.76150408533416,448.5693785916383,18.0,9.035207748413086,156.62905883789062,12.76,14.35,1,1,1,1,0,0,1,1,1,0,1,0,0,1,0,0,0,0,0,1,0,0,0,0,0,0,0,0,1,0,0,0,0,0,0,0,0,0,0,0,0,0,0,0,0
2217,14.358,55.316,2022,DE,13,283,31.0,30,9.2,1052,-1,46.0,12.631724730527768,448.4359750072773,15.0,9.05149745941162,192.28057861328125,8.92,11.0,1,1,0,1,0,1,0,1,1,0,1,0,1,0,0,0,0,0,0,0,0,0,0,0,0,0,0,0,0,0,0,0,0,0,0,0,0,0,0,0,0,0,0,0,0
2218,13.591,55.268,2022,DE,14,283,12.5,30,9.1,1252,-1,27.0,13.903292821386673,401.32067830838656,14.5,8.777831077575684,255.058837890625,7.59,14.27,1,1,1,1,0,1,0,0,0,0,1,0,0,0,0,0,0,0,0,0,0,0,0,0,0,0,0,0,0,0,0,0,0,0,0,0,0,0,0,0,0,0,0,0,0
2219,12.993,55.274,2022,DE,15,283,7.0,30,8.0,1423,-1,27.0,12.09293603435312,374.1075447523701,20.0,8.610209465026855,254.79464721679688,7.73,14.41,1,1,1,0,0,0,0,0,1,0,0,0,0,0,0,0,0,0,0,0,0,0,0,0,0,0,0,0,0,0,0,0,0,0,0,0,0,0,0,0,0,0,0,0,0
2220,12.159,54.398,2022,DE,16,284,9.0,30,8.2,1018,0,21.0,15.957800408344204,465.7806585642751,12.0,9.5092191696167,226.57847595214844,13.26,14.58,1,1,1,1,0,0,1,1,0,1,0,0,0,1,0,0,0,1,0,0,0,0,0,0,0,0,0,0,0,0,0,0,0,0,0,0,0,0,0,0,0,0,0,0,0
2221,12.735,54.717,2022,DE,17,284,9.0,30,7.1,1226,-1,22.0,27.84951682164064,438.0095204452003,13.0,9.069807052612305,246.88497924804688,10.65,14.1,1,1,0,1,0,0,1,1,1,1,0,0,0,1,0,0,0,0,0,0,0,0,0,0,0,0,0,0,0,0,0,0,0,0,0,0,0,0,0,0,0,0,0,0,0
2222,13.607,54.717,2022,DE,18,285,28.0,30,7.2,5,-1,39.0,11.843614111219145,446.5002015455846,11.0,8.681404113769531,227.2165069580078,12.88,14.73,1,1,1,1,0,0,1,1,1,1,1,0,0,1,0,0,0,1,0,1,0,0,0,0,0,0,0,0,0,0,0,0,0,0,0,0,0,0,0,0,0,0,0,0,0
2223,14.118,54.711,2022,DE,19,285,16.0,30,6.4,963,0,27.0,32.73235509928876,466.6787972182528,11.0,9.053051948547363,270.3537292480469,7.51,13.62,1,1,1,0,0,1,0,0,0,0,1,0,0,0,0,0,0,0,0,0,0,0,0,0,0,0,0,0,0,0,0,0,0,0,0,0,0,0,0,0,0,0,0,0,0
2224,13.878,54.567,2022,DE,20,285,9.0,15,8.3,1097,-1,19.0,12.897466938016311,469.866798920327,10.0,8.533163070678711,225.92665100097656,7.56,13.93,1,1,1,0,0,1,0,1,1,0,1,0,0,0,0,0,0,0,0,0,0,0,0,0,1,0,0,0,0,0,0,0,0,0,0,0,0,0,0,0,0,0,0,0,0
2225,13.726,54.489,2022,DE,21,285,1.0,30,7.9,1183,-1,20.0,5.480601244361048,472.5796354710181,19.0,7.036323547363281,217.5118408203125,7.58,13.77,1,1,1,1,0,0,1,0,0,0,0,0,0,0,0,0,0,1,0,0,0,0,0,0,0,0,0,0,0,0,0,0,0,0,0,0,0,0,0,0,0,0,0,0,0
2226,14.824,54.639,2022,DE,22,286,38.5,30,7.7,89,-1,50.0,41.627962357833255,506.7303116631989,11.5,9.471802711486816,180.47393798828125,10.2,8.69,1,1,1,1,0,0,1,0,1,0,1,0,0,0,0,0,0,0,0,1,0,0,0,0,0,0,0,0,0,0,0,0,0,0,0,0,0,0,0,0,0,0,0,0,0
2227,14.193,54.9,2022,DE,23,286,24.0,30,7.5,978,0,39.0,38.37039997799565,456.59550083352406,15.0,9.020156860351562,177.47926330566406,8.83,13.98,1,1,1,0,0,1,0,0,0,0,0,0,0,0,0,0,0,0,0,0,0,0,0,0,1,0,0,0,0,0,0,0,0,0,0,0,0,0,0,0,0,0,0,0,0
2228,13.224,54.902,2022,DE,24,286,29.5,30,7.3,1220,-1,45.0,25.344935368780305,417.9134334810128,15.5,8.8193998336792,137.96615600585938,14.92,15.1,1,0,1,0,0,0,0,1,1,1,1,0,0,1,0,0,0,0,0,0,0,0,0,0,0,0,0,0,0,0,0,0,0,0,0,0,0,0,0,0,0,0,0,0,0
2229,12.387,54.837,2022,DE,25,287,11.0,30,7.4,7,-1,22.0,11.587584387873862,426.4626565221116,11.0,8.81295108795166,177.2787628173828,12.27,14.55,1,1,1,1,0,0,1,1,1,1,1,0,1,1,0,0,0,1,0,0,0,0,0,0,0,0,0,0,0,0,0,0,0,0,0,0,0,0,0,0,0,0,0,0,0
2230,11.781,54.289,2022,DE,26,287,14.0,30,8.2,993,0,25.0,15.757065197570288,459.2555154268685,11.0,9.538225173950195,93.0615005493164,15.63,15.3,1,1,0,0,0,0,1,1,0,1,0,0,0,1,0,0,0,0,0,0,0,0,0,0,0,0,0,0,0,0,0,0,0,0,0,0,0,0,0,0,0,0,0,0,0
2231,11.229,54.105,2022,DE,27,287,11.0,30,7.5,1169,-1,25.0,10.70549876865549,472.2688618809259,14.0,9.31273365020752,46.97599029541016,15.8,16.54,0,0,1,0,0,0,0,1,0,1,0,0,1,1,0,0,0,1,0,0,0,0,0,0,1,0,0,0,0,1,0,0,0,0,0,0,0,0,0,0,0,0,0,0,0
2232,11.392,54.308,2022,DE,28,287,13.5,30,6.8,1343,-1,22.0,12.485117318954876,449.1144309404616,8.5,9.464189529418944,121.53868103027344,14.62,15.33,1,1,1,1,0,0,1,1,1,1,0,0,1,1,0,0,0,1,0,0,0,0,0,0,1,0,0,0,0,0,0,0,0,0,0,0,0,0,0,0,0,0,0,0,0
2233,11.457,54.515,2022,DE,29,288,15.5,20,8.0,21,-1,27.0,9.579261045024326,426.8056079030077,11.5,9.771074295043944,174.16941833496094,17.44,15.31,1,1,1,0,0,0,1,1,1,1,0,0,1,1,0,0,0,0,0,1,0,0,0,0,0,0,0,0,0,0,0,0,0,0,0,0,0,1,0,0,0,0,0,0,0
2234,10.716,54.637,2022,DE,30,288,11.0,30,8.0,967,0,22.0,9.4072349852924,410.2206585642779,11.0,10.573074340820312,199.27975463867188,18.19,14.84,1,1,0,0,0,0,0,1,1,1,0,0,0,0,0,0,0,1,0,0,0,0,0,0,0,0,0,0,0,0,0,0,0,0,0,0,0,0,0,0,0,0,0,0,0
2235,10.695,54.438,2022,DE,31,288,1.0,30,7.2,1074,-1,19.0,10.559664847915638,433.3750895047388,18.0,10.478291511535645,172.0361785888672,12.83,14.14,1,1,1,1,0,1,1,1,1,1,0,0,0,1,0,0,0,1,0,0,0,0,0,0,1,0,0,0,0,0,0,0,0,0,0,0,0,0,0,0,0,0,0,0,0
2236,10.474,54.767,2022,DE,32,288,14.5,30,7.0,1265,-1,23.0,6.919478837708485,398.97273832127286,8.5,10.504789352416992,196.20640563964844,21.27,15.44,1,1,1,1,0,0,0,1,1,0,0,0,0,1,0,0,0,0,0,0,0,0,0,0,0,0,0,0,0,1,0,0,0,0,0,0,0,0,0,0,0,0,0,0,0
2237,12.669,56.048,2022,DE,33,290,4.0,3,7.0,1170,-1,11.0,1.0353307219058303,286.7792627954554,7.0,11.551304817199709,208.9618530273437,15.94,13.66,1,0,0,0,0,0,0,0,0,0,0,0,0,0,0,0,0,1,0,0,0,0,0,0,0,0,0,0,0,0,0,0,0,0,0,0,0,0,0,0,0,0,0,0,0
2238,11.855,56.135,2022,DE,34,291,13.5,30,7.0,1060,-1,22.0,11.886269523097686,251.36829833394285,8.5,12.134653091430664,202.9076690673828,29.05,13.89,1,1,1,0,0,0,1,1,1,1,0,0,0,0,0,1,0,1,0,0,0,0,0,0,0,0,0,0,0,0,0,0,0,0,0,0,0,0,0,0,0,0,0,0,0
2239,10.962,56.189,2022,DE,35,291,11.0,10,7.0,1346,-1,21.0,11.3320508207088,228.72820331664727,10.0,11.888044357299805,218.0780029296875,29.58,15.03,1,1,1,1,0,0,1,1,1,1,0,0,1,1,0,0,0,1,0,1,0,0,1,0,0,0,0,1,0,0,0,0,0,0,0,0,0,0,0,0,0,0,0,0,0
2240,11.642,56.366,2022,DE,36,292,18.5,20,8.0,104,-1,28.0,18.989221616424867,221.4826759886796,9.5,12.323202133178713,207.2707977294922,33.1,14.33,1,1,0,0,0,0,1,1,0,1,0,0,1,1,0,1,0,1,0,0,0,0,0,0,0,0,0,0,0,0,0,0,0,0,0,0,0,0,0,0,0,0,0,0,0
2241,12.105,56.394,2022,DE,37,292,24.0,25,7.0,978,0,30.0,24.271109213904293,233.2427181296696,6.0,12.856596946716309,208.48989868164065,34.32,13.56,1,1,0,0,0,0,1,1,0,0,0,0,0,1,0,0,0,1,0,0,0,0,1,0,0,0,0,0,0,0,0,0,0,0,0,0,0,0,0,0,0,0,0,0,0
2242,11.817,56.617,2022,DE,38,292,26.0,30,7.0,1158,-1,35.0,16.454047084935926,202.4340233332169,9.0,12.856711387634276,216.84884643554688,34.5,14.17,1,1,1,1,0,0,1,1,1,1,0,0,0,1,0,1,0,1,0,0,0,0,1,0,0,0,0,1,0,0,0,0,0,0,0,0,0,0,0,0,0,0,0,0,0
2243,11.739,56.864,2022,DE,39,293,20.0,11,7.0,112,-1,50.0,16.032170749326497,177.62534303383632,30.0,12.807040214538574,201.84410095214844,33.3,15.39,1,1,0,0,0,0,1,1,1,1,0,0,0,0,0,1,0,1,0,0,0,0,0,0,0,0,0,0,0,0,0,0,0,0,0,0,0,0,0,0,0,0,0,0,0
2244,11.477,57.228,2022,DE,40,293,42.0,27,7.0,1057,-1,54.0,18.23671480596925,137.57917491785352,12.0,13.364458084106444,220.95611572265625,34.67,13.25,1,0,0,0,0,0,1,0,1,1,0,0,0,0,0,1,0,1,0,0,0,0,1,0,0,0,0,0,0,0,0,1,0,0,0,0,0,0,0,1,0,0,0,1,0
2245,11.655,57.393,2022,DE,41,293,38.5,15,7.0,1255,-1,49.0,15.677743555909782,137.84273619708733,10.5,12.90514850616455,231.47506713867188,34.61,12.97,1,1,0,0,0,0,1,1,0,1,0,0,1,0,0,1,0,1,0,0,0,0,1,0,0,0,0,0,0,0,0,0,0,0,0,0,0,0,0,0,0,0,0,1,0
2246,11.749,57.326,2022,DE,42,294,39.0,20,7.0,1008,0,60.0,12.32765590578061,145.48183744820105,21.0,12.542434692382812,223.3310089111328,34.75,12.14,1,1,0,0,0,0,1,1,0,1,0,0,0,0,0,1,0,1,0,0,0,0,0,0,0,0,0,0,0,0,0,1,0,0,0,0,0,0,0,1,0,0,0,0,0
2247,12.257,56.823,2022,DE,43,294,27.5,15,7.0,1323,-1,36.0,12.675213034067768,203.22427098927145,8.5,12.306413650512695,216.4330902099609,34.69,11.8,1,1,0,0,0,0,1,1,1,1,0,0,0,1,0,1,0,1,0,0,0,0,0,0,0,0,0,1,0,0,0,1,0,0,0,0,0,0,0,0,0,0,0,0,0
2248,12.442,56.649,2022,DE,44,294,15.5,20,7.0,1416,-1,26.0,14.794092318996926,224.9949004616521,10.5,11.828885078430176,203.136962890625,30.95,13.23,1,1,0,0,0,0,1,1,1,1,0,0,1,1,0,1,0,1,0,0,0,0,0,0,0,0,0,1,0,0,0,0,0,0,0,0,0,0,0,0,0,0,0,0,0
2249,12.435,56.409,2022,DE,45,295,12.5,30,7.0,98,-1,25.0,8.542353571154422,244.2150667541712,12.5,11.723791122436523,196.14401245117188,28.98,14.19,1,1,0,0,0,0,1,1,1,1,0,0,0,1,0,1,0,1,0,0,0,0,1,0,0,0,0,1,0,0,0,0,0,0,0,0,0,0,0,0,0,0,0,0,0
2250,12.898,55.685,2022,DE,46,295,5.5,30,7.0,976,0,14.0,6.8021775876203545,328.797890403474,8.5,9.328235626220703,192.74880981445312,13.26,13.82,1,1,0,1,0,0,0,1,0,0,0,0,0,0,0,0,0,1,0,0,0,0,0,0,1,0,0,0,0,0,0,0,0,0,0,0,0,0,0,0,0,0,0,0,0
2251,12.875,55.764,2022,DE,47,295,7.5,15,8.0,1071,-1,18.0,1.818498292042163,320.4307662119626,10.5,9.289228439331056,175.02435302734375,19.72,13.88,1,1,1,1,0,0,1,0,0,0,0,0,0,1,0,0,0,1,0,0,0,0,0,0,1,0,1,0,0,0,0,0,0,0,0,0,0,0,0,0,0,0,0,0,0
2252,12.733,55.922,2022,DE,48,295,10.5,20,7.0,1198,-1,30.0,1.8130307078884047,300.3413481090498,19.5,9.795698165893556,174.25611877441406,25.51,13.37,1,1,0,0,0,0,1,0,0,0,0,0,0,1,0,0,0,0,0,1,0,0,0,0,0,0,0,0,0,0,0,0,0,0,0,0,0,0,0,0,0,0,0,0,0
2253,12.453,56.162,2022,DE,49,295,9.5,30,8.0,1355,-1,25.0,6.261495551392667,268.17711820323814,15.5,10.59459114074707,180.807846069336,24.66,13.5,0,0,1,0,0,0,1,1,0,1,0,0,0,1,0,0,0,0,0,0,0,0,1,0,0,0,0,0,0,0,0,0,0,0,0,0,0,0,0,0,0,0,0,0,0
2254,23.1565,59.6735,2022,FI,1,263,23.0,30,12.3,1141,-1,58.0,15.78472558116882,1165.4432834331526,35.0,8.478376388549805,248.850814819336,6.07,8.34,1,1,1,0,1,1,0,0,0,0,1,1,0,0,1,0,0,0,0,0,1,0,0,0,0,0,0,0,0,0,0,0,0,0,0,0,0,0,0,0,0,0,0,0,0
2255,22.5765,59.65333,2022,FI,2,264,17.0,15,20.0,1395,-1,33.0,17.86402947970413,1140.2663401583968,16.0,8.571322441101074,284.9747619628906,5.52,11.44,1,1,1,0,1,0,0,0,0,0,0,1,0,0,1,0,0,0,0,0,0,0,0,0,0,0,0,0,0,0,0,0,0,0,0,0,0,0,0,0,0,0,0,0,0
2256,21.0625,59.699665,2022,FI,3,264,15.0,80,17.0,300,0,113.0,10.600021948628038,1081.4285836791623,98.0,9.054729461669922,160.67138671875,5.83,12.46,1,1,1,0,1,0,0,0,0,0,0,1,0,0,1,0,0,0,0,0,0,0,0,1,0,0,0,0,0,0,0,0,0,0,0,0,0,0,0,0,0,0,0,0,0
2257,20.894833,59.666668,2022,FI,4,264,15.8,60,18.0,521,1,35.0,15.548697280362566,1072.1272309138053,19.2,9.032670021057127,223.6860198974609,5.84,12.34,1,1,1,0,1,0,0,0,0,0,0,0,0,0,1,0,0,0,0,0,0,0,0,0,0,0,0,0,0,0,0,0,0,0,0,0,0,0,0,0,0,0,0,0,0
2258,19.9425,59.788834,2022,FI,5,264,15.8,45,17.6,840,1,196.0,5.638884158104662,1050.5201623609353,180.2,8.8171968460083,283.6518859863281,5.68,12.3,1,1,1,0,1,0,0,0,0,0,0,0,0,0,0,0,0,0,0,0,1,0,0,0,0,0,0,0,0,1,0,0,0,0,0,0,0,0,0,0,0,0,0,0,0
2259,19.431,60.0265,2022,FI,6,264,15.8,45,20.0,1091,-1,156.0,15.335610290954028,1059.461607152884,140.2,8.645243644714355,311.0432434082031,5.44,11.98,1,1,1,1,1,0,0,0,0,0,0,0,0,0,1,0,1,0,1,0,1,0,0,0,0,0,0,0,0,0,0,0,0,0,0,0,0,0,0,0,0,0,0,0,0
2260,18.831333,60.779335,2022,FI,7,265,14.3,90,16.8,16,-1,65.0,36.48383440512964,1143.6232928213874,50.7,8.492744445800781,249.61920166015625,5.01,11.4,1,1,1,0,1,0,0,0,0,0,0,0,0,0,1,0,0,0,0,0,0,0,0,0,0,0,0,0,0,0,1,0,0,0,0,0,0,0,0,0,0,0,0,0,0
2261,18.895834,61.327835,2022,FI,8,265,15.8,60,17.0,895,1,68.0,79.67087897701455,1208.4344309404644,52.2,8.648100852966309,171.77589416503906,5.03,10.67,1,1,1,0,0,0,0,0,0,0,0,0,0,0,1,0,0,0,0,0,0,0,0,0,0,0,0,0,0,0,1,0,0,0,0,0,0,0,0,0,0,0,0,0,0
2262,18.1205,61.2875,2022,FI,9,265,14.3,60,17.1,1150,-1,73.0,45.02985508152222,1203.2492519847344,58.7,8.407544136047363,188.78712463378903,4.83,11.04,1,1,1,0,0,0,0,0,0,0,0,0,0,0,0,0,0,0,0,0,0,0,0,0,0,0,0,0,0,0,0,0,0,0,0,0,0,0,0,0,0,0,0,0,0
2263,18.074667,61.491333,2022,FI,10,266,14.3,50,16.9,1382,-1,72.0,33.182000084587585,1226.9544309404644,57.7,8.2986478805542,196.52442932128903,4.74,10.93,1,1,1,0,0,0,0,0,0,0,0,0,0,0,1,0,0,0,0,0,0,0,0,0,0,0,0,0,0,0,0,0,0,0,0,1,0,0,0,0,0,0,0,0,0
2264,19.156834,61.686,2022,FI,11,266,12.7,60,15.9,299,0,68.0,85.3097335924405,1250.1088618809258,55.3,8.498947143554688,172.2941436767578,4.8,10.56,1,1,1,0,0,0,0,0,0,0,0,0,0,0,0,0,0,0,0,0,0,0,0,0,0,0,0,0,0,0,0,0,0,0,0,0,0,0,0,0,0,0,0,0,0
2265,18.229,61.852665,2022,FI,12,266,11.1,82,15.0,671,1,89.0,38.06057977286993,1269.5557480690177,77.9,8.355463027954102,190.86935424804688,4.76,10.57,1,1,1,0,1,0,0,0,0,0,0,0,0,0,1,0,0,0,0,0,1,0,0,0,0,0,0,0,0,0,0,0,0,0,0,0,0,0,0,0,0,0,0,0,0
2266,18.1505,62.071667,2022,FI,13,266,9.5,60,15.4,961,0,72.0,26.24844780638108,1294.563951385666,62.5,8.23908805847168,212.5765686035156,4.67,10.33,1,1,1,0,0,0,0,0,0,0,0,0,0,0,0,0,0,0,0,0,0,0,0,0,0,0,0,0,0,0,0,0,0,0,0,0,0,0,0,0,0,0,0,0,0
2267,18.6065,62.127335,2022,FI,14,266,12.7,45,17.5,1189,-1,84.0,46.62183852295024,1301.961317128553,71.3,8.403374671936035,209.31167602539065,4.75,10.62,1,1,1,0,0,0,0,0,0,0,0,0,0,0,0,0,0,0,0,0,0,0,0,0,0,0,0,0,0,0,0,0,0,0,0,0,0,0,0,0,0,0,0,0,0
2268,19.1515,62.115166,2022,FI,15,267,12.7,75,17.3,1365,-1,79.0,74.28657016900532,1300.10754475237,66.3,8.462340354919434,206.7862091064453,4.78,10.55,1,1,1,0,0,0,0,0,0,0,0,0,0,0,0,0,0,0,0,0,0,0,0,0,0,0,0,0,0,0,0,0,0,0,0,0,0,0,0,0,0,0,0,0,0
2269,18.802334,62.629,2022,FI,16,267,85.5,90,19.6,562,1,139.0,32.68216240482357,1360.3019756928304,53.5,8.311644554138184,232.4183654785156,6.64,5.46,1,0,1,0,0,0,0,0,0,0,0,0,0,0,1,0,0,0,0,0,0,0,0,0,0,0,0,0,0,0,0,0,0,0,0,0,0,0,0,0,0,0,0,0,0
2270,19.334333,62.64517,2022,FI,17,267,15.8,60,16.2,900,1,148.0,50.7968228478718,1362.1557480690174,132.2,8.403848648071289,229.12843322753903,4.72,10.24,1,0,1,0,0,0,0,0,0,0,0,0,0,0,0,0,0,0,0,0,0,0,0,0,0,0,0,0,0,0,0,0,0,0,0,0,0,0,0,0,0,0,0,0,0
2271,19.410833,63.036167,2022,FI,18,267,14.3,67,16.5,1153,-1,154.0,25.496956987639944,1407.5377237618488,139.7,8.295948028564453,237.9194183349609,4.51,10.49,1,1,1,0,0,0,0,0,0,0,0,0,0,0,0,0,0,0,0,0,0,0,0,0,0,0,0,0,0,0,0,0,0,0,0,0,0,0,0,0,0,0,0,0,0
2272,20.065,63.143665,2022,FI,19,268,12.7,70,16.4,1378,-1,92.0,29.419233332150423,1419.5695204452004,79.3,8.305522918701172,261.1092224121094,4.56,10.24,1,1,1,0,1,0,0,0,0,0,0,0,0,0,0,0,0,0,0,0,0,0,0,0,0,0,0,0,0,0,0,0,0,0,0,0,0,0,0,0,0,0,0,0,0
2273,19.536167,62.680668,2022,FI,20,268,15.8,108,16.8,368,1,130.0,56.59154251195067,1365.863292821386,114.2,8.359086036682129,236.23678588867188,4.66,10.4,1,1,1,0,1,0,0,0,0,0,0,0,0,0,0,0,0,0,0,0,0,0,0,0,0,1,0,0,0,0,0,0,0,0,0,0,0,0,0,0,0,0,0,0,0
2274,20.2295,62.69,2022,FI,21,268,12.7,60,16.3,890,1,83.0,42.55468713094643,1366.790179009479,70.3,8.372465133666992,296.42437744140625,4.69,10.24,1,1,1,0,0,0,0,0,0,0,0,1,0,0,0,0,0,0,0,0,0,0,0,0,0,0,0,0,0,0,0,0,0,0,0,0,0,0,0,0,0,0,0,0,0
2275,20.435,62.815834,2022,FI,22,268,7.9,90,21.1,1029,0,57.0,26.2566358709994,1381.6026342571088,49.1,8.341919898986816,318.26275634765625,4.66,10.05,1,1,1,0,0,0,0,0,0,0,0,1,0,0,0,0,0,0,0,0,0,0,0,0,0,0,0,0,0,0,1,0,0,0,0,0,0,0,0,0,0,0,0,0,0
2276,20.350166,62.47867,2022,FI,23,269,12.7,45,16.7,1384,-1,66.0,37.36162228738823,1342.7088618809216,53.3,8.37509536743164,303.1015930175781,4.75,10.02,1,1,1,0,0,0,0,0,0,0,0,1,0,0,0,0,0,0,0,0,0,0,0,0,0,0,0,0,0,0,0,0,0,0,0,0,0,0,0,0,0,0,0,0,0
2277,19.848167,62.176167,2022,FI,24,269,12.7,100,14.7,193,-1,121.0,71.51044190146419,1306.5957480690145,108.3,8.308309555053711,282.8849792480469,4.69,10.53,1,1,1,0,1,0,0,0,0,0,0,0,0,0,0,0,0,0,0,0,0,0,0,0,0,0,0,0,0,0,1,0,0,0,0,0,0,0,0,0,0,0,0,0,0
2278,19.895666,61.9845,2022,FI,25,269,12.7,105,18.5,481,1,106.0,73.14409351456807,1284.3682033166488,93.3,8.336325645446777,270.68487548828125,4.69,10.68,1,1,1,0,1,0,0,0,0,0,0,0,0,0,1,0,0,0,0,0,0,0,0,0,0,0,0,0,0,0,0,0,0,0,0,0,0,0,0,0,0,0,0,0,0
2279,20.152834,61.606,2022,FI,26,269,15.8,45,16.3,952,0,128.0,64.45107243588103,1239.9308375737562,112.2,8.462981224060059,278.51806640625,4.82,11.04,1,1,1,0,0,0,0,0,0,0,0,0,0,0,0,0,0,0,0,0,1,0,0,0,0,0,0,0,0,0,0,0,0,0,0,0,0,0,0,0,0,0,0,0,0
2280,20.2345,61.8655,2022,FI,27,269,15.8,60,18.8,1177,-1,121.0,57.536377081075,1270.4826342571116,105.2,8.383116722106934,283.7377014160156,4.8,10.93,1,1,1,0,1,0,0,0,1,0,0,0,0,0,1,0,0,0,0,0,1,0,0,0,0,1,0,0,0,0,0,0,0,0,0,0,0,0,0,0,0,0,0,0,0
2281,20.355333,62.066,2022,FI,28,270,15.8,60,17.1,1418,-1,104.0,48.634825133058726,1293.6370651975744,88.2,8.388906478881836,297.0376281738281,4.78,10.82,1,1,1,0,0,0,0,0,0,0,0,0,0,0,1,0,0,0,0,0,1,0,0,0,0,0,0,0,0,0,0,0,0,0,0,0,0,0,0,0,0,0,0,0,0
2282,20.786833,61.4775,2022,FI,29,270,12.7,60,15.0,1006,0,73.0,29.22605828309449,1240.4025178479008,60.3,8.596074104309082,309.1192321777344,5.02,10.77,1,1,1,0,1,0,0,0,0,0,0,1,0,0,0,0,0,0,0,0,0,0,0,0,0,0,0,0,0,0,0,0,0,0,0,0,0,0,0,0,0,0,0,0,0
2283,20.523666,61.333,2022,FI,30,270,15.8,60,18.4,1242,-1,101.0,45.12725350765066,1219.0384809516454,85.2,8.529570579528809,297.8459167480469,4.95,11.32,1,1,1,0,0,0,0,0,0,0,0,1,0,0,0,0,0,0,0,0,0,1,0,0,0,1,0,0,0,0,1,0,0,0,0,0,0,0,0,0,0,0,0,0,0
2284,19.787,61.334835,2022,FI,31,271,12.7,55,16.3,110,-1,107.0,83.37862009754024,1208.4344309404644,94.3,8.63415813446045,264.5833435058594,4.94,11.14,1,1,1,0,1,0,0,0,0,0,0,1,0,0,1,0,0,0,0,0,0,0,0,0,0,0,0,0,0,0,0,0,0,0,0,0,0,0,0,0,0,0,0,0,0
2285,19.725166,61.109,2022,FI,32,271,15.8,60,16.5,432,1,126.0,74.60026267977354,1181.5901790094774,110.2,8.569994926452637,290.239501953125,5.01,11.11,1,1,1,0,1,0,0,0,0,0,0,0,0,0,0,0,0,0,0,0,0,0,0,0,0,0,0,0,0,0,0,0,0,0,0,0,0,0,0,0,0,0,0,0,0
2286,20.459667,60.85483,2022,FI,33,271,12.7,60,16.2,973,0,59.0,29.810335939119497,1169.6836505543386,46.3,8.517423629760742,314.2296142578125,5.05,10.99,1,1,1,0,1,0,0,0,1,0,0,1,0,0,0,0,0,0,0,0,1,0,0,0,0,0,0,0,0,0,0,0,0,0,0,0,0,0,0,0,0,0,0,0,0
2287,19.839834,60.876667,2022,FI,34,271,14.3,60,17.8,1170,-1,91.0,47.969221547179295,1155.6661362524314,76.7,8.6309175491333,297.2049255371094,5.05,11.19,1,1,1,0,1,0,0,0,0,0,0,1,0,0,1,0,0,0,0,0,0,0,0,0,0,0,0,0,0,0,0,0,0,0,0,0,0,0,0,0,0,0,0,0,0
2288,19.504667,60.894,2022,FI,35,272,11.1,60,11.0,1395,-1,95.0,53.231405285753866,1157.508861880926,83.9,8.665465354919434,291.0032958984375,5.02,10.99,1,1,1,0,1,0,0,0,0,0,0,0,0,0,0,0,0,0,0,0,0,0,0,0,0,0,0,0,0,0,0,0,0,0,0,0,0,0,0,0,0,0,0,0,0
2289,20.270334,59.310333,2022,FI,36,272,12.7,30,16.4,955,0,63.0,54.06835339204316,1018.7716328971064,50.3,8.926835060119629,119.47449493408205,5.9,12.53,1,1,1,0,1,0,0,0,0,0,0,0,0,0,0,0,0,0,0,0,1,0,0,0,0,0,0,0,0,0,0,0,0,0,0,0,0,0,0,0,0,0,0,0,0
2290,20.902,59.183,2022,FI,37,272,15.8,45,17.1,1225,-1,109.0,67.72715296980834,1033.207761607169,93.2,9.369357109069824,65.59742736816406,5.97,12.31,1,1,1,0,1,1,0,0,0,0,0,0,0,0,1,0,0,0,0,0,0,0,0,0,0,0,0,0,0,0,0,0,0,0,0,0,0,0,0,0,0,0,0,0,0
2291,21.1245,59.521168,2022,FI,38,273,15.8,30,16.8,74,-1,59.0,27.948225640561123,1070.7592974517277,43.2,9.217666625976562,99.01717376708984,5.86,12.3,1,1,1,0,1,1,0,0,0,0,0,0,0,0,1,0,0,0,0,0,0,0,0,0,0,0,0,0,0,0,0,0,0,0,0,0,0,0,0,0,0,0,0,0,0
2292,22.158167,59.529835,2022,FI,39,273,11.1,60,17.0,334,1,75.0,30.354943959243933,1113.8405565327182,63.9,8.854780197143555,160.4766845703125,5.66,12.49,1,1,1,0,1,1,0,0,0,0,0,0,0,0,1,0,0,0,0,0,0,0,0,0,0,0,0,0,0,0,0,0,0,0,0,0,0,0,0,0,0,0,0,0,0
2293,23.3855,59.542168,2022,FI,40,273,15.8,45,17.2,692,1,95.0,26.87969945468189,1167.5469180067018,79.2,8.81298542022705,81.99282836914062,5.46,11.61,1,1,1,0,1,1,0,0,0,0,0,0,0,0,0,0,0,0,0,0,0,0,0,0,0,0,0,0,0,1,0,0,0,0,0,0,0,0,0,0,0,0,0,0,0
2294,24.751333,59.865334,2022,FI,41,273,12.7,45,15.7,1093,-1,60.0,17.83291748678941,1249.1608022422274,47.3,8.348837852478027,150.788330078125,4.75,11.61,1,1,1,0,1,0,0,0,0,0,0,1,0,0,0,0,0,0,0,0,0,0,0,0,0,0,0,0,0,0,0,0,0,0,0,0,0,0,0,0,0,0,0,0,0
2295,25.099167,59.9275,2022,FI,42,273,12.7,60,15.5,1255,-1,64.0,18.744929794583463,1269.4054736600372,51.3,8.26344108581543,89.31439208984375,4.32,11.86,1,1,1,0,1,0,0,0,0,0,0,1,0,0,0,0,0,0,0,0,0,0,0,0,0,0,0,0,0,0,0,0,0,0,0,0,0,0,0,0,0,0,0,0,0
2296,26.331667,60.131832,2022,FI,43,274,14.3,45,16.7,940,0,56.0,19.51956128293035,1340.893277869271,41.7,7.741232395172119,157.44183349609375,3.74,11.75,1,1,1,0,1,0,0,0,0,0,0,1,0,0,0,0,0,0,0,0,0,0,0,0,0,1,0,0,0,0,0,0,0,0,0,0,0,0,0,0,0,0,0,0,0
2297,25.041166,60.01317,2022,FI,44,275,14.3,60,16.7,1313,-1,60.0,9.268861880924447,1272.538986568209,45.7,8.23696517944336,127.8243637084961,4.66,11.57,1,1,1,0,1,0,0,0,0,0,0,1,0,0,0,0,0,0,0,0,0,0,0,0,0,0,0,0,0,0,0,0,0,0,0,0,0,0,0,0,0,0,0,0,0
2298,20.672667,55.932835,2022,LT,1,297,28.0,30,20.0,375,0,31.0,24.144156326038253,854.2565342843943,3.0,8.78234577178955,297.9618835449219,7.02,10.18,0,1,0,0,0,0,0,0,0,0,0,0,0,0,0,0,0,0,0,0,0,0,0,0,0,0,0,0,0,0,0,0,0,0,0,0,0,0,0,0,0,0,0,0,0
2299,20.262167,55.932667,2022,LT,2,297,42.0,30,20.0,530,1,42.0,49.84578750038707,827.3745988179625,0.0,9.104543685913086,287.9781494140625,7.66,7.25,0,1,0,0,0,0,0,0,0,0,0,0,0,0,0,0,0,0,0,0,0,0,0,0,0,0,0,0,0,0,0,0,0,0,0,0,0,0,0,0,0,0,0,0,0
2300,19.902334,55.703,2022,LT,5,298,75.0,30,20.0,345,0,75.0,73.3619030133744,805.7603358701265,0.0,9.3649263381958,124.24429321289062,11.06,7.15,1,0,1,0,0,1,0,0,0,0,0,0,0,0,0,0,0,0,0,0,0,0,0,0,0,0,0,0,0,0,0,0,0,0,0,0,0,0,0,0,0,0,0,0,0
2301,20.322166,55.598,2022,LT,6,298,68.0,30,20.0,540,1,70.0,49.48824327591908,832.161690076156,2.0,9.281852722167969,160.9091339111328,10.32,7.15,1,1,1,1,0,0,0,0,0,0,0,0,0,0,0,0,0,0,0,0,0,0,0,0,0,0,0,0,0,0,0,0,0,0,0,0,0,0,0,0,0,0,0,0,0
2302,20.762184,55.5841,2022,LT,7,298,49.0,30,20.0,710,1,51.0,22.004211833506208,860.5645195265699,2.0,9.13089084625244,282.11920166015625,7.98,7.14,1,1,0,0,0,0,0,0,0,0,0,0,0,0,0,0,0,0,0,0,0,0,0,0,0,0,0,0,0,0,0,0,0,0,0,0,0,0,0,0,0,0,0,0,0
2303,19.835167,56.105835,2022,LV,1,310,49.5,20,17.0,560,1,57.0,72.99201016787231,801.5288228297377,7.5,9.368592262268066,209.843505859375,9.03,6.98,1,1,1,0,0,0,0,0,0,0,0,0,0,0,0,0,0,0,0,0,0,0,0,0,0,0,0,0,0,0,0,0,0,0,0,0,0,0,0,0,0,0,0,0,0
2304,20.666834,56.0985,2022,LV,2,310,27.5,20,15.0,832,0,36.0,23.241259344428933,853.987976824565,8.5,8.936349868774414,283.8856201171875,7.12,9.27,1,1,0,0,0,0,0,0,0,0,1,0,0,0,0,0,0,0,0,0,0,0,0,0,0,0,0,0,0,0,0,0,0,0,0,0,0,0,0,0,0,0,0,0,0
2305,19.892166,56.391335,2022,LV,3,314,35.0,20,24.0,450,1,87.0,66.71232052253647,812.0062548257625,52.0,9.786809921264648,113.71671295166016,7.46,6.29,1,1,1,0,0,1,0,0,0,0,0,0,0,0,0,0,0,0,0,0,1,0,0,0,0,0,0,0,0,0,0,0,0,0,0,0,0,0,0,0,0,0,0,0,0
2306,20.283167,56.399666,2022,LV,4,314,45.0,30,24.0,710,1,60.0,43.13765474253676,835.651681885568,15.0,9.308794975280762,225.09097290039065,8.25,6.59,0,1,1,0,0,0,0,0,0,0,0,0,0,0,0,0,0,0,0,0,0,0,0,0,0,0,0,0,0,0,0,0,0,0,0,0,0,0,0,0,0,0,0,0,0
2307,20.161167,56.6195,2022,LV,5,316,65.5,20,25.0,1370,-1,129.0,52.24650411378733,835.6406220596859,63.5,9.791597366333008,93.38375091552734,10.57,6.29,0,1,0,0,0,0,0,0,0,0,0,0,0,0,0,0,0,0,0,0,0,0,0,0,0,0,0,0,0,0,0,0,0,0,0,0,0,0,0,0,0,0,0,0,0
2308,20.725334,56.871666,2022,LV,6,317,45.0,20,16.0,405,0,53.0,20.60693177761476,877.1261702667679,8.0,9.254948616027832,271.3079833984375,7.92,6.68,1,0,0,0,0,0,0,0,0,0,0,0,0,0,0,0,0,0,0,0,0,0,0,0,0,0,0,0,0,0,0,0,0,0,0,0,0,0,0,0,0,0,0,0,0
2309,20.775333,57.1165,2022,LV,7,317,44.5,15,25.0,664,1,56.0,34.237457440048175,889.036954060008,11.5,9.353758811950684,267.5399780273437,8.07,6.9,0,1,0,0,0,0,0,0,0,0,0,0,0,0,0,0,0,0,0,0,0,0,0,0,0,0,0,0,0,0,0,0,0,0,0,0,0,0,0,0,0,0,0,0,0
2310,20.087667,57.3075,2022,LV,8,317,70.0,30,24.0,1045,-1,242.0,68.5878808100762,862.0581788193886,172.0,10.201889991760254,0.0,10.56,6.22,1,1,1,0,0,0,0,0,0,0,0,0,0,0,0,0,0,0,0,0,0,0,0,0,0,0,0,0,0,0,0,0,0,0,0,0,0,0,0,0,0,0,0,0,0
2311,21.060833,57.384335,2022,LV,9,317,26.0,20,14.0,1345,-1,67.0,23.880989830787133,918.0592329922216,41.0,9.426459312438965,238.29928588867188,6.79,9.39,0,1,1,0,0,1,0,0,0,0,1,1,0,0,0,0,0,0,0,0,0,0,0,1,0,1,0,0,0,0,0,0,0,0,0,1,0,0,0,0,0,0,0,0,0
2312,20.195667,57.6305,2022,LV,10,318,74.5,30,25.0,396,0,143.0,62.0128203487446,884.9904039122566,68.5,10.016927719116213,74.24671173095703,10.84,6.3,1,1,1,1,0,0,0,0,0,0,0,0,0,0,0,0,0,0,0,0,0,0,0,0,0,0,0,0,0,0,0,0,0,0,0,0,0,0,0,0,0,0,0,0,0
2313,20.854334,57.856834,2022,LV,11,318,70.5,35,25.0,739,1,84.0,59.712246611519305,932.5403422209,13.5,9.628229141235352,139.31748962402344,10.54,6.44,1,1,1,1,0,0,0,0,0,0,0,0,0,0,0,0,0,0,0,0,0,0,0,0,0,0,0,0,0,0,0,0,0,0,0,0,0,0,0,0,0,0,0,0,0
2314,21.3465,57.7985,2022,LV,12,318,58.5,20,25.0,976,-1,65.0,33.84930733665577,953.6856499685084,6.5,9.58559513092041,216.1187896728516,8.96,6.17,1,1,1,1,0,0,0,0,0,0,1,0,0,0,0,0,0,0,0,0,0,0,0,0,0,0,0,0,0,0,0,0,0,0,0,0,0,0,0,0,0,0,0,0,0
2315,19.03,55.14,2022,PL,1,255,63.0,30,19.0,965,1,91.0,53.36579288444076,749.5415137619274,28.0,9.638922691345217,101.45597839355467,11.2,7.07,1,1,0,1,0,0,0,0,0,0,0,0,0,0,0,0,0,0,0,0,0,0,0,0,0,0,0,0,0,0,0,0,0,0,0,0,0,0,0,0,0,0,0,0,0
2316,18.98,54.55,2022,PL,2,256,46.5,30,18.0,345,1,69.0,11.861568191088091,760.1525960778355,22.5,8.936502456665039,223.55799865722656,8.06,9.28,1,1,0,1,0,0,0,0,0,0,1,0,0,0,0,0,0,0,0,0,0,0,0,0,0,0,0,0,0,0,0,0,0,0,0,0,0,0,0,0,0,0,0,0,0
2317,18.92,54.47,2022,PL,3,256,36.0,30,18.0,490,1,61.0,13.076903374499835,759.6919148140079,25.0,8.159646987915039,259.8091125488281,7.66,10.18,1,1,0,1,0,0,0,0,0,0,1,0,0,0,0,0,0,0,0,0,0,0,0,0,0,0,0,0,0,0,0,0,0,0,0,0,0,0,0,0,0,0,0,0,0
2318,19.23,54.41,2022,PL,4,256,20.0,30,17.0,910,1,39.0,5.5613171285558005,781.2066544578661,19.0,9.100916862487791,274.77294921875,7.74,12.42,1,1,0,0,0,0,0,0,0,0,0,0,0,0,0,0,0,0,0,0,0,0,0,0,0,0,0,0,0,0,0,0,0,0,0,0,0,0,0,0,0,0,0,0,0
2319,19.45,54.48,2022,PL,5,257,34.0,40,18.0,380,1,60.0,9.269816896403809,790.6878159970515,26.0,9.192702293395996,230.3407592773437,7.36,10.11,1,1,0,0,0,0,0,0,0,0,1,0,0,0,0,0,0,0,0,0,0,0,0,0,0,0,0,0,0,0,0,0,0,0,0,0,0,0,0,0,0,0,0,0,0
2320,19.16,54.6,2022,PL,6,257,57.0,30,19.0,655,1,81.0,21.746664273105942,767.9206187317418,24.0,9.40444278717041,188.3788452148437,9.56,7.74,1,1,0,1,0,1,0,0,0,0,1,0,0,0,0,0,0,0,0,0,0,0,0,0,0,0,0,0,0,0,0,0,0,0,0,0,0,0,0,0,0,0,0,0,0
2321,19.2,54.84,2022,PL,7,257,57.5,30,18.0,850,1,105.0,33.375647663196155,762.5225825374525,47.5,9.173733711242676,151.5424041748047,9.68,7.36,1,1,0,1,0,0,0,0,0,0,0,0,0,0,0,0,0,0,0,0,0,0,0,0,0,0,0,0,0,0,0,0,0,0,0,0,0,0,0,0,0,0,0,0,0
2322,18.61,55.53,2022,PL,8,260,25.0,30,19.0,920,1,85.0,79.62305577418586,721.857907832693,60.0,9.82411003112793,148.95640563964844,7.03,8.49,1,0,1,1,0,1,0,0,0,0,0,0,0,0,0,0,0,0,0,0,0,0,0,0,0,0,0,0,0,0,0,0,0,0,0,0,0,0,0,0,0,0,0,0,0
2323,18.7,55.17,2022,PL,9,261,44.5,30,19.0,395,1,91.0,44.075991814554,727.8381351207535,46.5,9.810924530029297,152.6522216796875,8.28,6.62,1,1,0,1,0,0,0,0,0,0,1,0,0,0,0,0,0,0,0,0,0,0,0,0,0,0,0,0,0,0,0,0,0,0,0,0,0,0,0,0,0,0,0,0,0
2324,18.67,54.88,2022,PL,10,261,44.5,20,19.0,630,1,66.0,16.855763536980092,728.5296726032524,21.5,9.270057678222656,211.9104461669922,8.71,8.28,1,1,0,1,0,0,0,0,0,0,1,0,0,0,0,0,0,0,0,0,0,0,0,0,0,0,0,0,0,0,0,0,0,0,0,0,0,0,0,0,0,0,0,0,0
2325,18.36,55.04,2022,PL,11,261,26.0,30,18.0,950,1,64.0,23.185916835715386,706.1500193044823,38.0,9.32585620880127,220.57598876953125,7.27,10.39,1,1,0,0,0,1,0,0,0,0,1,0,0,0,0,0,0,0,0,0,0,0,0,0,0,0,0,0,0,0,0,0,0,0,0,0,0,0,0,0,0,0,0,0,0
2326,15.48,54.96,2022,PL,12,263,48.5,30,18.0,360,1,73.0,24.02731508970446,528.1836985034506,24.5,9.342453956604004,172.4477081298828,12.05,9.79,1,1,0,1,0,0,0,0,0,0,0,0,0,0,0,0,0,0,0,0,0,0,0,0,0,0,0,0,0,0,0,0,0,0,0,0,0,0,0,0,0,0,0,0,0
2327,15.32,54.56,2022,PL,13,263,27.0,30,17.0,705,1,51.0,44.04308965618333,537.4080029957506,24.0,9.61416721343994,164.17794799804688,7.29,13.33,1,1,0,0,0,1,1,0,0,0,0,0,0,0,0,0,0,0,0,0,0,0,0,0,0,0,0,0,0,0,0,0,0,0,0,0,0,0,0,0,0,0,0,0,0
2328,15.67,54.76,2022,PL,14,264,48.5,30,18.0,430,1,71.0,45.42921979628756,547.0440996095454,22.5,9.484562873840332,176.38494873046875,11.12,8.77,1,1,0,1,0,0,0,0,0,0,1,0,0,0,0,0,0,0,0,0,0,0,0,0,0,0,0,0,0,0,0,0,0,0,0,0,0,0,0,0,0,0,0,0,0
2329,15.66,54.41,2022,PL,15,264,18.5,30,18.0,690,1,40.0,21.7616511057991,565.3500261771555,21.5,9.598066329956056,239.91522216796875,7.2,14.38,1,1,0,1,0,0,0,0,0,0,0,0,0,0,0,0,0,0,0,0,0,0,0,0,0,0,0,0,0,0,0,0,0,0,0,0,0,0,0,0,0,0,0,0,0
2330,15.94,54.48,2022,PL,16,264,19.0,30,17.0,895,1,41.0,24.945551972691792,575.9823515641488,22.0,9.540956497192385,247.30300903320312,7.2,14.46,1,1,0,1,0,0,0,0,0,0,0,0,0,0,0,0,0,0,0,0,0,0,0,0,0,0,0,0,0,0,0,0,0,0,0,0,0,0,0,0,0,0,0,0,0
2331,16.01,54.69,2022,PL,17,265,26.0,20,19.0,375,1,49.0,35.87929442794166,569.9939061151091,23.0,9.561612129211426,230.69943237304688,7.24,13.61,1,1,0,0,0,0,0,0,0,0,0,0,0,0,0,0,0,0,0,0,0,0,0,0,0,0,0,0,0,0,0,0,0,0,0,0,0,0,0,0,0,0,0,0,0
2332,16.33,55.19,2022,PL,18,265,44.5,30,18.0,855,1,67.0,72.41873967618767,575.7073746571366,22.5,9.50161075592041,164.8054656982422,10.11,7.99,1,1,0,1,0,0,0,0,0,0,0,0,0,0,0,0,0,0,0,0,0,0,0,0,0,0,0,0,0,0,0,0,0,0,0,0,0,0,0,0,0,0,0,0,0
2333,16.47,54.74,2022,PL,19,266,18.0,45,13.0,475,1,39.0,21.92089528889112,595.8505129967117,21.0,9.410822868347168,244.6087951660156,7.19,14.09,1,1,0,0,0,0,0,0,0,0,0,0,0,0,0,0,0,0,0,0,0,0,0,0,0,0,0,0,0,0,0,0,0,0,0,0,0,0,0,0,0,0,0,0,0
2334,16.68,55.25,2022,PL,20,266,47.5,20,18.0,910,1,70.0,67.75568736903689,598.1876727223561,22.5,9.657573699951172,209.69073486328125,10.55,7.57,1,1,0,1,0,1,0,0,0,0,0,0,0,0,0,0,0,0,0,0,0,0,0,0,0,0,0,0,0,0,0,0,0,0,0,0,0,0,0,0,0,0,0,0,0
2335,17.02,55.26,2022,PL,21,267,47.0,30,18.0,510,1,83.0,60.085460575518,619.8759428899548,36.0,9.629190444946287,207.3778533935547,10.22,7.44,1,1,0,1,0,1,0,0,0,0,0,0,0,0,0,0,0,0,0,0,0,0,0,0,0,0,0,0,0,0,0,0,0,0,0,0,0,0,0,0,0,0,0,0,0
2336,17.3,55.15,2022,PL,22,267,29.0,30,18.0,985,0,57.0,44.4400994969267,638.4196884717838,28.0,9.707879066467283,230.50323486328125,7.31,9.95,1,1,0,0,0,1,0,0,0,0,0,0,0,0,0,0,0,0,0,0,0,0,0,0,0,0,0,0,0,0,0,0,0,0,0,0,0,0,0,0,0,0,0,0,0
2337,17.34,55.31,2022,PL,23,268,52.0,30,18.0,470,1,81.0,61.27145854515914,640.7590552736652,29.0,9.616333961486816,205.0815277099609,9.78,7.18,1,1,0,1,0,1,0,0,0,0,0,0,0,0,0,0,0,0,0,0,0,0,0,0,0,0,0,0,0,0,0,0,0,0,0,0,0,0,0,0,0,0,0,0,0
2338,17.64,55.54,2022,PL,24,268,25.0,20,18.0,735,1,50.0,81.24583313414959,660.0004873817163,25.0,9.29958438873291,267.69366455078125,7.21,10.26,1,0,0,0,0,1,0,0,0,0,0,0,0,0,0,0,0,0,0,0,0,0,0,0,0,0,0,0,0,0,0,0,0,0,0,0,0,0,0,0,0,0,0,0,0
2339,17.67,55.32,2022,PL,25,268,30.0,40,19.0,955,0,78.0,57.42919210832569,661.6474833726332,48.0,9.69418716430664,203.69032287597656,7.21,9.17,1,1,0,0,0,1,0,0,0,0,0,0,0,0,0,0,0,0,0,0,0,0,0,0,0,0,0,0,0,0,0,0,0,0,0,0,0,0,0,0,0,0,0,0,0
2340,18.01,55.11,2022,PL,26,269,24.0,45,17.0,850,1,51.0,30.58724420704841,683.4222723719987,27.0,9.54726219177246,249.89859008789065,7.13,11.96,1,1,0,0,0,1,0,0,0,0,0,0,0,0,0,0,0,0,0,0,0,0,0,0,0,0,0,0,0,0,0,0,0,0,0,0,0,0,0,0,0,0,0,0,0
2341,17.1964,57.6151,2023,SE,1,275,11.0,41,28.5,1417,-1,101.0,26.242673344265064,759.7350973449528,90.0,9.074790000915527,28.762977600097656,6.69,11.83,1,1,1,0,1,1,0,0,0,0,0,0,0,0,0,0,0,0,0,0,0,0,0,1,0,0,0,0,0,0,0,0,0,0,0,0,0,0,0,0,0,0,0,0,0
2342,18.1952,57.8137,2023,SE,2,276,23.0,30,28.0,370,1,110.0,14.318751355262032,812.357473144637,87.0,9.277915954589844,25.205121994018555,6.63,10.7,1,1,1,0,0,1,0,0,0,0,0,0,0,0,0,0,0,0,0,0,0,0,0,0,0,0,0,0,0,0,0,0,0,0,0,0,0,0,0,0,0,0,0,0,0
2343,18.6344,58.1727,2023,SE,3,276,17.0,36,28.8,716,1,97.0,28.235909618960005,860.3047158854306,80.0,9.278420448303224,38.73747253417969,6.51,12.22,1,1,1,0,1,1,0,0,0,0,0,0,0,0,0,0,0,0,0,0,0,0,0,0,0,0,0,0,0,0,0,0,0,0,0,0,0,0,0,0,0,0,0,0,0
2344,17.3967,58.2983,2023,SE,4,276,11.0,29,30.0,1151,-1,68.0,21.75981230788562,836.0896519025538,57.0,9.102952003479004,109.47314453125,6.56,11.42,1,1,1,0,0,1,0,0,0,0,0,0,0,0,0,0,0,0,0,0,0,0,0,0,0,0,0,0,0,0,0,0,0,0,0,0,0,0,0,0,0,0,0,0,0
2345,17.5166,58.4144,2023,SE,5,276,14.0,30,27.0,1413,-1,69.0,29.723378528441103,850.20357691387,55.0,9.0506010055542,114.39424896240234,6.52,11.48,1,0,1,0,1,1,0,0,0,0,0,0,0,0,0,0,0,0,0,0,0,0,0,1,0,0,0,0,0,0,0,0,0,0,0,0,0,0,0,0,0,0,0,0,0
2346,18.2662,58.3537,2023,SE,6,277,11.0,40,28.0,261,0,160.0,51.00244296215412,863.4251522979848,149.0,9.278225898742676,39.03063583374024,6.55,12.07,1,1,1,0,1,1,0,0,0,0,0,0,0,0,0,0,0,0,0,0,0,0,0,0,0,0,0,0,0,0,0,0,0,0,0,0,0,0,0,0,0,0,0,0,0
2347,18.4504,58.8169,2023,SE,7,277,14.0,61,27.6,762,1,68.0,15.071789002557932,912.8187826435086,54.0,9.00512409210205,68.71587371826172,6.32,11.66,1,1,1,0,1,1,0,0,0,0,0,0,0,0,0,0,0,0,0,0,0,0,0,0,0,0,0,0,0,0,0,0,0,0,0,0,0,0,0,0,0,0,0,0,0
2348,18.8176,58.6979,2023,SE,8,277,11.0,27,28.8,989,0,134.0,32.96742261472789,912.9422768913856,123.0,9.203667640686035,42.975730895996094,6.36,12.69,1,1,1,0,1,1,0,0,0,0,1,0,0,0,0,0,0,0,0,0,0,0,0,0,0,0,0,0,0,0,0,0,0,0,0,0,0,0,0,0,0,0,0,0,0
2349,19.2597,58.9297,2023,SE,9,277,14.0,30,27.0,1287,-1,100.0,34.75943788393398,949.2094334640972,86.0,9.165996551513672,47.78628921508789,6.35,12.72,1,1,1,0,1,1,0,0,0,0,0,0,0,0,0,0,0,0,0,0,0,0,0,0,0,0,0,0,0,0,0,0,0,0,0,0,0,0,0,0,0,0,0,0,0
2350,19.2497,59.0998,2023,SE,10,278,13.0,25,27.0,45,-1,69.0,24.57904242867289,963.9967662441423,56.0,8.835183143615723,59.24675369262695,6.32,11.93,1,1,1,0,1,1,0,0,0,0,0,0,0,0,0,0,0,0,0,0,0,0,0,0,0,0,0,0,0,0,0,0,0,0,0,0,0,0,0,0,0,0,0,0,0
2351,19.6001,59.299,2023,SE,11,278,54.0,60,26.0,306,0,54.0,18.604103958729173,993.7241960481144,0.0,8.517303466796875,147.13247680664062,8.82,5.83,1,1,1,0,1,1,0,0,0,0,0,0,0,0,1,0,0,0,0,0,0,0,0,0,0,0,0,0,0,0,0,0,0,0,0,0,0,0,0,0,0,0,0,0,0
2352,20.1263,58.9005,2023,SE,12,278,45.0,75,27.0,681,1,181.0,72.05921867338276,978.3693476022512,136.0,9.048776626586914,58.39322280883789,7.27,4.54,1,1,1,1,1,1,0,0,0,0,0,0,0,0,1,0,0,0,0,0,0,0,0,0,0,0,0,0,0,0,0,0,0,0,0,0,0,0,0,0,0,0,0,0,0
2353,20.1319,58.5594,2023,SE,13,278,21.0,41,26.0,1335,-1,67.0,52.07745542659847,950.558082518027,46.0,9.25444221496582,85.81400299072266,6.33,12.44,1,1,1,0,1,1,0,0,0,0,0,0,0,0,1,0,0,0,0,0,0,0,0,0,0,0,0,0,0,0,0,0,0,0,0,0,0,0,0,0,0,0,0,0,0
2354,19.7644,58.7605,2023,SE,14,279,58.0,40,25.0,185,-1,124.0,51.02541008377136,952.535143161752,66.0,9.14409065246582,55.60942077636719,8.91,5.32,1,1,1,0,1,0,0,0,0,0,0,0,0,0,0,0,0,0,0,0,0,0,0,0,0,0,0,0,0,0,0,0,0,0,0,0,0,0,0,0,0,0,0,0,0
2355,19.5069,58.2837,2023,SE,15,279,28.0,31,28.0,526,1,109.0,14.355565525581593,902.4170838719508,81.0,9.45751667022705,60.331092834472656,6.53,10.27,1,1,1,0,1,1,0,0,0,0,0,0,0,0,0,0,0,0,0,0,0,0,0,0,0,0,0,0,0,0,0,0,0,0,0,0,0,0,0,0,0,0,0,0,0
2356,19.1561,58.0924,2023,SE,16,279,23.0,26,27.0,782,1,75.0,11.122634257108771,873.1379635925261,52.0,9.360652923583984,94.14229583740234,6.56,10.35,1,1,1,0,0,1,0,0,0,0,0,0,0,0,0,0,0,0,0,0,0,0,0,0,0,0,0,0,0,0,0,0,0,0,0,0,0,0,0,0,0,0,0,0,0
2357,19.2273,57.5359,2023,SE,17,280,16.0,31,25.0,480,1,53.0,18.629472612682772,832.5263210679909,37.0,9.615252494812012,185.29595947265625,6.63,11.98,1,1,1,1,1,1,0,0,0,0,0,0,0,0,0,0,0,0,0,0,0,0,0,0,0,0,0,0,0,0,0,0,0,0,0,0,0,0,0,0,0,0,0,0,0
2358,19.2388,57.6685,2023,SE,18,281,46.0,25,30.0,1095,-1,49.0,16.678276350999422,843.5610089968628,3.0,9.488698959350586,231.37322998046875,8.27,5.9,1,1,1,0,0,0,0,0,0,0,0,0,0,0,0,0,0,0,0,0,0,0,0,0,0,0,0,0,0,0,0,0,0,0,0,0,0,0,0,0,0,0,0,0,0
2359,19.1905,57.3979,2023,SE,19,282,24.0,30,27.0,43,-1,75.0,13.779907248584518,821.0003107601344,51.0,9.57931137084961,130.166748046875,6.76,8.55,1,1,1,0,1,1,0,0,0,0,0,0,0,0,0,0,0,0,0,0,0,0,0,0,0,0,0,0,0,0,0,0,0,0,0,0,0,0,0,0,0,0,0,0,0
2360,19.1924,57.1857,2023,SE,20,282,24.0,35,27.0,455,1,116.0,28.755899678067987,807.4275700017854,92.0,9.570521354675291,69.2364501953125,6.82,9.46,1,1,1,0,0,1,0,0,0,0,0,0,0,0,0,0,0,0,0,0,1,0,0,0,0,1,0,0,0,0,0,0,0,0,0,0,0,0,0,0,0,0,0,0,0
2361,18.9529,57.2058,2023,SE,21,282,28.0,36,27.0,739,1,67.0,15.749301198338364,796.5788839630195,39.0,9.492303848266602,183.06314086914065,6.88,7.56,1,1,1,0,1,1,0,0,0,0,0,0,0,0,0,0,0,0,0,0,0,0,0,0,0,0,0,0,0,0,0,0,0,0,0,0,0,0,0,0,0,0,0,0,0
2362,18.7412,56.8089,2023,SE,22,282,18.0,30,28.0,1003,0,67.0,30.10610324514745,762.0692357617016,49.0,9.376463890075684,143.25741577148438,6.78,9.44,1,1,1,0,1,1,0,0,0,0,1,0,0,0,0,0,0,0,0,0,0,0,0,0,0,0,0,0,0,0,0,0,0,0,0,0,0,0,0,0,0,0,0,0,0
2363,18.8025,56.5668,2023,SE,23,282,30.0,27,27.0,1272,-1,69.0,51.53766868984073,754.5920056886509,39.0,9.338556289672852,151.67515563964844,7.25,6.72,1,1,1,0,1,1,0,0,0,0,1,0,0,0,0,0,0,0,0,0,0,0,0,0,0,0,0,0,0,0,0,0,1,0,0,0,0,0,0,0,0,0,0,0,0
2364,18.5615,56.3431,2023,SE,24,283,32.0,60,30.0,198,-1,76.0,66.90239491481758,730.9600537999211,44.0,9.285616874694824,98.73448944091795,7.38,6.41,1,1,1,0,1,1,0,0,0,0,0,0,0,0,0,0,0,0,0,0,0,0,0,0,0,0,0,0,0,0,0,0,0,0,0,0,0,0,0,0,0,0,0,0,0
2365,18.455,56.1343,2023,SE,25,283,25.0,45,28.0,539,1,96.0,87.73945739616059,718.3041783972794,71.0,9.447075843811035,66.41632080078125,7.04,8.67,1,1,1,0,1,0,0,0,0,0,0,0,0,0,0,0,0,0,0,0,0,0,0,0,0,0,0,0,0,0,0,0,0,0,0,0,0,0,0,0,0,0,0,0,0
2366,17.8364,55.7816,2023,SE,26,283,24.0,51,29.0,876,1,60.0,98.3947342622585,672.1930003581193,36.0,9.194308280944824,142.94212341308594,7.19,12.09,1,1,1,0,0,1,0,0,0,0,0,0,0,0,0,0,0,0,0,0,0,0,0,0,0,0,0,0,0,0,0,0,0,0,0,0,0,0,0,0,0,0,0,0,0
2367,17.154,55.8784,2023,SE,27,283,13.0,31,27.0,1275,-1,47.0,57.55103305595908,632.7993980260379,34.0,9.21756076812744,229.9333038330078,7.35,13.18,1,1,1,1,0,0,0,0,1,0,0,0,0,0,0,0,0,0,0,0,0,0,0,0,0,0,0,0,0,0,0,0,0,0,0,0,0,0,0,0,0,0,0,0,0
2368,16.607,55.8437,2023,SE,28,284,19.0,25,24.0,89,-1,50.0,42.27626186619906,598.0885896944197,31.0,9.333832740783691,210.3321075439453,7.4,13.14,1,1,0,1,0,1,0,0,0,0,1,0,0,0,0,0,0,0,0,0,0,0,0,0,0,0,0,0,0,0,0,0,0,0,0,0,0,0,0,0,0,0,0,0,0
2369,16.4773,55.5771,2023,SE,29,284,37.0,30,28.0,345,0,70.0,64.58000452215718,585.1221146474769,33.0,9.46959400177002,163.93785095214844,7.95,8.06,1,1,0,0,0,1,0,0,0,0,1,0,0,0,0,0,0,0,0,0,0,0,0,0,0,0,0,0,0,0,0,0,0,0,0,0,0,0,0,0,0,0,0,0,0
2370,15.8309,55.344,2023,SE,30,284,53.0,60,26.0,751,1,98.0,49.81483102962186,543.4042376717244,45.0,9.353567123413086,149.29595947265625,12.93,9.79,1,1,0,1,0,0,0,0,0,0,1,0,0,0,0,0,0,0,0,0,0,0,0,0,0,0,0,0,0,0,0,0,0,0,0,0,0,0,0,0,0,0,0,0,0
2371,15.3024,55.215,2023,SE,31,284,16.0,30,27.0,1358,-1,50.0,13.873013213938188,509.6022998558964,34.0,9.274612426757812,211.70846557617188,7.49,13.3,1,1,0,1,0,1,0,0,0,0,0,0,0,0,0,0,0,0,0,1,0,0,0,0,0,0,0,0,0,0,0,0,0,0,0,0,0,0,0,0,0,0,0,0,0
2372,15.3534,55.4103,2023,SE,32,285,34.0,57,29.0,89,-1,75.0,32.49877244875203,512.6698347542729,41.0,9.130819320678713,171.87611389160156,7.89,8.08,1,1,1,1,1,0,0,0,0,0,0,0,0,0,0,0,0,0,1,0,0,0,0,0,0,0,0,0,0,0,0,0,0,1,0,0,0,0,0,0,0,0,0,0,0
2373,14.8397,55.413,2023,SE,33,285,36.0,56,28.0,561,1,69.0,14.454122279434513,479.57315809103306,33.0,9.152158737182615,192.8565216064453,8.98,9.48,1,1,0,0,0,0,0,0,0,0,0,0,0,0,0,0,0,0,0,0,0,0,0,0,0,0,0,0,0,0,0,0,0,0,0,0,0,0,0,0,0,0,0,0,0
2374,14.4668,55.6217,2023,SE,34,285,23.0,30,28.0,1007,0,54.0,9.804404304566964,467.39284313516896,31.0,9.084484100341797,217.22116088867188,7.75,10.23,1,1,0,1,0,0,0,0,1,0,0,0,0,0,0,0,0,0,0,0,0,0,0,0,0,0,0,0,0,0,0,0,0,0,0,0,0,0,0,0,0,0,0,0,0
2375,14.8024,55.7615,2023,SE,35,285,14.0,40,26.0,1255,-1,52.0,26.520714560852017,493.4881552570602,38.0,9.081104278564451,204.90090942382807,7.6,12.75,1,1,0,1,0,1,0,0,0,0,1,0,0,0,0,0,0,0,0,1,0,0,0,0,0,0,0,0,0,0,0,0,0,1,0,0,0,0,0,0,0,0,0,0,0
2376,15.1727,55.7439,2023,SE,36,286,24.0,40,26.0,50,-1,58.0,35.16837195411128,510.2097093676794,34.0,9.177102088928224,207.16815185546875,7.58,10.61,1,1,1,1,0,0,0,0,0,0,1,0,0,0,0,0,0,0,0,0,0,0,0,0,0,0,0,0,0,0,0,0,0,0,0,0,0,0,0,0,0,0,0,0,0
2377,15.8001,55.7682,2023,SE,37,286,24.0,34,28.0,299,0,53.0,27.817514303438912,546.8724018086144,29.0,9.202588081359863,196.618408203125,7.51,9.76,1,1,1,0,0,1,0,0,0,0,0,0,0,0,0,0,0,0,0,0,0,0,0,0,0,0,0,0,0,0,0,0,0,0,0,0,0,0,0,0,0,0,0,0,0
2378,16.212,56.0963,2023,SE,38,286,12.0,40,21.0,645,1,37.0,17.283301439252735,586.3335937049428,25.0,9.00783348083496,240.171875,7.44,11.15,0,0,1,0,1,1,0,0,0,0,0,0,0,0,0,0,0,0,0,0,0,1,0,0,0,0,0,0,0,0,0,0,0,0,0,0,0,0,0,0,0,0,0,0,0
2379,17.083,56.0864,2023,SE,39,286,9.0,46,20.0,953,0,32.0,40.73252786924087,634.6656479424895,23.0,9.137721061706545,303.9170227050781,7.31,12.32,1,1,1,0,1,1,0,0,0,0,0,0,0,0,0,0,0,0,0,0,0,0,0,0,0,0,0,0,0,0,0,0,0,0,0,0,0,0,0,0,0,0,0,0,0
2380,16.7614,56.4146,2023,SE,40,287,24.0,55,28.0,241,-1,64.0,10.770086396161288,635.8704569162743,40.0,9.171703338623049,115.40166473388672,7.37,8.41,1,1,1,1,1,0,0,0,1,0,1,0,0,0,0,0,0,0,0,0,0,0,0,0,0,0,0,0,0,0,0,0,0,0,0,0,0,0,0,0,0,0,0,0,0
2381,16.866,56.5993,2023,SE,41,287,24.0,45,27.0,410,1,57.0,10.205220111323005,654.3773597392939,33.0,9.1845121383667,113.9278564453125,7.26,8.45,1,1,1,0,1,1,0,0,0,0,0,0,0,0,0,0,0,0,0,0,0,0,0,0,0,0,0,0,0,0,0,0,0,0,0,0,0,0,0,0,0,0,0,0,0
2382,17.1506,56.7495,2023,SE,42,287,33.0,45,27.2,622,1,88.0,20.045459066999424,679.0562705412298,55.0,9.205906867980955,10.390144348144531,7.45,7.6,1,1,1,1,1,1,0,0,0,0,0,0,0,0,0,0,0,0,0,0,0,0,0,0,0,0,0,0,0,0,0,0,0,0,0,0,0,0,0,0,0,0,0,0,0
2383,17.2528,57.1561,2023,SE,43,287,24.0,30,27.0,935,0,58.0,12.377035506187218,720.6364262626149,34.0,9.050708770751951,127.70045471191406,7.17,8.59,1,1,1,0,1,1,0,0,0,0,0,0,0,0,0,0,0,0,0,0,0,0,0,0,0,0,0,0,0,0,0,0,0,0,0,0,0,0,0,0,0,0,0,0,0
2384,17.3653,57.5403,2023,SE,44,288,21.0,70,27.0,326,0,103.0,25.485654667389134,757.1614344910467,82.0,9.106179237365724,30.876840591430664,6.86,8.48,1,1,1,0,1,1,0,0,0,0,0,0,0,0,0,0,0,0,1,0,0,0,0,0,0,0,0,0,0,0,0,0,0,0,0,0,0,0,0,0,0,0,0,0,0
2385,17.6287,57.1337,2023,SE,45,288,29.0,40,29.0,701,1,112.0,26.10718352744011,729.7811313611103,83.0,9.218626022338867,10.955628395080566,7.12,7.78,1,1,1,0,1,0,0,0,0,0,0,0,0,0,0,0,0,0,0,0,0,0,0,0,0,0,0,0,0,0,0,0,0,0,0,0,0,0,0,0,0,0,0,0,0
2386,17.5931,56.7174,2023,SE,46,288,14.0,30,27.0,995,0,84.0,39.35844874675031,696.9003220263351,70.0,9.26830768585205,9.700898170471191,6.89,11.5,1,1,1,1,1,1,0,0,0,0,0,0,0,0,0,0,0,0,1,0,0,0,0,0,0,0,0,0,0,0,0,0,0,1,0,0,0,0,0,0,0,0,0,0,0
2387,17.222,56.452,2023,SE,47,288,14.0,25,27.0,1293,-1,52.0,36.32090440651912,660.7743526039711,38.0,9.181888580322266,113.54530334472656,6.86,12.16,1,1,1,0,1,0,0,0,0,0,1,0,0,0,0,0,0,0,0,0,0,0,0,0,0,0,0,0,0,0,0,0,0,0,0,0,0,0,0,0,0,0,0,0,0
2388,16.5965,56.1268,2023,SE,48,289,9.0,40,28.0,299,0,55.0,13.792546496299172,608.4636802024852,46.0,9.039140701293944,160.3992462158203,7.24,11.21,1,0,1,1,1,1,0,0,0,0,0,0,0,0,0,0,0,0,0,0,0,0,0,1,0,0,0,0,0,0,0,0,0,0,0,0,0,0,0,0,0,0,0,0,0
2389,21.218056,58.066666,2023,EE,1,296,30.0,30,23.0,510,1,57.0,44.14899282536027,962.7583579593276,27.0,9.293777465820312,251.11849975585932,6.61,11.68,1,1,1,0,1,1,0,0,0,0,0,0,0,0,0,0,0,0,0,0,0,0,0,0,0,0,0,0,0,0,0,0,0,0,0,0,0,0,0,0,0,0,0,0,0
2390,20.435556,58.300835,2023,EE,2,296,30.0,30,27.0,840,1,139.0,66.50486836284509,944.821457935941,109.0,9.501501083374023,67.81792449951172,6.6,10.29,1,1,1,0,1,1,0,0,0,0,0,0,0,0,0,0,0,0,0,0,0,0,0,0,0,0,0,0,0,0,0,0,0,0,0,0,0,0,0,0,0,0,0,0,0
2391,20.885555,58.369167,2023,EE,3,296,60.0,25,22.0,1025,-1,92.0,51.67825481955467,969.7578973891216,32.0,9.382930755615234,74.57805633544922,9.4,6.02,1,1,1,1,0,0,0,0,0,0,0,0,0,0,0,0,0,0,0,0,0,0,0,0,0,0,0,0,0,0,0,0,0,0,0,0,0,0,0,0,0,0,0,0,0
2392,21.35,58.40222,2023,EE,4,297,58.0,15,19.0,460,1,83.0,26.33974069246475,990.9615658312453,25.0,9.31337547302246,66.27084350585938,9.47,6.0,1,1,1,1,0,1,0,0,0,0,0,0,0,0,0,0,0,0,0,0,0,0,0,0,0,0,0,0,0,0,0,0,0,0,0,0,0,0,0,0,0,0,0,0,0
2393,21.235277,58.550556,2023,EE,5,297,63.0,20,21.0,610,1,94.0,36.40157064025409,997.6457060996856,31.0,9.356030464172363,48.63692474365234,10.2,6.14,1,1,1,1,0,0,0,0,0,0,1,0,0,0,0,0,0,0,0,0,0,0,0,0,0,0,0,0,0,0,0,0,0,0,0,0,0,0,0,0,0,0,0,0,0
2394,22.168888,58.668888,2023,EE,6,297,18.0,20,19.0,1020,-1,38.0,13.814871198999514,1047.8196983466585,20.0,8.930715560913086,266.6070556640625,6.23,14.09,1,1,1,0,1,0,0,0,0,0,0,0,0,0,0,0,0,0,0,0,0,0,0,0,0,0,0,0,0,0,0,0,0,0,0,0,0,0,0,0,0,0,0,0,0
2395,21.60111,58.866943,2023,EE,7,298,35.0,15,24.0,480,1,59.0,26.89724587323391,1039.2070236574011,24.0,9.11269474029541,186.73715209960932,6.54,10.09,1,1,1,0,1,1,0,0,0,0,0,0,0,0,0,0,0,0,0,0,0,0,0,0,0,0,0,0,0,0,0,0,0,0,0,0,0,0,0,0,0,0,0,0,0
2396,22.134167,59.135277,2023,EE,8,298,35.0,15,20.0,1055,-1,69.0,21.318382326126088,1081.5142009926706,34.0,8.835531234741211,102.19634246826172,6.61,10.96,1,1,1,0,0,0,0,0,0,0,0,0,0,0,0,0,0,0,0,0,0,0,0,0,0,0,0,0,0,0,0,0,0,0,0,0,0,0,0,0,0,0,0,0,0
2397,22.466667,59.218056,2023,EE,9,299,40.0,30,29.0,465,1,70.0,15.846995681694304,1102.871022799943,30.0,8.779160499572754,96.16986846923828,6.9,8.52,1,1,1,1,1,0,0,0,0,0,1,0,0,0,0,0,0,0,0,0,0,0,0,0,0,0,0,0,0,0,0,0,0,0,0,0,0,0,0,0,0,0,0,0,0
2398,23.183332,59.334167,2023,EE,10,299,48.0,5,19.0,815,1,85.0,11.942376986819308,1142.3100853195538,37.0,8.626379013061523,49.39495849609375,8.54,6.2,1,1,1,0,1,0,0,0,0,0,0,1,0,0,0,0,0,0,0,0,0,0,0,0,0,0,0,0,0,0,0,0,0,0,0,0,0,0,0,0,0,0,0,0,0
2399,23.751112,59.468887,2023,EE,11,299,40.0,10,17.0,1040,-1,83.0,16.290639462084453,1177.4388830988898,43.0,8.665526390075684,53.73301315307617,6.22,11.72,1,1,0,0,1,0,0,0,0,0,0,0,0,0,0,0,0,0,0,0,0,1,0,0,0,0,0,0,0,0,0,0,0,0,0,0,0,0,0,0,0,0,0,0,0
2400,26.951666,59.58389,2023,EE,12,300,30.0,15,19.0,575,1,51.0,13.19946606666757,1358.5301613784734,21.0,8.113251686096191,211.527587890625,5.11,11.21,1,1,1,0,1,0,0,0,0,0,0,1,0,0,1,0,0,0,0,0,0,0,0,0,0,0,0,0,0,0,0,0,0,0,0,0,0,0,0,0,0,0,0,0,0
2401,26.285833,59.750557,2023,EE,13,300,41.0,25,11.0,795,1,81.0,18.561352187366023,1321.5237689122823,40.0,8.342750549316406,87.72013854980469,6.01,10.64,1,1,1,0,1,0,0,0,0,0,0,1,0,0,0,0,0,0,0,0,0,1,0,0,0,0,0,0,0,0,0,0,0,0,0,0,0,0,0,0,0,0,0,0,0
2402,25.7175,59.75028,2023,EE,14,300,35.0,10,12.0,970,-1,77.0,9.268861880925863,1290.014154563646,42.0,8.615818977355957,78.25373840332031,6.16,11.23,1,1,1,0,1,0,0,0,0,0,0,1,0,0,0,0,0,0,0,0,0,0,0,0,0,0,0,0,0,0,0,0,0,0,0,0,0,0,0,0,0,0,0,0,0
2403,25.168612,59.733612,2023,EE,15,301,48.0,15,17.0,465,1,86.0,13.838497547506044,1261.43605930954,38.0,8.840925216674805,55.67060852050781,6.72,7.73,1,1,1,0,0,0,0,0,0,0,0,1,0,0,0,0,0,0,0,0,0,0,0,0,0,0,0,0,0,0,0,0,0,0,0,0,0,0,0,0,0,0,0,0,0
2404,24.651388,59.717224,2023,EE,16,301,45.0,15,22.0,640,1,85.0,14.18827079284976,1234.8487710229622,40.0,8.691651344299316,62.92759323120117,6.66,8.75,1,1,1,0,1,0,0,0,0,0,0,1,0,0,0,0,0,0,0,0,0,1,0,0,0,0,0,0,0,0,0,0,0,0,0,0,0,0,0,0,0,0,0,0,0
2405,24.333334,59.58472,2023,EE,17,301,44.0,5,21.0,785,1,78.0,9.38594357136002,1212.17753893321,34.0,8.63724422454834,56.77365493774414,6.72,9.05,1,1,1,0,0,0,0,0,0,0,0,0,0,0,0,0,0,0,0,0,0,1,0,0,0,0,0,0,0,0,0,0,0,0,0,0,0,0,0,0,0,0,0,0,0
2406,21.851944,59.03583,2023,EE,18,302,57.0,30,20.0,490,1,108.0,16.63034057537675,1062.2914994636692,51.0,8.98804759979248,56.65198516845703,9.57,6.04,1,1,1,1,1,0,0,0,0,0,0,0,0,0,0,0,0,0,0,0,0,0,0,0,0,0,0,0,0,0,0,0,0,0,0,0,0,0,0,0,0,0,0,0,0
2407,12.226,54.46,2023,DE,1,278,12.0,30,7.0,1056,0,23.0,14.635820776196368,458.3832928213874,11.0,9.760865211486816,204.14393615722656,17.24,15.39,1,1,1,0,0,0,1,1,0,0,1,0,1,0,0,0,0,1,0,1,0,0,0,0,1,0,0,0,0,0,0,0,0,0,0,0,0,0,0,0,0,0,0,0,0
2408,12.677,54.708,2023,DE,2,278,11.0,30,7.0,1239,-1,21.0,27.986180576303948,438.9364066332917,10.0,9.259037017822266,235.03546142578125,12.09,14.25,1,1,1,1,0,0,1,1,0,0,0,0,0,0,0,0,0,0,0,1,0,0,0,0,1,0,1,0,1,0,0,0,0,0,0,0,0,0,0,0,0,0,0,0,0
2409,13.543,54.717,2023,DE,3,279,25.5,30,7.0,28,-1,34.0,8.12615676426915,444.46989436265727,8.5,8.544820785522461,252.3141632080078,12.64,14.15,1,1,1,1,0,0,1,1,0,0,1,0,0,1,0,0,0,1,0,0,0,0,0,0,1,0,0,0,0,0,0,0,0,0,0,0,0,0,0,0,0,0,0,0,0
2410,13.942,54.561,2023,DE,4,280,10.0,35,7.0,1058,-1,19.0,16.927921233186886,471.8508487025013,9.0,8.539608001708984,256.5366516113281,8.19,14.77,1,1,1,1,0,0,0,0,0,0,1,0,0,0,0,0,0,0,0,0,0,0,0,0,0,0,0,0,1,0,0,0,0,0,0,0,0,0,0,0,0,0,0,0,0
2411,13.726,54.469,2023,DE,5,280,10.0,10,7.0,1179,-1,21.0,6.704587115058273,474.3830135089788,11.0,6.029386520385742,229.600814819336,8.19,15.17,1,1,1,1,0,0,1,1,0,0,1,0,0,0,0,0,0,0,0,0,0,0,0,0,1,0,0,0,0,0,0,0,0,0,0,0,0,0,0,0,0,0,0,0,0
2412,14.832,54.662,2023,DE,6,281,37.0,30,7.0,108,-1,52.0,38.73345703279999,505.5078687127381,15.0,9.070432662963867,152.59567260742188,10.78,9.37,1,1,1,1,0,0,0,0,0,0,0,0,0,1,0,0,0,0,0,0,0,0,0,0,0,0,0,0,0,0,0,0,0,0,0,0,0,0,0,0,0,0,0,0,0
2413,14.231,54.9,2023,DE,7,281,17.5,30,7.0,1009,0,38.0,36.40523601196982,458.39796487197714,20.5,8.752386093139648,216.58795166015625,8.31,14.29,1,1,1,1,0,0,1,1,1,0,1,0,0,0,0,0,0,0,0,0,0,0,0,0,0,0,0,0,0,0,0,0,0,0,0,0,0,0,0,0,0,0,0,0,0
2414,13.101,54.899,2023,DE,8,281,30.0,33,7.0,1287,-1,43.0,27.42764581851057,416.743206894331,13.0,9.006041526794434,218.6043701171875,12.05,13.66,1,1,1,1,0,0,1,1,1,0,1,0,0,0,0,0,0,1,0,1,0,0,0,0,0,0,0,0,0,0,0,0,0,0,0,0,0,0,0,0,0,0,0,0,0
2415,12.361,54.824,2023,DE,9,282,11.5,30,7.0,56,-1,22.0,11.510189295205173,426.2014465826632,10.5,9.045150756835938,195.73001098632807,12.4,14.36,1,1,1,1,0,0,0,1,1,1,1,0,1,0,0,0,0,0,0,1,0,0,0,0,0,0,1,0,0,0,0,0,0,0,0,0,0,0,0,0,0,0,0,0,0
2416,11.83,54.303,2023,DE,10,282,14.0,30,7.0,1146,-1,23.0,17.371498543438644,459.7771774885283,9.0,9.95744514465332,148.14305114746094,21.41,15.55,1,1,1,1,0,0,1,1,1,0,0,0,1,0,0,0,0,0,0,1,0,0,0,0,0,0,1,0,0,0,0,0,0,0,0,0,0,0,0,0,0,0,0,0,0
2417,11.386,54.295,2023,DE,11,283,11.5,30,7.0,38,-1,21.0,12.99335511799106,450.0413171285565,9.5,10.098875999450684,167.36764526367188,16.96,15.77,1,1,1,0,0,0,1,1,0,0,1,0,1,0,0,0,0,1,0,1,0,0,0,0,1,0,0,0,0,0,0,0,0,0,0,0,1,0,0,0,0,0,0,0,0
2418,12.567,55.107,2023,DE,12,283,11.5,30,7.0,1020,0,20.0,10.945499222088529,392.62754475237006,8.5,8.94494915008545,278.7334289550781,9.91,14.33,1,0,1,0,0,0,0,1,0,0,1,0,0,0,0,0,0,1,0,0,0,0,0,0,0,0,0,0,0,0,0,0,0,0,0,0,0,0,0,0,0,0,0,0,0
2419,13.599,55.084,2023,DE,13,283,26.0,34,7.0,1274,-1,45.0,32.085771205070145,413.48385086574194,19.0,8.964719772338867,120.91001892089844,10.82,13.14,1,1,1,1,0,1,1,0,0,0,1,0,0,0,0,0,0,0,0,1,0,0,0,0,1,0,0,0,0,0,0,0,0,0,0,0,0,0,0,0,0,0,0,0,0
2420,14.227,55.047,2023,DE,14,284,29.5,30,7.0,33,-1,47.0,29.817737161509363,448.8720917393814,17.5,8.93448543548584,158.50616455078125,12.56,13.79,1,1,1,1,0,0,1,0,1,0,1,0,1,0,0,0,0,0,0,1,0,0,0,0,1,0,0,0,0,0,0,0,0,0,0,0,0,0,0,0,0,0,0,0,0
2421,14.621,55.267,2023,DE,15,284,25.5,30,7.0,212,-1,40.0,7.344656650141901,465.3765771787749,14.5,9.071760177612305,221.4014892578125,9.36,12.43,1,1,1,1,0,0,1,0,1,0,1,0,0,0,0,0,0,0,0,0,0,0,0,0,0,0,0,0,0,0,0,0,0,0,0,0,0,0,0,0,0,0,0,0,0
2422,13.589,55.268,2023,DE,16,284,12.0,10,7.0,1277,-1,27.0,13.903292821386673,401.32067830838656,15.0,8.966521263122559,274.4598693847656,8.05,13.22,1,1,1,0,0,1,0,0,0,0,0,0,0,0,0,0,0,0,0,0,0,0,0,0,1,0,0,0,0,0,0,0,0,0,0,0,0,0,0,0,0,0,0,0,0
2423,12.973,55.277,2023,DE,17,285,12.0,30,7.0,15,-1,23.0,12.79685141007137,374.1075447523701,11.0,8.872419357299805,276.6127624511719,8.46,13.92,1,0,1,1,0,0,0,0,0,0,0,0,0,0,0,0,0,0,0,0,0,0,0,0,0,0,0,0,0,0,0,0,0,0,0,0,0,0,0,0,0,0,0,0,0
2424,12.746,55.944,2023,DE,18,285,16.0,18,7.0,1096,-1,18.0,1.2103986756812606,298.330544335721,2.0,10.004897117614746,161.1084442138672,30.77,14.79,1,0,1,0,0,0,1,0,1,0,0,0,1,0,0,0,0,0,0,1,0,0,0,0,1,0,1,0,0,0,0,0,0,0,0,0,0,0,0,0,0,0,0,0,0
2425,12.75,55.862,2023,DE,19,285,21.5,30,7.0,1152,-1,29.0,4.009119748421208,306.70159547609285,7.5,9.347235679626465,210.6002960205078,24.47,14.91,1,0,0,1,0,0,1,0,1,0,1,0,1,0,0,0,0,0,0,1,0,0,1,0,0,0,1,0,1,0,0,0,0,0,0,0,0,1,0,0,0,0,0,1,0
2426,12.695,55.943,2023,DE,20,285,9.0,35,7.0,1239,-1,31.0,2.7806585642779003,297.2639981727985,22.0,10.004897117614746,161.1084442138672,18.83,14.64,1,1,1,0,0,0,1,1,1,1,0,0,0,0,0,1,0,0,0,0,0,0,0,0,1,0,1,0,0,0,0,0,0,0,0,0,0,0,0,0,0,0,0,0,0
2427,12.67,56.047,2023,DE,21,285,11.0,30,7.0,1399,-1,11.0,1.0353307219058303,286.7792627954554,0.0,11.214754104614258,205.634017944336,26.51,14.29,1,1,0,1,0,0,0,0,0,1,0,0,1,0,0,1,0,1,0,0,0,0,0,0,0,0,0,0,0,0,0,0,0,0,0,0,0,0,0,0,0,0,0,0,0
2428,12.418,56.154,2023,DE,22,286,12.0,30,7.0,98,-1,25.0,5.57506928420932,266.8655723517156,13.0,11.291254997253418,169.4540557861328,25.88,14.53,1,1,0,1,0,0,1,1,0,1,0,0,1,0,0,1,0,0,0,0,0,0,0,0,0,0,0,0,0,0,0,0,0,0,0,0,0,0,0,0,0,0,0,0,0
2429,10.487,55.845,2023,DE,23,286,16.5,30,7.0,1105,-1,30.0,3.1220760463758106,272.114739168271,13.5,11.69194507598877,215.4712677001953,26.74,16.0,1,1,1,1,0,0,0,1,1,0,0,0,1,0,0,1,0,0,0,0,0,0,0,0,0,0,0,0,1,0,0,0,0,0,0,0,0,0,0,0,0,0,0,0,0
2430,10.635,56.052,2023,DE,24,286,14.0,30,7.0,1249,-1,23.0,7.093285929421602,247.57013480500748,9.0,11.77043342590332,220.93698120117188,26.14,15.41,1,1,1,1,0,0,0,1,0,0,0,0,1,0,0,1,0,0,0,1,0,0,0,0,1,0,1,0,0,0,0,0,0,0,0,0,0,0,0,0,0,0,0,0,0
2431,11.014,55.886,2023,DE,25,286,12.5,30,7.0,1406,-1,19.0,4.787470553068382,263.91443094046434,6.5,10.842905044555664,221.78152465820312,22.29,14.95,1,1,1,0,0,0,1,1,0,1,0,0,1,0,0,1,0,1,0,0,0,0,0,0,1,0,1,0,0,0,0,0,0,0,0,0,0,0,0,0,0,0,0,0,0
2432,10.779,55.729,2023,DE,26,287,22.0,30,7.0,134,-1,29.0,6.330436438847336,282.4344309404643,7.0,11.041662216186523,195.2769012451172,28.11,15.37,1,1,1,0,0,0,0,1,0,1,0,0,1,0,0,1,0,1,0,1,0,0,0,0,0,0,0,0,1,0,0,0,0,0,0,0,0,0,0,0,0,0,0,0,0
2433,10.898,55.401,2023,DE,27,287,15.5,30,7.0,1023,0,23.0,7.836773445720575,321.32820331664726,7.5,10.950989723205566,166.86680603027344,24.05,15.23,1,1,1,1,0,0,1,1,0,1,0,0,1,0,0,1,0,0,0,0,0,0,1,0,1,0,0,0,0,0,0,0,0,0,0,0,0,0,0,0,0,0,0,0,0
2434,10.963,55.245,2023,DE,28,287,15.0,30,7.0,1173,-1,22.0,9.177234297896277,338.92131712855297,7.0,10.980066299438477,196.2719573974609,24.04,15.33,1,1,1,0,0,0,1,1,0,1,0,0,1,0,0,1,0,0,0,1,0,0,0,0,0,0,1,0,0,0,0,0,0,0,0,0,0,0,0,0,0,0,0,0,0
2435,11.287,55.14,2023,DE,29,287,14.0,30,7.0,1297,-1,19.0,6.536618424442746,351.82519168430025,5.0,10.16289520263672,200.470932006836,26.21,15.36,1,1,1,0,0,0,0,1,1,0,0,0,1,0,0,1,0,0,0,1,0,0,0,0,0,0,1,0,1,0,0,0,0,0,0,0,0,0,0,0,0,0,0,0,0
2436,10.858,54.894,2023,DE,30,288,12.5,20,7.0,64,-1,29.0,2.398463969388072,379.805489479646,16.5,10.655241012573242,231.7108612060547,23.35,15.41,1,1,1,1,0,0,1,1,1,1,0,0,1,0,0,0,0,1,0,1,0,0,0,0,1,0,0,0,0,0,0,0,0,0,0,0,0,0,0,0,0,0,0,0,0
2437,11.232,54.58,2023,DE,31,289,12.0,30,7.0,1033,0,28.0,8.440463673786429,416.7088618809224,16.0,10.399962425231934,200.69876098632807,19.58,15.47,1,1,1,1,0,0,0,1,1,1,0,0,1,1,0,0,0,0,0,0,0,0,0,0,0,0,1,0,1,0,0,0,0,0,0,0,0,0,0,0,0,0,0,0,0
2438,10.72,54.638,2023,DE,32,289,10.0,30,7.0,1207,-1,22.0,9.4072349852924,410.2206585642779,12.0,11.178232192993164,200.5933532714844,19.07,15.46,1,1,1,0,0,0,0,1,1,0,0,0,1,0,0,0,0,0,0,1,0,0,0,0,0,0,0,0,0,0,0,0,0,0,0,0,0,0,0,0,0,0,0,0,0
2439,10.551,54.449,2023,DE,33,289,10.5,30,7.0,1341,-1,18.0,7.589586898887906,432.44820331664727,7.5,11.151187896728516,211.5416412353516,19.73,15.53,1,1,1,0,0,1,1,1,1,1,0,0,1,1,0,0,0,0,0,1,0,0,1,0,1,0,1,0,0,0,0,0,0,0,0,0,0,0,0,0,0,0,0,0,0
2440,10.491,54.761,2023,DE,34,290,16.5,30,7.0,61,-1,25.0,7.626206003440207,398.1744133398165,8.5,11.36721134185791,158.23191833496094,24.58,16.22,1,1,1,1,0,0,0,1,1,0,0,0,1,0,0,0,0,0,0,1,0,0,0,0,0,0,0,0,0,0,0,0,0,0,0,0,0,0,0,0,0,0,0,0,0
2441,10.081,55.002,2023,DE,35,290,15.0,30,7.0,1114,-1,35.0,5.443610240525925,386.041536427593,20.0,11.374431610107422,54.2745475769043,23.78,16.13,1,0,1,1,0,0,1,1,0,0,0,0,1,1,0,0,0,0,0,1,0,0,0,0,0,0,0,0,1,0,0,0,0,0,0,0,0,0,0,0,0,0,0,0,0
2442,9.81,55.105,2023,DE,36,290,12.0,30,7.0,1232,-1,23.0,3.664534304283252,371.3446099499432,11.0,11.799111366271973,66.43939971923828,20.88,16.74,1,1,1,0,0,0,0,1,1,0,0,0,1,1,0,1,0,0,0,1,0,0,0,0,0,0,1,0,1,0,0,0,0,0,0,0,0,0,0,0,0,0,0,0,0
2443,12.128,56.475,2023,DE,37,291,18.0,30,7.0,976,0,30.0,25.75633054769968,227.7631303501188,12.0,12.501120567321776,202.09048461914065,31.29,15.97,1,1,1,0,0,0,0,1,0,1,0,0,0,0,0,1,0,0,0,0,0,0,0,0,0,0,0,0,0,0,0,0,0,0,0,0,0,0,0,0,0,0,0,0,0
2444,11.848,56.366,2023,DE,38,291,21.0,20,7.0,1095,-1,30.0,20.28350383214257,227.7717951107024,9.0,12.291897773742676,188.5038299560547,31.31,15.36,1,1,0,1,0,0,1,1,0,0,0,0,1,0,0,1,0,1,0,1,0,0,1,0,0,0,0,0,0,0,0,0,0,0,0,0,0,0,0,0,0,0,0,0,0
2445,10.986,56.217,2023,DE,39,291,14.0,20,7.0,1326,-1,22.0,12.244173427230884,225.94754475236937,8.0,11.93652629852295,217.94107055664065,27.38,15.13,1,1,1,0,0,0,1,1,0,1,0,0,1,0,0,1,0,1,0,1,0,0,0,0,0,0,0,0,0,0,0,0,0,0,0,0,0,0,0,0,0,0,0,0,0
2446,11.609,56.117,2023,DE,40,294,14.0,20,7.0,1105,-1,21.0,11.14827002946843,246.6925813503211,7.0,12.009628295898438,227.1976623535156,28.16,14.53,1,1,1,0,0,0,1,1,0,1,0,0,1,1,0,1,0,0,0,0,0,0,1,0,0,0,1,0,0,0,0,0,0,0,0,0,0,0,0,0,0,0,0,0,0
2447,12.031,56.171,2023,DE,41,294,13.5,15,7.0,1232,-1,21.0,11.742217419591473,251.90304494375857,7.5,12.156896591186523,207.2764129638672,25.33,14.97,1,1,1,0,0,0,1,0,0,1,0,0,1,0,0,1,0,0,0,0,0,0,0,0,0,0,0,0,0,0,0,0,0,0,0,0,0,0,0,0,0,0,0,0,0
2448,12.438,56.431,2023,DE,42,294,20.0,30,7.0,1403,-1,27.0,6.42213640742284,242.87817769759465,7.0,11.479496002197266,158.9013214111328,32.71,13.6,1,1,1,0,0,0,1,0,1,1,0,0,1,1,0,1,0,0,0,0,0,0,1,0,0,0,1,0,0,0,0,1,0,0,0,0,0,0,0,0,0,0,0,0,0
2449,12.376,56.693,2023,DE,43,295,24.0,30,7.0,98,-1,29.0,16.580973199359484,218.2472284901478,5.0,11.561427116394045,168.2880096435547,33.36,14.03,1,1,0,0,0,0,1,1,0,0,0,0,1,0,0,1,0,1,0,1,0,0,0,0,0,0,0,0,0,0,0,0,0,0,0,0,0,0,0,0,0,0,0,0,0
2450,12.284,56.796,2023,DE,44,295,30.0,30,7.0,188,-1,35.0,14.52410113498238,205.9515975013321,5.0,11.850826263427734,159.2605438232422,33.86,13.79,1,1,0,1,0,0,1,1,1,1,0,0,1,1,0,1,0,0,0,1,0,0,1,0,0,0,0,0,0,0,0,1,0,0,0,0,0,0,0,0,1,0,0,0,0
2451,11.933,57.119,2023,DE,45,295,35.0,33,7.0,975,0,56.0,14.427928678167223,166.68260696465478,21.0,12.61123752593994,172.29930114746094,33.72,15.25,1,1,0,0,0,0,1,1,0,0,0,0,0,1,0,1,0,1,0,0,0,0,0,0,0,0,0,0,0,0,0,1,0,0,0,0,0,0,0,0,1,0,0,0,0
2452,11.631,57.082,2023,DE,46,295,16.5,10,7.0,1101,-1,26.0,32.26355032034816,155.00268776970438,9.5,13.096453666687012,231.775390625,31.59,15.52,1,1,0,0,0,0,1,1,0,0,0,0,1,0,0,1,0,1,0,0,0,0,0,0,1,0,0,0,0,0,0,0,0,0,0,0,0,0,0,0,0,0,0,0,0
2453,11.257,56.706,2023,DE,47,295,15.0,30,7.0,1320,-1,19.0,16.281498771156144,176.4375938334206,4.0,12.28084659576416,232.7643585205078,27.56,15.73,1,1,1,0,0,0,1,1,0,1,0,0,1,0,0,1,0,0,0,1,0,0,1,0,1,0,1,0,0,0,0,0,0,0,0,0,0,0,0,0,0,0,0,0,0
2454,11.552,56.617,2023,DE,48,296,20.0,31,7.0,110,-1,27.0,8.341975692830871,193.66184969087803,7.0,12.274104118347168,212.4399261474609,32.64,16.03,1,1,0,1,0,0,1,1,0,1,0,0,1,0,0,1,0,1,0,1,0,0,1,0,0,0,0,0,0,0,0,0,0,0,0,0,0,0,0,0,0,0,0,0,0
2455,23.923666,59.712334,2023,FI,1,263,28.5,30,15.6,1179,-1,58.0,21.64202028580094,1203.073407237741,29.5,8.700700759887695,163.93032836914062,6.2,11.97,1,1,1,0,1,1,0,0,0,0,0,0,0,0,0,0,0,0,0,0,0,0,0,0,0,0,0,0,0,0,0,0,0,0,0,0,0,0,0,0,0,0,0,0,0
2456,23.239334,59.6285,2023,FI,2,264,28.5,20,14.3,18,-1,66.0,21.14853792962892,1166.1823586055152,37.5,8.765942573547363,163.50274658203125,6.15,11.28,1,1,1,1,1,1,0,0,0,0,0,0,0,0,0,0,0,0,0,0,0,0,0,0,0,0,0,0,0,0,0,0,0,0,0,0,0,0,0,0,0,0,0,0,0
2457,18.875,60.835667,2023,FI,3,264,14.3,30,17.2,1243,-1,72.0,43.230757287252985,1151.0206585642786,57.7,8.524622917175293,222.0352325439453,4.92,10.1,1,1,1,0,1,0,0,0,0,0,0,0,0,0,1,0,0,0,1,0,0,1,0,0,0,0,0,0,0,0,0,0,0,0,0,0,0,0,0,0,0,0,0,0,0
2458,18.1715,60.9035,2023,FI,4,265,15.8,35,17.4,54,-1,57.0,33.6402891265853,1161.846536287641,41.2,8.378520965576172,256.6051025390625,4.9,7.77,1,1,1,0,0,0,0,0,0,0,0,0,0,0,0,0,0,0,0,0,0,1,0,0,0,0,0,0,0,0,0,0,0,0,0,0,0,0,0,0,0,0,0,0,0
2459,19.329834,61.049,2023,FI,5,265,76.0,105,13.2,533,1,118.0,71.9539607489347,1175.1019756928304,42.0,8.78946590423584,262.3158874511719,6.71,4.52,1,1,1,0,1,0,0,0,0,0,0,0,0,0,0,0,0,0,0,0,0,0,0,0,0,0,0,0,0,0,0,0,0,0,0,0,0,0,0,0,0,0,0,0,0
2460,18.064667,61.3895,2023,FI,6,265,15.6,30,17.3,1110,-1,61.0,35.98143388048548,1215.0638798679647,45.4,8.343707084655762,198.7974548339844,5.0,8.61,1,1,1,0,0,0,0,0,0,0,0,1,0,0,1,0,0,0,1,0,0,1,0,0,0,0,0,0,0,0,0,0,0,0,0,0,0,0,0,0,0,0,0,0,0
2461,17.917,61.417667,2023,FI,7,265,15.8,45,17.1,1296,-1,65.0,27.64995048679874,1220.171996442785,49.2,8.385333061218262,212.1669158935547,5.0,8.46,1,1,1,0,0,0,0,0,0,0,0,0,0,0,0,0,0,0,0,0,0,0,0,0,0,0,0,0,0,0,0,0,0,0,0,0,0,0,0,0,0,0,0,0,0
2462,18.095,61.6235,2023,FI,8,266,12.7,45,16.3,69,-1,69.0,31.0854443971941,1241.7846099499418,56.3,8.419878005981445,206.4882202148437,4.87,9.85,1,1,1,0,1,0,0,0,0,0,0,0,0,0,0,0,0,0,0,0,0,0,0,0,0,0,0,0,0,0,0,0,0,0,0,0,0,0,0,0,0,0,0,0,0
2463,19.204834,61.618332,2023,FI,9,266,12.7,60,17.4,390,1,94.0,88.79300104922095,1240.8577237618504,81.3,8.851716041564941,193.7216644287109,5.02,10.31,1,1,1,0,1,0,0,0,0,0,0,1,0,0,1,0,0,0,0,0,1,0,0,0,0,0,0,0,0,0,0,0,0,0,0,0,0,0,0,0,0,0,0,0,0
2464,18.511667,62.1285,2023,FI,10,266,15.8,43,16.4,1083,-1,85.0,41.52333255900352,1301.961317128553,69.2,8.680136680603027,200.6298675537109,4.96,8.21,1,1,1,0,0,0,0,0,0,0,0,0,0,0,0,0,1,0,0,0,0,0,0,0,0,0,0,0,0,0,1,0,0,0,0,0,0,0,0,0,0,0,0,0,0
2465,18.379333,61.99,2023,FI,11,266,12.7,45,17.4,1223,-1,90.0,41.537488028565605,1285.295089504743,77.3,8.60081672668457,202.8259429931641,4.85,10.21,1,1,1,0,0,0,0,0,0,0,0,0,0,0,1,0,0,0,1,0,0,0,0,0,0,0,0,0,0,0,0,0,0,0,0,0,0,0,0,0,0,0,0,0,0
2466,19.167833,62.118332,2023,FI,12,267,12.7,45,15.3,71,-1,80.0,75.14412597886775,1300.10754475237,67.3,8.785490036010742,195.18365478515625,4.94,10.67,1,1,1,0,0,0,0,0,0,0,0,0,0,0,1,0,0,0,0,0,0,0,0,0,0,0,0,0,0,0,0,0,0,0,0,0,0,0,0,0,0,0,0,0,0
2467,19.290333,62.45183,2023,FI,13,267,77.6,75,13.4,353,1,140.0,64.18502053078186,1339.0013171285516,62.400000000000006,8.562163352966309,224.40280151367188,6.61,4.6,1,0,1,0,0,0,0,0,0,0,0,0,0,0,1,0,1,0,0,0,0,0,0,0,0,0,0,0,0,0,0,0,0,0,0,0,0,0,0,0,0,0,0,0,0
2468,18.718834,62.578667,2023,FI,14,267,74.4,90,13.6,806,1,111.0,32.896926562855086,1354.7406585642773,36.599999999999994,8.27002239227295,224.16586303710932,6.62,4.69,1,0,1,0,1,0,0,0,0,0,0,0,0,0,1,0,0,0,0,0,0,0,0,0,0,0,0,0,0,0,0,0,0,0,0,0,0,0,0,0,0,0,0,0,0
2469,19.427834,63.04067,2023,FI,15,267,15.8,40,17.2,1203,-1,145.0,26.136616080016648,1407.5377237618488,129.2,8.308002471923828,220.82760620117188,4.74,11.14,1,1,1,0,1,0,0,0,0,0,0,0,0,0,1,0,1,0,0,0,0,0,0,0,0,0,0,0,0,0,0,0,0,0,0,0,0,0,0,0,0,0,0,0,0
2470,20.364666,63.159832,2023,FI,16,268,22.2,60,11.4,37,-1,79.0,15.061257798459136,1421.423292821386,56.8,8.19127082824707,236.1442413330078,5.06,9.91,1,1,1,0,0,0,0,0,0,0,0,1,0,0,1,0,0,0,0,0,0,0,0,0,0,0,0,0,0,0,0,0,0,0,0,0,0,0,0,0,0,0,0,0,0
2471,19.508833,62.8595,2023,FI,17,268,79.2,90,14.1,438,1,144.0,44.37674335008301,1386.2370651975702,64.8,8.544665336608887,226.8325042724609,6.64,4.59,1,1,1,0,0,0,0,0,0,0,0,1,0,0,1,0,1,0,0,0,0,0,0,0,0,0,0,0,0,0,0,0,0,0,0,0,0,0,0,0,0,0,0,0,0
2472,19.511168,62.724167,2023,FI,18,268,80.0,95,13.5,694,1,147.0,52.53743014251194,1370.4977237618475,67.0,8.604708671569824,227.7696533203125,6.62,4.58,1,0,1,0,0,0,0,0,0,0,0,0,0,0,1,0,1,0,0,0,0,0,0,0,0,0,0,0,0,0,0,0,0,0,0,0,0,0,0,0,0,0,0,0,0
2473,20.179167,62.102,2023,FI,19,269,74.4,105,14.7,703,1,134.0,58.12085038035956,1297.344609949943,59.599999999999994,8.544363021850586,264.1208801269531,6.74,4.2,1,1,1,0,0,0,0,0,0,0,0,0,0,0,0,0,1,0,0,0,0,0,0,0,0,0,0,0,0,0,1,0,0,0,0,0,0,0,0,0,0,0,0,0,0
2474,20.137667,62.604332,2023,FI,20,269,23.8,50,14.6,1148,-1,91.0,46.93399705021704,1357.521317128553,67.2,8.440675735473633,243.3339691162109,5.07,8.79,1,1,1,0,0,0,0,0,0,0,0,0,0,0,0,0,1,0,0,0,0,0,0,0,0,0,0,0,0,0,0,0,0,0,0,0,0,0,0,0,0,0,0,0,0
2475,20.2745,62.547,2023,FI,21,269,31.0,37,13.0,1311,-1,81.0,40.16601839041159,1350.123951385662,50.0,8.440396308898926,231.9222869873047,5.45,5.7,1,1,1,0,0,0,0,0,0,0,0,1,0,0,0,0,1,0,0,0,0,0,0,0,0,0,0,0,0,0,0,0,0,0,0,0,0,0,0,0,0,0,0,0,0
2476,20.474667,62.429165,2023,FI,22,270,28.5,40,14.1,51,-1,70.0,32.30499136133266,1337.1475447523687,41.5,8.455520629882812,234.97569274902344,5.48,8.41,1,1,1,0,0,0,0,0,0,0,0,1,0,0,0,0,0,0,0,0,0,0,0,0,0,0,0,0,0,0,0,0,0,0,0,0,0,0,0,0,0,0,0,0,0
2477,20.7415,61.915333,2023,FI,23,270,25.3,30,14.5,1100,-1,62.0,29.94993370435725,1281.6889868111848,36.7,8.36181926727295,265.767578125,5.31,10.46,1,1,1,0,1,0,0,0,0,0,0,1,0,0,0,0,0,0,0,0,0,0,0,0,0,0,0,0,0,0,1,0,0,0,0,0,0,0,0,0,0,0,0,0,0
2478,20.750834,61.6515,2023,FI,24,270,26.9,30,14.7,1277,-1,77.0,34.39217010126388,1255.6106987880914,50.1,8.502098083496094,270.4031066894531,5.29,9.18,1,1,1,0,1,0,0,0,0,0,0,0,0,0,0,0,1,0,0,0,0,1,0,0,0,0,0,0,0,0,0,0,0,0,0,0,0,0,0,0,0,0,0,0,0
2479,20.483334,61.438835,2023,FI,25,271,28.0,40,14.5,21,-1,118.0,46.20957522744518,1228.485120279257,90.0,8.543156623840332,261.3414306640625,5.35,7.83,1,1,1,0,1,0,0,0,0,0,0,0,0,0,0,0,1,0,0,0,0,0,0,0,0,0,0,0,0,0,0,0,0,0,0,0,0,0,0,0,0,0,0,0,0
2480,19.9815,61.8105,2023,FI,26,271,76.0,80,13.0,545,1,107.0,71.66649361961042,1264.921317128556,31.0,8.619987487792969,263.0926513671875,6.8,4.27,1,1,1,0,0,0,0,0,0,0,0,0,0,0,1,0,1,0,0,0,0,0,0,0,0,0,0,0,0,0,0,0,0,0,0,0,0,0,0,0,0,0,0,0,0
2481,20.417667,61.099,2023,FI,27,271,15.3,40,17.8,1099,-1,94.0,41.80714799587159,1192.6937854771284,78.7,8.557847023010254,271.2415771484375,5.18,11.01,1,1,1,0,1,0,0,0,0,0,0,0,0,0,0,0,1,0,0,0,0,0,0,0,0,0,0,0,0,0,0,0,0,0,0,0,0,0,0,0,0,0,0,0,0
2482,20.576166,60.9405,2023,FI,28,271,28.0,30,14.7,1266,-1,68.0,25.56597899293765,1180.8048440684256,40.0,8.50843334197998,279.2996520996094,5.28,7.31,1,1,1,0,1,0,0,0,0,0,0,1,0,0,0,0,1,0,0,0,0,1,0,0,0,0,0,0,0,0,1,0,0,0,0,0,0,0,0,0,0,0,0,0,0
2483,19.9575,60.957832,2023,FI,29,272,25.0,48,14.9,57,-1,99.0,55.43313941580396,1166.7944648390628,74.0,8.550228118896484,274.48370361328125,5.25,6.85,1,1,1,0,1,0,0,0,0,0,0,0,0,0,1,0,1,0,0,0,0,1,0,0,0,0,0,0,0,0,0,0,0,0,0,0,0,0,0,0,0,0,0,0,0
2484,19.884333,61.108665,2023,FI,30,272,76.8,70,13.6,295,0,108.0,67.56990249745895,1181.5901790094774,31.200000000000003,8.585671424865723,267.720947265625,6.79,4.38,1,1,1,0,1,0,0,0,0,0,0,0,0,0,0,0,1,0,0,0,0,0,0,0,0,0,0,0,0,0,0,0,0,0,0,0,0,0,0,0,0,0,0,0,0
2485,19.4585,60.958332,2023,FI,31,272,77.0,60,13.0,656,1,112.0,60.17140691986331,1163.9970651975746,35.0,8.779234886169434,274.6029052734375,6.72,4.43,1,1,1,0,1,0,0,0,0,0,0,0,0,0,0,0,0,0,0,0,0,0,0,0,0,0,0,0,0,0,0,0,0,0,0,0,0,0,0,0,0,0,0,0,0
2486,19.348833,60.097668,2023,FI,32,272,15.0,70,16.0,1238,-1,233.0,9.450889178405236,1064.766020244659,218.0,8.50191593170166,276.6929016113281,5.62,10.79,1,1,1,0,1,0,0,0,0,0,0,0,0,0,1,0,0,0,1,0,0,0,0,0,0,0,0,0,0,0,0,0,0,0,0,0,0,0,0,0,0,0,0,0,0
2487,19.670834,59.960335,2023,FI,33,273,15.0,40,18.0,17,-1,190.0,15.947403189671588,1058.983684656277,175.0,8.567093849182129,276.9994201660156,5.51,11.35,1,1,1,0,1,0,0,0,1,0,0,0,0,0,1,0,0,0,0,0,0,0,0,0,0,0,0,0,0,0,0,0,0,0,0,0,0,0,0,0,0,0,0,0,0
2488,20.292667,59.162834,2023,FI,34,273,25.3,60,14.7,465,1,104.0,60.29221724030613,1007.3966249004656,78.7,8.732137680053711,44.45059585571289,6.22,9.84,1,1,1,0,1,1,0,0,0,0,0,0,0,0,1,0,0,0,0,0,0,0,0,0,0,0,0,0,0,0,1,0,0,0,0,0,0,0,0,0,0,0,0,0,0
2489,20.893833,59.190666,2023,FI,35,273,23.8,97,19.3,758,1,113.0,66.82640967087976,1033.8682592583368,89.2,8.87514591217041,46.703758239746094,6.03,12.67,1,1,1,0,1,1,0,0,0,0,0,0,0,0,1,0,0,0,0,0,0,0,0,0,0,0,0,0,0,0,0,0,1,0,0,0,0,0,0,0,0,0,0,0,0
2490,21.2785,59.545166,2023,FI,36,273,23.2,20,16.4,1143,-1,69.0,25.6488211153112,1078.8181223948009,45.8,8.912301063537598,209.35292053222656,5.97,12.76,1,1,1,0,1,1,0,0,0,0,0,0,0,0,1,0,0,0,0,0,0,0,0,0,0,0,0,0,0,0,0,0,0,0,0,0,0,0,0,0,0,0,0,0,0
2491,22.210667,59.547165,2023,FI,37,273,30.0,45,17.8,1428,-1,65.0,27.589983090955005,1117.16814173962,35.0,8.906888008117676,202.0132293701172,6.06,11.45,1,1,1,0,1,1,0,0,1,0,0,1,0,0,0,0,0,0,1,0,0,0,0,0,0,0,0,0,0,0,0,0,0,0,0,0,0,0,0,0,0,0,0,0,0
2492,24.900333,59.877167,2023,FI,38,274,20.6,82,19.0,657,1,53.0,24.14683028853938,1256.8379448759772,32.4,8.6989107131958,126.7755355834961,6.09,13.0,1,1,1,0,1,0,0,0,0,0,0,1,0,0,1,0,0,0,0,0,0,0,0,0,0,0,0,0,0,0,0,0,0,0,0,0,0,0,0,0,0,0,1,0,0
2493,26.415833,60.089832,2023,FI,39,274,28.5,15,19.0,1141,-1,61.0,25.485690837806004,1342.171155268123,32.5,8.216127395629883,178.3727569580078,5.75,10.64,1,1,1,0,1,0,0,0,0,0,0,1,0,0,1,0,0,0,0,0,0,0,0,0,0,0,0,0,0,0,0,0,0,0,0,0,0,0,0,0,0,0,0,0,0
2494,25.562834,59.9175,2023,FI,40,275,18.7,60,18.7,104,-1,69.0,28.551735536930806,1291.1874907095382,50.3,8.666983604431152,109.77297973632812,5.9,13.47,1,1,1,0,1,0,0,0,0,0,0,1,0,0,1,0,1,0,0,0,0,0,0,0,0,0,0,0,0,0,0,0,0,0,0,0,0,0,0,0,0,0,0,0,0
2495,20.736,55.575165,2023,LT,1,295,33.0,30,21.0,360,0,53.0,23.5809417023994,858.9942903283817,20.0,9.926471710205078,212.1451110839844,7.21,11.04,1,1,0,0,0,0,0,0,0,0,0,0,0,0,0,0,0,0,0,0,0,0,0,0,0,0,0,0,0,0,0,0,0,0,0,0,0,0,0,0,0,0,0,0,0
2496,20.308332,55.59,2023,LT,2,295,42.0,30,21.0,530,1,66.0,50.24336792245958,831.379663265145,24.0,9.926025390625,137.47618103027344,8.0,8.41,1,1,0,0,0,0,0,0,0,0,0,0,0,0,0,0,0,0,0,0,0,0,0,0,0,0,0,0,0,0,0,0,0,0,0,0,0,0,0,0,0,0,0,0,0
2497,19.337833,55.8845,2023,LT,3,295,43.0,30,21.0,870,0,59.0,106.82921158632148,769.4580414762804,16.0,9.660651206970217,157.43170166015625,8.08,6.57,1,0,0,1,0,0,0,0,0,0,0,0,0,0,0,0,0,0,0,0,0,0,0,0,0,1,0,0,0,0,0,0,0,0,0,0,0,0,0,0,0,0,0,0,0
2498,19.733334,55.922,2023,LT,4,295,39.0,30,21.0,970,0,61.0,82.57036302741248,794.199247874332,22.0,9.674726486206056,202.67721557617188,7.44,7.47,1,1,0,0,0,0,0,0,0,0,0,1,0,0,0,0,0,0,0,0,0,0,0,0,0,0,0,0,0,0,0,0,0,0,0,0,0,0,0,0,0,0,0,0,0
2499,20.273333,55.928,2023,LT,5,296,23.0,30,21.0,360,0,41.0,49.06695555091051,828.1513389440536,18.0,9.625555992126465,253.4545440673828,6.94,15.12,1,1,0,0,0,0,0,0,0,0,0,0,0,0,0,0,0,0,0,0,0,0,0,0,0,0,0,0,0,0,0,0,0,0,0,0,0,0,0,0,0,0,0,0,0
2500,20.688168,55.931168,2023,LT,6,296,11.0,30,19.0,520,1,30.0,22.58647250954108,855.54462182184,19.0,9.046064376831056,261.8264465332031,6.72,15.55,1,1,0,0,0,0,0,0,0,0,0,0,0,0,0,0,0,0,0,0,0,0,0,0,0,0,0,0,0,0,0,0,0,0,0,0,0,0,0,0,0,0,0,0,0
2501,19.292334,56.070866,2023,LV,1,282,73.5,30,17.0,946,0,93.0,106.27462384130745,767.6498998263489,19.5,9.589189529418944,147.77920532226562,11.71,7.43,1,1,1,1,0,0,0,0,0,0,0,0,0,0,0,0,0,0,0,0,0,0,0,0,0,0,0,0,0,0,0,0,0,0,0,0,0,0,0,0,0,0,0,0,0
2502,20.0628,56.12915,2023,LV,2,283,43.5,15,17.0,374,1,55.0,58.27626598954205,816.9461862134007,11.5,9.778188705444336,199.604248046875,8.42,7.29,1,1,0,0,0,0,0,0,0,0,0,0,0,0,0,0,0,0,0,0,0,0,0,0,0,0,0,0,0,0,0,0,0,0,0,0,0,0,0,0,0,0,0,0,0
2503,20.149416,56.38595,2023,LV,3,283,55.5,30,17.0,834,1,72.0,51.320803525870765,827.2298863531777,16.5,9.724849700927734,154.24085998535156,9.94,6.59,1,1,0,0,0,1,0,0,0,0,0,0,0,0,0,0,0,0,0,0,0,0,0,0,0,0,0,0,0,0,0,0,0,0,0,0,0,0,0,0,0,0,0,0,0
2504,20.322517,57.630585,2023,LV,11,290,42.5,30,17.0,360,0,149.0,68.58975678282093,891.6762630101654,106.5,9.626611709594728,75.49132537841797,8.17,5.69,1,1,1,0,1,1,0,0,0,0,0,0,0,0,0,0,0,0,0,0,0,0,0,0,0,0,0,0,0,0,0,0,0,0,0,0,0,0,0,0,0,0,0,0,0
2505,20.81955,57.631416,2023,LV,12,290,43.5,15,17.0,529,1,53.0,49.71426354369073,917.5472977784827,9.5,9.60449504852295,200.813232421875,8.61,7.16,0,1,0,0,0,1,0,0,0,0,0,0,0,0,0,0,0,0,0,0,0,0,0,0,0,0,0,0,0,0,0,0,0,0,0,0,0,0,0,0,0,0,0,0,0
2506,21.140116,57.62955,2023,LV,13,290,49.5,30,17.0,651,1,59.0,33.69085896437849,934.415004973589,9.5,9.534245491027832,256.34423828125,7.62,9.1,1,1,0,1,0,0,0,0,0,0,1,0,0,0,0,0,0,0,0,0,0,0,0,0,0,0,0,0,0,0,0,0,0,0,0,0,0,0,0,0,0,0,0,0,0
2507,21.152983,57.37673,2023,LV,14,290,49.0,30,14.0,957,0,66.0,18.051406343210907,923.1805244533826,17.0,9.51371955871582,232.73855590820312,8.26,7.31,1,1,0,0,0,0,0,0,1,0,0,0,0,0,0,0,0,0,0,0,0,0,0,0,0,0,0,0,0,0,0,0,0,0,0,0,0,0,0,0,0,0,0,0,0
2508,20.096716,57.28018,2023,LV,15,291,48.5,30,17.0,715,1,242.0,69.26438196590033,860.7551236001309,193.5,9.697100639343262,27.860795974731445,8.97,5.42,1,1,1,0,1,1,0,0,0,0,0,0,0,0,0,0,0,0,0,0,0,0,0,0,0,0,0,0,0,0,0,0,0,0,0,0,0,0,0,0,0,0,0,0,0
2509,19.177834,56.377716,2023,LV,16,292,45.5,20,17.0,344,0,126.0,81.59992516756334,768.7434583724129,80.5,9.549073219299316,64.31069946289062,8.36,5.23,1,0,1,0,0,0,0,0,0,0,0,0,0,0,0,0,0,0,0,0,0,0,0,0,0,0,0,0,0,0,0,0,0,0,0,0,0,0,0,0,0,0,0,0,0
2510,20.449984,56.625965,2023,LV,17,292,52.5,10,17.0,999,-1,72.0,35.001992727867965,851.924203626445,19.5,9.789240837097168,151.44337463378906,8.92,6.56,1,1,1,1,0,0,0,0,0,0,0,0,0,0,0,0,0,0,0,0,0,0,0,0,0,0,0,0,0,0,0,0,0,0,0,0,0,0,0,0,0,0,0,0,0
2511,20.776684,56.878067,2023,LV,18,293,44.0,15,14.0,424,1,55.0,17.840600337309574,880.2846002387816,11.0,9.577072143554688,264.5756530761719,7.72,9.07,0,1,0,0,0,0,0,0,0,0,0,0,0,0,0,0,0,0,0,0,0,0,0,0,0,0,0,0,0,0,0,0,0,0,0,0,0,0,0,0,0,0,0,0,0
2512,19.3,54.42,2023,PL,1,262,28.0,30,13.0,870,1,48.0,6.488203316644425,784.570146305723,20.0,8.46816635131836,262.6891174316406,8.45,13.26,1,1,0,1,0,0,0,0,0,0,0,0,0,0,0,0,0,0,0,0,0,0,0,0,0,0,0,0,0,0,0,0,0,0,0,0,0,0,0,0,0,0,0,0,0
2513,19.16,54.61,2023,PL,2,263,60.5,30,16.0,795,1,82.0,21.742213714914858,767.4580486593961,21.5,8.982227325439453,153.4738311767578,10.36,7.44,1,1,0,1,0,0,0,0,0,0,0,0,0,0,0,0,0,0,0,0,0,0,0,0,0,0,0,0,0,0,0,0,0,0,0,0,0,0,0,0,0,0,0,0,0
2514,19.45,54.45,2023,PL,3,264,35.5,30,14.0,365,1,50.0,6.067699600032775,792.3365064277747,14.5,8.963987350463867,164.9602813720703,7.71,10.39,1,0,0,1,0,1,0,0,0,0,1,0,0,0,0,0,0,0,0,0,0,0,0,0,0,0,0,0,0,0,0,0,0,0,0,0,0,0,0,0,0,0,0,0,0
2515,18.9,54.48,2023,PL,4,264,41.5,30,16.0,595,1,55.0,13.849476345982788,757.8332253767846,13.5,8.140069961547852,195.2197723388672,9.07,9.67,1,1,0,1,0,0,0,0,0,0,0,0,0,0,0,0,0,0,0,0,0,0,0,0,0,0,0,0,0,0,0,0,0,0,0,0,0,0,0,0,0,0,0,0,0
2516,19.0,54.64,2023,PL,5,264,61.5,30,16.0,820,1,82.0,11.418309213780857,756.3490715278526,20.5,8.409514427185059,165.7670135498047,11.23,7.7,1,1,0,1,0,0,0,0,0,0,1,0,0,0,0,0,0,0,0,0,0,0,0,0,0,0,0,0,0,0,0,0,0,0,0,0,0,0,0,0,0,0,0,0,0
2517,19.04,54.9,2023,PL,8,265,36.0,30,16.0,630,1,101.0,31.567702755933382,751.5557680958577,65.0,9.652390480041504,161.46682739257812,7.1,11.33,1,0,0,1,0,1,0,0,0,0,0,0,0,0,0,0,0,0,0,0,0,0,0,0,0,0,0,0,0,0,0,0,0,0,0,0,0,0,0,0,0,0,0,0,0
2518,18.95,55.67,2023,PL,9,266,40.0,30,17.0,370,1,86.0,101.04698979238894,743.9361182954549,46.0,9.52603816986084,149.92616271972656,7.67,7.09,1,1,0,0,0,0,0,0,0,0,0,0,0,0,0,0,0,0,0,0,0,0,0,0,0,0,0,0,0,0,0,0,0,0,0,0,0,0,0,0,0,0,0,0,0
2519,18.68,54.85,2023,PL,10,267,38.5,30,15.0,395,1,55.0,14.04394893382504,730.0002432264243,16.5,8.983081817626953,200.362533569336,8.05,9.98,1,1,0,0,0,0,0,0,0,0,1,0,0,0,0,0,0,0,0,0,0,0,0,0,0,1,0,0,0,0,0,0,0,0,0,0,0,0,0,0,0,0,0,0,0
2520,18.36,55.04,2023,PL,11,267,45.0,30,16.0,700,1,64.0,23.185916835715386,706.1500193044823,19.0,9.341801643371582,199.16763305664065,9.11,8.79,1,1,0,1,0,0,0,0,0,0,0,0,0,0,0,0,0,0,0,0,0,0,0,0,0,0,0,0,0,0,0,0,0,0,0,0,0,0,0,0,0,0,0,0,0
2521,18.36,55.34,2023,PL,12,267,40.0,30,16.0,940,1,80.0,56.54565682299895,706.1320883155621,40.0,9.547276496887209,189.81658935546875,7.31,9.37,1,1,0,1,0,1,0,0,0,0,0,0,0,0,0,0,0,0,0,0,0,0,0,0,0,0,0,0,0,0,0,0,0,0,0,0,0,0,0,0,0,0,0,0,0
2522,18.0,55.62,2023,PL,13,268,46.5,30,16.0,735,1,67.0,88.05418786878225,683.2056467780703,20.5,9.292319297790527,116.72541809082033,8.65,5.86,1,1,0,1,0,0,0,0,0,0,0,0,0,0,0,0,0,0,0,0,0,0,0,0,0,0,0,0,0,0,0,0,0,0,0,0,0,0,0,0,0,0,0,0,0
2523,18.0,55.0,2023,PL,14,269,12.0,30,13.0,420,1,27.0,18.537723761848188,683.6916462941848,15.0,9.049189567565918,271.2801208496094,7.11,15.21,0,0,0,0,0,0,0,0,0,0,0,0,0,0,0,0,0,0,0,0,0,0,0,0,0,0,0,0,0,0,0,0,0,0,0,0,0,0,0,0,0,0,0,0,0
2524,17.66,55.32,2023,PL,15,269,52.0,40,16.0,895,1,78.0,57.63293663179083,660.8564554991277,26.0,9.483592987060549,189.41395568847656,10.15,7.74,1,1,0,0,0,0,0,0,0,0,0,0,0,0,0,0,0,0,0,0,0,0,0,0,0,1,0,0,0,0,0,0,0,0,0,0,0,0,0,0,0,0,0,0,0
2525,17.65,55.55,2023,PL,16,270,38.0,30,12.0,430,1,50.0,82.14445423939281,659.9979863080328,12.0,9.158560752868652,220.67198181152344,7.93,7.17,1,1,0,1,0,1,0,0,0,0,0,0,0,0,0,0,0,0,0,0,0,0,0,0,0,0,0,0,0,0,0,0,0,0,0,0,0,0,0,0,0,0,0,0,0
2526,17.31,55.24,2023,PL,17,270,49.0,40,15.0,730,1,92.0,54.47042085971072,638.3995980866605,43.0,9.392574310302734,195.19024658203125,10.84,8.21,1,1,0,1,0,1,0,0,0,0,0,0,0,0,0,0,0,0,0,0,0,0,0,0,0,0,0,0,0,0,0,0,0,0,0,0,0,0,0,0,0,0,0,0,0
2527,17.3,54.95,2023,PL,18,270,11.0,45,12.0,975,0,27.0,22.37451337080043,641.1961956621776,16.0,9.34650421142578,273.1296081542969,7.25,15.18,1,0,0,0,0,0,0,0,0,0,0,0,0,0,0,0,0,0,0,0,0,0,0,0,0,0,0,0,0,0,0,0,0,0,0,0,0,0,0,0,0,0,0,0,0
2528,15.34,54.73,2023,PL,19,271,30.5,60,17.0,660,1,67.0,33.28682369655118,528.8786344019796,36.5,9.235560417175291,179.60350036621094,7.7,12.55,1,1,0,1,0,1,0,0,0,0,1,0,0,0,0,0,0,0,0,0,0,0,0,0,0,0,0,0,0,0,0,0,0,0,0,0,0,0,0,0,0,0,0,0,0
2529,15.37,54.93,2023,PL,20,271,54.0,30,16.0,840,1,68.0,18.45621226661313,521.7553043791696,14.0,9.052124977111816,189.0292510986328,13.16,10.7,1,1,0,1,0,0,1,0,0,0,0,0,0,0,0,0,0,0,0,0,0,0,0,0,0,0,0,0,0,0,0,0,0,0,0,0,0,0,0,0,0,0,0,0,0
2530,15.86,54.45,2023,PL,21,272,25.0,30,13.0,685,1,41.0,22.77044099592775,572.8399640600676,16.0,9.132741928100586,236.8800506591797,7.83,13.67,1,0,1,0,0,0,0,0,0,0,0,0,0,0,0,0,0,0,0,0,0,0,0,0,0,0,0,0,0,0,0,0,0,0,0,0,0,0,0,0,0,0,0,0,0
2531,16.0,54.62,2023,PL,22,272,28.0,30,16.0,870,1,50.0,31.409282477021684,572.9463261853016,22.0,9.175054550170898,222.5231475830078,7.66,13.84,1,1,0,0,0,1,0,0,0,0,0,0,0,0,0,0,0,0,0,0,0,0,0,0,0,0,0,0,0,0,0,0,0,0,0,0,0,0,0,0,0,0,0,0,0
2532,16.22,55.25,2023,PL,23,274,54.0,30,16.0,570,1,73.0,69.47889280702584,568.2803912798448,19.0,9.328052520751951,161.00657653808594,13.93,10.21,1,1,0,1,1,1,0,0,0,0,0,0,0,0,0,0,0,0,0,0,0,0,0,0,0,0,0,0,0,0,0,0,0,0,0,0,0,0,0,0,0,0,0,0,0
2533,16.27,55.11,2023,PL,24,274,50.5,30,16.0,840,1,77.0,64.62051835790452,572.1603260298122,26.5,9.220929145812988,161.439697265625,12.9,10.07,1,1,0,1,0,0,0,0,0,0,0,0,0,0,0,0,0,1,0,0,0,0,0,0,0,0,0,0,0,0,0,0,0,0,0,0,0,0,0,0,0,0,0,0,0
2534,16.36,54.72,2023,PL,25,275,21.5,30,14.0,360,1,40.0,23.297074517956908,589.2249310530522,18.5,9.047905921936035,226.90264892578125,7.44,15.08,1,1,0,0,0,0,0,0,0,0,0,0,0,0,0,0,0,0,0,0,0,0,0,0,0,0,0,0,0,0,0,0,0,0,0,0,0,0,0,0,0,0,0,0,0
2535,16.69,55.27,2023,PL,26,275,51.5,30,16.0,830,1,73.0,69.71914389091049,598.9762091788987,21.5,9.454639434814451,196.446044921875,10.5,8.04,1,1,0,1,0,0,0,0,0,0,0,0,0,0,0,0,0,0,0,0,0,0,0,0,0,0,0,0,0,0,0,0,0,0,0,0,0,0,0,0,0,0,0,0,0
2536,17.02,55.24,2023,PL,28,276,58.0,30,15.0,480,1,86.0,58.31609213214558,619.8795980866607,28.0,9.365821838378906,197.0688934326172,12.44,8.67,1,1,0,0,0,0,0,0,0,0,1,0,0,0,0,0,0,0,0,0,0,0,0,0,0,0,0,0,0,0,0,0,0,0,0,0,0,0,0,0,0,0,0,0,0
