x_lon,y_lat,depth,dts,dto,reg,srn
10.82708333333332,54.022916666666674,16.0,3.7075447523693534,487.18929790215327,22.0,37G0
10.910416666666665,54.022916666666674,12.0,4.44461988696799,484.7447292660208,22.0,37G0
10.993750000000006,54.022916666666674,23.0,3.225226601285765,482.1720287528422,22.0,37G0
11.243750000000006,54.022916666666674,20.0,3.756917866212382,481.5377237618482,22.0,37G1
11.32708333333332,54.022916666666674,11.0,4.290939294895798,481.5377237618482,22.0,37G1
14.243750000000006,54.022916666666674,12.0,8.583372821844456,534.2817868776817,24.0,37G4
14.32708333333332,54.022916666666674,12.0,11.850346099696354,537.10779849651,24.0,37G4
14.410416666666665,54.022916666666674,12.0,9.211480514347766,539.978062499893,24.0,37G4
10.993750000000006,54.07291666666666,22.0,6.738839893093841,476.86642826066594,22.0,37G0
11.07708333333332,54.07291666666666,24.0,6.5393592117475645,475.9764066332953,22.0,37G1
11.160416666666665,54.07291666666666,23.0,6.539359211747577,475.9764066332953,22.0,37G1
11.243750000000006,54.07291666666666,15.0,7.665356925275078,475.9764066332953,22.0,37G1
11.32708333333332,54.07291666666666,10.0,8.464502623335,475.9764066332953,22.0,37G1
11.410416666666665,54.07291666666666,15.0,6.076592465531171,475.9764066332953,22.0,37G1
14.160416666666665,54.07291666666666,14.0,8.577391194908438,526.6602763632033,24.0,37G4
14.243750000000006,54.07291666666666,14.0,12.258045243488567,529.4437450206701,24.0,37G4
14.32708333333332,54.07291666666666,13.0,16.54724522696318,532.2593379091344,24.0,37G4
14.410416666666665,54.07291666666666,13.0,13.707448308584349,534.6736970921512,24.0,37G4
14.493750000000006,54.07291666666666,13.0,11.312127054883918,537.4964410367961,24.0,37G4
14.57708333333332,54.07291666666666,10.0,9.28741881825798,540.783777917085,24.0,37G4
10.993750000000006,54.12291666666667,21.0,3.067435730941701,471.8794967892388,22.0,37G0
11.07708333333332,54.12291666666667,23.0,6.444983843013223,470.4150895047394,22.0,37G1
11.160416666666665,54.12291666666667,23.0,9.86093489571172,470.4150895047394,22.0,37G1
11.243750000000006,54.12291666666667,24.0,12.721312541015282,470.4150895047394,22.0,37G1
11.32708333333332,54.12291666666667,19.0,13.32736035026758,470.4150895047394,22.0,37G1
11.410416666666665,54.12291666666667,21.0,9.86905482505181,470.4150895047394,22.0,37G1
11.493750000000006,54.12291666666667,19.0,5.509693018050443,470.4150895047394,22.0,37G1
13.993750000000006,54.12291666666667,13.0,6.44697213573843,516.9547979643329,24.0,37G3
14.07708333333332,54.12291666666667,12.0,8.883825874867505,519.3689789650937,24.0,37G4
14.160416666666665,54.12291666666667,13.0,12.25012999102106,521.7827405781608,24.0,37G4
14.243750000000006,54.12291666666667,14.0,16.536340310737554,524.6342185186774,24.0,37G4
14.32708333333332,54.12291666666667,13.0,20.22506423780261,527.4394967892399,24.0,37G4
14.410416666666665,54.12291666666667,11.0,18.78279477795612,529.8648998843573,24.0,37G4
14.493750000000006,54.12291666666667,13.0,16.500519118791093,532.837634503417,24.0,37G4
14.57708333333332,54.12291666666667,13.0,14.489619380295888,536.3146585085218,24.0,37G4
14.660416666666665,54.12291666666667,13.0,12.151996292088503,539.5479953241108,24.0,37G4
14.743750000000006,54.12291666666667,13.0,10.126334261038425,542.7447732152353,24.0,37G4
14.82708333333332,54.12291666666667,15.0,8.499938831560963,546.2738296089166,24.0,37G4
14.910416666666665,54.12291666666667,16.0,6.895342644258859,549.3182560314914,24.0,37G4
11.160416666666665,54.17291666666665,21.0,6.129387024299305,463.9446099499432,22.0,37G1
11.243750000000006,54.17291666666665,22.0,11.20642375523315,463.9446099499432,22.0,37G1
11.32708333333332,54.17291666666665,23.0,16.686855942051128,463.9446099499432,22.0,37G1
11.410416666666665,54.17291666666665,23.0,13.47125447174094,463.9446099499432,22.0,37G1
11.493750000000006,54.17291666666665,22.0,9.668220574749387,464.01225575603934,22.0,37G1
11.57708333333332,54.17291666666665,15.0,6.44498384301228,465.4666972123413,22.0,37G1
11.660416666666665,54.17291666666665,11.0,3.222243571534758,467.4386667830574,22.0,37G1
11.82708333333332,54.17291666666665,15.0,3.7008570677068255,471.953552417152,22.0,37G1
13.993750000000006,54.17291666666665,12.0,9.663748117474045,511.8818912344589,24.0,37G3
14.07708333333332,54.17291666666665,13.0,13.465281494662248,514.208561458625,24.0,37G4
14.160416666666665,54.17291666666665,13.0,16.24890198134241,516.5686794331225,24.0,37G4
14.243750000000006,54.17291666666665,14.0,20.202731853853987,519.3630173026536,24.0,37G4
14.32708333333332,54.17291666666665,14.0,24.37955041314661,522.6088200202727,24.0,37G4
14.410416666666665,54.17291666666665,9.0,23.81007974994036,525.0029960842985,24.0,37G4
14.493750000000006,54.17291666666665,14.0,21.672489466506224,528.4241908562766,24.0,37G4
14.57708333333332,54.17291666666665,13.0,19.34090713534518,531.872751233806,24.0,37G4
14.660416666666665,54.17291666666665,14.0,17.38145057118027,534.7923391290947,24.0,37G4
14.743750000000006,54.17291666666665,13.0,15.380019220872718,538.3134027045683,24.0,37G4
14.82708333333332,54.17291666666665,17.0,13.86712145534646,542.0074226858629,24.0,37G4
14.910416666666665,54.17291666666665,19.0,11.84527099164156,545.6394418190753,24.0,37G4
14.993750000000006,54.17291666666665,18.0,9.668220574749387,549.9169158484196,24.0,37G4
11.160416666666665,54.22291666666666,12.0,4.876995931052702,458.3832928213874,22.0,37G1
11.243750000000006,54.22291666666666,19.0,10.566822682771278,458.3832928213874,22.0,37G1
11.32708333333332,54.22291666666666,21.0,16.25664537925302,458.3832928213874,22.0,37G1
11.410416666666665,54.22291666666666,22.0,17.472754780487925,458.3832928213874,22.0,37G1
11.493750000000006,54.22291666666666,23.0,14.27763450341584,458.47772602839774,22.0,37G1
11.57708333333332,54.22291666666666,26.0,10.580640076067825,460.0890501263018,22.0,37G1
11.660416666666665,54.22291666666666,26.0,8.499184990137676,462.1041508400347,22.0,37G1
11.743750000000006,54.22291666666666,24.0,8.341975692830871,464.8537723761865,22.0,37G1
11.82708333333332,54.22291666666666,21.0,8.691698868167245,467.2774772828338,22.0,37G1
11.910416666666665,54.22291666666666,19.0,6.931915612795399,470.25623833041135,22.0,37G1
11.993750000000006,54.22291666666666,16.0,5.5613171285558005,473.5733781005377,22.0,37G1
13.57708333333332,54.22291666666666,9.0,8.873005463145343,502.8206585642787,24.0,37G3
13.660416666666665,54.22291666666666,8.0,6.073032222718087,502.8206585642787,24.0,37G3
14.07708333333332,54.22291666666666,13.0,10.923469586063108,509.3177135509076,24.0,37G4
14.160416666666665,54.22291666666666,14.0,15.68754333450332,511.71285411965664,24.0,37G4
14.243750000000006,54.22291666666666,15.0,21.309433921177025,514.5504165553339,24.0,37G4
14.32708333333332,54.22291666666666,14.0,26.959104845552787,517.4933971436229,24.0,37G4
14.410416666666665,54.22291666666666,11.0,28.89340536768218,520.5840806032422,24.0,37G4
14.493750000000006,54.22291666666666,8.0,26.869226539273207,524.0599977061645,24.0,37G4
14.57708333333332,54.22291666666666,14.0,24.29923404374439,527.4330054631464,24.0,37G4
14.660416666666665,54.22291666666666,14.0,22.544136761465392,530.363397538909,24.0,37G4
14.743750000000006,54.22291666666666,15.0,20.79432193775367,533.8929770737425,24.0,37G4
14.82708333333332,54.22291666666666,16.0,18.936441036795195,538.1009211069911,24.0,37G4
14.910416666666665,54.22291666666666,17.0,17.05035785902932,542.0033609770239,24.0,37G4
14.993750000000006,54.22291666666666,17.0,14.736302528531429,546.2626808014445,24.0,37G4
15.07708333333332,54.22291666666666,16.0,13.001477302161373,550.5284214303524,25.0,37G5
15.160416666666665,54.22291666666666,16.0,11.304474979784995,554.1809205506311,25.0,37G5
11.160416666666665,54.272916666666674,12.0,4.871088032544158,452.8219756928309,22.0,37G1
11.243750000000006,54.272916666666674,14.0,10.554022235921238,452.8219756928309,22.0,37G1
11.32708333333332,54.272916666666674,21.0,14.918514141447398,452.8219756928309,22.0,37G1
11.410416666666665,54.272916666666674,22.0,16.185792492619893,452.8219756928309,22.0,37G1
11.493750000000006,54.272916666666674,23.0,18.49453716155848,452.9782438237522,22.0,37G1
11.57708333333332,54.272916666666674,25.0,15.34964634615819,454.9485865443796,22.0,37G1
11.660416666666665,54.272916666666674,25.0,13.998068881849823,456.967207714845,22.0,37G1
11.743750000000006,54.272916666666674,25.0,13.90329282138738,459.3670006905539,22.0,37G1
11.82708333333332,54.272916666666674,23.0,14.096740092759,462.6723342113449,22.0,37G1
11.910416666666665,54.272916666666674,20.0,12.293836011858742,465.8966807616538,22.0,37G1
11.993750000000006,54.272916666666674,18.0,11.12263425711231,469.4390221950919,22.0,37G1
12.07708333333332,54.272916666666674,14.0,7.98140380473451,473.3881266787597,24.0,37G2
13.82708333333332,54.272916666666674,10.0,6.328302459742466,497.607087599454,24.0,37G3
14.07708333333332,54.272916666666674,15.0,10.91728032314274,504.4754215891228,24.0,37G4
14.160416666666665,54.272916666666674,17.0,15.678337368136198,506.9237259654762,24.0,37G4
14.243750000000006,54.272916666666674,16.0,21.29674298599916,509.6977876933722,24.0,37G4
14.32708333333332,54.272916666666674,7.0,26.94294482643072,513.0675220096279,24.0,37G4
14.410416666666665,54.272916666666674,7.0,31.79344345251789,516.0489161160629,24.0,37G4
14.493750000000006,54.272916666666674,9.0,31.821092385291404,519.4570999227967,24.0,37G4
14.57708333333332,54.272916666666674,15.0,29.47356966919749,522.9954215891228,24.0,37G4
14.660416666666665,54.272916666666674,17.0,27.73076478295935,525.9510049296307,24.0,37G4
14.743750000000006,54.272916666666674,18.0,26.07633189303396,530.1619502592125,24.0,37G4
14.82708333333332,54.272916666666674,17.0,23.978936864650628,534.4319908987097,24.0,37G4
14.910416666666665,54.272916666666674,19.0,22.152450534738755,538.087663338109,24.0,37G4
14.993750000000006,54.272916666666674,17.0,20.067367032144023,542.576361434604,24.0,37G4
15.07708333333332,54.272916666666674,15.0,18.219091340345148,546.8477051427974,25.0,37G5
15.160416666666665,54.272916666666674,15.0,16.49527559281853,550.5198582015629,25.0,37G5
15.243750000000006,54.272916666666674,18.0,14.278623026084874,554.7852532337563,25.0,37G5
15.32708333333332,54.272916666666674,17.0,13.077881239105489,559.2959894996937,25.0,37G5
15.410416666666665,54.272916666666674,16.0,12.076910696245209,562.9308289789838,25.0,37G5
15.493750000000006,54.272916666666674,14.0,10.701508361092984,567.2019502592125,25.0,37G5
11.160416666666665,54.32291666666666,14.0,5.655728718128131,447.260658564278,22.0,37G1
11.243750000000006,54.32291666666666,19.0,9.582134141701818,447.260658564278,22.0,37G1
11.32708333333332,54.32291666666666,21.0,9.409381736603036,447.260658564278,22.0,37G1
11.410416666666665,54.32291666666666,22.0,11.309572031043665,447.260658564278,22.0,37G1
11.493750000000006,54.32291666666666,24.0,15.282312343520998,447.6987664228644,22.0,37G1
11.57708333333332,54.32291666666666,25.0,20.08720381158463,450.100048692762,22.0,37G1
11.660416666666665,54.32291666666666,25.0,19.5323376585458,452.0700779103488,22.0,37G1
11.743750000000006,54.32291666666666,25.0,19.46460994994035,454.8797394513941,22.0,37G1
11.82708333333332,54.32291666666666,23.0,19.06839829069456,458.23873974728576,22.0,37G1
11.910416666666665,54.32291666666666,20.0,17.626373913455637,461.4415282501232,22.0,37G1
11.993750000000006,54.32291666666666,18.0,15.881431644873702,465.4628033067432,22.0,37G1
12.07708333333332,54.32291666666666,18.0,11.801568245410214,469.7174334818869,24.0,37G2
12.160416666666665,54.32291666666666,17.0,8.870842314365145,473.38043111970086,24.0,37G2
12.243750000000006,54.32291666666666,11.0,6.07066100512269,474.1226342571088,24.0,37G2
13.910416666666665,54.32291666666666,16.0,8.3813635689436,494.2316126071231,24.0,37G3
13.993750000000006,54.32291666666666,20.0,9.659277490107378,496.8154369896188,24.0,37G3
14.07708333333332,54.32291666666666,16.0,13.45021454474791,499.6188465492776,24.0,37G4
14.160416666666665,54.32291666666666,16.0,17.5321956654225,502.0632904028138,24.0,37G4
14.243750000000006,54.32291666666666,15.0,22.690676929398425,505.2734922537725,24.0,37G4
14.32708333333332,54.32291666666666,8.0,28.051868909838813,508.65791766451656,24.0,37G4
14.410416666666665,54.32291666666666,8.0,32.73320076292727,511.66834780438063,24.0,37G4
14.493750000000006,54.32291666666666,8.0,36.77638475182347,515.0246127487001,24.0,37G4
14.57708333333332,54.32291666666666,16.0,34.661278804448045,518.5004671391736,24.0,37G4
14.660416666666665,54.32291666666666,10.0,32.99199150170654,522.2540426702834,24.0,37G4
14.743750000000006,54.32291666666666,11.0,31.42497125500608,526.5039599877489,24.0,37G4
14.82708333333332,54.32291666666666,12.0,29.19150877887617,530.7665863480686,24.0,37G4
14.910416666666665,54.32291666666666,14.0,27.166549452328443,534.4206607050634,24.0,37G4
14.993750000000006,54.32291666666666,16.0,25.43343451497252,538.9477737937754,24.0,37G4
15.07708333333332,54.32291666666666,18.0,23.41725961040176,543.1952798006339,25.0,37G5
15.160416666666665,54.32291666666666,19.0,21.418835792156752,546.841076014784,25.0,37G5
15.243750000000006,54.32291666666666,22.0,19.73412617241373,551.1086781539343,25.0,37G5
15.32708333333332,54.32291666666666,24.0,18.506294650104778,555.3750050635363,25.0,37G5
15.410416666666665,54.32291666666666,17.0,17.629566855488612,559.2940426702834,25.0,37G5
15.493750000000006,54.32291666666666,18.0,16.088545171858193,563.5439599877491,25.0,37G5
15.57708333333332,54.32291666666666,21.0,14.73239221737948,567.8065863480687,25.0,37G5
15.660416666666665,54.32291666666666,23.0,13.322656228917047,571.4606607050631,25.0,37G5
15.743750000000006,54.32291666666666,24.0,10.973939726596242,575.9877737937755,25.0,37G5
10.660416666666665,54.37291666666667,17.0,3.693069301018725,440.79017900947815,22.0,37G0
10.743750000000006,54.37291666666667,17.0,7.387111330188857,440.79017900947815,22.0,37G0
10.82708333333332,54.37291666666667,17.0,3.218269963356933,440.79017900947815,22.0,37G0
11.243750000000006,54.37291666666667,15.0,4.432177828704963,440.79017900947815,22.0,37G1
11.32708333333332,54.37291666666667,19.0,4.045659429622504,440.79017900947815,22.0,37G1
11.410416666666665,54.37291666666667,22.0,7.462535465105369,440.8780859220257,22.0,37G1
11.493750000000006,54.37291666666667,24.0,12.696598361415186,442.44684345497376,22.0,37G1
11.57708333333332,54.37291666666667,25.0,18.19185577741785,444.72052382260034,22.0,37G1
11.660416666666665,54.37291666666667,25.0,22.96853009747764,446.941505495022,22.0,37G1
11.743750000000006,54.37291666666667,24.0,22.79818094065621,450.5482916458489,22.0,37G1
11.82708333333332,54.37291666666667,21.0,21.45574405690396,454.13183060118087,22.0,37G1
11.910416666666665,54.37291666666667,18.0,21.45574405690396,457.28100127838286,22.0,37G1
11.993750000000006,54.37291666666667,18.0,19.707602193932445,461.5450029397673,22.0,37G1
12.07708333333332,54.37291666666667,19.0,16.22051194514154,466.05568009187033,24.0,37G2
12.160416666666665,54.37291666666667,19.0,13.764545247493128,468.561317128553,24.0,37G2
12.243750000000006,54.37291666666667,15.0,9.65268107402075,468.561317128553,24.0,37G2
13.910416666666665,54.37291666666667,16.0,9.65268107402075,489.1666328978508,24.0,37G3
13.993750000000006,54.37291666666667,14.0,14.730438383747767,491.9830913560024,24.0,37G3
14.07708333333332,54.37291666666667,13.0,17.44952643296304,494.81328723996296,24.0,37G4
14.160416666666665,54.37291666666667,11.0,20.755767452363585,497.252942054692,24.0,37G4
14.243750000000006,54.37291666666667,10.0,25.25942689668198,500.6780862453317,24.0,37G4
14.32708333333332,54.37291666666667,10.0,30.162038298454263,504.3084986368948,24.0,37G4
14.410416666666665,54.37291666666667,9.0,34.5536945151098,507.2909501762978,24.0,37G4
14.493750000000006,54.37291666666667,10.0,39.81711144435873,510.59885834710144,24.0,37G4
14.57708333333332,54.37291666666667,10.0,39.86004515988888,514.6758207761964,24.0,37G4
14.660416666666665,54.37291666666667,11.0,38.33802471080425,518.3223883515059,24.0,37G4
14.743750000000006,54.37291666666667,12.0,36.43458883746065,522.8284986368947,24.0,37G4
14.82708333333332,54.37291666666667,14.0,34.2628572070332,527.0954994534812,24.0,37G4
14.910416666666665,54.37291666666667,16.0,32.35997825979604,530.7586677363422,24.0,37G4
14.993750000000006,54.37291666666667,20.0,30.61300695964665,535.0199809484759,24.0,37G4
15.07708333333332,54.37291666666667,24.0,28.58128545762948,539.5415054950221,25.0,37G5
15.160416666666665,54.37291666666667,26.0,26.57245665357922,543.1905756912564,25.0,37G5
15.243750000000006,54.37291666666667,28.0,25.182767843096844,547.4527344023367,25.0,37G5
15.32708333333332,54.37291666666667,28.0,23.85897741098132,551.7158207761963,25.0,37G5
15.410416666666665,54.37291666666667,30.0,23.11293004536532,555.3623883515058,25.0,37G5
15.493750000000006,54.37291666666667,27.0,21.400421225585784,559.8684986368947,25.0,37G5
15.57708333333332,54.37291666666667,26.0,20.06449653704918,564.1354994534813,25.0,37G5
15.660416666666665,54.37291666666667,27.0,18.50417718621189,567.7986677363422,25.0,37G5
15.743750000000006,54.37291666666667,30.0,16.187899008282212,572.0599809484759,25.0,37G5
15.82708333333332,54.37291666666667,29.0,14.852347918760476,576.5815054950219,25.0,37G5
15.910416666666665,54.37291666666667,24.0,13.997611808916814,580.2305756912565,25.0,37G5
15.993750000000006,54.37291666666667,21.0,12.876055806653095,584.8825153883458,25.0,37G5
16.07708333333332,54.37291666666667,20.0,10.0889230539669,589.7478861677212,25.0,37G6
10.493750000000006,54.42291666666665,13.0,3.79482856298488,435.2288618809252,22.0,37G0
10.57708333333332,54.42291666666665,18.0,5.653092017799513,435.2288618809252,22.0,37G0
10.660416666666665,54.42291666666665,18.0,7.647067967497914,435.2288618809252,22.0,37G0
10.743750000000006,54.42291666666665,17.0,11.07628535397137,435.2288618809252,22.0,37G0
10.82708333333332,54.42291666666665,12.0,7.647067967497858,435.2288618809252,22.0,37G0
10.910416666666665,54.42291666666665,11.0,4.908953557460356,435.2288618809252,22.0,37G0
11.410416666666665,54.42291666666665,23.0,6.5378176213030414,435.36870298481824,22.0,37G1
11.493750000000006,54.42291666666665,25.0,12.169933719820683,437.2496193688908,22.0,37G1
11.57708333333332,54.42291666666665,25.0,17.82150595890589,439.6331720364002,22.0,37G1
11.660416666666665,54.42291666666665,24.0,20.776023803852407,442.4594145770741,22.0,37G1
11.743750000000006,54.42291666666665,23.0,17.705624992497867,446.34434987334015,22.0,37G1
11.82708333333332,54.42291666666665,21.0,15.942191498984975,449.9654510270459,22.0,37G1
11.910416666666665,54.42291666666665,21.0,15.942191498984975,453.6376287311769,22.0,37G1
11.993750000000006,54.42291666666665,20.0,15.839610677288327,457.8941661086748,22.0,37G1
12.07708333333332,54.42291666666665,19.0,17.352244494389193,462.0908375737596,24.0,37G2
12.160416666666665,54.42291666666665,25.0,17.075451781371676,462.0908375737596,24.0,37G2
12.243750000000006,54.42291666666665,18.0,11.901276778428103,462.0908375737596,24.0,37G2
12.32708333333332,54.42291666666665,20.0,7.319249532919117,462.54753874484726,24.0,37G2
13.82708333333332,54.42291666666665,16.0,9.326028406437644,481.900661795042,24.0,37G3
13.910416666666665,54.42291666666665,15.0,12.854704860180778,484.4158533382496,24.0,37G3
13.993750000000006,54.42291666666665,14.0,17.272431674566413,487.1712090261232,24.0,37G3
14.07708333333332,54.42291666666665,14.0,22.13413910588501,489.9647929528093,24.0,37G4
14.160416666666665,54.42291666666665,14.0,24.82100432469709,492.8205333769518,24.0,37G4
14.243750000000006,54.42291666666665,11.0,28.68913983922776,496.2747518036099,24.0,37G4
14.32708333333332,54.42291666666665,11.0,33.08241059637952,499.6900728549,24.0,37G4
14.410416666666665,54.42291666666665,10.0,37.12558637839936,502.9358533382497,24.0,37G4
14.493750000000006,54.42291666666665,11.0,42.06277694224213,506.74886941781074,24.0,37G4
14.57708333333332,54.42291666666665,12.0,45.07624123240376,511.0084749216918,24.0,37G4
14.660416666666665,54.42291666666665,14.0,43.68919521745512,514.6651293731328,24.0,37G4
14.743750000000006,54.42291666666665,14.0,41.58468583587778,518.9245054098773,24.0,37G4
14.82708333333332,54.42291666666665,17.0,39.3038468403728,523.4671044069141,24.0,37G4
14.910416666666665,54.42291666666665,20.0,37.65861675871215,527.0895122125265,24.0,37G4
14.993750000000006,54.42291666666665,22.0,35.80702580090664,531.3520201773431,24.0,37G4
15.07708333333332,54.42291666666665,27.0,33.55503602870032,535.6130278197097,25.0,37G5
15.160416666666665,54.42291666666665,31.0,31.863471785019915,539.5402077685152,25.0,37G5
15.243750000000006,54.42291666666665,30.0,30.54635611524812,543.7888694178107,25.0,37G5
15.32708333333332,54.42291666666665,31.0,29.28950570502603,548.0484749216916,25.0,37G5
15.410416666666665,54.42291666666665,29.0,28.322346607971298,551.7051293731329,25.0,37G5
15.493750000000006,54.42291666666665,41.0,26.75186188379088,555.9645054098775,25.0,37G5
15.57708333333332,54.42291666666665,44.0,25.42714503539188,560.5071044069139,25.0,37G5
15.660416666666665,54.42291666666665,44.0,23.433595180397248,564.1295122125264,25.0,37G5
15.743750000000006,54.42291666666665,43.0,21.39803063278008,568.3920201773432,25.0,37G5
15.82708333333332,54.42291666666665,40.0,20.40760502812861,572.8474582808163,25.0,37G5
15.910416666666665,54.42291666666665,34.0,19.532010190339253,577.1733276910539,25.0,37G5
15.993750000000006,54.42291666666665,28.0,17.73302703220563,582.0768082879162,25.0,37G5
16.07708333333332,54.42291666666665,27.0,14.084872029702703,586.9800507786026,25.0,37G6
16.160416666666663,54.42291666666665,23.0,10.978173852368135,591.1729361904165,25.0,37G6
10.243750000000006,54.47291666666666,19.0,3.726130568681868,434.4024312115555,22.0,37G0
10.32708333333332,54.47291666666666,18.0,4.634430940461517,432.02592417596094,22.0,37G0
10.410416666666665,54.47291666666666,18.0,5.650832464800947,430.3889355445214,22.0,37G0
10.493750000000006,54.47291666666666,13.0,8.609590493680638,429.6675447523694,22.0,37G0
10.57708333333332,54.47291666666666,16.0,10.69672814163485,429.6675447523694,22.0,37G0
10.660416666666665,54.47291666666666,19.0,12.710303927792888,429.6675447523694,22.0,37G0
10.743750000000006,54.47291666666666,15.0,15.473512836094043,429.6675447523694,22.0,37G0
10.82708333333332,54.47291666666666,13.0,11.650788593123268,429.6675447523694,22.0,37G0
10.910416666666665,54.47291666666666,10.0,7.037817314662836,429.6675447523694,22.0,37G0
11.32708333333332,54.47291666666666,18.0,4.445313339581666,429.6675447523694,22.0,37G1
11.410416666666665,54.47291666666666,27.0,8.62560725188931,430.0040810107386,22.0,37G1
11.493750000000006,54.47291666666666,26.0,13.738310055856164,432.3910811133485,22.0,37G1
11.57708333333332,54.47291666666666,25.0,14.112333676576544,435.1148068377544,22.0,37G1
11.660416666666665,54.47291666666666,22.0,15.684681571148705,438.1428292465281,22.0,37G1
11.743750000000006,54.47291666666666,20.0,13.002988962785762,441.8134156892025,22.0,37G1
11.82708333333332,54.47291666666666,18.0,10.479240429765062,446.3426370826983,22.0,37G1
11.910416666666665,54.47291666666666,18.0,10.479240429765062,449.96181372879175,22.0,37G1
11.993750000000006,54.47291666666666,18.0,10.322705898928556,454.4987375809308,22.0,37G1
12.07708333333332,54.47291666666666,14.0,12.518150038215657,456.5295204452038,24.0,37G2
12.160416666666665,54.47291666666666,12.0,15.826661931452076,456.5295204452038,24.0,37G2
12.243750000000006,54.47291666666666,27.0,15.237141059851988,456.5295204452038,24.0,37G2
12.32708333333332,54.47291666666666,14.0,10.3832717962405,457.1869037769009,24.0,37G2
13.743750000000006,54.47291666666666,17.0,7.309448868949842,474.581484232656,24.0,37G3
13.82708333333332,54.47291666666666,17.0,11.659871394871876,477.0684109853365,24.0,37G3
13.910416666666665,54.47291666666666,17.0,15.9145302898449,479.4935658357635,24.0,37G3
13.993750000000006,54.47291666666666,16.0,20.78701978085088,482.2872824856876,24.0,37G3
14.07708333333332,54.47291666666666,16.0,25.083952734948326,485.5640810107386,24.0,37G4
14.160416666666665,54.47291666666666,15.0,29.14151570878141,488.3921169734706,24.0,37G4
14.243750000000006,54.47291666666666,14.0,32.71010718741138,491.9010733531219,24.0,37G4
14.32708333333332,54.47291666666666,12.0,36.619658094859,495.2613292576685,24.0,37G4
14.410416666666665,54.47291666666666,12.0,40.305291340899096,498.561051464436,24.0,37G4
14.493750000000006,54.47291666666666,12.0,44.88883861180326,503.0909748803626,24.0,37G4
14.57708333333332,54.47291666666666,13.0,49.69722162097951,507.34944886894993,24.0,37G4
14.660416666666665,54.47291666666666,15.0,48.90124350381228,511.0012001672921,24.0,37G4
14.743750000000006,54.47291666666666,20.0,46.74378932288206,515.2583164405964,24.0,37G4
14.82708333333332,54.47291666666666,22.0,44.46906501711168,519.5146207818942,24.0,37G4
14.910416666666665,54.47291666666666,25.0,43.02361071273801,523.4630378806495,24.0,37G4
14.993750000000006,54.47291666666666,29.0,41.00938588449366,527.7105698919488,24.0,37G4
15.07708333333332,54.47291666666666,30.0,38.689112247246136,531.9649922920787,25.0,37G5
15.160416666666665,54.47291666666666,32.0,37.23335428694019,535.601051464436,25.0,37G5
15.243750000000006,54.47291666666666,36.0,35.97004888446228,540.1309748803626,25.0,37G5
15.32708333333332,54.47291666666666,43.0,34.76141489810004,544.3894488689498,25.0,37G5
15.410416666666665,54.47291666666666,44.0,33.644606629019364,548.0412001672919,25.0,37G5
15.493750000000006,54.47291666666666,50.0,32.17456565010134,552.2983164405964,25.0,37G5
15.57708333333332,54.47291666666666,52.0,30.581748950959128,556.5546207818942,25.0,37G5
15.660416666666665,54.47291666666666,52.0,28.58431016917078,560.5030378806493,25.0,37G5
15.743750000000006,54.47291666666666,51.0,26.749950104230205,565.2259614338427,25.0,37G5
15.82708333333332,54.47291666666666,48.0,25.85149603390501,570.055155547047,25.0,37G5
15.910416666666665,54.47291666666666,42.0,24.955121703279183,574.2135055742013,25.0,37G5
15.993750000000006,54.47291666666666,39.0,22.016535528423432,579.3088701224763,25.0,37G5
16.07708333333332,54.47291666666666,30.0,18.197523423592667,584.1387375809308,25.0,37G6
16.160416666666663,54.47291666666666,27.0,14.062491394686951,588.5751555470454,25.0,37G6
18.82708333333332,54.47291666666666,30.0,11.618043510866938,754.8458033038551,26.0,37G8
18.910416666666663,54.47291666666666,60.0,13.201448508798304,758.9712015448952,26.0,37G8
18.99375000000001,54.47291666666666,65.0,13.201448508798304,764.2230378806494,26.0,37G8
19.07708333333332,54.47291666666666,68.0,13.997155258355765,768.9459614338427,26.0,37G9
19.160416666666663,54.47291666666666,68.0,13.854659213236,773.5405677840372,26.0,37G9
19.24375000000001,54.47291666666666,67.0,12.710303927792854,779.4558065306175,26.0,37G9
19.32708333333332,54.47291666666666,66.0,11.291739658331924,784.5625543967759,26.0,37G9
10.07708333333332,54.522916666666674,21.0,4.634430940464346,435.2247972288473,22.0,38G0
10.160416666666665,54.522916666666674,14.0,4.7042243883215,432.6603046487873,22.0,38G0
10.243750000000006,54.522916666666674,11.0,7.929175457433181,429.6462566359361,22.0,38G0
10.32708333333332,54.522916666666674,10.0,10.195748069017318,426.80492236013305,22.0,38G0
10.410416666666665,54.522916666666674,15.0,10.695534522974173,425.050834172153,22.0,38G0
10.493750000000006,54.522916666666674,17.0,13.2884239960959,423.38129152324336,22.0,38G0
10.57708333333332,54.522916666666674,16.0,16.08536687779625,423.1970651975703,22.0,38G0
10.660416666666665,54.522916666666674,20.0,17.709379264513792,423.1970651975703,22.0,38G0
10.743750000000006,54.522916666666674,17.0,18.901220731162343,423.1970651975703,22.0,38G0
10.82708333333332,54.522916666666674,18.0,13.437509825764636,423.1970651975703,22.0,38G0
10.910416666666665,54.522916666666674,13.0,8.883146001065727,423.1970651975703,22.0,38G0
10.993750000000006,54.522916666666674,8.0,4.034577547463684,423.1970651975703,22.0,38G0
11.32708333333332,54.522916666666674,29.0,6.758435160399468,423.3812915232437,22.0,38G1
11.410416666666665,54.522916666666674,28.0,10.071467546589352,424.7848015199476,22.0,38G1
11.493750000000006,54.522916666666674,22.0,8.341975692830871,427.1888603680062,22.0,38G1
11.57708333333332,54.522916666666674,15.0,8.685494000323823,430.8589704209569,22.0,38G1
11.660416666666665,54.522916666666674,10.0,11.055848072830258,433.8842470566663,22.0,38G1
11.743750000000006,54.522916666666674,7.0,9.301760638564998,438.1349094151008,22.0,38G1
11.82708333333332,54.522916666666674,7.0,5.227999963565004,442.50385305536776,22.0,38G1
11.910416666666665,54.522916666666674,8.0,5.227999963565004,446.937612587494,22.0,38G1
11.993750000000006,54.522916666666674,8.0,4.907111455087055,450.968203316648,22.0,38G1
12.07708333333332,54.522916666666674,10.0,8.611866316479794,450.968203316648,24.0,38G2
12.160416666666665,54.522916666666674,17.0,12.954871820170847,450.968203316648,24.0,38G2
12.243750000000006,54.522916666666674,24.0,17.404411746568112,450.968203316648,24.0,38G2
12.32708333333332,54.522916666666674,20.0,12.3406617653169,452.0683957334012,24.0,38G2
12.410416666666665,54.522916666666674,15.0,8.52352434549856,453.7447972288472,24.0,38G2
12.57708333333332,54.522916666666674,9.0,6.872116973470535,459.92999272344434,24.0,38G2
12.660416666666665,54.522916666666674,13.0,8.496928343071863,460.2370651975703,24.0,38G2
12.743750000000006,54.522916666666674,13.0,9.268861880925156,460.2370651975703,24.0,38G2
12.82708333333332,54.522916666666674,12.0,9.268861880925156,460.2370651975703,24.0,38G2
12.910416666666665,54.522916666666674,8.0,9.268861880925156,460.2370651975703,24.0,38G2
13.82708333333332,54.522916666666674,20.0,9.726262062526642,472.2647972288472,24.0,38G3
13.910416666666665,54.522916666666674,19.0,14.552539072824318,474.6527313436399,24.0,38G3
13.993750000000006,54.522916666666674,17.0,20.192098061496782,477.4958399418814,24.0,38G3
14.07708333333332,54.522916666666674,18.0,25.835259581285644,480.9033155788015,24.0,38G4
14.160416666666665,54.522916666666674,18.0,30.67361045882537,483.9776125874939,24.0,38G4
14.243750000000006,54.522916666666674,18.0,36.31922618863663,487.5847411592428,24.0,38G4
14.32708333333332,54.522916666666674,17.0,40.612916155667065,491.2545538416552,24.0,38G4
14.410416666666665,54.522916666666674,14.0,43.96111739988538,494.9149387167641,24.0,38G4
14.493750000000006,54.522916666666674,14.0,48.19330085439052,499.16719254062144,24.0,38G4
14.57708333333332,54.522916666666674,18.0,52.69577577277137,503.7262566359373,24.0,38G4
14.660416666666665,54.522916666666674,21.0,54.00563960954788,507.34410205493833,24.0,38G4
14.743750000000006,54.522916666666674,24.0,51.76186177711076,511.6002552220854,24.0,38G4
14.82708333333332,54.522916666666674,30.0,49.71980978566518,515.8553263815188,24.0,38G4
14.910416666666665,54.522916666666674,35.0,48.22641517457767,519.5013574633098,24.0,38G4
14.993750000000006,54.522916666666674,39.0,46.023832171327214,524.0381762003414,24.0,38G4
15.07708333333332,54.522916666666674,37.0,43.92733510227896,528.2945538416551,25.0,38G5
15.160416666666665,54.522916666666674,33.0,42.65232659998979,531.954938716764,25.0,38G5
15.243750000000006,54.522916666666674,36.0,41.43024777541439,536.2071925406216,25.0,38G5
15.32708333333332,54.522916666666674,41.0,40.25783485132834,540.7662566359372,25.0,38G5
15.410416666666665,54.522916666666674,54.0,39.016449364894,544.3841020549381,25.0,38G5
15.493750000000006,54.522916666666674,53.0,37.6377431603184,548.6402552220854,25.0,38G5
15.57708333333332,54.522916666666674,55.0,35.565220303636885,553.124134711165,25.0,38G5
15.660416666666665,54.522916666666674,57.0,33.773599163953804,557.4609237433718,25.0,38G5
15.743750000000006,54.522916666666674,56.0,32.17297656659139,562.3545805054225,25.0,38G5
15.82708333333332,54.522916666666674,53.0,31.26549264438428,567.2500214604179,25.0,38G5
15.910416666666665,54.522916666666674,49.0,29.944768370455662,571.498291493242,25.0,38G5
15.993750000000006,54.522916666666674,44.0,25.87303709502929,576.7118981592247,25.0,38G5
16.07708333333332,54.522916666666674,39.0,21.19349731984697,581.8943093249547,25.0,38G6
16.160416666666663,54.522916666666674,32.0,17.10400415055693,586.3251516815617,25.0,38G6
16.243750000000006,54.522916666666674,26.0,12.597718037455769,591.5030214321141,25.0,38G6
18.910416666666663,54.522916666666674,64.0,10.07146754658941,756.3444591411353,26.0,38G8
18.99375000000001,54.522916666666674,67.0,14.03467525411238,761.9118981592246,26.0,38G8
19.07708333333332,54.522916666666674,71.0,18.87329762914004,767.4413964864476,26.0,38G9
19.160416666666663,54.522916666666674,73.0,19.162016135104345,771.974111923515,26.0,38G9
19.24375000000001,54.522916666666674,74.0,18.068826510169387,777.0524519573926,26.0,38G9
19.32708333333332,54.522916666666674,73.0,16.486553044799855,782.0995170786844,26.0,38G9
19.410416666666663,54.522916666666674,71.0,14.49749407602904,786.3575358693354,26.0,38G9
19.49375000000001,54.522916666666674,65.0,11.611174022907768,791.1534928973045,26.0,38G9
10.07708333333332,54.57291666666666,18.0,4.029635807306153,430.85490203792017,22.0,38G0
10.160416666666665,54.57291666666666,21.0,8.865197655389617,427.98131764954695,22.0,38G0
10.243750000000006,54.57291666666666,18.0,12.067142080641622,424.7104574770483,22.0,38G0
10.32708333333332,54.57291666666666,14.0,15.722713143784311,421.92576096478695,22.0,38G0
10.410416666666665,54.57291666666666,18.0,16.084573386161825,419.9084114687877,22.0,38G0
10.493750000000006,54.57291666666666,18.0,18.087283848433707,417.9178716501254,22.0,38G0
10.57708333333332,54.57291666666666,18.0,18.187124378397872,417.6357480690173,22.0,38G0
10.660416666666665,54.57291666666666,21.0,16.857591016205852,417.6357480690173,22.0,38G0
10.743750000000006,54.57291666666666,23.0,16.991417308351902,417.6357480690173,22.0,38G0
10.82708333333332,54.57291666666666,21.0,15.544459141135164,417.6357480690173,22.0,38G0
10.910416666666665,54.57291666666666,15.0,11.161254809335446,417.6357480690173,22.0,38G0
10.993750000000006,54.57291666666666,14.0,6.869215997511137,417.6357480690173,22.0,38G0
11.07708333333332,54.57291666666666,19.0,5.7904670953813655,417.6357480690173,22.0,38G1
11.160416666666665,54.57291666666666,27.0,6.5381366050024425,417.6357480690173,22.0,38G1
11.243750000000006,54.57291666666666,28.0,8.094004427460911,417.6357480690173,22.0,38G1
11.32708333333332,54.57291666666666,26.0,8.437710015762768,417.9178716501258,22.0,38G1
11.410416666666665,54.57291666666666,16.0,5.789916658381847,419.5659337446355,22.0,38G1
11.57708333333332,54.57291666666666,5.0,3.6843104788896017,426.38908978491656,22.0,38G1
11.660416666666665,54.57291666666666,6.0,7.458686769277046,430.2165226182392,22.0,38G1
11.743750000000006,54.57291666666666,5.0,8.113214123112558,434.8281795182119,22.0,38G1
12.07708333333332,54.57291666666666,12.0,7.253343918280328,444.49772376185103,24.0,38G2
12.160416666666665,54.57291666666666,18.0,12.088904238159325,444.49772376185103,24.0,38G2
12.243750000000006,54.57291666666666,18.0,17.730386835611014,444.9288882791953,24.0,38G2
12.32708333333332,54.57291666666666,21.0,15.853415689201158,446.9363151411876,24.0,38G2
12.410416666666665,54.57291666666666,16.0,12.860175909042333,448.9056947793651,24.0,38G2
12.493750000000006,54.57291666666666,15.0,11.15186551014957,452.1161968201156,24.0,38G2
12.57708333333332,54.57291666666666,15.0,11.831769954921905,454.67574806901735,24.0,38G2
12.660416666666665,54.57291666666666,16.0,13.99669923578091,454.67574806901735,24.0,38G2
12.743750000000006,54.57291666666666,16.0,14.830179009478126,454.67574806901735,24.0,38G2
12.82708333333332,54.57291666666666,11.0,14.830179009478126,454.67574806901735,24.0,38G2
12.910416666666665,54.57291666666666,10.0,12.408194736798889,454.67574806901735,24.0,38G2
12.993750000000006,54.57291666666666,9.0,7.023299933896364,454.67574806901735,24.0,38G2
13.82708333333332,54.57291666666666,21.0,9.716423608762092,467.4256947793661,24.0,38G3
13.910416666666665,54.57291666666666,19.0,14.537743984109923,469.8663155493572,24.0,38G3
13.993750000000006,54.57291666666666,20.0,20.171529203914726,473.0675908509323,24.0,38G3
14.07708333333332,54.57291666666666,20.0,25.808920617519465,476.50437661963,24.0,38G4
14.160416666666665,54.57291666666666,20.0,30.642327076711155,479.48187273777216,24.0,38G4
14.243750000000006,54.57291666666666,22.0,36.28217521921415,483.3792098590707,24.0,38G4
14.32708333333332,54.57291666666666,22.0,41.922596091353626,487.6117510771481,24.0,38G4
14.410416666666665,54.57291666666666,24.0,46.75753577986096,491.2479219785107,24.0,38G4
14.493750000000006,54.57291666666666,25.0,51.88483834480261,495.5005542000824,24.0,38G4
14.57708333333332,54.57291666666666,25.0,53.86459335633531,499.7519099869828,24.0,38G4
14.660416666666665,54.57291666666666,30.0,51.8959784197929,503.7243104788885,24.0,38G4
14.743750000000006,54.57291666666666,39.0,50.08758900847333,507.95931856861046,24.0,38G4
14.82708333333332,54.57291666666666,42.0,48.53950809304457,512.2069892238447,24.0,38G4
14.910416666666665,54.57291666666666,44.0,47.332524466823656,515.8439895718091,24.0,38G4
14.993750000000006,54.57291666666666,47.0,46.51738058002949,520.4192098590706,24.0,38G4
15.07708333333332,54.57291666666666,48.0,46.34430940462507,524.6517510771481,25.0,38G5
15.160416666666665,54.57291666666666,49.0,46.59332822798849,528.2879219785106,25.0,38G5
15.243750000000006,54.57291666666666,49.0,46.81154929876769,532.5405542000824,25.0,38G5
15.32708333333332,54.57291666666666,53.0,45.687014325618286,536.7919099869827,25.0,38G5
15.410416666666665,54.57291666666666,59.0,44.332917534373735,540.7643104788885,25.0,38G5
15.493750000000006,54.57291666666666,60.0,43.01733275764446,545.5915468010177,25.0,38G5
15.57708333333332,54.57291666666666,61.0,40.69868314041931,550.380020317486,25.0,38G5
15.660416666666665,54.57291666666666,58.0,39.01184360647428,554.5050672759801,25.0,38G5
15.743750000000006,54.57291666666666,56.0,37.63638514374112,559.734460387718,25.0,38G5
15.82708333333332,54.57291666666666,55.0,36.72354406055759,564.8884649490719,25.0,38G5
15.910416666666665,54.57291666666666,54.0,33.659081119980826,569.2961526744671,25.0,38G5
15.993750000000006,54.57291666666666,48.0,28.894309001576808,574.4546733399028,25.0,38G5
16.07708333333332,54.57291666666666,41.0,24.353100969332285,579.6967720953924,25.0,38G6
16.160416666666663,54.57291666666666,38.0,20.26950540140632,584.1194661550395,25.0,38G6
16.243750000000006,54.57291666666666,32.0,15.824772761964043,589.2705382876525,25.0,38G6
16.32708333333332,54.57291666666666,28.0,11.563035680935712,594.4992098590707,25.0,38G6
18.99375000000001,54.57291666666666,73.0,11.617209449300177,760.081165600107,26.0,38G8
19.07708333333332,54.57291666666666,77.0,17.146245574382256,765.2571597473483,26.0,38G9
19.160416666666663,54.57291666666666,78.0,21.93033922276508,769.3194661550395,26.0,38G9
19.24375000000001,54.57291666666666,79.0,23.52168457089305,774.1856707303557,26.0,38G9
19.32708333333332,54.57291666666666,79.0,21.64856988359799,779.4518543674956,26.0,38G9
19.410416666666663,54.57291666666666,78.0,19.3915680393194,783.7771597473484,26.0,38G9
19.49375000000001,54.57291666666666,73.0,15.8247727619642,788.9496671751624,26.0,38G9
19.57708333333332,54.57291666666666,63.0,11.563035680935712,794.1213729204101,26.0,38G9
10.07708333333332,54.62291666666667,15.0,3.2197528369312054,426.0548092296027,22.0,38G0
10.160416666666665,54.62291666666667,22.0,8.049381200862372,423.1422662400023,22.0,38G0
10.243750000000006,54.62291666666667,20.0,13.683944631617036,420.2521085091458,22.0,38G0
10.32708333333332,54.62291666666667,21.0,19.318502758157408,417.0769529653476,22.0,38G0
10.410416666666665,54.62291666666667,19.0,21.399791624684955,414.6821490430472,22.0,38G0
10.493750000000006,54.62291666666667,18.0,17.005115326870175,412.6652566117022,22.0,38G0
10.57708333333332,54.62291666666667,18.0,13.26898252048244,412.0744309404616,22.0,38G0
10.660416666666665,54.62291666666667,23.0,11.3811239906746,412.0744309404616,22.0,38G0
10.743750000000006,54.62291666666667,21.0,11.578182457708378,412.0744309404616,22.0,38G0
10.82708333333332,54.62291666666667,21.0,14.054646490427228,412.0744309404616,22.0,38G0
10.910416666666665,54.62291666666667,26.0,14.739181656752145,412.0744309404616,22.0,38G0
10.993750000000006,54.62291666666667,19.0,11.83008575619743,412.0744309404616,22.0,38G0
11.07708333333332,54.62291666666667,24.0,11.238819455358827,412.0744309404616,22.0,38G1
11.160416666666665,54.62291666666667,24.0,10.959694586031285,412.0744309404616,22.0,38G1
11.243750000000006,54.62291666666667,21.0,7.293406386363521,412.0744309404616,22.0,38G1
11.32708333333332,54.62291666666667,13.0,3.212813634721569,412.665256611703,22.0,38G1
11.743750000000006,54.62291666666667,3.0,3.682364474770669,432.4652172848385,22.0,38G1
12.07708333333332,54.62291666666667,10.0,7.47930002198873,438.9364066332952,24.0,38G2
12.160416666666665,54.62291666666667,19.0,12.217992969421202,438.9364066332952,24.0,38G2
12.243750000000006,54.62291666666667,17.0,17.809000472657644,439.5445056416995,24.0,38G2
12.32708333333332,54.62291666666667,19.0,20.144863110404,441.63233790691527,24.0,38G2
12.410416666666665,54.62291666666667,16.0,17.88782425996386,444.1004110990809,24.0,38G2
12.493750000000006,54.62291666666667,17.0,16.70342919298652,447.6928136347225,24.0,38G2
12.57708333333332,54.62291666666667,17.0,17.16426686344804,449.1144309404616,24.0,38G2
12.660416666666665,54.62291666666667,18.0,18.89555709313717,449.1144309404616,24.0,38G2
12.743750000000006,54.62291666666667,16.0,20.39149613803393,449.1144309404616,24.0,38G2
12.82708333333332,54.62291666666667,11.0,18.099678367656427,449.1144309404616,24.0,38G2
12.910416666666665,54.62291666666667,16.0,13.407110035895116,449.1144309404616,24.0,38G2
12.993750000000006,54.62291666666667,13.0,8.140690421743352,449.1144309404616,24.0,38G2
13.743750000000006,54.62291666666667,28.0,7.367647290331125,459.74413358117823,24.0,38G3
13.82708333333332,54.62291666666667,24.0,11.641811366591138,462.5468456585057,24.0,38G3
13.910416666666665,54.62291666666667,22.0,15.884753986316918,465.45501779648856,24.0,38G3
13.993750000000006,54.62291666666667,24.0,21.15727008372287,468.64217505159553,24.0,38G3
14.07708333333332,54.62291666666667,22.0,26.58047844655053,472.1380817991282,24.0,38G4
14.160416666666665,54.62291666666667,25.0,31.28959707856844,475.1590686962009,24.0,38G4
14.243750000000006,54.62291666666667,27.0,36.82417427989943,479.4054159266985,24.0,38G4
14.32708333333332,54.62291666666667,30.0,42.38615834054101,483.9750177964887,24.0,38G4
14.410416666666665,54.62291666666667,30.0,47.16803405415406,487.6070429418307,24.0,38G4
14.493750000000006,54.62291666666667,30.0,51.13986690073681,491.8542341738065,24.0,38G4
14.57708333333332,54.62291666666667,37.0,48.94407160698407,496.10234988653855,24.0,38G4
14.660416666666665,54.62291666666667,44.0,46.77153217980667,499.73928769738825,24.0,38G4
14.743750000000006,54.62291666666667,46.0,44.75909865271004,504.2935278680908,24.0,38G4
14.82708333333332,54.62291666666667,48.0,43.19183868866524,508.5455571575518,24.0,38G4
14.910416666666665,54.62291666666667,48.0,41.90121163155145,512.199068696201,24.0,38G4
14.993750000000006,54.62291666666667,48.0,40.97931657769736,516.4454159266986,24.0,38G4
15.07708333333332,54.62291666666667,53.0,40.78299227606927,521.0150177964887,25.0,38G5
15.160416666666665,54.62291666666667,56.0,41.06540192063285,524.6470429418305,25.0,38G5
15.243750000000006,54.62291666666667,56.0,42.09232058382605,528.8942341738065,25.0,38G5
15.32708333333332,54.62291666666667,58.0,43.8187523194699,533.4119528078587,25.0,38G5
15.410416666666665,54.62291666666667,60.0,45.796242734984936,537.6004582511353,25.0,38G5
15.493750000000006,54.62291666666667,62.0,48.02745793441312,542.6516285488887,25.0,38G5
15.57708333333332,54.62291666666667,62.0,45.89462451821043,547.7890438978058,25.0,38G5
15.660416666666665,54.62291666666667,61.0,44.32886535499346,552.2153418382957,25.0,38G5
15.743750000000006,54.62291666666667,59.0,43.12483074957917,557.4574954335092,25.0,38G5
15.82708333333332,54.62291666666667,55.0,40.72003783453056,562.6124037175771,25.0,38G5
15.910416666666665,54.62291666666667,53.0,36.683181862233006,567.039630855298,25.0,38G5
15.993750000000006,54.62291666666667,51.0,32.095384981302416,572.2030788350718,25.0,38G5
16.07708333333332,54.62291666666667,45.0,27.43048445802496,577.4701944416707,25.0,38G6
16.160416666666663,54.62291666666667,40.0,23.72703145313813,581.8776908133666,25.0,38G6
16.243750000000006,54.62291666666667,36.0,19.465778681985483,587.0471721600848,25.0,38G6
16.32708333333332,54.62291666666667,34.0,15.280098159897378,592.2148009623447,25.0,38G6
16.410416666666663,54.62291666666667,28.0,12.281571936796569,596.769641341296,25.0,38G6
18.99375000000001,54.62291666666667,79.0,11.269132254865982,757.3160061217395,26.0,38G8
19.07708333333332,54.62291666666667,82.0,16.90369292208116,762.3639140513787,26.0,38G9
19.160416666666663,54.62291666666667,84.0,21.733311218829886,766.7482660174329,26.0,38G9
19.24375000000001,54.62291666666667,84.0,27.36785797917968,771.8804730402223,26.0,38G9
19.32708333333332,54.62291666666667,85.0,26.61640156363765,777.0323879859236,26.0,38G9
19.410416666666663,54.62291666666667,83.0,23.72703145313813,781.5547049853566,26.0,38G9
19.49375000000001,54.62291666666667,81.0,19.46577868198564,786.8845187092008,26.0,38G9
19.57708333333332,54.62291666666667,69.0,15.206335822802288,792.2807923021679,26.0,38G9
19.660416666666663,54.62291666666667,40.0,11.15097014518831,796.9156124722635,26.0,38G9
10.07708333333332,54.67291666666665,9.0,3.215794537830022,422.0116516942794,22.0,38G0
10.160416666666665,54.67291666666665,23.0,8.039485453102278,418.71795271439385,22.0,38G0
10.243750000000006,54.67291666666665,21.0,13.667121860397568,415.52133063618845,22.0,38G0
10.32708333333332,54.67291666666665,22.0,17.604190156935104,412.3470085343682,22.0,38G0
10.410416666666665,54.67291666666665,20.0,16.7032385588691,409.8937205575221,22.0,38G0
10.493750000000006,54.67291666666665,22.0,13.686225460012986,407.4048145753653,22.0,38G0
10.57708333333332,54.67291666666665,21.0,9.12232267556971,405.77674151056624,22.0,38G0
10.660416666666665,54.67291666666665,19.0,6.061195028649197,405.77674151056624,22.0,38G0
10.743750000000006,54.67291666666665,24.0,6.423149311112663,405.77674151056624,22.0,38G0
10.82708333333332,54.67291666666665,21.0,9.714656802517691,405.6039513856646,22.0,38G0
10.910416666666665,54.67291666666665,20.0,12.050941902824333,405.6039513856646,22.0,38G0
10.993750000000006,54.67291666666665,15.0,9.258349799631269,405.6039513856646,22.0,38G0
11.07708333333332,54.67291666666665,15.0,7.458473330341595,405.6809669136323,22.0,38G1
11.160416666666665,54.67291666666665,18.0,6.061195028649197,405.6809669136323,22.0,38G1
11.243750000000006,54.67291666666665,9.0,3.711274969860463,405.77674151056624,22.0,38G1
12.07708333333332,54.67291666666665,12.0,7.288057561436735,433.3750895047423,24.0,38G2
12.160416666666665,54.67291666666665,17.0,10.93209682959092,433.3750895047423,24.0,38G2
12.243750000000006,54.67291666666665,18.0,15.539209589222269,434.3929919211577,24.0,38G2
12.32708333333332,54.67291666666665,18.0,20.026048388459163,436.8005313974632,24.0,38G2
12.410416666666665,54.67291666666665,18.0,23.16076130656404,439.6781300058882,24.0,38G2
12.493750000000006,54.67291666666665,18.0,22.25986265301288,442.6439513856646,24.0,38G2
12.57708333333332,54.67291666666665,18.0,22.607295764361005,442.6439513856646,24.0,38G2
12.660416666666665,54.67291666666665,19.0,23.94667300183072,442.6439513856646,24.0,38G2
12.743750000000006,54.67291666666665,18.0,25.111592791464027,442.6439513856646,24.0,38G2
12.82708333333332,54.67291666666665,13.0,19.984456915282376,442.6439513856646,24.0,38G2
12.910416666666665,54.67291666666665,16.0,15.865449195976009,442.6439513856646,24.0,38G2
12.993750000000006,54.67291666666665,18.0,11.54635132171631,442.6439513856646,24.0,38G2
13.07708333333332,54.67291666666665,19.0,8.083431174971947,442.6439513856646,24.0,38G3
13.57708333333332,54.67291666666665,29.0,9.647381983370028,449.70388565000655,24.0,38G3
13.660416666666665,54.67291666666665,33.0,10.22746647802954,452.1109829154393,24.0,38G3
13.743750000000006,54.67291666666665,33.0,12.058687807292271,454.9266280095537,24.0,38G3
13.82708333333332,54.67291666666665,30.0,15.271285749652796,457.74412510698056,24.0,38G3
13.910416666666665,54.67291666666665,28.0,18.845721206359325,460.6414227815825,24.0,38G3
13.993750000000006,54.67291666666665,24.0,23.456893540997346,464.0976421342589,24.0,38G3
14.07708333333332,54.67291666666665,25.0,28.43939950236912,467.8867625422433,24.0,38G4
14.160416666666665,54.67291666666665,29.0,32.878284353842574,471.49956695598985,24.0,38G4
14.243750000000006,54.67291666666665,31.0,38.177208024469074,475.7471011899952,24.0,38G4
14.32708333333332,54.67291666666665,23.0,43.5605828599824,479.9931343706371,24.0,38G4
14.410416666666665,54.67291666666665,30.0,48.22069169503169,483.9737205575221,24.0,38G4
14.493750000000006,54.67291666666665,33.0,46.12766001073327,488.2074563964011,24.0,38G4
14.57708333333332,54.67291666666665,43.0,43.81150128920135,492.4520968295911,24.0,38G4
14.660416666666665,54.67291666666665,49.0,41.759025123198285,496.0916516942808,24.0,38G4
14.743750000000006,54.67291666666665,51.0,39.49485605560347,500.33605394582,24.0,38G4
14.82708333333332,54.67291666666665,52.0,37.8468565319845,504.92676254224347,24.0,38G4
14.910416666666665,54.67291666666665,53.0,36.509062571821055,508.5395669559899,24.0,38G4
14.993750000000006,54.67291666666665,55.0,35.44853405510528,512.7871011899953,24.0,38G4
15.07708333333332,54.67291666666665,57.0,35.2216751475163,517.0331343706372,25.0,38G5
15.160416666666665,54.67291666666665,60.0,35.547893316267334,521.0137205575221,25.0,38G5
15.243750000000006,54.67291666666665,58.0,36.72797032363518,525.8480575614369,25.0,38G5
15.32708333333332,54.67291666666665,59.0,38.69212850926488,530.7267264500031,25.0,38G5
15.410416666666665,54.67291666666665,64.0,40.91546691936732,535.1457673636294,25.0,38G5
15.493750000000006,54.67291666666665,65.0,44.03323292315005,540.4263906336495,25.0,38G5
15.57708333333332,54.67291666666665,65.0,47.60904084544288,545.5844455215836,25.0,38G5
15.660416666666665,54.67291666666665,64.0,49.699387186785685,549.9933127357922,25.0,38G5
15.743750000000006,54.67291666666665,61.0,48.45562536393054,555.1553962770804,25.0,38G5
15.82708333333332,54.67291666666665,57.0,43.87126482323973,560.4867625422434,25.0,38G5
15.910416666666665,54.67291666666665,54.0,39.83315550646299,564.8676982539554,25.0,38G5
15.993750000000006,54.67291666666665,51.0,35.294304671869575,569.9986210982105,25.0,38G5
16.07708333333332,54.67291666666665,46.0,31.013392135382684,575.140614164706,25.0,38G6
16.160416666666663,54.67291666666665,44.0,27.36356481703679,579.6864833916692,25.0,38G6
16.243750000000006,54.67291666666665,40.0,23.19141478075411,584.8183370326674,25.0,38G6
16.32708333333332,54.67291666666665,37.0,19.645315809575514,589.9695345696526,25.0,38G6
16.410416666666663,54.67291666666665,33.0,16.875415136831737,594.4957804704234,25.0,38G6
16.493750000000006,54.67291666666665,28.0,14.48693363737459,599.6451357011631,25.0,38G6
16.57708333333332,54.67291666666665,26.0,12.981563469022849,604.8067264500031,25.0,38G6
16.660416666666663,54.67291666666665,26.0,12.049520445200226,609.2257673636293,25.0,38G6
16.743750000000006,54.67291666666665,25.0,10.96120771048174,614.8712749698619,25.0,38G6
18.99375000000001,54.67291666666665,85.0,12.56047304022232,754.8066314766198,26.0,38G8
19.07708333333332,54.67291666666665,88.0,17.7851579132251,759.9649374880003,26.0,38G9
19.160416666666663,54.67291666666665,90.0,22.42062538656992,764.4867129804693,26.0,38G9
19.24375000000001,54.67291666666665,91.0,27.910700225672933,769.651575806268,26.0,38G9
19.32708333333332,54.67291666666665,92.0,31.01339213538253,775.0324308564087,26.0,38G9
19.410416666666663,54.67291666666665,91.0,27.36356481703664,780.2518459256584,26.0,38G9
19.49375000000001,54.67291666666665,86.0,22.99271794481209,785.5893757977695,26.0,38G9
19.57708333333332,54.67291666666665,71.0,18.26582384263796,790.996421807062,26.0,38G9
19.660416666666663,54.67291666666665,34.0,14.589481295108143,795.6054140083199,26.0,38G9
10.07708333333332,54.72291666666666,16.0,4.906143769066628,416.7088618809259,22.0,38G0
10.160416666666665,54.72291666666666,23.0,8.84720944525147,414.7227080958906,22.0,38G0
10.243750000000006,54.72291666666666,25.0,14.15024666343889,411.118472950041,22.0,38G0
10.32708333333332,54.72291666666666,17.0,12.45902834574024,407.836823141964,22.0,38G0
10.410416666666665,54.72291666666666,14.0,11.15150858885606,404.9692003029885,22.0,38G0
10.493750000000006,54.72291666666666,19.0,11.823356822160562,402.21281146868046,22.0,38G0
10.57708333333332,54.72291666666666,19.0,6.4895403680872255,400.2998660626629,22.0,38G0
10.82708333333332,54.72291666666666,18.0,6.684534678720624,400.0426342571088,22.0,38G0
10.910416666666665,54.72291666666666,12.0,7.918271622861732,400.0426342571088,22.0,38G0
10.993750000000006,54.72291666666666,8.0,4.420836573607438,400.0426342571088,22.0,38G0
12.160416666666665,54.72291666666666,15.0,8.239185147898677,427.8137723761865,24.0,38G2
12.243750000000006,54.72291666666666,20.0,12.14322672579163,429.1708317291959,24.0,38G2
12.32708333333332,54.72291666666666,20.0,16.38358568073807,432.3811678598741,24.0,38G2
12.410416666666665,54.72291666666666,19.0,20.05986042265189,435.6680235281505,24.0,38G2
12.493750000000006,54.72291666666666,18.0,24.77802244969365,437.0826342571088,24.0,38G2
12.57708333333332,54.72291666666666,18.0,25.14095197450479,437.0826342571088,24.0,38G2
12.660416666666665,54.72291666666666,20.0,26.042868057140453,437.0826342571088,24.0,38G2
12.743750000000006,54.72291666666666,23.0,27.6395358482596,437.0826342571088,24.0,38G2
12.82708333333332,54.72291666666666,22.0,23.08711797349382,437.0826342571088,24.0,38G2
12.910416666666665,54.72291666666666,27.0,19.439249739590828,437.0826342571088,24.0,38G2
12.993750000000006,54.72291666666666,23.0,15.70431025955948,437.0826342571088,24.0,38G2
13.07708333333332,54.72291666666666,24.0,12.75159404726998,437.0826342571088,24.0,38G3
13.160416666666665,54.72291666666666,26.0,9.63546642171278,437.0826342571088,24.0,38G3
13.243750000000006,54.72291666666666,29.0,6.061195028649197,437.7833568221606,24.0,38G3
13.493750000000006,54.72291666666666,33.0,6.1329497705284535,442.4346670273805,24.0,38G3
13.57708333333332,54.72291666666666,39.0,10.696552151891934,444.8300595022521,24.0,38G3
13.660416666666665,54.72291666666666,40.0,15.185156427781903,447.3742022461693,24.0,38G3
13.743750000000006,54.72291666666666,39.0,17.020362462238754,450.117660887996,24.0,38G3
13.82708333333332,54.72291666666666,38.0,19.690571695247147,453.3205931214851,24.0,38G3
13.910416666666665,54.72291666666666,36.0,22.626683028401136,456.228553514674,24.0,38G3
13.993750000000006,54.72291666666666,27.0,26.73346071907909,459.7248503365845,24.0,38G3
14.07708333333332,54.72291666666666,26.0,31.19187734434452,463.888294620755,24.0,38G4
14.160416666666665,54.72291666666666,26.0,35.281444114643065,467.8826914498903,24.0,38G4
14.243750000000006,54.72291666666666,22.0,40.25958820056074,472.1152580006366,24.0,38G4
14.32708333333332,54.72291666666666,19.0,45.3907253052199,476.3547100585994,24.0,38G4
14.410416666666665,54.72291666666666,16.0,43.70613364434718,479.9811523494916,24.0,38G4
14.493750000000006,54.72291666666666,30.0,41.03746963897756,484.5592048972294,24.0,38G4
14.57708333333332,54.72291666666666,41.0,38.68391911932832,488.8027080958906,24.0,38G4
14.660416666666665,54.72291666666666,48.0,36.90409796387952,492.44482002185833,24.0,38G4
14.743750000000006,54.72291666666666,49.0,34.32443445464352,496.6869643879685,24.0,38G4
14.82708333333332,54.72291666666666,52.0,32.51404954198342,500.928294620755,24.0,38G4
14.910416666666665,54.72291666666666,54.0,31.17640475496609,504.9226914498904,24.0,38G4
14.993750000000006,54.72291666666666,50.0,29.929070056875457,509.1552580006366,24.0,38G4
15.07708333333332,54.72291666666666,58.0,29.660358018960498,513.713144836601,25.0,38G5
15.160416666666665,54.72291666666666,63.0,30.04654203607312,518.0959826827308,25.0,38G5
15.243750000000006,54.72291666666666,63.0,31.43215865751845,523.4426914498903,25.0,38G5
15.32708333333332,54.72291666666666,66.0,33.70363377314225,528.5305332846193,25.0,38G5
15.410416666666665,54.72291666666666,66.0,36.23135790796336,532.9444744201401,25.0,38G5
15.493750000000006,54.72291666666666,69.0,39.71441637382741,538.0809079378395,25.0,38G5
15.57708333333332,54.72291666666666,69.0,43.64087468360661,543.3493654371998,25.0,38G5
15.660416666666665,54.72291666666666,68.0,47.24730402837332,547.7676260254134,25.0,38G5
15.743750000000006,54.72291666666666,65.0,51.503905434600966,552.9132688466304,25.0,38G5
15.82708333333332,54.72291666666666,60.0,46.97029823505476,558.180814890693,25.0,38G5
15.910416666666665,54.72291666666666,55.0,43.170487590593126,562.5978646016036,25.0,38G5
15.993750000000006,54.72291666666666,50.0,38.90811080092943,567.7539067519181,25.0,38G5
16.07708333333332,54.72291666666666,46.0,34.64730707357662,572.9095981295668,25.0,38G6
16.160416666666663,54.72291666666666,43.0,31.09960537447193,577.4625848321782,25.0,38G6
16.243750000000006,54.72291666666666,41.0,27.45942621601834,582.6150870653311,25.0,38G6
16.32708333333332,54.72291666666666,37.0,24.116654243554944,587.7714529563739,25.0,38G6
16.410416666666663,54.72291666666666,39.0,21.922105880164164,592.1759826827309,25.0,38G6
16.493750000000006,54.72291666666666,34.0,19.6234618522268,597.5456157948427,25.0,38G6
16.57708333333332,54.72291666666666,33.0,18.260419721445103,603.1184595659267,25.0,38G6
16.660416666666663,54.72291666666666,32.0,17.610837573756026,607.8110085561385,25.0,38G6
16.743750000000006,54.72291666666666,30.0,16.26222502033206,613.5688753646072,25.0,38G6
16.82708333333332,54.72291666666666,28.0,14.483416050473542,618.9010569596396,25.0,38G6
16.910416666666663,54.72291666666666,22.0,10.93452235146036,623.5175688982006,25.0,38G6
18.910416666666663,54.72291666666666,87.0,11.041253340368794,747.4845346787189,26.0,38G8
18.99375000000001,54.72291666666666,91.0,15.207789949745951,752.6326402760035,26.0,38G8
19.07708333333332,54.72291666666666,94.0,19.965170017182448,758.0581300144686,26.0,38G9
19.160416666666663,54.72291666666666,96.0,24.33983523846714,763.0278438874152,26.0,38G9
19.24375000000001,54.72291666666666,99.0,29.51052083501614,768.3432025659457,26.0,38G9
19.32708333333332,54.72291666666666,99.0,34.64730707357662,773.8886957536317,26.0,38G9
19.410416666666663,54.72291666666666,98.0,30.67589090931229,778.5962971704901,26.0,38G9
19.49375000000001,54.72291666666666,92.0,26.130591548832776,784.2636671719904,26.0,38G9
19.57708333333332,54.72291666666666,78.0,21.015387294181053,789.6726402760034,26.0,38G9
19.660416666666663,54.72291666666666,43.0,16.699439859371115,794.3151454644872,26.0,38G9
19.74375000000001,54.72291666666666,28.0,11.833174960963698,800.0678438874152,26.0,38G9
10.07708333333332,54.772916666666674,17.0,7.453404792081595,411.14754475236936,22.0,38G0
10.160416666666665,54.772916666666674,25.0,12.151769589738608,411.1165274418051,22.0,38G0
10.243750000000006,54.772916666666674,26.0,10.917542867645723,406.50967637263074,22.0,38G0
10.32708333333332,54.772916666666674,24.0,7.625771859246768,402.9608938313035,22.0,38G0
10.410416666666665,54.772916666666674,17.0,5.618772583329809,400.4865246912309,22.0,38G0
10.493750000000006,54.772916666666674,22.0,6.8547192250966456,397.34827699047713,22.0,38G0
10.57708333333332,54.772916666666674,17.0,5.613773297391317,394.9788334134142,22.0,38G0
10.82708333333332,54.772916666666674,22.0,5.155619080382769,394.4813171285522,22.0,38G0
10.910416666666665,54.772916666666674,10.0,4.878619474758435,394.4813171285522,22.0,38G0
12.243750000000006,54.772916666666674,18.0,8.487584946950973,424.34056616927614,24.0,38G2
12.32708333333332,54.772916666666674,21.0,12.960429791080118,428.4111264132628,24.0,38G2
12.410416666666665,54.772916666666674,20.0,17.291221873195433,432.0329139802159,24.0,38G2
12.493750000000006,54.772916666666674,19.0,19.464609949939643,431.52131712855225,24.0,38G2
12.57708333333332,54.772916666666674,15.0,19.61209714308324,431.52131712855225,24.0,38G2
12.660416666666665,54.772916666666674,17.0,20.754297271060143,431.52131712855225,24.0,38G2
12.743750000000006,54.772916666666674,18.0,23.298180049610693,431.52131712855225,24.0,38G2
12.82708333333332,54.772916666666674,20.0,26.751211234899205,431.52131712855225,24.0,38G2
12.910416666666665,54.772916666666674,21.0,23.51353116691504,431.52131712855225,24.0,38G2
12.993750000000006,54.772916666666674,26.0,20.537501045302577,431.52131712855225,24.0,38G2
13.07708333333332,54.772916666666674,31.0,16.917488488290733,431.52131712855225,24.0,38G3
13.160416666666665,54.772916666666674,32.0,13.718130005888227,431.52131712855225,24.0,38G3
13.243750000000006,54.772916666666674,41.0,11.380494850269638,432.44820331664727,24.0,38G3
13.32708333333332,54.772916666666674,41.0,10.476390485044568,433.5462982153711,24.0,38G3
13.410416666666665,54.772916666666674,42.0,10.195748069017318,435.2140556185782,24.0,38G3
13.493750000000006,54.772916666666674,42.0,10.957577158972365,437.2318354612311,24.0,38G3
13.57708333333332,54.772916666666674,43.0,14.027719276149456,440.0008938313045,24.0,38G3
13.660416666666665,54.772916666666674,42.0,17.686332165233207,442.4185046232379,24.0,38G3
13.743750000000006,54.772916666666674,42.0,22.26724051990028,445.2965250990336,24.0,38G3
13.82708333333332,54.772916666666674,41.0,24.492194133502814,448.8992179776934,24.0,38G3
13.910416666666665,54.772916666666674,39.0,26.98474507518107,451.8320815460316,24.0,38G3
13.993750000000006,54.772916666666674,38.0,30.524899668325705,455.9985358368543,24.0,38G3
14.07708333333332,54.772916666666674,28.0,34.62227714059351,460.2386303734224,24.0,38G4
14.160416666666665,54.772916666666674,23.0,38.34625191105442,463.8750267106995,24.0,38G4
14.243750000000006,54.772916666666674,18.0,42.96539886933161,468.4599854780072,24.0,38G4
14.32708333333332,54.772916666666674,12.0,41.80615976341929,472.7013898219244,24.0,38G4
14.410416666666665,54.772916666666674,12.0,38.960139691959945,476.3446494421235,24.0,38G4
14.493750000000006,54.772916666666674,23.0,36.08660625845441,480.5819286784161,24.0,38G4
14.57708333333332,54.772916666666674,29.0,33.694211953450214,485.1965274418063,24.0,38G4
14.660416666666665,54.772916666666674,43.0,31.701148488812294,488.79735800463067,24.0,38G4
14.743750000000006,54.772916666666674,49.0,29.297548524380456,493.0385358368544,24.0,38G4
14.82708333333332,54.772916666666674,51.0,27.15681195225809,497.2786303734225,24.0,38G4
14.910416666666665,54.772916666666674,55.0,25.8307884581235,501.26561725852105,24.0,38G4
14.993750000000006,54.772916666666674,59.0,24.428597802894203,506.3031491495565,24.0,38G4
15.07708333333332,54.772916666666674,61.0,24.09904089040399,511.4443261326705,25.0,38G5
15.160416666666665,54.772916666666674,64.0,24.572202632359016,515.8569964642817,25.0,38G5
15.243750000000006,54.772916666666674,66.0,26.2464061056887,521.1380408863173,25.0,38G5
15.32708333333332,54.772916666666674,68.0,28.92482355426886,526.2927343120198,25.0,38G5
15.410416666666665,54.772916666666674,70.0,31.8308566726994,530.7010814454701,25.0,38G5
15.493750000000006,54.772916666666674,74.0,35.740736964833594,535.8512218731956,25.0,38G5
15.57708333333332,54.772916666666674,73.0,39.96117381020357,541.1951680952567,25.0,38G5
15.660416666666665,54.772916666666674,73.0,43.64161313530732,545.5657240705824,25.0,38G5
15.743750000000006,54.772916666666674,70.0,48.17441444870626,550.7165388675094,25.0,38G5
15.82708333333332,54.772916666666674,63.0,50.44455775878965,555.8601058556106,25.0,38G5
15.910416666666665,54.772916666666674,55.0,46.78856129834961,560.4786194747584,25.0,38G5
15.993750000000006,54.772916666666674,50.0,42.527607384567176,565.5608822106799,25.0,38G5
16.07708333333332,54.772916666666674,43.0,38.44372875244114,570.6897167739446,25.0,38G6
16.160416666666663,54.772916666666674,39.0,35.283953829244375,575.1405507759813,25.0,38G6
16.243750000000006,54.772916666666674,37.0,31.870610553529207,580.601694940409,25.0,38G6
16.32708333333332,54.772916666666674,38.0,28.967982366759976,586.1839320054694,25.0,38G6
16.410416666666663,54.772916666666674,38.0,26.948973803027844,590.8075265690695,25.0,38G6
16.493750000000006,54.772916666666674,37.0,24.942849460413584,596.6498381969195,25.0,38G6
16.57708333333332,54.772916666666674,36.0,23.66899556886634,601.8869104774401,25.0,38G6
16.660416666666663,54.772916666666674,34.0,23.172154702312536,606.5499972088895,25.0,38G6
16.743750000000006,54.772916666666674,33.0,21.63664286296589,612.0811469045825,25.0,38G6
16.82708333333332,54.772916666666674,33.0,18.20876835205552,617.6416949404106,25.0,38G6
16.910416666666663,54.772916666666674,28.0,14.940569355834144,622.4245863688325,25.0,38G6
16.993750000000006,54.772916666666674,22.0,12.050237915231971,627.8475265690696,25.0,38G6
18.82708333333332,54.772916666666674,88.0,12.262113362759855,741.0867153667477,26.0,38G8
18.910416666666663,54.772916666666674,92.0,15.25366181061444,745.9556190803811,26.0,38G8
18.99375000000001,54.772916666666674,96.0,18.932955891633263,751.3869899367023,26.0,38G8
19.07708333333332,54.772916666666674,99.0,23.070430152951623,756.9428333806738,26.0,38G9
19.160416666666663,54.772916666666674,101.0,26.941144340906103,761.7259029690927,26.0,38G9
19.24375000000001,54.772916666666674,103.0,31.78660177390184,767.3396755978811,26.0,38G9
19.32708333333332,54.772916666666674,105.0,36.853576788008056,772.6712940781518,26.0,38G9
19.410416666666663,54.772916666666674,103.0,33.53919434776549,777.3415044472608,26.0,38G9
19.49375000000001,54.772916666666674,96.0,28.51802565374577,782.9956190803828,26.0,38G9
19.57708333333332,54.772916666666674,85.0,23.574015248375723,788.4269899367043,26.0,38G9
19.660416666666663,54.772916666666674,54.0,19.15154248760048,793.1866126639502,26.0,38G9
19.74375000000001,54.772916666666674,31.0,13.918251654000924,798.7659029690927,26.0,38G9
9.82708333333332,54.82291666666666,24.0,3.675554753937631,404.6770651975738,22.0,38F9
9.910416666666665,54.82291666666666,23.0,3.7075447523693534,405.3911960229324,22.0,38F9
9.993750000000006,54.82291666666666,13.0,3.707544752370062,404.7580032744931,22.0,38F9
10.07708333333332,54.82291666666666,11.0,6.537386197018227,404.7580032744931,22.0,38G0
10.160416666666665,54.82291666666666,31.0,8.572510881397283,405.9259108088892,22.0,38G0
10.243750000000006,54.82291666666666,30.0,7.272007302592387,402.8524110434003,22.0,38G0
10.32708333333332,54.82291666666666,19.0,3.034494253920004,398.61475570318095,22.0,38G0
10.82708333333332,54.82291666666666,26.0,3.700978551694295,388.2987802479074,22.0,38G0
10.910416666666665,54.82291666666666,7.0,3.2039049587903223,388.0108375737568,22.0,38G0
12.32708333333332,54.82291666666666,22.0,10.30341528520832,424.7824998146928,24.0,38G2
12.410416666666665,54.82291666666666,21.0,13.967864061081409,427.8106323934449,24.0,38G2
12.493750000000006,54.82291666666666,21.0,13.90329282138738,425.4987304933804,24.0,38G2
12.57708333333332,54.82291666666666,16.0,14.10878222989621,425.0508375737568,24.0,38G2
12.660416666666665,54.82291666666666,17.0,15.655899973435446,425.0508375737568,24.0,38G2
12.743750000000006,54.82291666666666,18.0,18.89531478449124,425.0508375737568,24.0,38G2
12.82708333333332,54.82291666666666,20.0,23.05725116856017,425.0508375737568,24.0,38G2
12.910416666666665,54.82291666666666,22.0,27.04041138893946,425.0508375737568,24.0,38G2
12.993750000000006,54.82291666666666,26.0,24.72808072462769,425.0508375737568,24.0,38G2
13.07708333333332,54.82291666666666,38.0,21.052408854092185,425.0508375737568,24.0,38G3
13.160416666666665,54.82291666666666,43.0,18.51347262142451,425.4987304933804,24.0,38G3
13.243750000000006,54.82291666666666,44.0,16.85674151056622,426.40365036312414,24.0,38G3
13.32708333333332,54.82291666666666,44.0,15.939868696788112,428.4098295162414,24.0,38G3
13.410416666666665,54.82291666666666,45.0,15.75706519756958,429.9985667494903,24.0,38G3
13.493750000000006,54.82291666666666,45.0,16.25977889487742,432.3772068027652,24.0,38G3
13.57708333333332,54.82291666666666,45.0,18.4660238659688,435.2119097809362,24.0,38G3
13.660416666666665,54.82291666666666,44.0,21.37475392411796,437.5926469401117,24.0,38G3
13.743750000000006,54.82291666666666,44.0,25.508177448141616,440.8801774396294,24.0,38G3
13.82708333333332,54.82291666666666,43.0,29.45730489426969,444.32317203306496,24.0,38G3
13.910416666666665,54.82291666666666,42.0,31.72132604484006,448.1545821112641,24.0,38G3
13.993750000000006,54.82291666666666,40.0,34.77907567765686,452.3746753401463,24.0,38G3
14.07708333333332,54.82291666666666,37.0,38.42117900014757,456.6073836923746,24.0,38G4
14.160416666666665,54.82291666666666,30.0,41.893368067442346,460.2272877441092,24.0,38G4
14.243750000000006,54.82291666666666,22.0,41.21024722706024,464.85063239344487,24.0,38G4
14.32708333333332,54.82291666666666,17.0,37.40748730061473,469.0682028498127,24.0,38G4
14.410416666666665,54.82291666666666,17.0,34.45889019242133,472.6947557031823,24.0,38G4
14.493750000000006,54.82291666666666,19.0,31.26669013392144,476.9324110434002,24.0,38G4
14.57708333333332,54.82291666666666,16.0,28.58435311208496,481.168788834778,24.0,38G4
14.660416666666665,54.82291666666666,20.0,26.567551431443928,485.1945821112642,24.0,38G4
14.743750000000006,54.82291666666666,43.0,24.456887569466563,489.4254159184137,24.0,38G4
14.82708333333332,54.82291666666666,47.0,21.90155056917954,494.391696346401,24.0,38G4
14.910416666666665,54.82291666666666,50.0,20.487874547456148,498.7928375045674,24.0,38G4
14.993750000000006,54.82291666666666,55.0,18.963650363124056,504.1503383286079,24.0,38G4
15.07708333333332,54.82291666666666,59.0,18.537723761851726,509.2765087185272,25.0,38G5
15.160416666666665,54.82291666666666,64.0,19.14805684307343,513.6616177242819,25.0,38G5
15.243750000000006,54.82291666666666,67.0,21.251435501493948,518.8014465826649,25.0,38G5
15.32708333333332,54.82291666666666,69.0,24.47881273617109,524.111038368128,25.0,38G5
15.410416666666665,54.82291666666666,71.0,27.84873166267484,528.5112277774808,25.0,38G5
15.493750000000006,54.82291666666666,73.0,32.08015107507004,533.6344966084929,25.0,38G5
15.57708333333332,54.82291666666666,76.0,36.4499397184962,538.9306323934447,25.0,38G5
15.660416666666665,54.82291666666666,76.0,40.436159247406025,543.3369305476625,25.0,38G5
15.743750000000006,54.82291666666666,74.0,45.285227500598594,548.4725481729084,25.0,38G5
15.82708333333332,54.82291666666666,69.0,50.28909138738229,553.6137884767053,25.0,38G5
15.910416666666665,54.82291666666666,64.0,50.409685796020085,558.175265615747,25.0,38G5
15.993750000000006,54.82291666666666,54.0,46.34144569279733,563.6623915766962,25.0,38G5
16.07708333333332,54.82291666666666,44.0,42.62934212199006,569.2216177242835,25.0,38G6
16.160416666666663,54.82291666666666,38.0,39.68113059896331,573.8119078668794,25.0,38G6
16.243750000000006,54.82291666666666,35.0,36.53635373155899,579.6710383681282,25.0,38G6
16.32708333333332,54.82291666666666,31.0,34.03720618309728,584.8944617408007,25.0,38G6
16.410416666666663,54.82291666666666,26.0,32.016254990022304,589.5858552131348,25.0,38G6
16.493750000000006,54.82291666666666,30.0,30.349097163351296,595.215265615747,25.0,38G6
16.57708333333332,54.82291666666666,28.0,29.13513786833693,600.7023915766962,25.0,38G6
16.660416666666663,54.82291666666666,26.0,28.55618298606551,605.4877714930976,25.0,38G6
16.743750000000006,54.82291666666666,32.0,26.09845276753828,610.8519078668795,25.0,38G6
16.82708333333332,54.82291666666666,34.0,22.277334569052627,616.7110383681282,25.0,38G6
16.910416666666663,54.82291666666666,31.0,19.67691054411892,621.1112277774808,25.0,38G6
16.993750000000006,54.82291666666666,24.0,16.861263205812783,626.2344966084929,25.0,38G6
17.07708333333332,54.82291666666666,22.0,14.470322908919398,631.5306323934449,25.0,38G7
17.160416666666663,54.82291666666666,22.0,11.638779625936204,635.9369305476627,25.0,38G7
18.660416666666663,54.82291666666666,35.0,10.835738581666336,728.9492988889842,26.0,38G8
18.74375000000001,54.82291666666666,83.0,13.651412570438142,734.4343602576942,26.0,38G8
18.82708333333332,54.82291666666666,93.0,16.647050973505632,739.9861234939913,26.0,38G8
18.910416666666663,54.82291666666666,96.0,19.61418337066877,744.8048811507298,26.0,38G8
18.99375000000001,54.82291666666666,100.0,23.15020017422943,750.3556735155134,26.0,38G8
19.07708333333332,54.82291666666666,101.0,26.827728864625698,755.680877297299,26.0,38G9
19.160416666666663,54.82291666666666,104.0,30.34403975917553,760.3698881775005,26.0,38G9
19.24375000000001,54.82291666666666,106.0,34.71729273804569,765.9892988889843,26.0,38G9
19.32708333333332,54.82291666666666,107.0,38.70535629286449,771.4743602576943,26.0,38G9
19.410416666666663,54.82291666666666,106.0,33.9414474052286,776.238883904182,26.0,38G9
19.49375000000001,54.82291666666666,98.0,28.400334574029163,781.8448811507297,26.0,38G9
19.57708333333332,54.82291666666666,87.0,22.88980585444536,787.3956735155134,26.0,38G9
19.660416666666663,54.82291666666666,60.0,18.21190786687945,791.9468911880471,26.0,38G9
19.74375000000001,54.82291666666666,43.0,12.871696346400975,797.4098881775004,26.0,38G9
10.160416666666665,54.87291666666667,31.0,5.6755083368671775,400.7383185284741,22.0,38G0
10.243750000000006,54.87291666666667,27.0,3.672636964621461,399.21570814173685,22.0,38G0
10.910416666666665,54.87291666666667,14.0,6.12322253156427,382.4495204452003,22.0,38G0
12.32708333333332,54.87291666666667,22.0,6.848924477535234,421.9055203542229,24.0,38G2
12.410416666666665,54.87291666666667,16.0,9.6220978813806,422.838035171594,24.0,38G2
12.493750000000006,54.87291666666667,18.0,8.341975692830871,420.1343803504036,24.0,38G2
12.57708333333332,54.87291666666667,18.0,8.67972414116846,419.4895204452002,24.0,38G2
12.660416666666665,54.87291666666667,18.0,11.014990827478512,419.4895204452002,24.0,38G2
12.743750000000006,54.87291666666667,20.0,15.268171518763229,419.4895204452002,24.0,38G2
12.82708333333332,54.87291666666667,23.0,20.186744023319307,419.4895204452002,24.0,38G2
12.910416666666665,54.87291666666667,27.0,24.58761920224212,419.4895204452002,24.0,38G2
12.993750000000006,54.87291666666667,38.0,28.89769111019395,419.4895204452002,24.0,38G2
13.07708333333332,54.87291666666667,43.0,25.68068600692032,419.4895204452002,24.0,38G3
13.160416666666665,54.87291666666667,44.0,23.646706107716867,420.1343803504036,24.0,38G3
13.243750000000006,54.87291666666667,44.0,22.374992717912807,421.01719293177945,24.0,38G3
13.32708333333332,54.87291666666667,45.0,21.45368415921461,423.025154756246,24.0,38G3
13.410416666666665,54.87291666666667,46.0,21.318382326126088,424.7587977928497,24.0,38G3
13.493750000000006,54.87291666666667,46.0,21.692137064716302,427.8089153177452,24.0,38G3
13.57708333333332,54.87291666666667,46.0,23.389476606425376,430.37598202714594,24.0,38G3
13.660416666666665,54.87291666666667,46.0,25.74510157892516,433.1933641119774,24.0,38G3
13.743750000000006,54.87291666666667,46.0,29.263585264409823,436.4705045108016,24.0,38G3
13.82708333333332,54.87291666666667,45.0,33.360447705849445,440.48884653568354,24.0,38G3
13.910416666666665,54.87291666666667,44.0,36.56074162527311,444.11616187562703,24.0,38G3
13.993750000000006,54.87291666666667,43.0,39.360576516552655,448.7185500706657,24.0,38G3
14.07708333333332,54.87291666666667,41.0,42.6090137696983,452.9556009110358,24.0,38G4
14.160416666666665,54.87291666666667,39.0,41.92499459487509,456.5994618361441,24.0,38G4
14.243750000000006,54.87291666666667,34.0,37.4927468190248,460.8308365752882,24.0,38G4
14.32708333333332,54.87291666666667,27.0,33.31584056234266,465.44853274147056,24.0,38G4
14.410416666666665,54.87291666666667,18.0,30.061051479445368,469.0634910022244,24.0,38G4
14.493750000000006,54.87291666666667,17.0,26.63165192850896,473.2957081417368,24.0,38G4
14.57708333333332,54.87291666666667,19.0,23.64639385174856,477.6053001917252,24.0,38G4
14.660416666666665,54.87291666666667,15.0,21.619785206773827,481.74278042129896,24.0,38G4
14.743750000000006,54.87291666666667,32.0,19.36172029739297,487.0658868806022,24.0,38G4
14.82708333333332,54.87291666666667,39.0,16.84398597097205,492.17546835336816,24.0,38G4
14.910416666666665,54.87291666666667,43.0,15.170363092601743,496.57927058528327,24.0,38G4
14.993750000000006,54.87291666666667,51.0,13.57719293177936,501.8889153177451,24.0,38G4
15.07708333333332,54.87291666666667,56.0,12.976406633295218,507.0160329298476,25.0,38G5
15.160416666666665,54.87291666666667,60.0,13.833275255873213,511.4207653884698,25.0,38G5
15.243750000000006,54.87291666666667,65.0,16.620157342800656,516.5564474555,25.0,38G5
15.32708333333332,54.87291666666667,69.0,20.581919630335577,521.8911555150979,25.0,38G5
15.410416666666665,54.87291666666667,72.0,24.20001568196336,526.276077640673,25.0,38G5
15.493750000000006,54.87291666666667,74.0,28.674650096680743,531.4178115837962,25.0,38G5
15.57708333333332,54.87291666666667,72.0,33.48621252070339,536.5576887502458,25.0,38G5
15.660416666666665,54.87291666666667,75.0,37.781363821117765,541.1855058951434,25.0,38G5
15.743750000000006,54.87291666666667,77.0,42.925343818469415,546.7234640172778,25.0,38G5
15.82708333333332,54.87291666666667,73.0,48.16880015857883,552.2000273301572,25.0,38G5
15.910416666666665,54.87291666666667,70.0,52.71988203730176,557.199968466433,25.0,38G5
15.993750000000006,54.87291666666667,63.0,50.48086524065232,562.576032929846,25.0,38G5
16.07708333333332,54.87291666666667,52.0,47.019599221744215,567.9140970081178,25.0,38G6
16.160416666666663,54.87291666666667,41.0,44.2190150620793,572.6230887204467,25.0,38G6
16.243750000000006,54.87291666666667,35.0,41.423795005061365,578.2255058951436,25.0,38G6
16.32708333333332,54.87291666666667,27.0,39.051367171931055,583.7634640172778,25.0,38G6
16.410416666666663,54.87291666666667,21.0,37.2248626631214,588.4810341997813,25.0,38G6
16.493750000000006,54.87291666666667,20.0,35.80287884155749,594.239968466433,25.0,38G6
16.57708333333332,54.87291666666667,18.0,34.63159901748266,599.6160329298474,25.0,38G6
16.660416666666663,54.87291666666667,20.0,33.84142317463595,604.02076538847,25.0,38G6
16.743750000000006,54.87291666666667,21.0,30.1243632631706,609.1564474555,25.0,38G6
16.82708333333332,54.87291666666667,17.0,26.88598943021121,614.4911555150981,25.0,38G6
16.910416666666663,54.87291666666667,32.0,24.47757784780097,618.8760776406731,25.0,38G6
16.993750000000006,54.87291666666667,31.0,21.71237398641558,624.254421413978,25.0,38G6
17.07708333333332,54.87291666666667,31.0,18.88969801892704,629.6069874344931,25.0,38G7
17.160416666666663,54.87291666666667,33.0,16.72584861296712,634.4799051955354,25.0,38G7
17.243750000000006,54.87291666666667,27.0,15.172595614256618,639.6715580675728,25.0,38G7
17.32708333333332,54.87291666666667,28.0,13.926360244126183,645.1079823992794,25.0,38G7
17.410416666666663,54.87291666666667,26.0,13.19710440779193,649.7999684664333,25.0,38G7
17.493750000000006,54.87291666666667,25.0,12.1555632933873,655.1760329298457,25.0,38G7
17.57708333333332,54.87291666666667,24.0,11.15143733485117,660.5140970081178,25.0,38G7
18.57708333333332,54.87291666666667,30.0,12.965192751433904,722.9707887108727,26.0,38G8
18.660416666666663,54.87291666666667,53.0,15.66206143469379,727.8798892982179,26.0,38G8
18.74375000000001,54.87291666666667,90.0,18.59526526164044,733.3168530642057,26.0,38G8
18.82708333333332,54.87291666666667,94.0,21.266165262818514,738.6971802729632,26.0,38G8
18.910416666666663,54.87291666666667,98.0,23.99234217236309,743.8321383896268,26.0,38G8
18.99375000000001,54.87291666666667,100.0,27.4246371152646,749.0102052233365,26.0,38G8
19.07708333333332,54.87291666666667,102.0,31.04360858884439,754.5227024634306,26.0,38G9
19.160416666666663,54.87291666666667,105.0,34.1689353959736,759.2469874344931,26.0,38G9
19.24375000000001,54.87291666666667,107.0,38.214223964688415,764.9198892982178,26.0,38G9
19.32708333333332,54.87291666666667,107.0,38.40634260872655,770.3568530642076,26.0,38G9
19.410416666666663,54.87291666666667,105.0,33.60856958040043,774.9592290349799,26.0,38G9
19.49375000000001,54.87291666666667,98.0,28.0118473873116,780.8721383896269,26.0,38G9
19.57708333333332,54.87291666666667,85.0,22.416390647930864,786.0502052233367,26.0,38G9
19.660416666666663,54.87291666666667,65.0,17.62221538286252,790.7706673671513,26.0,38G9
19.74375000000001,54.87291666666667,50.0,12.034267216946308,796.2869874344932,26.0,38G9
10.160416666666665,54.92291666666665,33.0,5.449068966048465,395.7660279908603,22.0,38G0
10.910416666666665,54.92291666666665,15.0,4.88224424445852,376.888203316648,22.0,38G0
11.57708333333332,54.92291666666665,5.0,3.6952542448621455,382.02596108199833,22.0,38G1
12.660416666666665,54.92291666666665,23.0,7.707743643208094,413.928203316648,24.0,38G2
12.743750000000006,54.92291666666665,28.0,12.84392054128584,413.928203316648,24.0,38G2
12.82708333333332,54.92291666666665,33.0,18.16967557029829,413.928203316648,24.0,38G2
12.910416666666665,54.92291666666665,35.0,22.835375472032627,413.928203316648,24.0,38G2
12.993750000000006,54.92291666666665,39.0,28.331787714813235,413.928203316648,24.0,38G2
13.07708333333332,54.92291666666665,42.0,30.621034623547484,413.928203316648,24.0,38G3
13.160416666666665,54.92291666666665,44.0,28.93857658178005,414.855089504743,24.0,38G3
13.243750000000006,54.92291666666665,45.0,27.9103449880952,415.8612106642503,24.0,38G3
13.32708333333332,54.92291666666665,46.0,26.98700071131068,417.8729350977925,24.0,38G3
13.410416666666665,54.92291666666665,46.0,26.879699454678352,419.8865337003545,24.0,38G3
13.493750000000006,54.92291666666665,47.0,27.176712445895912,422.6728811868113,24.0,38G3
13.57708333333332,54.92291666666665,47.0,28.548163576699928,425.5359646092759,24.0,38G3
13.660416666666665,54.92291666666665,47.0,30.50568464132824,428.8531043755259,24.0,38G3
13.743750000000006,54.92291666666665,47.0,33.52467777226104,432.6260405662644,24.0,38G3
13.82708333333332,54.92291666666665,47.0,37.15034326578988,436.8557095413058,24.0,38G3
13.910416666666665,54.92291666666665,46.0,40.61868942030013,440.478142298295,24.0,38G3
13.993750000000006,54.92291666666665,45.0,44.14653410231067,444.7075643778484,24.0,38G3
14.07708333333332,54.92291666666665,44.0,43.24410163044476,449.3463983549138,24.0,38G4
14.160416666666665,54.92291666666665,42.0,38.97598099074945,452.9496081760139,24.0,38G4
14.243750000000006,54.92291666666665,39.0,34.16965165686703,457.1821620779178,24.0,38G4
14.32708333333332,54.92291666666665,35.0,29.63620159400516,461.4132143026316,24.0,38G4
14.410416666666665,54.92291666666665,26.0,26.007773719838152,465.44723609310864,24.0,38G4
14.493750000000006,54.92291666666665,22.0,22.224062636369265,469.9687496236749,24.0,38G4
14.57708333333332,54.92291666666665,20.0,18.86246161942671,475.1025720896186,24.0,38G4
14.660416666666665,54.92291666666665,17.0,16.476411544467712,479.4990991210353,24.0,38G4
14.743750000000006,54.92291666666665,15.0,14.127185424293309,484.8473417879108,24.0,38G4
14.82708333333332,54.92291666666665,31.0,12.029836113651964,489.9776079908373,24.0,38G4
14.910416666666665,54.92291666666665,41.0,9.803307529923522,494.363920541286,24.0,38G4
14.993750000000006,54.92291666666665,43.0,8.380080886683082,499.498239825031,24.0,38G4
15.243750000000006,54.92291666666665,53.0,12.702162077917851,514.3678362785464,25.0,38G5
15.32708333333332,54.92291666666665,66.0,16.971348003896015,519.515974971589,25.0,38G5
15.410416666666665,54.92291666666665,69.0,20.99738412094888,524.228652988405,25.0,38G5
15.493750000000006,54.92291666666665,75.0,26.022898174067265,529.7830612552481,25.0,38G5
15.57708333333332,54.92291666666665,77.0,31.239571175251537,535.1903404091424,25.0,38G5
15.660416666666665,54.92291666666665,77.0,35.79994175357867,540.2759663681699,25.0,38G5
15.743750000000006,54.92291666666665,76.0,41.18584883107556,545.5376079908373,25.0,38G5
15.82708333333332,54.92291666666665,70.0,46.618980609593365,550.9404215044726,25.0,38G5
15.910416666666665,54.92291666666665,74.0,51.30216377681593,555.6603326731802,25.0,38G5
15.993750000000006,54.92291666666665,68.0,54.858865397639136,561.2686529884052,25.0,38G5
16.07708333333332,54.92291666666665,65.0,51.50836327620013,566.823061255248,25.0,38G6
16.160416666666663,54.92291666666665,52.0,48.96842512934375,571.6050302013975,25.0,38G6
16.243750000000006,54.92291666666665,38.0,46.46302576161735,577.31596636817,25.0,38G6
16.32708333333332,54.92291666666665,26.0,44.12870822729426,582.5776079908371,25.0,38G6
16.410416666666663,54.92291666666665,19.0,42.52289546987401,586.963920541286,25.0,38G6
16.493750000000006,54.92291666666665,15.0,41.198981942872,592.098239825031,25.0,38G6
16.57708333333332,54.92291666666665,16.0,40.14592789985748,597.5063983549138,25.0,38G6
16.660416666666663,54.92291666666665,16.0,37.98731683435274,601.8556895294239,25.0,38G6
16.743750000000006,54.92291666666665,16.0,34.57862915856283,607.2838017143318,25.0,38G6
16.82708333333332,54.92291666666665,15.0,31.703224268416964,612.7579832095548,25.0,38G6
16.910416666666663,54.92291666666665,21.0,29.292359570803,617.4044864493992,25.0,38G6
16.993750000000006,54.92291666666665,26.0,26.665402665444983,622.6829427260649,25.0,38G6
17.07708333333332,54.92291666666665,20.0,23.72497486323341,628.0705177550386,25.0,38G7
17.160416666666663,54.92291666666665,22.0,22.043214666706447,632.8759663681701,25.0,38G7
17.243750000000006,54.92291666666665,22.0,20.491593925526136,638.1376079908371,25.0,38G7
17.32708333333332,54.92291666666665,28.0,19.481072937986053,643.5404215044726,25.0,38G7
17.410416666666663,54.92291666666665,30.0,18.69268505588199,648.1061604240729,25.0,38G7
17.493750000000006,54.92291666666665,27.0,17.683472309571528,653.7407338387909,25.0,38G7
17.57708333333332,54.92291666666665,25.0,16.47264183666508,658.9495335741498,25.0,38G7
17.660416666666663,54.92291666666665,23.0,14.989318673733344,663.611312520137,25.0,38G7
17.743750000000006,54.92291666666665,21.0,13.365288408189802,669.1169747984128,25.0,38G7
17.82708333333332,54.92291666666665,20.0,11.819997148128111,674.7099150289778,25.0,38G7
17.910416666666663,54.92291666666665,22.0,10.686006852444304,679.2604941036141,25.0,38G7
17.993750000000006,54.92291666666665,26.0,10.19574806901378,684.677423655415,25.0,38G7
18.07708333333332,54.92291666666665,25.0,10.19574806901378,690.3789592646586,26.0,38G8
18.160416666666663,54.92291666666665,23.0,10.19574806901378,695.0035120145768,26.0,38G8
18.24375000000001,54.92291666666665,24.0,10.19574806901378,700.53047740176,26.0,38G8
18.32708333333332,54.92291666666665,26.0,10.19574806901378,706.1569747984146,26.0,38G8
18.410416666666663,54.92291666666665,24.0,10.95213748249842,710.9509237075537,26.0,38G8
18.49375000000001,54.92291666666665,29.0,14.003228958566334,716.3004941036141,26.0,38G8
18.57708333333332,54.92291666666665,42.0,17.673383851538706,721.717423655415,26.0,38G8
18.660416666666663,54.92291666666665,79.0,20.30485957081185,726.6833565704991,26.0,38G8
18.74375000000001,54.92291666666665,94.0,23.270297396075563,732.0435120145765,26.0,38G8
18.82708333333332,54.92291666666665,96.0,26.10227965912728,737.5704774017597,26.0,38G8
18.910416666666663,54.92291666666665,99.0,28.503709024467696,742.3979832095548,26.0,38G8
18.99375000000001,54.92291666666665,100.0,31.830986689899124,747.9909237075535,26.0,38G8
19.07708333333332,54.92291666666665,102.0,35.234622803447124,753.3404941036142,26.0,38G9
19.160416666666663,54.92291666666665,104.0,38.37608143186991,757.9767636937731,26.0,38G9
19.24375000000001,54.92291666666665,106.0,42.05443589148355,763.7233565704992,26.0,38G9
19.32708333333332,54.92291666666665,106.0,38.4640339449982,769.0835120145767,26.0,38G9
19.410416666666663,54.92291666666665,105.0,33.68296532741521,773.817868344091,26.0,38G9
19.49375000000001,54.92291666666665,98.0,28.11121110710941,779.4379832095548,26.0,38G9
19.57708333333332,54.92291666666665,84.0,22.55078380888544,785.0309237075537,26.0,38G9
19.660416666666663,54.92291666666665,66.0,17.80177599908201,789.8248705536331,26.0,38G9
19.74375000000001,54.92291666666665,50.0,12.306844697383374,795.4178040983536,26.0,38G9
10.07708333333332,54.97291666666666,33.0,4.400353689853353,388.5588093597547,22.0,38G0
10.160416666666665,54.97291666666666,36.0,3.324162177345773,391.3659395753018,22.0,38G0
10.993750000000006,54.97291666666666,27.0,5.6282627511374645,370.4177237618482,22.0,38G0
11.07708333333332,54.97291666666666,6.0,3.6697196030884696,370.4177237618482,22.0,38G1
11.660416666666665,54.97291666666666,3.0,4.234055520804467,380.43660954871655,22.0,38G1
12.660416666666665,54.97291666666666,22.0,6.451577908117696,407.4577237618482,24.0,38G2
12.743750000000006,54.97291666666666,29.0,12.00704286326074,407.4577237618482,24.0,38G2
12.82708333333332,54.97291666666666,28.0,17.5822226590377,407.4577237618482,24.0,38G2
12.910416666666665,54.97291666666666,30.0,22.365463793537,407.4577237618482,24.0,38G2
12.993750000000006,54.97291666666666,32.0,27.9481691754376,407.4577237618482,24.0,38G2
13.07708333333332,54.97291666666666,34.0,33.53214291252028,408.0635849465826,24.0,38G3
13.160416666666665,54.97291666666666,33.0,34.31577163650868,409.2937723761865,24.0,38G3
13.243750000000006,54.97291666666666,47.0,33.4149909834185,410.6458823718176,24.0,38G3
13.32708333333332,54.97291666666666,46.0,32.529868494017734,412.655670166095,24.0,38G3
13.410416666666665,54.97291666666666,46.0,32.44101658323486,415.0553585700397,24.0,38G3
13.493750000000006,54.97291666666666,46.0,32.68723109270828,417.87019952050986,24.0,38G3
13.57708333333332,54.97291666666666,47.0,33.83465856865269,421.12336517927565,24.0,38G3
13.660416666666665,54.97291666666666,47.0,35.49985529122209,424.3612274726762,24.0,38G3
13.743750000000006,54.97291666666666,47.0,38.12226263412752,428.9874256075033,24.0,38G3
13.82708333333332,54.97291666666666,47.0,41.34286757022244,433.2159516816319,24.0,38G3
13.910416666666665,54.97291666666666,47.0,44.48176798674532,436.848431216565,24.0,38G3
13.993750000000006,54.97291666666666,47.0,45.59057165439003,441.0755974640909,24.0,38G3
14.07708333333332,54.97291666666666,47.0,41.14478893004178,445.3019474347621,24.0,38G4
14.160416666666665,54.97291666666666,45.0,36.63884439642956,449.3423229510093,24.0,38G4
14.243750000000006,54.97291666666666,43.0,31.484602657715183,453.55991834733845,24.0,38G4
14.32708333333332,54.97291666666666,40.0,26.5024404077204,458.0876758106132,24.0,38G4
14.410416666666665,54.97291666666666,34.0,22.4560793124826,462.4387821438745,24.0,38G4
14.493750000000006,54.97291666666666,24.0,18.130905521813272,467.8623229510092,24.0,38G4
14.57708333333332,54.97291666666666,20.0,14.446425422248652,472.9222445192492,24.0,38G4
14.660416666666665,54.97291666666666,18.0,11.622619879994636,477.3136640258044,24.0,38G4
14.743750000000006,54.97291666666666,12.0,9.28089455654114,482.42226196420233,24.0,38G4
14.82708333333332,54.97291666666666,14.0,7.229854839484533,487.7582609772605,24.0,38G4
15.32708333333332,54.97291666666666,62.0,14.329076669386064,518.415436890111,25.0,38G5
15.410416666666665,54.97291666666666,57.0,18.920778170460448,523.3479900034722,25.0,38G5
15.493750000000006,54.97291666666666,77.0,24.372178947150203,528.9339765060015,25.0,38G5
15.57708333333332,54.97291666666666,77.0,29.87224866289949,534.5199589525307,25.0,38G5
15.660416666666665,54.97291666666666,81.0,34.51817986171825,539.4739950876952,25.0,38G5
15.743750000000006,54.97291666666666,78.0,39.84017480280483,545.0599826599383,25.0,38G5
15.82708333333332,54.97291666666666,70.0,45.22414280550025,550.6459671121821,25.0,38G5
15.910416666666665,54.97291666666666,75.0,49.8730873023398,555.0387821438744,25.0,38G5
15.993750000000006,54.97291666666666,74.0,55.32550312454407,560.4623229510094,25.0,38G5
16.07708333333332,54.97291666666666,70.0,56.18929019087111,565.5222445192492,25.0,38G6
16.160416666666663,54.97291666666666,62.0,53.87344638478781,569.9136640258042,25.0,38G6
16.243750000000006,54.97291666666666,53.0,51.499683299946575,575.0222619642026,25.0,38G6
16.32708333333332,54.97291666666666,41.0,49.31057546295207,580.3582609772603,25.0,38G6
16.410416666666663,54.97291666666666,29.0,47.88067773274737,584.85705958188,25.0,38G6
16.493750000000006,54.97291666666666,21.0,46.59886430778647,590.2608506176285,25.0,38G6
16.57708333333332,54.97291666666666,12.0,45.32764485524066,595.8319934205473,25.0,38G6
16.660416666666663,54.97291666666666,17.0,42.341347935886304,600.3394058887842,25.0,38G6
16.743750000000006,54.97291666666666,19.0,39.31592850590173,605.7033692282943,25.0,38G6
16.82708333333332,54.97291666666666,19.0,36.50180566280202,611.04532302009,25.0,38G6
16.910416666666663,54.97291666666666,18.0,34.1619235303569,615.9479900034722,25.0,38G6
16.993750000000006,54.97291666666666,18.0,31.285297712077483,621.128667826088,25.0,38G6
17.07708333333332,54.97291666666666,19.0,28.823334546649345,626.5546351336966,25.0,38G7
17.160416666666663,54.97291666666666,22.0,27.40526824949277,631.2759967357432,25.0,38G7
17.243750000000006,54.97291666666666,25.0,25.83177188034815,636.641463297519,25.0,38G7
17.32708333333332,54.97291666666666,28.0,25.038717859807164,641.9650758124513,25.0,38G7
17.410416666666663,54.97291666666666,29.0,24.21829634624053,646.5717534873723,25.0,38G7
17.493750000000006,54.97291666666666,32.0,23.14757128885588,652.189991727928,25.0,38G7
17.57708333333332,54.97291666666666,32.0,21.624738513951293,657.7254851927283,25.0,38G7
17.660416666666663,54.97291666666666,25.0,20.25364611219278,662.2580431235486,25.0,38G7
17.743750000000006,54.97291666666666,22.0,18.736527483195623,667.6997035979471,25.0,38G7
17.82708333333332,54.97291666666666,22.0,17.156156176590507,673.3664155492484,25.0,38G7
17.910416666666663,54.97291666666666,22.0,16.078241419235038,678.042441392249,25.0,38G7
17.993750000000006,54.97291666666666,24.0,15.757065197570288,683.5767198750356,25.0,38G7
18.07708333333332,54.97291666666666,26.0,15.757065197570288,689.2299917279281,26.0,38G8
18.160416666666663,54.97291666666666,29.0,15.757065197570288,694.0179806807886,26.0,38G8
18.24375000000001,54.97291666666666,29.0,15.757065197570288,699.2980431235486,26.0,38G8
18.32708333333332,54.97291666666666,29.0,15.757065197570288,704.7397035979469,26.0,38G8
18.410416666666663,54.97291666666666,35.0,16.256114694760658,709.6444529044318,26.0,38G8
18.49375000000001,54.97291666666666,44.0,18.447432445159134,715.082441392249,26.0,38G8
18.57708333333332,54.97291666666666,69.0,21.885626959719566,720.6167198750354,26.0,38G8
18.660416666666663,54.97291666666666,91.0,24.8650740755756,725.4719934205474,26.0,38G8
18.74375000000001,54.97291666666666,93.0,28.074889443712088,731.0579806807905,26.0,38G8
18.82708333333332,54.97291666666666,96.0,30.91937458627354,736.6439645090344,26.0,38G8
18.910416666666663,54.97291666666666,98.0,33.29033017728459,741.4319462604238,26.0,38G8
18.99375000000001,54.97291666666666,99.0,36.23629627269672,747.1839864335827,26.0,38G8
19.07708333333332,54.97291666666666,101.0,39.6270000407053,752.7699720001123,26.0,38G9
19.160416666666663,54.97291666666666,103.0,42.56836561642961,757.5579559864422,26.0,38G9
19.24375000000001,54.97291666666666,105.0,44.71569875842312,763.309991727928,26.0,38G9
19.32708333333332,54.97291666666666,104.0,39.2365801248376,768.8959786316001,26.0,38G9
19.410416666666663,54.97291666666666,103.0,34.56874570710156,773.6839645090326,26.0,38G9
19.49375000000001,54.97291666666666,96.0,29.174031896080653,779.435996735743,26.0,38G9
19.57708333333332,54.97291666666666,80.0,23.81477848690601,785.0219845754145,26.0,38G9
19.660416666666663,54.97291666666666,70.0,19.18893025962435,789.8099720001123,26.0,38G9
19.74375000000001,54.97291666666666,55.0,13.933851682352472,795.3959528866408,26.0,38G9
10.018750000000011,55.022916666666674,34.0,4.231058870739384,381.9694030370843,22.0,39G0
10.981249999999989,55.022916666666674,21.0,4.85824671562313,364.8564066332924,22.0,39G0
11.068749999999994,55.022916666666674,13.0,8.419641376825947,364.8564066332924,22.0,39G1
11.15625,55.022916666666674,12.0,7.415089504739416,364.8564066332924,22.0,39G1
11.243750000000006,55.022916666666674,11.0,6.376035676663836,364.8564066332924,22.0,39G1
11.418749999999989,55.022916666666674,5.0,3.6872354082779055,367.1714532742295,22.0,39G1
11.506249999999994,55.022916666666674,11.0,3.7075447523693534,369.9611622020064,22.0,39G1
11.59375,55.022916666666674,10.0,4.890582543423286,373.6048934536002,22.0,39G1
11.681250000000006,55.022916666666674,11.0,4.4111312853702085,377.6505986864861,22.0,39G1
12.643750000000011,55.022916666666674,21.0,7.377907629199931,401.8964066332924,24.0,39G2
12.731249999999989,55.022916666666674,28.0,12.521512935010389,401.8964066332924,24.0,39G2
12.818749999999994,55.022916666666674,20.0,17.928908718792844,401.8964066332924,24.0,39G2
12.90625,55.022916666666674,18.0,23.2557479193534,401.8964066332924,24.0,39G2
12.993750000000006,55.022916666666674,20.0,28.65948753214873,401.8964066332924,24.0,39G2
13.081250000000011,55.022916666666674,19.0,34.121007768616884,402.7470865518591,24.0,39G3
13.168749999999989,55.022916666666674,22.0,36.70207443583885,403.6202716286976,24.0,39G3
13.256249999999994,55.022916666666674,44.0,35.65733843324971,405.63228971423166,24.0,39G3
13.34375,55.022916666666674,44.0,35.22167514751276,408.14193626892273,24.0,39G3
13.431250000000006,55.022916666666674,45.0,35.444621438738345,411.1068026903755,24.0,39G3
13.518750000000011,55.022916666666674,45.0,36.48717520530185,414.2802368396245,24.0,39G3
13.606249999999989,55.022916666666674,46.0,38.315340860251055,418.32115265326433,24.0,39G3
13.693749999999994,55.022916666666674,46.0,40.82370814002742,422.5453226266882,24.0,39G3
13.78125,55.022916666666674,46.0,42.48372287593048,426.7686759015037,24.0,39G3
13.868750000000006,55.022916666666674,46.0,41.59511081063155,431.4017906048079,24.0,39G3
13.956250000000011,55.022916666666674,47.0,40.35838293587863,435.6282154912903,24.0,39G3
14.043749999999989,55.022916666666674,47.0,39.86400283448623,439.8538850331034,24.0,39G4
14.131249999999994,55.022916666666674,48.0,36.59439247668284,444.20120389913455,24.0,39G4
14.21875,55.022916666666674,46.0,31.156160090680487,449.3382467156232,24.0,39G4
14.306250000000006,55.022916666666674,47.0,25.776137180572128,454.39257684621066,24.0,39G4
14.393750000000011,55.022916666666674,39.0,20.50021584780554,459.4935576561692,24.0,39G4
14.481249999999989,55.022916666666674,35.0,15.435527194469696,464.8437609934653,24.0,39G4
14.568749999999994,55.022916666666674,21.0,10.881152653264383,469.9541739641153,24.0,39G4
14.65625,55.022916666666674,20.0,7.228101233729157,475.07687153665415,24.0,39G4
15.356249999999989,55.022916666666674,70.0,14.638188434412088,520.9510135538463,25.0,39G5
15.443749999999994,55.022916666666674,74.0,19.908685219488586,525.9701529156358,25.0,39G5
15.53125,55.022916666666674,76.0,25.310232655980897,530.7785111366782,25.0,39G5
15.618750000000006,55.022916666666674,78.0,30.77389425703464,535.7592195119347,25.0,39G5
15.706250000000011,55.022916666666674,87.0,36.27160513395776,541.1709926471042,25.0,39G5
15.793749999999989,55.022916666666674,83.0,41.78992238965554,546.2748495390788,25.0,39G5
15.881249999999994,55.022916666666674,79.0,47.321630528022666,551.3794867423974,25.0,39G5
15.96875,55.022916666666674,71.0,52.86251861327919,556.4825100603177,25.0,39G5
16.056250000000006,55.022916666666674,75.0,58.409966773645976,561.832033239326,25.0,39G6
16.14375000000001,55.022916666666674,72.0,59.22719209952903,567.0959435588965,25.0,39G6
16.23124999999999,55.022916666666674,66.0,56.87369544274242,572.4729802855717,25.0,39G6
16.318749999999994,55.022916666666674,56.0,54.81980284880567,578.1050225048488,25.0,39G6
16.40625,55.022916666666674,45.0,53.28018753067277,583.3148495390788,25.0,39G6
16.493750000000006,55.022916666666674,38.0,52.03276503394447,588.7286812050921,25.0,39G6
16.58125000000001,55.022916666666674,29.0,49.65762234393235,594.2340090465102,25.0,39G6
16.66874999999999,55.022916666666674,21.0,46.53284382742979,599.5941739641154,25.0,39G6
16.756249999999994,55.022916666666674,23.0,43.71716645329515,604.9105532819115,25.0,39G6
16.84375,55.022916666666674,21.0,40.93366662298781,610.2669333050803,25.0,39G6
16.931250000000006,55.022916666666674,23.0,38.1092422103183,615.9420269357806,25.0,39G6
17.01875000000001,55.022916666666674,24.0,35.49260738543604,621.1172138614559,25.0,39G7
17.10624999999999,55.022916666666674,34.0,33.61308213846051,626.5379502664117,25.0,39G7
17.193749999999994,55.022916666666674,34.0,32.05740849776915,632.0710135538463,25.0,39G7
17.28125,55.022916666666674,32.0,30.84750779941565,637.6500442137987,25.0,39G7
17.368750000000006,55.022916666666674,31.0,30.045907936071075,642.9550097669946,25.0,39G7
17.45625000000001,55.022916666666674,33.0,29.01025756871736,648.3747940239983,25.0,39G7
17.54374999999999,55.022916666666674,35.0,27.66860248959896,654.0778499595044,25.0,39G7
17.631249999999994,55.022916666666674,37.0,26.03916420022517,659.5087141528494,25.0,39G7
17.71875,55.022916666666674,35.0,24.511226412768625,665.0359737697377,25.0,39G7
17.806250000000006,55.022916666666674,32.0,22.93758344222619,670.7050225048488,25.0,39G7
17.89375000000001,55.022916666666674,28.0,21.689391479983364,676.2840524962462,25.0,39G7
17.98124999999999,55.022916666666674,29.0,21.318382326126088,681.8630787437318,25.0,39G7
18.068749999999994,55.022916666666674,30.0,21.318382326126088,687.6310135538464,26.0,39G8
18.15625,55.022916666666674,32.0,21.318382326126088,693.2100442137986,26.0,39G8
18.24375000000001,55.022916666666674,38.0,21.318382326126088,698.7890717538269,26.0,39G8
18.33125000000001,55.022916666666674,44.0,21.318382326126088,704.3680939899799,26.0,39G8
18.41874999999999,55.022916666666674,65.0,21.85063990639369,710.1360356766638,26.0,39G8
18.506249999999994,55.022916666666674,80.0,23.713663180879266,715.7150643309507,26.0,39G8
18.59375,55.022916666666674,88.0,26.64157681066091,721.2940883053492,26.0,39G8
18.68125000000001,55.022916666666674,92.0,30.308536470396053,727.0620269357806,26.0,39G8
18.76875000000001,55.022916666666674,95.0,33.49505769775337,732.6410565260448,26.0,39G8
18.85624999999999,55.022916666666674,98.0,36.49029668588915,738.2200820604047,26.0,39G8
18.943749999999994,55.022916666666674,97.0,39.3042922492178,743.9880180420812,26.0,39G8
19.03125,55.022916666666674,97.0,42.17815629245342,749.567048390041,26.0,39G9
19.11875000000001,55.022916666666674,100.0,45.50053751631447,755.1460753060842,26.0,39G9
19.20625000000001,55.022916666666674,102.0,48.34056191564239,760.9140090465103,26.0,39G9
19.29374999999999,55.022916666666674,104.0,42.96054577762463,766.4930399738828,26.0,39G9
19.381249999999994,55.022916666666674,102.0,37.59290571543169,772.0720680933254,26.0,39G9
19.46875,55.022916666666674,99.0,32.29936573242978,777.6510912208865,26.0,39G9
19.55625000000001,55.022916666666674,88.0,27.12335657502133,783.4190313285072,26.0,39G9
19.64375000000001,55.022916666666674,72.0,22.147446279110248,788.9980604730681,26.0,39G9
19.73124999999999,55.022916666666674,68.0,17.30116509275882,794.5770852497315,26.0,39G9
19.818749999999994,55.022916666666674,55.0,12.697667183754588,800.3450225048488,26.0,39G9
9.931250000000006,55.07291666666666,29.0,6.047779827207877,375.96131712855583,22.0,39F9
10.018750000000011,55.07291666666666,29.0,4.086149599675084,376.80731523314535,22.0,39G0
10.806250000000006,55.07291666666666,12.0,3.98005024700203,359.2950895047394,22.0,39G0
10.981249999999989,55.07291666666666,21.0,3.315888809637249,359.2950895047394,22.0,39G0
11.068749999999994,55.07291666666666,13.0,8.804124091734556,359.2950895047394,22.0,39G1
11.15625,55.07291666666666,8.0,8.341975692833701,359.2950895047394,22.0,39G1
11.243750000000006,55.07291666666666,7.0,7.878617764809132,359.2950895047394,22.0,39G1
11.331250000000011,55.07291666666666,12.0,4.4105925552481935,359.9487525389698,22.0,39G1
11.418749999999989,55.07291666666666,15.0,4.887989914918585,362.3047314440653,22.0,39G1
11.506249999999994,55.07291666666666,13.0,8.01305856196618,365.551786596377,22.0,39G1
12.556250000000006,55.07291666666666,20.0,7.228393453264209,396.3350895047394,24.0,39G2
12.643750000000011,55.07291666666666,21.0,10.883578866198864,396.3350895047394,24.0,39G2
12.731249999999989,55.07291666666666,29.0,15.125335094054776,396.3350895047394,24.0,39G2
12.818749999999994,55.07291666666666,29.0,19.829973342161352,396.3350895047394,24.0,39G2
12.90625,55.07291666666666,25.0,24.897884721901463,396.3350895047394,24.0,39G2
12.993750000000006,55.07291666666666,19.0,30.14640723734546,396.3350895047394,24.0,39G2
13.081250000000011,55.07291666666666,20.0,32.820201733165646,397.2619756928337,24.0,39G3
13.168749999999989,55.07291666666666,38.0,31.238644571224537,398.4909250992815,24.0,39G3
13.256249999999994,55.07291666666666,42.0,30.17577914083619,400.5359409859872,24.0,39G3
13.34375,55.07291666666666,43.0,29.66035801895979,403.3554594822424,24.0,39G3
13.431250000000006,55.07291666666666,44.0,29.92443726165835,406.2419686501315,24.0,39G3
13.518750000000011,55.07291666666666,44.0,31.150778944030872,410.4627114631362,24.0,39G3
13.606249999999989,55.07291666666666,45.0,33.270881977298515,414.6852451557376,24.0,39G3
13.693749999999994,55.07291666666666,45.0,35.78823094206491,418.9084445612636,24.0,39G3
13.78125,55.07291666666666,46.0,37.17531046213586,423.130559230672,24.0,39G3
13.868750000000006,55.07291666666666,46.0,36.29875516770007,427.8020418656523,24.0,39G3
13.956250000000011,55.07291666666666,46.0,34.87652636402704,432.0046366944548,24.0,39G3
14.043749999999989,55.07291666666666,47.0,34.30395447630496,436.5725347003049,24.0,39G4
14.131249999999994,55.07291666666666,47.0,34.294788959421304,441.6792239579374,24.0,39G4
14.21875,55.07291666666666,48.0,30.29878636199696,447.0413704232725,24.0,39G4
14.306250000000006,55.07291666666666,47.0,24.740687849632064,452.16271916198014,24.0,39G4
14.393750000000011,55.07291666666666,41.0,19.189995431515648,457.2822099544536,24.0,39G4
14.481249999999989,55.07291666666666,46.0,13.65575723061704,462.3998406373373,24.0,39G4
14.568749999999994,55.07291666666666,37.0,8.171490864501274,467.8541696590981,24.0,39G4
15.356249999999989,55.07291666666666,75.0,13.532166077282218,518.2655306567484,25.0,39G5
15.443749999999994,55.07291666666666,74.0,19.104227152714863,523.4141696590981,25.0,39G5
15.53125,55.07291666666666,74.0,24.67628074052997,528.4629059127869,25.0,39G5
15.618750000000006,55.07291666666666,77.0,30.248324656824245,533.5583084893904,25.0,39G5
15.706250000000011,55.07291666666666,82.0,35.82035671768416,538.9220418656522,25.0,39G5
15.793749999999989,55.07291666666666,87.0,41.39237473918015,544.02688163624,25.0,39G5
15.881249999999994,55.07291666666666,85.0,46.96437653737287,549.3360228176339,25.0,39G5
15.96875,55.07291666666666,78.0,52.53635992829833,554.6871116266713,25.0,39G5
16.056250000000006,55.07291666666666,76.0,58.10832272797421,560.3760602263665,25.0,39G6
16.14375000000001,55.07291666666666,75.0,63.68026275239394,565.5457540203508,25.0,39G6
16.23124999999999,55.07291666666666,73.0,61.98548073732264,570.9612579448221,25.0,39G6
16.318749999999994,55.07291666666666,65.0,60.10889319107596,576.5080301991368,25.0,39G6
16.40625,55.07291666666666,58.0,58.70991303528314,581.8027191619802,25.0,39G6
16.493750000000006,55.07291666666666,48.0,57.462564042269165,587.1522825593852,25.0,39G6
16.58125000000001,55.07291666666666,44.0,54.212725190500144,592.4836171444782,25.0,39G6
16.66874999999999,55.07291666666666,39.0,51.32953812734726,598.165265501578,25.0,39G6
16.756249999999994,55.07291666666666,30.0,48.52145133970016,603.3520918546164,25.0,39G6
16.84375,55.07291666666666,28.0,45.80990984262757,608.7963060497627,25.0,39G6
16.931250000000006,55.07291666666666,28.0,42.936858651422654,614.3440402358044,25.0,39G6
17.01875000000001,55.07291666666666,35.0,40.63526374459958,619.9161094228123,25.0,39G7
17.10624999999999,55.07291666666666,41.0,38.96590915415698,625.4881751779992,25.0,39G7
17.193749999999994,55.07291666666666,48.0,37.39921983383204,631.2720201433704,25.0,39G7
17.28125,55.07291666666666,43.0,36.36877492940378,636.8440899097757,25.0,39G7
17.368750000000006,55.07291666666666,39.0,35.54655338503444,642.41615686833,25.0,39G7
17.45625000000001,55.07291666666666,37.0,34.50594961645262,647.988218835145,25.0,39G7
17.54374999999999,55.07291666666666,39.0,32.93977514770356,653.7720701675253,25.0,39G7
17.631249999999994,55.07291666666666,41.0,31.4206311312428,659.344138151168,25.0,39G7
17.71875,55.07291666666666,37.0,29.822546435549288,664.9162017670403,25.0,39G7
17.806250000000006,55.07291666666666,38.0,28.36279206190393,670.700050247002,25.0,39G7
17.89375000000001,55.07291666666666,37.0,27.1745216856466,676.2721190774572,25.0,39G7
17.98124999999999,55.07291666666666,40.0,26.87969945467906,681.8441841641078,25.0,39G7
18.068749999999994,55.07291666666666,45.0,26.87969945467906,687.628030199137,26.0,39G8
18.15625,55.07291666666666,60.0,26.87969945467906,693.2000996981279,26.0,39G8
18.24375000000001,55.07291666666666,64.0,26.87969945467906,698.7721660772842,26.0,39G8
18.33125000000001,55.07291666666666,65.0,26.87969945467906,704.3442271527167,26.0,39G8
18.41874999999999,55.07291666666666,73.0,27.303234937335283,710.1280800641184,26.0,39G8
18.506249999999994,55.07291666666666,78.0,28.814027336804703,715.7001475575014,26.0,39G8
18.59375,55.07291666666666,87.0,31.264999051683706,721.2722103711297,26.0,39G8
18.68125000000001,55.07291666666666,91.0,34.45609366827535,727.0560602263665,26.0,39G8
18.76875000000001,55.07291666666666,95.0,38.09622549904766,732.6281286557,26.0,39G8
18.85624999999999,55.07291666666666,96.0,41.3031528008137,738.2001930292452,26.0,39G8
18.943749999999994,55.07291666666666,95.0,44.15428458193351,743.9840402358027,26.0,39G8
19.03125,55.07291666666666,96.0,46.91494473828622,749.5561094228101,26.0,39G9
19.11875000000001,55.07291666666666,97.0,49.919446324291386,755.1281751779992,26.0,39G9
19.20625000000001,55.07291666666666,101.0,49.92264967234747,760.9120201433702,26.0,39G9
19.29374999999999,55.07291666666666,102.0,44.7001381052423,766.4840899097738,26.0,39G9
19.381249999999994,55.07291666666666,101.0,39.57599829694091,772.0561568683279,26.0,39G9
19.46875,55.07291666666666,98.0,34.593980832132424,777.6282188351432,26.0,39G9
19.55625000000001,55.07291666666666,95.0,29.757007793206764,783.4120701675268,26.0,39G9
19.64375000000001,55.07291666666666,81.0,24.95943827567375,788.9841381511698,26.0,39G9
19.73124999999999,55.07291666666666,75.0,20.55671107841633,794.5562017670401,26.0,39G9
19.818749999999994,55.07291666666666,69.0,16.606715346237223,800.340050247002,26.0,39G9
19.90625,55.07291666666666,64.0,13.829835971399858,805.9121190774571,26.0,39G9
19.99375000000001,55.07291666666666,59.0,12.976406633292388,811.4841841641096,26.0,39G9
20.08125000000001,55.07291666666666,55.0,13.82983597140042,817.2680301991386,26.0,39H0
20.16874999999999,55.07291666666666,48.0,13.073983486491052,822.8400996981279,26.0,39H0
20.256249999999994,55.07291666666666,41.0,12.976406633292388,828.4121660772839,26.0,39H0
20.34375,55.07291666666666,36.0,13.574759576225633,833.9842271527167,26.0,39H0
20.43125000000001,55.07291666666666,31.0,12.02491565056352,839.7680800641184,26.0,39H0
9.668749999999989,55.12291666666667,20.0,5.784428092606862,369.77453162445545,22.0,39F9
9.756249999999994,55.12291666666667,26.0,4.634430940460809,369.4908375737568,22.0,39F9
9.84375,55.12291666666667,21.0,6.407315233145303,369.4908375737568,22.0,39F9
9.931250000000006,55.12291666666667,27.0,3.312067234189807,369.77453162445545,22.0,39F9
11.068749999999994,55.12291666666667,15.0,5.52010635672034,352.82460994993966,22.0,39G1
11.243750000000006,55.12291666666667,11.0,6.219571014909253,353.73377237618365,22.0,39G1
11.331250000000011,55.12291666666667,14.0,7.583371697542095,354.7720088563287,22.0,39G1
11.418749999999989,55.12291666666667,11.0,7.415089504739416,357.9199214520167,22.0,39G1
11.506249999999994,55.12291666666667,12.0,8.067183386956152,361.534943416098,22.0,39G1
11.59375,55.12291666666667,11.0,5.212707920466133,365.9141370468936,22.0,39G1
12.381249999999994,55.12291666666667,12.0,9.06577524518782,391.70065856427794,24.0,39G2
12.46875,55.12291666666667,12.0,11.151081728079886,390.0095521570709,24.0,39G2
12.556250000000006,55.12291666666667,21.0,12.463191613630448,389.8646099499397,24.0,39G2
12.643750000000011,55.12291666666667,26.0,14.89550942141027,389.8646099499397,24.0,39G2
12.731249999999989,55.12291666666667,29.0,18.72244294119152,389.8646099499397,24.0,39G2
12.818749999999994,55.12291666666667,27.0,22.953567428968856,389.8646099499397,24.0,39G2
12.90625,55.12291666666667,35.0,27.445579675607576,389.8646099499397,24.0,39G2
12.993750000000006,55.12291666666667,38.0,28.21023536560484,390.7737723761836,24.0,39G2
13.081250000000011,55.12291666666667,36.0,27.64111512780075,391.70065856427794,24.0,39G3
13.168749999999989,55.12291666666667,38.0,25.81704935702957,393.3278996432055,24.0,39G3
13.256249999999994,55.12291666666667,39.0,24.72986029529862,395.7544481819045,24.0,39G3
13.34375,55.12291666666667,37.0,24.09904089040399,398.5272665877834,24.0,39G3
13.431250000000006,55.12291666666667,39.0,24.422923461198607,402.1941895637804,24.0,39G3
13.518750000000011,55.12291666666667,44.0,25.909159652105703,406.4104947292146,24.0,39G3
13.606249999999989,55.12291666666667,44.0,28.4199615003224,411.10291420805294,24.0,39G3
13.693749999999994,55.12291666666667,45.0,30.330142778267053,415.3051037097528,24.0,39G3
13.78125,55.12291666666667,45.0,31.95304573407564,419.5166957488541,24.0,39G3
13.868750000000006,55.12291666666667,45.0,31.09505483579312,423.9925682790832,24.0,39G3
13.956250000000011,55.12291666666667,45.0,29.42450654435853,429.2720672341916,24.0,39G3
14.043749999999989,55.12291666666667,46.0,28.744397011046225,434.3800571703428,24.0,39G4
14.131249999999994,55.12291666666667,46.0,28.733471830865504,439.4919439773236,24.0,39G4
14.21875,55.12291666666667,47.0,28.77714766492612,444.60299072969445,24.0,39G4
14.306250000000006,55.12291666666667,47.0,24.932914192227496,450.00010635672027,24.0,39G4
14.393750000000011,55.12291666666667,40.0,19.445033062092826,455.0817912884914,24.0,39G4
14.481249999999989,55.12291666666667,44.0,14.019996962525084,460.2726969857311,24.0,39G4
14.568749999999994,55.12291666666667,43.0,8.745163787428288,466.02035389609546,24.0,39G4
15.356249999999989,55.12291666666667,72.0,13.515250095426186,515.7429057788194,25.0,39G5
15.443749999999994,55.12291666666667,69.0,19.08034576680776,521.1185876476884,25.0,39G5
15.53125,55.12291666666667,72.0,24.645433950820337,526.2343702161496,25.0,39G5
15.618750000000006,55.12291666666667,83.0,30.210512463633165,531.5767263351964,25.0,39G5
15.706250000000011,55.12291666666667,88.0,35.77557912140533,536.9027487295415,25.0,39G5
15.793749999999989,55.12291666666667,88.0,41.34063174027987,542.6001063567188,25.0,39G5
15.881249999999994,55.12291666666667,88.0,46.905668136390176,547.7795981497842,25.0,39G5
15.96875,55.12291666666667,85.0,52.47068612584499,553.1676333556395,25.0,39G5
16.056250000000006,55.12291666666667,79.0,58.03568352473488,558.780060004741,25.0,39G6
16.14375000000001,55.12291666666667,80.0,63.60065814912622,564.0200571703426,25.0,39G6
16.23124999999999,55.12291666666667,80.0,67.1687325324011,569.3941904056577,25.0,39G6
16.318749999999994,55.12291666666667,68.0,65.4431328223342,574.8759884736808,25.0,39G6
16.40625,55.12291666666667,61.0,64.13210270143108,580.4801196020051,25.0,39G6
16.493750000000006,55.12291666666667,50.0,61.93940220539904,586.045221691124,25.0,39G6
16.58125000000001,55.12291666666667,53.0,58.940781597341,591.6103191006437,25.0,39G6
16.66874999999999,55.12291666666667,49.0,56.13430455228621,597.4100898797737,25.0,39G6
16.756249999999994,55.12291666666667,42.0,53.37055508928326,602.975192904812,25.0,39G6
16.84375,55.12291666666667,35.0,50.51084400496418,608.5402918741986,25.0,39G6
16.931250000000006,55.12291666666667,35.0,47.92378962235849,614.3400600047411,25.0,39G6
17.01875000000001,55.12291666666667,40.0,45.87570741214912,619.9051637874285,25.0,39G7
17.10624999999999,55.12291666666667,41.0,44.28845818654049,625.4702641384091,25.0,39G7
17.193749999999994,55.12291666666667,55.0,42.79698935785455,631.2700300278378,25.0,39G7
17.28125,55.12291666666667,52.0,41.90063639769478,636.8351343899037,25.0,39G7
17.368750000000006,55.12291666666667,49.0,40.99194626240112,642.4002359442115,25.0,39G7
17.45625000000001,55.12291666666667,45.0,39.90778563082199,647.9653325069459,25.0,39G7
17.54374999999999,55.12291666666667,42.0,38.29311242590023,653.7651047631723,25.0,39G7
17.631249999999994,55.12291666666667,42.0,36.718231276013405,659.3302073425348,25.0,39G7
17.71875,55.12291666666667,43.0,35.18846286245926,664.8953055542718,25.0,39G7
17.806250000000006,55.12291666666667,39.0,33.82452495783715,670.6950749581744,25.0,39G7
17.89375000000001,55.12291666666667,41.0,32.685410249598704,676.2601783843211,25.0,39G7
17.98124999999999,55.12291666666667,44.0,32.44101658323486,681.8252780667875,25.0,39G7
18.068749999999994,55.12291666666667,52.0,32.44101658323486,687.6250450258386,26.0,39G8
18.15625,55.12291666666667,67.0,32.44101658323486,693.190149120499,26.0,39G8
18.24375000000001,55.12291666666667,67.0,32.44101658323486,698.755250095428,26.0,39G8
18.33125000000001,55.12291666666667,75.0,32.44101658323486,704.3203457668096,26.0,39G8
18.41874999999999,55.12291666666667,76.0,32.792366435734834,710.120119602005,26.0,39G8
18.506249999999994,55.12291666666667,82.0,34.05899239056944,715.685221691124,26.0,39G8
18.59375,55.12291666666667,85.0,36.15360400596197,721.2503191006437,26.0,39G8
18.68125000000001,55.12291666666667,92.0,38.94282252617997,727.0500898797756,26.0,39G8
18.76875000000001,55.12291666666667,93.0,42.28942735605735,732.6151929048141,26.0,39G8
18.85624999999999,55.12291666666667,94.0,45.79217342962924,738.1802918741986,26.0,39G8
18.943749999999994,55.12291666666667,92.0,48.9099988154884,743.9800600047392,26.0,39G8
19.03125,55.12291666666667,92.0,51.73335401876072,749.5451637874265,26.0,39G9
19.11875000000001,55.12291666666667,93.0,54.54777172542401,755.1102641384091,26.0,39G9
19.20625000000001,55.12291666666667,98.0,52.01925718617169,760.9100300278377,26.0,39G9
19.29374999999999,55.12291666666667,100.0,47.03670715291251,766.4751343899018,26.0,39G9
19.381249999999994,55.12291666666667,100.0,42.20365579394034,772.0402359442095,26.0,39G9
19.46875,55.12291666666667,99.0,37.34398482373935,777.6053325069441,26.0,39G9
19.55625000000001,55.12291666666667,98.0,32.71367092728618,783.405104763174,26.0,39G9
19.64375000000001,55.12291666666667,90.0,28.39597789621129,788.9702073425367,26.0,39G9
19.73124999999999,55.12291666666667,78.0,24.44424006740363,794.5353055542715,26.0,39G9
19.818749999999994,55.12291666666667,70.0,21.23461546483968,800.3350749581743,26.0,39G9
19.90625,55.12291666666667,65.0,19.14408145473449,805.900178384321,26.0,39G9
19.99375000000001,55.12291666666667,62.0,18.537723761848188,811.4652780667893,26.0,39G9
20.08125000000001,55.12291666666667,57.0,19.1440814547349,817.2650450258402,26.0,39H0
20.16874999999999,55.12291666666667,53.0,18.60607270895445,822.830149120499,26.0,39H0
20.256249999999994,55.12291666666667,46.0,18.537723761848188,828.3952500954279,26.0,39H0
20.34375,55.12291666666667,41.0,18.96086291574895,833.9603457668096,26.0,39H0
20.43125000000001,55.12291666666667,33.0,16.598651760409286,839.760119602005,26.0,39H0
20.51875000000001,55.12291666666667,29.0,12.679685981915089,845.3252216911242,26.0,39H0
9.756249999999994,55.17291666666665,24.0,4.846013124101441,363.92952044520376,22.0,39F9
9.84375,55.17291666666665,21.0,7.860175341585632,363.92952044520376,22.0,39F9
9.931250000000006,55.17291666666665,14.0,3.970096642154694,364.3399752539502,22.0,39F9
10.893750000000011,55.17291666666665,8.0,3.018782005815096,347.2632928213867,22.0,39G0
11.068749999999994,55.17291666666665,16.0,5.112999265423118,347.2632928213867,22.0,39G1
11.243750000000006,55.17291666666665,4.0,3.017996007714674,347.620342561743,22.0,39G1
12.293749999999989,55.17291666666665,12.0,7.415089504742247,388.4589715390028,24.0,39G2
12.381249999999994,55.17291666666665,11.0,7.582954599433808,385.9741789659077,24.0,39G2
12.46875,55.17291666666665,17.0,10.081691630638828,384.50524545701126,24.0,39G2
12.556250000000006,55.17291666666665,24.0,13.285673328560788,384.30329282138666,24.0,39G2
12.643750000000011,55.17291666666665,26.0,17.477427222324604,384.30329282138666,24.0,39G2
12.731249999999989,55.17291666666665,30.0,21.740264915618702,384.30329282138666,24.0,39G2
12.818749999999994,55.17291666666665,32.0,23.172154702312536,384.30329282138666,24.0,39G2
12.90625,55.17291666666665,28.0,23.826036706955303,384.30329282138666,24.0,39G2
12.993750000000006,55.17291666666665,29.0,22.747193275168453,385.0944595730255,24.0,39G2
13.081250000000011,55.17291666666665,32.0,22.24526851422108,385.9741789659077,24.0,39G3
13.168749999999989,55.17291666666665,37.0,20.4705553530491,388.0382416189408,24.0,39G3
13.256249999999994,55.17291666666665,40.0,19.34969804800694,390.9365998943648,24.0,39G3
13.34375,55.17291666666665,41.0,18.53772376185102,394.3508722498415,24.0,39G3
13.431250000000006,55.17291666666665,42.0,18.95634257523621,398.568306954704,24.0,39G3
13.518750000000011,55.17291666666665,43.0,20.83397536808826,402.7849850069006,24.0,39G3
13.606249999999989,55.17291666666665,44.0,23.60116814715043,407.0003841048102,24.0,39G3
13.693749999999994,55.17291666666665,44.0,24.91774717110664,411.6605689460418,24.0,39G3
13.78125,55.17291666666665,44.0,26.86721013768837,416.6035507986536,24.0,39G3
13.868750000000006,55.17291666666665,44.0,26.0396172955435,421.69692499130167,24.0,39G3
13.956250000000011,55.17291666666665,44.0,24.02264672500556,426.7832096002624,24.0,39G3
14.043749999999989,55.17291666666665,44.0,23.18568356630885,432.1733365529255,24.0,39G4
14.131249999999994,55.17291666666665,44.0,23.172154702312536,437.2699685408161,24.0,39G4
14.21875,55.17291666666665,45.0,23.2262228759678,442.4948336944016,24.0,39G4
14.306250000000006,55.17291666666665,46.0,24.243543938031458,448.156917377131,24.0,39G4
14.393750000000011,55.17291666666665,45.0,19.85046729437304,453.4069829181626,24.0,39G4
14.481249999999989,55.17291666666665,47.0,14.292342200955645,458.7450695483913,24.0,39G4
14.568749999999994,55.17291666666665,45.0,8.73421149222736,464.08220843781686,24.0,39G4
15.356249999999989,55.17291666666665,63.0,14.278414435255693,513.8176095023422,25.0,39G5
15.443749999999994,55.17291666666665,61.0,19.62156360782118,519.1194720575411,25.0,39G5
15.53125,55.17291666666665,76.0,25.05969136848569,524.7733365529272,25.0,39G5
15.618750000000006,55.17291666666665,88.0,30.54209973658715,530.0153904251391,25.0,39G5
15.706250000000011,55.17291666666665,90.0,36.04858463381819,535.4595021366307,25.0,39G5
15.793749999999989,55.17291666666665,89.0,41.56957239200847,541.0500966421547,25.0,39G5
15.881249999999994,55.17291666666665,90.0,47.099956130024935,546.6082304259311,25.0,39G5
15.96875,55.17291666666665,87.0,52.6367669942474,552.1663604661704,25.0,39G5
16.056250000000006,55.17291666666665,82.0,58.17816255165736,557.9820580362249,25.0,39G6
16.14375000000001,55.17291666666665,79.0,63.72293917969892,563.5401924884897,25.0,39G6
16.23124999999999,55.17291666666665,75.0,69.27027730056105,569.0983238211393,25.0,39G6
16.318749999999994,55.17291666666665,68.0,70.81231928991367,574.6564498504436,25.0,39G6
16.40625,55.17291666666665,59.0,69.52888203160795,580.4721542963862,25.0,39G6
16.493750000000006,55.17291666666665,53.0,66.57994206722648,586.0302867431852,25.0,39G6
16.58125000000001,55.17291666666665,62.0,63.74516148398621,591.588414510562,25.0,39G6
16.66874999999999,55.17291666666665,71.0,60.93022558273274,597.4041159005527,25.0,39G6
16.756249999999994,55.17291666666665,71.0,58.161881656710925,602.9622492832359,25.0,39G6
16.84375,55.17291666666665,65.0,55.37146418284775,608.5203786104206,25.0,39G6
16.931250000000006,55.17291666666665,57.0,53.02510428646805,614.3360773519239,25.0,39G6
17.01875000000001,55.17291666666665,61.0,51.18391145596053,619.8942114922277,25.0,39G7
17.10624999999999,55.17291666666665,56.0,49.644603416249375,625.452342200954,25.0,39G7
17.193749999999994,55.17291666666665,63.0,48.23193341908719,631.2680387014283,25.0,39G7
17.28125,55.17291666666665,65.0,47.43938616206077,636.8261734210885,25.0,39G7
17.368750000000006,55.17291666666665,60.0,46.41613910141033,642.3843053330968,25.0,39G7
17.45625000000001,55.17291666666665,53.0,45.251268382974445,647.9424322537202,25.0,39G7
17.54374999999999,55.17291666666665,48.0,43.619140260891534,653.7581351207516,25.0,39G7
17.631249999999994,55.17291666666665,48.0,42.08063591654169,659.3162680577757,25.0,39G7
17.71875,55.17291666666665,48.0,40.49863009759369,664.8743966273394,25.0,39G7
17.806250000000006,55.17291666666665,49.0,39.18853951441975,670.6900966421547,25.0,39G7
17.89375000000001,55.17291666666665,42.0,38.21091396177663,676.2482304259311,25.0,39G7
17.98124999999999,55.17291666666665,44.0,38.00233371178784,681.8063604661687,25.0,39G7
18.068749999999994,55.17291666666665,57.0,38.00233371178784,687.6220580362249,26.0,39G8
18.15625,55.17291666666665,62.0,38.00233371178784,693.1801924884898,26.0,39G8
18.24375000000001,55.17291666666665,69.0,38.00233371178784,698.7383238211411,26.0,39G8
18.33125000000001,55.17291666666665,73.0,38.00233371178784,704.2964498504454,26.0,39G8
18.41874999999999,55.17291666666665,80.0,38.302329427269285,710.1121542963862,26.0,39G8
18.506249999999994,55.17291666666665,83.0,39.39083897735473,715.6702867431852,26.0,39G8
18.59375,55.17291666666665,86.0,41.21313341292997,721.228414510562,26.0,39G8
18.68125000000001,55.17291666666665,90.0,43.677462389553504,727.0441159005545,26.0,39G8
18.76875000000001,55.17291666666665,91.0,46.68225501377292,732.602249283238,26.0,39G8
18.85624999999999,55.17291666666665,90.0,50.13041569666923,738.1603786104206,26.0,39G8
18.943749999999994,55.17291666666665,87.0,53.53629519166895,743.9760773519221,26.0,39G8
19.03125,55.17291666666665,88.0,56.5289941987536,749.5342114922255,26.0,39G9
19.11875000000001,55.17291666666665,90.0,59.3268130687624,755.092342200954,26.0,39G9
19.20625000000001,55.17291666666665,94.0,54.60394357846128,760.908038701428,26.0,39G9
19.29374999999999,55.17291666666665,98.0,49.75028940913716,766.4661734210866,26.0,39G9
19.381249999999994,55.17291666666665,98.0,45.02048142014974,772.0243053330947,26.0,39G9
19.46875,55.17291666666665,98.0,40.50590287282836,777.5824322537184,26.0,39G9
19.55625000000001,55.17291666666665,100.0,36.24277924791963,783.3981351207532,26.0,39G9
19.64375000000001,55.17291666666665,97.0,32.29348419408765,788.9562680577775,26.0,39G9
19.73124999999999,55.17291666666665,80.0,28.884593498351435,794.5143966273392,26.0,39G9
19.818749999999994,55.17291666666665,68.0,26.2276807021415,800.3300966421547,26.0,39G9
19.90625,55.17291666666665,65.0,24.56794316289516,805.8882304259308,26.0,39G9
19.99375000000001,55.17291666666665,62.0,24.09904089040116,811.4463604661705,26.0,39G9
20.08125000000001,55.17291666666665,57.0,24.567943162895475,817.2620580362266,26.0,39H0
20.16874999999999,55.17291666666665,51.0,24.15159071802673,822.8201924884897,26.0,39H0
20.256249999999994,55.17291666666665,45.0,24.09904089040116,828.3783238211408,26.0,39H0
20.34375,55.17291666666665,42.0,24.425622526082105,833.9364498504453,26.0,39H0
20.43125000000001,55.17291666666665,35.0,20.525869042058044,839.7521542963862,26.0,39H0
20.51875000000001,55.17291666666665,30.0,16.30103282505529,845.3102867431854,26.0,39H0
20.60624999999999,55.17291666666665,27.0,11.533290208107154,850.8684145105603,26.0,39H0
9.84375,55.22291666666666,13.0,3.6590266112484873,358.368203316648,22.0,39F9
10.893750000000011,55.22291666666666,2.0,5.551161245572209,341.7019756928309,22.0,39G0
10.981249999999989,55.22291666666666,19.0,6.911226296198464,341.7019756928309,22.0,39G0
11.068749999999994,55.22291666666666,15.0,6.924986814033202,341.7019756928309,22.0,39G1
12.556250000000006,55.22291666666666,24.0,9.641670236985554,378.7419756928309,24.0,39G2
12.643750000000011,55.22291666666666,24.0,14.00876783406126,378.7419756928309,24.0,39G2
12.731249999999989,55.22291666666666,24.0,18.46169775802981,378.7419756928309,24.0,39G2
12.818749999999994,55.22291666666666,26.0,17.610837573756733,378.7419756928309,24.0,39G2
12.90625,55.22291666666666,28.0,18.46169775802981,378.7419756928309,24.0,39G2
12.993750000000006,55.22291666666666,31.0,17.346720422427207,379.6688618809259,24.0,39G2
13.081250000000011,55.22291666666666,36.0,16.68395138566528,380.8165371618345,24.0,39G3
13.168749999999989,55.22291666666666,38.0,15.278210350820938,383.2007994182421,24.0,39G3
13.256249999999994,55.22291666666666,40.0,13.925819908965009,386.2487556264384,24.0,39G3
13.34375,55.22291666666666,41.0,12.976406633295218,390.756881476545,24.0,39G3
13.431250000000006,55.22291666666666,42.0,13.566987349487253,394.9504890583872,24.0,39G3
13.518750000000011,55.22291666666666,42.0,16.083561673309845,399.1617334167697,24.0,39G3
13.606249999999989,55.22291666666666,43.0,18.55460729221797,403.87252682367614,24.0,39G3
13.693749999999994,55.22291666666666,42.0,19.58895513705896,409.276881476545,24.0,39G3
13.78125,55.22291666666666,42.0,22.012570378136665,414.3649868140332,24.0,39G3
13.868750000000006,55.22291666666666,42.0,21.238581113075828,419.4654048512249,24.0,39G3
13.956250000000011,55.22291666666666,41.0,18.714432989185216,424.7178961313645,24.0,39G3
14.043749999999989,55.22291666666666,40.0,17.628612578339595,430.3363026729384,24.0,39G4
14.131249999999994,55.22291666666666,40.0,17.610837573756733,435.6531949753966,24.0,39G4
14.21875,55.22291666666666,41.0,17.681830379824582,440.9607765011325,24.0,39G4
14.306250000000006,55.22291666666666,46.0,18.99680187796658,446.8590692325705,24.0,39G4
14.393750000000011,55.22291666666666,43.0,19.916173334109683,451.85257460547103,24.0,39G4
14.481249999999989,55.22291666666666,43.0,14.397242169536554,457.2404436435047,24.0,39G4
14.568749999999994,55.22291666666666,47.0,8.919836343716506,462.522710034352,24.0,39G4
15.268750000000011,55.22291666666666,51.0,12.734451681486604,507.17720701015423,25.0,39G5
15.356249999999989,55.22291666666666,51.0,16.915071828764887,512.7283650471156,25.0,39G5
15.443749999999994,55.22291666666666,64.0,21.610763192538947,518.2795180929055,25.0,39G5
15.53125,55.22291666666666,87.0,26.640245246038347,524.1111612455724,25.0,39G5
15.618750000000006,55.22291666666666,90.0,31.84575350914541,529.6623203075079,25.0,39G5
15.706250000000011,55.22291666666666,88.0,37.15336669321543,535.2134750021681,25.0,39G5
15.793749999999989,55.22291666666666,94.0,42.52486344942895,541.0451153027342,25.0,39G5
15.881249999999994,55.22291666666666,92.0,47.93876727794532,546.5962752113862,25.0,39G5
15.96875,55.22291666666666,89.0,53.382170029569856,552.1474313766597,25.0,39G5
16.056250000000006,55.22291666666666,85.0,58.84687885799927,557.9790692325705,25.0,39G6
16.14375000000001,55.22291666666666,77.0,64.32745655587422,563.5302298096825,25.0,39G6
16.23124999999999,55.22291666666666,74.0,69.82015871411987,569.0813872673116,25.0,39G6
16.318749999999994,55.22291666666666,68.0,75.32232524906226,574.63253942182,25.0,39G6
16.40625,55.22291666666666,59.0,74.26441226115922,580.4641841533274,25.0,39G6
16.493750000000006,55.22291666666666,55.0,71.35225074689578,586.0153427250589,25.0,39G6
16.58125000000001,55.22291666666666,60.0,68.53688321976213,591.5664966175659,25.0,39G6
16.66874999999999,55.22291666666666,69.0,65.80200468940765,597.3981382932511,25.0,39G6
16.756249999999994,55.22291666666666,79.0,62.91992983714833,602.9492978008269,25.0,39G6
16.84375,55.22291666666666,84.0,60.3532011641817,608.500453253076,25.0,39G6
16.931250000000006,55.22291666666666,87.0,58.21073826468744,614.332092280386,25.0,39G6
17.01875000000001,55.22291666666666,91.0,56.54079450885564,619.88325254555,25.0,39G7
17.10624999999999,55.22291666666666,93.0,54.96368828913216,625.4344093792824,25.0,39G7
17.193749999999994,55.22291666666666,91.0,53.69276444662169,631.2660461656583,25.0,39G7
17.28125,55.22291666666666,89.0,52.931275326647096,636.8172070101542,25.0,39G7
17.368750000000006,55.22291666666666,89.0,51.86938142249608,642.3683650471175,25.0,39G7
17.45625000000001,55.22291666666666,83.0,50.52277546168068,647.9195180929073,25.0,39G7
17.54374999999999,55.22291666666666,67.0,48.96199838971988,653.7511612455705,25.0,39G7
17.631249999999994,55.22291666666666,51.0,47.39569920660856,659.3023203075061,25.0,39G7
17.71875,55.22291666666666,56.0,45.868361574270125,664.8534750021663,25.0,39G7
17.806250000000006,55.22291666666666,63.0,44.600910522626094,670.6851153027342,25.0,39G7
17.89375000000001,55.22291666666666,57.0,43.74549504432677,676.2362752113862,25.0,39G7
17.98124999999999,55.22291666666666,48.0,43.563650840343634,681.787431376658,25.0,39G7
18.068749999999994,55.22291666666666,62.0,43.563650840343634,687.6190692325705,26.0,39G8
18.15625,55.22291666666666,61.0,43.563650840343634,693.1702298096825,26.0,39G8
18.24375000000001,55.22291666666666,56.0,43.563650840343634,698.7213872673134,26.0,39G8
18.33125000000001,55.22291666666666,70.0,43.563650840343634,704.2725394218219,26.0,39G8
18.41874999999999,55.22291666666666,80.0,43.82526745317509,710.1041841533274,26.0,39G8
18.506249999999994,55.22291666666666,82.0,44.778542510932425,715.6553427250589,26.0,39G8
18.59375,55.22291666666666,80.0,46.3876924946461,721.206496617566,26.0,39G8
18.68125000000001,55.22291666666666,84.0,48.58759383147496,727.038138293253,26.0,39G8
18.76875000000001,55.22291666666666,89.0,51.30230326477392,732.5892978008291,26.0,39G8
18.85624999999999,55.22291666666666,85.0,54.45487790945624,738.140453253076,26.0,39G8
18.943749999999994,55.22291666666666,83.0,57.9739249645805,743.9720922803841,26.0,39G8
19.03125,55.22291666666666,79.0,61.30841968078224,749.5232525455481,26.0,39G9
19.11875000000001,55.22291666666666,82.0,62.15776013759838,755.0744093792824,26.0,39G9
19.20625000000001,55.22291666666666,90.0,57.37417085067901,760.906046165658,26.0,39G9
19.29374999999999,55.22291666666666,95.0,52.74520265896514,766.4572070101525,26.0,39G9
19.381249999999994,55.22291666666666,95.0,48.31532585966077,772.0083650471155,26.0,39G9
19.46875,55.22291666666666,96.0,44.09043529060873,777.5595180929055,26.0,39G9
19.55625000000001,55.22291666666666,99.0,40.14465825137492,783.3911612455721,26.0,39G9
19.64375000000001,55.22291666666666,100.0,36.62325685452172,788.9423203075079,26.0,39G9
19.73124999999999,55.22291666666666,85.0,33.65969366524091,794.4934750021661,26.0,39G9
19.818749999999994,55.22291666666666,64.0,31.41225903708131,800.3251153027342,26.0,39G9
19.90625,55.22291666666666,63.0,30.04210865643844,805.8762752113861,26.0,39G9
19.99375000000001,55.22291666666666,63.0,29.66035801895696,811.4274313766598,26.0,39G9
20.08125000000001,55.22291666666666,58.0,30.042108656438696,817.2590692325721,26.0,39H0
20.16874999999999,55.22291666666666,50.0,29.70301705022245,822.8102298096825,26.0,39H0
20.256249999999994,55.22291666666666,46.0,29.66035801895696,828.3613872673131,26.0,39H0
20.34375,55.22291666666666,43.0,28.35530045163792,833.9125394218219,26.0,39H0
20.43125000000001,55.22291666666666,35.0,23.90551972937008,839.7441841533274,26.0,39H0
20.51875000000001,55.22291666666666,29.0,19.30896965294167,845.295342725059,26.0,39H0
20.60624999999999,55.22291666666666,25.0,14.538032307234332,850.8464966175644,26.0,39H0
20.693749999999994,55.22291666666666,24.0,10.250732041519386,856.6781382932512,26.0,39H0
10.893750000000011,55.272916666666674,13.0,3.670033721890209,336.1406585642751,22.0,39G0
10.981249999999989,55.272916666666674,24.0,6.536296058669691,336.1406585642751,22.0,39G0
11.068749999999994,55.272916666666674,34.0,6.921335092439182,336.1406585642751,22.0,39G1
12.556250000000006,55.272916666666674,24.0,6.600543072294006,373.1806585642751,24.0,39G2
12.643750000000011,55.272916666666674,21.0,12.02168424906375,373.1806585642751,24.0,39G2
12.731249999999989,55.272916666666674,16.0,13.260656995214951,373.1806585642751,24.0,39G2
12.818749999999994,55.272916666666674,18.0,12.049520445200931,373.1806585642751,24.0,39G2
12.90625,55.272916666666674,14.0,12.976406633292388,373.1806585642751,24.0,39G2
12.993750000000006,55.272916666666674,27.0,12.09293603435312,374.1075447523701,24.0,39G2
13.081250000000011,55.272916666666674,34.0,11.122634257109478,375.60747302776383,24.0,39G3
13.168749999999989,55.272916666666674,36.0,10.077773503434958,378.4403109482943,24.0,39G3
13.256249999999994,55.272916666666674,37.0,8.37941996465956,382.4483954641968,24.0,39G3
13.34375,55.272916666666674,35.0,7.415089504739416,386.65338649629786,24.0,39G3
13.431250000000006,55.272916666666674,36.0,8.404751996699106,391.4702319265938,24.0,39G3
13.518750000000011,55.272916666666674,28.0,11.223861858454294,396.5693012089981,24.0,39G3
13.606249999999989,55.272916666666674,26.0,13.00048425759283,401.66650926057656,24.0,39G3
13.693749999999994,55.272916666666674,39.0,14.436643612205314,406.9415102002727,24.0,39G3
13.78125,55.272916666666674,40.0,16.702669504221735,412.5399990864077,24.0,39G3
13.868750000000006,55.272916666666674,39.0,16.758698419971,417.8997592473778,24.0,39G3
13.956250000000011,55.272916666666674,37.0,13.609883345424269,423.1784049907923,24.0,39G3
14.043749999999989,55.272916666666674,33.0,12.075451814709597,428.9732792926779,24.0,39G4
14.131249999999994,55.272916666666674,26.0,12.049520445200931,434.09269203677417,24.0,39G4
14.21875,55.272916666666674,22.0,12.152913939438626,439.5486548494612,24.0,39G4
14.306250000000006,55.272916666666674,43.0,13.995142416516506,445.05482254219095,24.0,39G4
14.393750000000011,55.272916666666674,45.0,17.474060413514607,450.8162091789004,24.0,39G4
14.481249999999989,55.272916666666674,41.0,15.75349422403989,456.3603896481253,24.0,39G4
14.568749999999994,55.272916666666674,48.0,10.578500345159624,461.9045654383472,24.0,39G4
15.09375,55.272916666666674,73.0,10.24301899996638,495.7764656870506,25.0,39G5
15.181250000000006,55.272916666666674,59.0,14.42541245789347,501.62405242204505,25.0,39G5
15.268750000000011,55.272916666666674,62.0,17.207348851964035,507.1682351639295,25.0,39G5
15.356249999999989,55.272916666666674,75.0,20.587934150835547,512.7124150984112,25.0,39G5
15.443749999999994,55.272916666666674,74.0,24.716405984024924,518.2565900419557,25.0,39G5
15.53125,55.272916666666674,85.0,29.210843709494057,524.1041831429419,25.0,39G5
15.618750000000006,55.272916666666674,89.0,34.019703262314486,529.6483641023495,25.0,39G5
15.706250000000011,55.272916666666674,91.0,39.02692283632169,535.1925406946871,25.0,39G5
15.793749999999989,55.272916666666674,99.0,44.16508013171461,541.0401309437063,25.0,39G5
15.881249999999994,55.272916666666674,96.0,49.39332271376448,546.5843127497909,25.0,39G5
15.96875,55.272916666666674,94.0,54.68581181425533,552.1284908126726,25.0,39G5
16.056250000000006,55.272916666666674,87.0,60.02554866023872,557.9760786171514,25.0,39G6
16.14375000000001,55.272916666666674,72.0,65.4009541207176,563.5202610916645,25.0,39G6
16.23124999999999,55.272916666666674,73.0,70.8038973307633,569.0644404468409,25.0,39G6
16.318749999999994,55.272916666666674,68.0,76.22851544229701,574.6086144991459,25.0,39G6
16.40625,55.272916666666674,60.0,78.96063561464855,580.4562091788986,25.0,39G6
16.493750000000006,55.272916666666674,61.0,76.1419608442224,586.0003896481251,25.0,39G6
16.58125000000001,55.272916666666674,68.0,73.34096470447307,591.5445654383471,25.0,39G6
16.66874999999999,55.272916666666674,71.0,70.53516503780048,597.3921570624212,25.0,39G6
16.756249999999994,55.272916666666674,74.0,67.80034411643342,602.9363384674481,25.0,39G6
16.84375,55.272916666666674,75.0,65.42839518991012,608.4805158173389,25.0,39G6
16.931250000000006,55.272916666666674,75.0,63.46002447174181,614.328104793162,25.0,39G6
17.01875000000001,55.272916666666674,79.0,61.85977263162037,619.8722869557417,25.0,39G7
17.10624999999999,55.272916666666674,80.0,60.32647669736362,625.4164656870507,25.0,39G7
17.193749999999994,55.272916666666674,82.0,59.17231578895022,631.2640524220451,25.0,39G7
17.28125,55.272916666666674,84.0,58.39384006993173,636.8082351639295,25.0,39G7
17.368750000000006,55.272916666666674,86.0,57.343386180028034,642.352415098413,25.0,39G7
17.45625000000001,55.272916666666674,87.0,55.85052165434664,647.8965900419574,25.0,39G7
17.54374999999999,55.272916666666674,86.0,54.2960311360128,653.7441831429401,25.0,39G7
17.631249999999994,55.272916666666674,84.0,52.746673210436434,659.2883641023477,25.0,39G7
17.71875,55.272916666666674,81.0,51.27894870023149,664.8325406946851,25.0,39G7
17.806250000000006,55.272916666666674,75.0,50.04595147606987,670.6801309437064,25.0,39G7
17.89375000000001,55.272916666666674,72.0,49.286095562756,676.2243127497909,25.0,39G7
17.98124999999999,55.272916666666674,77.0,49.12496796889943,681.7684908126707,25.0,39G7
18.068749999999994,55.272916666666674,74.0,49.12496796889943,687.6160786171514,26.0,39G8
18.15625,55.272916666666674,68.0,49.12496796889943,693.1602610916644,26.0,39G8
18.24375000000001,55.272916666666674,68.0,49.12496796889943,698.7044404468427,26.0,39G8
18.33125000000001,55.272916666666674,74.0,49.12496796889943,704.2486144991477,26.0,39G8
18.41874999999999,55.272916666666674,79.0,49.3568250581121,710.0962091788987,26.0,39G8
18.506249999999994,55.272916666666674,80.0,50.20412318575953,715.640389648125,26.0,39G8
18.59375,55.272916666666674,76.0,51.64271517277911,721.1845654383471,26.0,39G8
18.68125000000001,55.272916666666674,82.0,53.6250322790474,727.032157062423,26.0,39G8
18.76875000000001,55.272916666666674,90.0,56.09345619054962,732.5763384674501,26.0,39G8
18.85624999999999,55.272916666666674,89.0,58.98698862839802,738.1205158173389,26.0,39G8
18.943749999999994,55.272916666666674,82.0,62.2463698963936,743.96810479316,26.0,39G8
19.03125,55.272916666666674,79.0,65.81726537701238,749.5122869557397,26.0,39G9
19.11875000000001,55.272916666666674,82.0,65.04652101273041,755.0564656870507,26.0,39G9
19.20625000000001,55.272916666666674,87.0,60.49773666481459,760.9040524220449,26.0,39G9
19.29374999999999,55.272916666666674,94.0,56.13267375854783,766.4482351639277,26.0,39G9
19.381249999999994,55.272916666666674,95.0,51.93629979833023,771.992415098411,26.0,39G9
19.46875,55.272916666666674,95.0,47.9943728447031,777.5365900419557,26.0,39G9
19.55625000000001,55.272916666666674,99.0,44.40162437331533,783.3841831429417,26.0,39G9
19.64375000000001,55.272916666666674,100.0,41.249400291359066,788.9283641023495,26.0,39G9
19.73124999999999,55.272916666666674,93.0,38.64565409837094,794.472540694685,26.0,39G9
19.818749999999994,55.272916666666674,70.0,36.70729140561824,800.3201309437064,26.0,39G9
19.90625,55.272916666666674,68.0,35.54334309762363,805.8643127497907,26.0,39G9
19.99375000000001,55.272916666666674,65.0,35.22167514751276,811.4084908126725,26.0,39G9
20.08125000000001,55.272916666666674,58.0,35.54334309762384,817.256078617153,26.0,39H0
20.16874999999999,55.272916666666674,49.0,35.257560957544726,822.8002610916644,26.0,39H0
20.256249999999994,55.272916666666674,44.0,35.22167514751276,828.3444404468426,26.0,39H0
20.34375,55.272916666666674,41.0,31.559422740536164,833.8886144991477,26.0,39H0
20.43125000000001,55.272916666666674,32.0,26.87980652953679,839.7362091788987,26.0,39H0
20.51875000000001,55.272916666666674,28.0,22.313049827454424,845.2803896481253,26.0,39H0
20.60624999999999,55.272916666666674,26.0,18.08248937270708,850.8245654383456,26.0,39H0
20.693749999999994,55.272916666666674,27.0,13.544287019737885,856.6721570624212,26.0,39H0
10.893750000000011,55.32291666666666,24.0,4.213074724158528,329.67017900948167,22.0,39G0
11.068749999999994,55.32291666666666,17.0,3.198966895398549,329.67017900948167,22.0,39G1
12.556250000000006,55.32291666666666,21.0,7.119257889246447,366.8982154362679,24.0,39G2
12.643750000000011,55.32291666666666,18.0,12.435941176713513,366.7101790094817,24.0,39G2
12.731249999999989,55.32291666666666,9.0,8.52714751068284,366.7101790094817,24.0,39G2
12.818749999999994,55.32291666666666,5.0,6.4882033166479625,366.7101790094817,24.0,39G2
12.90625,55.32291666666666,8.0,7.415089504739416,367.4487041712599,24.0,39G2
12.993750000000006,55.32291666666666,22.0,7.217594394417645,368.3338962832423,24.0,39G2
13.518750000000011,55.32291666666666,23.0,6.678023959204622,394.7581651787239,24.0,39G3
13.606249999999989,55.32291666666666,28.0,7.457092341360447,400.14618484608735,24.0,39G3
13.693749999999994,55.32291666666666,33.0,9.744879186302391,405.6312383624742,24.0,39G3
13.78125,55.32291666666666,36.0,11.150656487799084,411.3951435688672,24.0,39G3
13.868750000000006,55.32291666666666,36.0,11.234303804119074,416.9323430502548,24.0,39G3
13.956250000000011,55.32291666666666,29.0,9.06003992168627,422.4695387886329,24.0,39G3
14.043749999999989,55.32291666666666,17.0,6.53617531233535,428.3330861922453,24.0,39G4
14.131249999999994,55.32291666666666,19.0,6.4882033166479625,433.8702863420272,24.0,39G4
14.21875,55.32291666666666,14.0,6.678023959204622,439.407483372635,24.0,39G4
14.306250000000006,55.32291666666666,38.0,9.628396111447367,444.9446751006432,24.0,39G4
14.393750000000011,55.32291666666666,50.0,13.983385795501531,450.8082293791748,24.0,39G4
14.481249999999989,55.32291666666666,49.0,17.80032983094677,456.34542752377183,24.0,39G4
14.568749999999994,55.32291666666666,49.0,12.435941176713513,461.8826209896072,24.0,39G4
15.006249999999994,55.32291666666666,73.0,12.281606779393886,490.2213147311512,25.0,39G5
15.09375,55.32291666666666,73.0,14.41993435571124,495.758511137924,25.0,39G5
15.181250000000006,55.32291666666666,17.0,18.06985751784874,501.62205747210703,25.0,39G5
15.268750000000011,55.32291666666666,94.0,22.024651864424463,507.1592578892465,25.0,39G5
15.356249999999989,55.32291666666666,75.0,24.889461108695976,512.696455499128,25.0,39G5
15.443749999999994,55.32291666666666,75.0,28.437631906313825,518.2336481183296,25.0,39G5
15.53125,55.32291666666666,79.0,32.53767511420352,524.0972008181761,25.0,39G5
15.618750000000006,55.32291666666666,88.0,36.91049223176135,529.6343994529308,25.0,39G5
15.706250000000011,55.32291666666666,93.0,41.56542556495185,535.1715937208403,25.0,39G5
15.793749999999989,55.32291666666666,98.0,46.41767146031435,541.0351435688672,25.0,39G5
15.881249999999994,55.32291666666666,97.0,51.41138618224409,546.5723430502549,25.0,39G5
15.96875,55.32291666666666,94.0,56.50907050871886,552.109538788633,25.0,39G5
16.056250000000006,55.32291666666666,88.0,61.68494646012531,557.9730861922453,25.0,39G6
16.14375000000001,55.32291666666666,68.0,66.92086652572311,563.510286342027,25.0,39G6
16.23124999999999,55.32291666666666,74.0,72.20376209294321,569.0474833726332,25.0,39G6
16.318749999999994,55.32291666666666,69.0,77.52402282262933,574.5846751006413,25.0,39G6
16.40625,55.32291666666666,63.0,82.87444531111821,580.448229379173,25.0,39G6
16.493750000000006,55.32291666666666,58.0,80.93887191263711,585.9854275237717,25.0,39G6
16.58125000000001,55.32291666666666,66.0,78.19615646582058,591.5226209896073,25.0,39G6
16.66874999999999,55.32291666666666,69.0,75.32967027409076,597.3861722126178,25.0,39G6
16.756249999999994,55.32291666666666,67.0,72.77851161318912,602.9233712929686,25.0,39G6
16.84375,55.32291666666666,68.0,70.57688761087816,608.4605663183925,25.0,39G6
16.931250000000006,55.32291666666666,69.0,68.75838606665752,614.3241148932887,25.0,39G6
17.01875000000001,55.32291666666666,71.0,67.20844977503025,619.8613147311532,25.0,39G7
17.10624999999999,55.32291666666666,72.0,65.72227118316597,625.3985111379242,25.0,39G7
17.193749999999994,55.32291666666666,73.0,64.66582874334134,631.262057472107,25.0,39G7
17.28125,55.32291666666666,74.0,63.87345027238303,636.7992578892465,25.0,39G7
17.368750000000006,55.32291666666666,77.0,62.83006139733477,642.3364554991298,25.0,39G7
17.45625000000001,55.32291666666666,82.0,61.1982265100158,647.8736481183314,25.0,39G7
17.54374999999999,55.32291666666666,79.0,59.63216800762489,653.7372008181744,25.0,39G7
17.631249999999994,55.32291666666666,80.0,58.07102150740873,659.274399452929,25.0,39G7
17.71875,55.32291666666666,77.0,56.71870060800098,664.8115937208386,25.0,39G7
17.806250000000006,55.32291666666666,79.0,55.51405000867986,670.6751435688672,25.0,39G7
17.89375000000001,55.32291666666666,74.0,54.83089077552582,676.2123430502548,25.0,39G7
17.98124999999999,55.32291666666666,72.0,54.686285097452405,681.7495387886311,25.0,39G7
18.068749999999994,55.32291666666666,78.0,54.686285097452405,687.6130861922453,26.0,39G8
18.15625,55.32291666666666,76.0,54.686285097452405,693.150286342027,26.0,39G8
18.24375000000001,55.32291666666666,77.0,54.686285097452405,698.687483372635,26.0,39G8
18.33125000000001,55.32291666666666,77.0,54.686285097452405,704.2246751006433,26.0,39G8
18.41874999999999,55.32291666666666,81.0,54.8943965899886,710.088229379173,26.0,39G8
18.506249999999994,55.32291666666666,80.0,55.65650493591834,715.6254275237717,26.0,39G8
18.59375,55.32291666666666,79.0,56.95593394921923,721.1626209896073,26.0,39G8
18.68125000000001,55.32291666666666,83.0,58.75704348058048,727.0261722126196,26.0,39G8
18.76875000000001,55.32291666666666,89.0,61.01541980974595,732.5633712929706,26.0,39G8
18.85624999999999,55.32291666666666,91.0,63.68242988341995,738.1005663183925,26.0,39G8
18.943749999999994,55.32291666666666,86.0,66.70907660145937,743.9641148932868,26.0,39G8
19.03125,55.32291666666666,80.0,70.04875381659424,749.5013147311512,26.0,39G9
19.11875000000001,55.32291666666666,85.0,68.26688542803808,755.0385111379242,26.0,39G9
19.20625000000001,55.32291666666666,87.0,63.95320237690556,760.9020574721069,26.0,39G9
19.29374999999999,55.32291666666666,90.0,59.77911329187423,766.4392578892447,26.0,39G9
19.381249999999994,55.32291666666666,92.0,55.84114172426358,771.9764554991277,26.0,39G9
19.46875,55.32291666666666,94.0,52.19970419348519,777.5136481183296,26.0,39G9
19.55625000000001,55.32291666666666,98.0,48.92106938957685,783.377200818176,26.0,39G9
19.64375000000001,55.32291666666666,99.0,46.08274478246955,788.9143994529308,26.0,39G9
19.73124999999999,55.32291666666666,99.0,43.77047578817876,794.4515937208383,26.0,39G9
19.818749999999994,55.32291666666666,90.0,42.07109350356721,800.3151435688671,26.0,39G9
19.90625,55.32291666666666,76.0,41.06076800725214,805.8523430502547,26.0,39G9
19.99375000000001,55.32291666666666,66.0,40.78299227606573,811.389538788633,26.0,39G9
20.08125000000001,55.32291666666666,59.0,41.060768007252335,817.2530861922469,26.0,39H0
20.16874999999999,55.32291666666666,48.0,40.81394960768155,822.790286342027,26.0,39H0
20.256249999999994,55.32291666666666,41.0,39.25477919396161,828.3274833726348,26.0,39H0
20.34375,55.32291666666666,35.0,34.54543852812742,833.8646751006432,26.0,39H0
20.43125000000001,55.32291666666666,33.0,30.12353547044211,839.728229379173,26.0,39H0
20.51875000000001,55.32291666666666,31.0,25.90196144406653,845.2654275237719,26.0,39H0
20.60624999999999,55.32291666666666,30.0,21.186540058779205,850.8026209896057,26.0,39H0
20.693749999999994,55.32291666666666,29.0,16.77052140692574,856.6661722126178,26.0,39H0
20.78125,55.32291666666666,27.0,12.01037742060484,862.2033712929689,26.0,39H0
10.893750000000011,55.37291666666667,22.0,6.587775905374407,324.1088618809252,22.0,39G0
10.981249999999989,55.37291666666667,24.0,4.701356800946069,324.1088618809252,22.0,39G0
11.068749999999994,55.37291666666667,15.0,3.0093477718898494,324.1088618809252,22.0,39G1
12.46875,55.37291666666667,17.0,3.0093477718898494,362.07574806901664,23.0,39G2
12.556250000000006,55.37291666666667,19.0,7.636754317943471,361.446467543667,23.0,39G2
12.643750000000011,55.37291666666667,15.0,11.098035088124822,361.1488618809252,23.0,39G2
12.731249999999989,55.37291666666667,10.0,5.606776817508996,361.1488618809252,23.0,39G2
14.306250000000006,55.37291666666667,36.0,6.585221186187766,444.92072124453904,24.0,39G4
14.393750000000011,55.37291666666667,46.0,11.660868000922935,450.8002447602293,25.0,39G4
14.481249999999989,55.37291666666667,55.0,16.228519618014055,456.3304563633928,25.0,39G4
14.568749999999994,55.37291666666667,63.0,15.054593934348388,461.86066328805776,25.0,39G4
14.65625,55.37291666666667,55.0,11.222361583059822,467.7401837483986,25.0,39G4
14.918749999999989,55.37291666666667,72.0,12.711913682722347,484.6801225838024,25.0,39G4
15.006249999999994,55.37291666666667,67.0,16.84928969106068,490.2103358801384,25.0,39G5
15.09375,55.37291666666667,83.0,19.30818582569384,495.7405457455754,25.0,39G5
15.181250000000006,55.37291666666667,89.0,22.16397390832418,501.6200613173635,25.0,39G5
15.268750000000011,55.37291666666667,79.0,25.90537227918437,507.1502751929419,25.0,39G5
15.356249999999989,55.37291666666667,75.0,29.6135764218219,512.6804862614199,25.0,39G5
15.443749999999994,55.37291666666667,75.0,32.648721302443406,518.2106923394987,25.0,39G5
15.53125,55.37291666666667,79.0,36.28278382534519,524.0902142765926,25.0,39G5
15.618750000000006,55.37291666666667,87.0,40.354277497066455,529.6204263698862,25.0,39G5
15.706250000000011,55.37291666666667,94.0,44.655619418047536,535.1506340965801,25.0,39G5
15.793749999999989,55.37291666666667,96.0,49.19859524073637,541.0301531820146,25.0,39G5
15.881249999999994,55.37291666666667,96.0,53.92973492933449,546.5603661218938,25.0,39G5
15.96875,55.37291666666667,93.0,58.80363241321914,552.0905753189736,25.0,39G5
16.056250000000006,55.37291666666667,88.0,63.78756567547,557.9700919601308,25.0,39G6
16.14375000000001,55.37291666666667,80.0,68.85763862422512,563.5003055683666,25.0,39G6
16.23124999999999,55.37291666666667,75.0,73.99613984734312,569.0305160576019,25.0,39G6
16.318749999999994,55.37291666666667,70.0,78.59263073953589,574.5607212445371,25.0,39G6
16.40625,55.37291666666667,62.0,81.04267543508817,580.4402447602274,25.0,39G6
16.493750000000006,55.37291666666667,54.0,83.78065725148092,585.9704563633926,25.0,39G6
16.58125000000001,55.37291666666667,57.0,82.91737158473417,591.5006632880578,25.0,39G6
16.66874999999999,55.37291666666667,61.0,80.22321823723351,597.3801837483986,25.0,39G6
16.756249999999994,55.37291666666667,62.0,77.83567846227075,602.9103962872636,25.0,39G6
16.84375,55.37291666666667,63.0,75.78374096003115,608.4406047714291,25.0,39G6
16.931250000000006,55.37291666666667,64.0,74.0952960378168,614.3201225838044,25.0,39G6
17.01875000000001,55.37291666666667,64.0,72.53351334882282,619.8503358801404,25.0,39G7
17.10624999999999,55.37291666666667,64.0,71.14356222886964,625.3805457455757,25.0,39G7
17.193749999999994,55.37291666666667,63.0,70.17002428123124,631.2600613173635,25.0,39G7
17.28125,55.37291666666667,64.0,69.33262633431168,636.7902751929419,25.0,39G7
17.368750000000006,55.37291666666667,65.0,68.10145250388307,642.3204862614217,25.0,39G7
17.45625000000001,55.37291666666667,69.0,66.52234327369797,647.8506923395004,25.0,39G7
17.54374999999999,55.37291666666667,81.0,64.97038964383195,653.7302142765907,25.0,39G7
17.631249999999994,55.37291666666667,76.0,63.41439063315696,659.2604263698845,25.0,39G7
17.71875,55.37291666666667,76.0,62.11416021294414,664.7906340965784,25.0,39G7
17.806250000000006,55.37291666666667,76.0,60.99900562395189,670.6701531820146,25.0,39G7
17.89375000000001,55.37291666666667,72.0,60.37872505215245,676.2003661218938,25.0,39G7
17.98124999999999,55.37291666666667,72.0,60.24760222600892,681.7305753189718,25.0,39G7
18.068749999999994,55.37291666666667,80.0,60.24760222600892,687.610091960131,26.0,39G8
18.15625,55.37291666666667,79.0,60.24760222600892,693.1403055683666,26.0,39G8
18.24375000000001,55.37291666666667,81.0,60.24760222600892,698.6705160576037,26.0,39G8
18.33125000000001,55.37291666666667,82.0,60.24760222600892,704.200721244539,26.0,39G8
18.41874999999999,55.37291666666667,82.0,60.43632896551995,710.0802447602275,26.0,39G8
18.506249999999994,55.37291666666667,83.0,61.12851658511519,715.6104563633926,26.0,39G8
18.59375,55.37291666666667,82.0,62.31246392023735,721.1406632880578,26.0,39G8
18.68125000000001,55.37291666666667,83.0,63.960866858427984,727.0201837484004,26.0,39G8
18.76875000000001,55.37291666666667,87.0,66.03895215510809,732.5503962872655,26.0,39G8
18.85624999999999,55.37291666666667,90.0,68.50762638831664,738.0806047714291,26.0,39G8
18.943749999999994,55.37291666666667,91.0,71.32634143861145,743.9601225838026,26.0,39G8
19.03125,55.37291666666667,84.0,74.45534844672798,749.4903358801384,26.0,39G9
19.11875000000001,55.37291666666667,84.0,71.76746355907291,755.0205457455756,26.0,39G9
19.20625000000001,55.37291666666667,82.0,67.61819819017501,760.9000613173633,26.0,39G9
19.29374999999999,55.37291666666667,88.0,63.68420859840921,766.4302751929401,26.0,39G9
19.381249999999994,55.37291666666667,90.0,60.00785558829151,771.9604862614198,26.0,39G9
19.46875,55.37291666666667,94.0,56.63933583214526,777.4906923394987,26.0,39G9
19.55625000000001,55.37291666666667,97.0,53.63668460868024,783.3702142765924,26.0,39G9
19.64375000000001,55.37291666666667,98.0,51.06448834072598,788.9004263698863,26.0,39G9
19.73124999999999,55.37291666666667,97.0,48.99059999362776,794.4306340965782,26.0,39G9
19.818749999999994,55.37291666666667,94.0,47.480364536929656,800.3101531820146,26.0,39G9
19.90625,55.37291666666667,86.0,46.58863149842114,805.8403661218936,26.0,39G9
19.99375000000001,55.37291666666667,72.0,46.34430940462224,811.3705753189737,26.0,39G9
20.08125000000001,55.37291666666667,57.0,46.58863149842131,817.2500919601325,26.0,39H0
20.16874999999999,55.37291666666667,46.0,46.37151987585114,822.7803055683667,26.0,39H0
20.256249999999994,55.37291666666667,41.0,42.27172361282366,828.3105160576034,26.0,39H0
20.34375,55.37291666666667,37.0,37.94451765864429,833.8407212445389,26.0,39H0
20.43125000000001,55.37291666666667,38.0,33.50030054494049,839.7202447602275,26.0,39H0
20.51875000000001,55.37291666666667,38.0,28.93351849032907,845.2504563633929,26.0,39H0
20.60624999999999,55.37291666666667,38.0,24.321888305537573,850.7806632880562,26.0,39H0
20.693749999999994,55.37291666666667,29.0,19.489481448539983,856.6601837483986,26.0,39H0
20.78125,55.37291666666667,29.0,14.544239839131064,862.1903962872638,26.0,39H0
10.806250000000006,55.42291666666665,18.0,4.8276494946370185,318.5475447523729,22.0,39G0
10.893750000000011,55.42291666666665,26.0,9.154275238971714,318.5475447523729,22.0,39G0
10.981249999999989,55.42291666666665,22.0,10.226304059048566,318.5475447523729,22.0,39G0
11.068749999999994,55.42291666666665,14.0,7.216137160653187,318.5475447523729,22.0,39G1
12.381249999999994,55.42291666666665,11.0,3.197487170648107,357.0833816467808,23.0,39G2
12.46875,55.42291666666665,15.0,6.6267762754025625,356.5144309404644,23.0,39G2
12.556250000000006,55.42291666666665,16.0,10.832624409068922,356.2782156844344,23.0,39G2
12.643750000000011,55.42291666666665,13.0,11.656449433668008,355.5875447523729,23.0,39G2
12.731249999999989,55.42291666666665,11.0,6.380602855892758,355.5875447523729,23.0,39G2
14.481249999999989,55.42291666666665,56.0,13.213750936158284,456.3154761783896,25.0,39G4
14.568749999999994,55.42291666666665,66.0,17.469913598203043,461.8386923504205,25.0,39G4
14.65625,55.42291666666665,69.0,16.121824614209935,467.7341916743242,25.0,39G4
14.743750000000006,55.42291666666665,71.0,14.851224923808031,473.25741346021374,25.0,39G4
14.831250000000011,55.42291666666665,69.0,15.163408772457789,478.7806311916505,25.0,39G4
14.918749999999989,55.42291666666665,65.0,17.190681531347963,484.6761278677476,25.0,39G4
15.006249999999994,55.42291666666665,63.0,20.550616878546425,490.1993504110624,25.0,39G5
15.09375,55.42291666666665,77.0,24.485384158776988,495.72256952368656,25.0,39G5
15.181250000000006,55.42291666666665,75.0,26.79216550037752,501.61806395933456,25.0,39G5
15.268750000000011,55.42291666666665,75.0,29.95729507662497,507.1412870818564,25.0,39G5
15.356249999999989,55.42291666666665,75.0,33.740064351531416,512.6645073974485,25.0,39G5
15.443749999999994,55.42291666666665,75.0,37.2160636412648,518.1877227229446,25.0,39G5
15.53125,55.42291666666665,92.0,40.43785924879232,524.0832235235116,25.0,39G5
15.618750000000006,55.42291666666665,86.0,44.12316561663563,529.6064448638571,25.0,39G5
15.706250000000011,55.42291666666665,91.0,48.165700992824576,535.1296618378682,25.0,39G5
15.793749999999989,55.42291666666665,93.0,52.42383954491023,541.0251597869491,25.0,39G5
15.881249999999994,55.42291666666665,92.0,56.88195996806108,546.5483819738286,25.0,39G5
15.96875,55.42291666666665,90.0,61.516781608509376,552.0716004181362,25.0,39G5
16.056250000000006,55.42291666666665,85.0,66.29124555323641,557.9670959230884,25.0,39G6
16.14375000000001,55.42291666666665,80.0,69.36554538547063,563.4903187782838,25.0,39G6
16.23124999999999,55.42291666666665,75.0,71.2882059898272,569.0135385146684,25.0,39G6
16.318749999999994,55.42291666666665,68.0,73.5699143048054,574.5367529490753,25.0,39G6
16.40625,55.42291666666665,65.0,76.17841093781868,580.4322553281427,25.0,39G6
16.493750000000006,55.42291666666665,54.0,79.08136125421545,585.9554761783895,25.0,39G6
16.58125000000001,55.42291666666665,47.0,82.247588338712,591.4786923504205,25.0,39G6
16.66874999999999,55.42291666666665,48.0,85.19874452778146,597.3741916743242,25.0,39G6
16.756249999999994,55.42291666666665,50.0,82.95739828041053,602.8974134602138,25.0,39G6
16.84375,55.42291666666665,51.0,81.03770655873221,608.4206311916505,25.0,39G6
16.931250000000006,55.42291666666665,51.0,79.43126383794485,614.3161278677496,25.0,39G6
17.01875000000001,55.42291666666665,51.0,77.87621373579023,619.8393504110644,25.0,39G7
17.10624999999999,55.42291666666665,51.0,76.58493547776843,625.3625695236866,25.0,39G7
17.193749999999994,55.42291666666665,51.0,75.68257168940647,631.2580639593345,25.0,39G7
17.28125,55.42291666666665,53.0,74.76790914247775,636.7812870818564,25.0,39G7
17.368750000000006,55.42291666666665,52.0,73.41563407705073,642.3045073974503,25.0,39G7
17.45625000000001,55.42291666666665,55.0,71.87108826058211,647.8277227229464,25.0,39G7
17.54374999999999,55.42291666666665,61.0,70.30185544285031,653.7232235235098,25.0,39G7
17.631249999999994,55.42291666666665,70.0,68.79231565078213,659.2464448638552,25.0,39G7
17.71875,55.42291666666665,71.0,67.51978326993036,664.7696618378665,25.0,39G7
17.806250000000006,55.42291666666665,71.0,66.49664709876774,670.6651597869491,25.0,39G7
17.89375000000001,55.42291666666665,71.0,65.92883119605182,676.1883819738285,25.0,39G7
17.98124999999999,55.42291666666665,70.0,65.80891935456117,681.7116004181344,25.0,39G7
18.068749999999994,55.42291666666665,75.0,65.80891935456117,687.6070959230884,26.0,39G8
18.15625,55.42291666666665,78.0,65.80891935456117,693.1303187782838,26.0,39G8
18.24375000000001,55.42291666666665,83.0,65.80891935456117,698.6535385146702,26.0,39G8
18.33125000000001,55.42291666666665,87.0,65.80891935456117,704.176752949077,26.0,39G8
18.41874999999999,55.42291666666665,85.0,65.9815233634756,710.0722553281427,26.0,39G8
18.506249999999994,55.42291666666665,85.0,66.61532090663577,715.5954761783895,26.0,39G8
18.59375,55.42291666666665,79.0,67.70202562526646,721.1186923504205,26.0,39G8
18.68125000000001,55.42291666666665,82.0,69.22030828474155,727.014191674326,26.0,39G8
18.76875000000001,55.42291666666665,86.0,71.14254050111782,732.5374134602158,26.0,39G8
18.85624999999999,55.42291666666665,89.0,73.43700579378115,738.0606311916505,26.0,39G8
18.943749999999994,55.42291666666665,90.0,76.07002570833708,743.9561278677478,26.0,39G8
19.03125,55.42291666666665,85.0,79.00775547310877,749.4793504110623,26.0,39G9
19.11875000000001,55.42291666666665,85.0,75.453156114127,755.0025695236867,26.0,39G9
19.20625000000001,55.42291666666665,79.0,71.52314640741578,760.8980639593343,26.0,39G9
19.29374999999999,55.42291666666665,86.0,67.82086685723229,766.4212870818546,26.0,39G9
19.381249999999994,55.42291666666665,89.0,64.3856203390608,771.9445073974483,26.0,39G9
19.46875,55.42291666666665,93.0,61.26235027821438,777.4677227229447,26.0,39G9
19.55625000000001,55.42291666666665,96.0,58.50105096286946,783.3632235235115,26.0,39G9
19.64375000000001,55.42291666666665,97.0,56.15514965554544,788.886444863857,26.0,39G9
19.73124999999999,55.42291666666665,95.0,54.278537118514166,794.4096618378662,26.0,39G9
19.818749999999994,55.42291666666665,93.0,52.92116368956297,800.3051597869492,26.0,39G9
19.90625,55.42291666666665,86.0,52.12361254945338,805.8283819738284,26.0,39G9
19.99375000000001,55.42291666666665,72.0,51.905626533174505,811.3516004181362,26.0,39G9
20.08125000000001,55.42291666666665,53.0,52.123612549453526,817.24709592309,26.0,39H0
20.16874999999999,55.42291666666665,46.0,50.0282305698564,822.7703187782839,26.0,39H0
20.256249999999994,55.42291666666665,46.0,45.75105367412482,828.2935385146701,26.0,39H0
20.34375,55.42291666666665,42.0,41.159995425649605,833.8167529490771,26.0,39H0
20.43125000000001,55.42291666666665,41.0,36.6600372177221,839.7122553281426,26.0,39H0
20.51875000000001,55.42291666666665,36.0,31.83813577164998,845.2354761783897,26.0,39H0
20.60624999999999,55.42291666666665,37.0,26.898271198840703,850.758692350419,26.0,39H0
20.693749999999994,55.42291666666665,41.0,21.813736748857337,856.6541916743242,26.0,39H0
20.78125,55.42291666666665,36.0,16.736514980577134,862.177413460214,26.0,39H0
20.86875000000001,55.42291666666665,28.0,11.656449433668008,867.7006311916505,26.0,39H0
10.806250000000006,55.47291666666666,19.0,3.7902979338244784,312.0770651975731,22.0,39G0
10.893750000000011,55.47291666666666,31.0,7.311359851510652,312.0770651975731,22.0,39G0
10.981249999999989,55.47291666666666,23.0,8.46908492052129,312.0770651975731,22.0,39G0
11.068749999999994,55.47291666666666,4.0,4.894824427393287,312.0770651975731,22.0,39G1
12.293749999999989,55.47291666666666,10.0,5.818280067377626,354.88384229074296,23.0,39G2
12.381249999999994,55.47291666666666,11.0,8.489833060515396,351.8049808620282,23.0,39G2
12.46875,55.47291666666666,12.0,10.789109586062985,350.20998257774164,23.0,39G2
12.556250000000006,55.47291666666666,14.0,9.302229992554397,350.3379954561024,23.0,39G2
12.643750000000011,55.47291666666666,12.0,9.564985146242996,349.29279528530907,23.0,39G2
12.731249999999989,55.47291666666666,11.0,8.005563458584087,349.11706519757314,23.0,39G2
12.818749999999994,55.47291666666666,3.0,3.6502830167508256,349.80872487065915,23.0,39G2
14.568749999999994,55.47291666666666,54.0,14.915348322670331,462.6973233571729,25.0,39G4
14.65625,55.47291666666666,68.0,20.228425094514627,468.0795434027048,25.0,39G4
14.743750000000006,55.47291666666666,72.0,20.40678799833425,473.4129266716787,25.0,39G4
14.831250000000011,55.47291666666666,74.0,20.63480605503543,478.8726003355262,25.0,39G4
14.918749999999989,55.47291666666666,76.0,22.165350695454507,484.6721307481644,25.0,39G4
15.006249999999994,55.47291666666666,75.0,24.858612143111696,490.1883583322887,25.0,39G5
15.09375,55.47291666666666,80.0,28.385533279752472,495.7045824859469,25.0,39G5
15.181250000000006,55.47291666666666,78.0,31.72152154433528,501.6160653995413,25.0,39G5
15.268750000000011,55.47291666666666,75.0,34.43322604865823,507.1322935628348,25.0,39G5
15.356249999999989,55.47291666666666,75.0,37.7663156448813,512.6485189193822,25.0,39G5
15.443749999999994,55.47291666666666,75.0,41.57159093825983,518.1647392861599,25.0,39G5
15.53125,55.47291666666666,85.0,44.89829269835278,524.0762285642571,25.0,39G5
15.618750000000006,55.47291666666666,85.0,48.23998118265762,529.5924549454908,25.0,39G5
15.706250000000011,55.47291666666666,86.0,51.9586843592561,535.1086769606758,25.0,39G5
15.793749999999989,55.47291666666666,91.0,55.97931213643372,541.0201633874732,25.0,39G5
15.881249999999994,55.47291666666666,87.0,60.204267373303466,546.5363906151856,25.0,39G5
15.96875,55.47291666666666,83.0,61.23571226788557,552.0526141005708,25.0,39G5
16.056250000000006,55.47291666666666,81.0,62.44886613355161,557.9640980833996,25.0,39G6
16.14375000000001,55.47291666666666,79.0,64.10872281398795,563.4803259793841,25.0,39G6
16.23124999999999,55.47291666666666,74.0,66.18167798324197,568.9965507567618,25.0,39G6
16.318749999999994,55.47291666666666,72.0,68.63030621049587,574.5127702325086,25.0,39G6
16.40625,55.47291666666666,66.0,71.41597233453781,580.4242610890029,25.0,39G6
16.493750000000006,55.47291666666666,59.0,74.50087516875826,585.94048698017,25.0,39G6
16.58125000000001,55.47291666666666,49.0,77.84944510140572,591.4567081934274,25.0,39G6
16.66874999999999,55.47291666666666,39.0,81.42915569189121,597.3681959949578,25.0,39G6
16.756249999999994,55.47291666666666,38.0,84.11658634662714,602.8844228217065,25.0,39G6
16.84375,55.47291666666666,37.0,85.6161698521442,608.4006455942675,25.0,39G6
16.931250000000006,55.47291666666666,41.0,84.76410451457147,614.3121307481664,25.0,39G6
17.01875000000001,55.47291666666666,41.0,83.24755280676717,619.8283583322907,25.0,39G7
17.10624999999999,55.47291666666666,41.0,82.04239523585734,625.344582485947,25.0,39G7
17.193749999999994,55.47291666666666,38.0,81.20177003455473,631.2560653995413,25.0,39G7
17.28125,55.47291666666666,38.0,80.22046982623287,636.7722935628348,25.0,39G7
17.368750000000006,55.47291666666666,39.0,78.76394541021091,642.288518919384,25.0,39G7
17.45625000000001,55.47291666666666,41.0,77.19259110813927,647.8047392861617,25.0,39G7
17.54374999999999,55.47291666666666,49.0,75.64218919131314,653.7162285642553,25.0,39G7
17.631249999999994,55.47291666666666,59.0,74.19728295955765,659.2324549454889,25.0,39G7
17.71875,55.47291666666666,66.0,72.94881592970616,664.748676960674,25.0,39G7
17.806250000000006,55.47291666666666,73.0,72.00406872648502,670.6601633874733,25.0,39G7
17.89375000000001,55.47291666666666,68.0,71.48068001285996,676.1763906151856,25.0,39G7
17.98124999999999,55.47291666666666,69.0,71.37023648311768,681.692614100569,25.0,39G7
18.068749999999994,55.47291666666666,73.0,71.37023648311768,687.6040980833995,26.0,39G8
18.15625,55.47291666666666,78.0,71.37023648311768,693.1203259793841,26.0,39G8
18.24375000000001,55.47291666666666,81.0,71.37023648311768,698.6365507567637,26.0,39G8
18.33125000000001,55.47291666666666,83.0,71.37023648311768,704.1527702325104,26.0,39G8
18.41874999999999,55.47291666666666,85.0,71.52922113786045,710.0642610890029,26.0,39G8
18.506249999999994,55.47291666666666,87.0,72.11354145009572,715.58048698017,26.0,39G8
18.59375,55.47291666666666,84.0,73.11731500737743,721.0967081934274,26.0,39G8
18.68125000000001,55.47291666666666,79.0,74.52359309532508,727.0081959949596,26.0,39G8
18.76875000000001,55.47291666666666,86.0,76.31012420500713,732.5244228217085,26.0,39G8
18.85624999999999,55.47291666666666,88.0,78.45093189783032,738.0406455942675,26.0,39G8
18.943749999999994,55.47291666666666,88.0,80.91789904442854,743.9521307481647,26.0,39G8
19.03125,55.47291666666666,85.0,83.28373630798838,749.4683583322887,26.0,39G9
19.11875000000001,55.47291666666666,87.0,79.35769443088954,754.9845824859469,26.0,39G9
19.20625000000001,55.47291666666666,80.0,75.63567590871241,760.8960653995412,26.0,39G9
19.29374999999999,55.47291666666666,81.0,72.14926926407854,766.412293562833,26.0,39G9
19.381249999999994,55.47291666666666,85.0,68.93423845584584,771.9285189193821,26.0,39G9
19.46875,55.47291666666666,91.0,66.03024089156094,777.44473928616,26.0,39G9
19.55625000000001,55.47291666666666,95.0,63.47998199484821,783.356228564257,26.0,39G9
19.64375000000001,55.47291666666666,95.0,61.32761169893614,788.8724549454907,26.0,39G9
19.73124999999999,55.47291666666666,93.0,59.61624495634155,794.3886769606737,26.0,39G9
19.818749999999994,55.47291666666666,91.0,58.38467742207547,800.3001633874733,26.0,39G9
19.90625,55.47291666666666,87.0,57.66366161002716,805.8163906151855,26.0,39G9
19.99375000000001,55.47291666666666,79.0,57.46694366173101,811.3326141005709,26.0,39G9
20.08125000000001,55.47291666666666,62.0,57.66366161002728,817.2440980834012,26.0,39H0
20.16874999999999,55.47291666666666,54.0,53.44547031673388,822.7603259793841,26.0,39H0
20.256249999999994,55.47291666666666,47.0,48.86977324130711,828.2765507567635,26.0,39H0
20.34375,55.47291666666666,47.0,44.18957314692236,833.7927702325104,26.0,39H0
20.43125000000001,55.47291666666666,38.0,39.222387044891086,839.7042610890029,26.0,39H0
20.51875000000001,55.47291666666666,42.0,34.13085247901142,845.2204869801702,26.0,39H0
20.60624999999999,55.47291666666666,53.0,28.92674054851844,850.7367081934258,26.0,39H0
20.693749999999994,55.47291666666666,54.0,23.53394656521572,856.6481959949577,26.0,39H0
20.78125,55.47291666666666,44.0,18.217323357172862,862.1644228217067,26.0,39H0
20.86875000000001,55.47291666666666,27.0,12.91540270746757,867.6806455942675,26.0,39H0
10.893750000000011,55.522916666666674,21.0,6.364780439276516,306.5157480690173,22.0,40G0
10.981249999999989,55.522916666666674,18.0,7.083294642726132,306.5157480690173,22.0,40G0
12.293749999999989,55.522916666666674,10.0,4.0424440145947,350.7459212440631,23.0,40G2
12.381249999999994,55.522916666666674,11.0,7.586786756211274,346.97974834506493,23.0,40G2
12.46875,55.522916666666674,10.0,7.304465298980006,344.72985505087206,23.0,40G2
12.556250000000006,55.522916666666674,7.0,3.790090223518741,344.91848274665733,23.0,40G2
12.643750000000011,55.522916666666674,10.0,4.394991498854219,343.8249448834161,23.0,40G2
12.731249999999989,55.522916666666674,11.0,7.7813167018545535,343.55574806901734,23.0,40G2
12.818749999999994,55.522916666666674,8.0,4.722196714867062,344.4826342571088,23.0,40G2
14.568749999999994,55.522916666666674,55.0,13.504557338857598,464.8268348060459,25.0,40G4
14.65625,55.522916666666674,58.0,18.9755388415236,469.56476806477247,25.0,40G4
14.743750000000006,55.522916666666674,66.0,24.46315628815291,474.9526177671452,25.0,40G4
14.831250000000011,55.522916666666674,73.0,26.14417655185357,480.17356624020255,25.0,40G4
14.918749999999989,55.522916666666674,75.0,27.36681328356605,485.5632552970561,25.0,40G4
15.006249999999994,55.522916666666674,81.0,29.587661864062746,490.9412130058903,25.0,40G5
15.09375,55.522916666666674,85.0,32.60336736474552,496.1695056423055,25.0,40G5
15.181250000000006,55.522916666666674,80.0,36.21590340855912,501.6140656395057,25.0,40G5
15.268750000000011,55.522916666666674,75.0,39.18814739627869,507.1232946427261,25.0,40G5
15.356249999999989,55.522916666666674,75.0,42.14324906532655,512.632520839397,25.0,40G5
15.443749999999994,55.522916666666674,75.0,45.58040573372869,518.1417420466476,25.0,40G5
15.53125,55.522916666666674,78.0,49.39909164596231,524.069229404156,25.0,40G5
15.618750000000006,55.522916666666674,80.0,52.62313021588941,529.5784566254413,25.0,40G5
15.706250000000011,55.522916666666674,77.0,54.95963386493538,535.0876794809838,25.0,40G5
15.793749999999989,55.522916666666674,81.0,54.686285097452405,541.0151639873922,25.0,40G5
15.881249999999994,55.522916666666674,82.0,54.9596338649356,546.5243920550968,25.0,40G5
15.96875,55.522916666666674,80.0,55.77164187299658,552.0336163807366,25.0,40G5
16.056250000000006,55.522916666666674,78.0,57.09933171535838,557.9610984433473,25.0,40G6
16.14375000000001,55.522916666666674,75.0,58.9078437141522,563.4703271792775,25.0,40G6
16.23124999999999,55.522916666666674,74.0,61.15453220218606,568.9795527968192,25.0,40G6
16.318749999999994,55.522916666666674,72.0,63.7931150341126,574.4887731131012,25.0,40G6
16.40625,55.522916666666674,69.0,66.77714935598638,580.4162620488962,25.0,40G6
16.493750000000006,55.522916666666674,65.0,70.06250522762502,585.9254887801494,25.0,40G6
16.58125000000001,55.522916666666674,57.0,73.60884251910642,591.4347108338202,25.0,40G6
16.66874999999999,55.522916666666674,45.0,77.38028197486855,597.3621967148653,25.0,40G6
16.756249999999994,55.522916666666674,37.0,78.73221716106616,602.8714243816345,25.0,40G6
16.84375,55.522916666666674,34.0,80.33035909451739,608.3806479944998,25.0,40G6
16.931250000000006,55.522916666666674,34.0,82.26065970526447,614.3081312280989,25.0,40G6
17.01875000000001,55.522916666666674,33.0,84.50035589433105,619.8173596521907,25.0,40G7
17.10624999999999,55.522916666666674,32.0,87.0255596294138,625.3265846460546,25.0,40G7
17.193749999999994,55.522916666666674,30.0,86.72634954438674,631.2540656395057,25.0,40G7
17.28125,55.522916666666674,29.0,85.67434187930643,636.7632946427261,25.0,40G7
17.368750000000006,55.522916666666674,26.0,84.08557718567008,642.2725208393988,25.0,40G7
17.45625000000001,55.522916666666674,26.0,82.54135745874969,647.7817420466494,25.0,40G7
17.54374999999999,55.522916666666674,41.0,80.97022463901305,653.7092294041543,25.0,40G7
17.631249999999994,55.522916666666674,51.0,79.6237857510202,659.2184566254396,25.0,40G7
17.71875,55.522916666666674,63.0,78.39639492439139,664.7276794809818,25.0,40G7
17.806250000000006,55.522916666666674,66.0,77.51918601534017,670.6551639873921,25.0,40G7
17.89375000000001,55.522916666666674,79.0,77.03389471909679,676.1643920550969,25.0,40G7
17.98124999999999,55.522916666666674,68.0,76.93155361167348,681.6736163807348,25.0,40G7
18.068749999999994,55.522916666666674,70.0,76.93155361167348,687.6010984433474,26.0,40G8
18.15625,55.522916666666674,75.0,76.93155361167348,693.1103271792775,26.0,40G8
18.24375000000001,55.522916666666674,83.0,76.93155361167348,698.619552796821,26.0,40G8
18.33125000000001,55.522916666666674,88.0,76.93155361167348,704.128773113103,26.0,40G8
18.41874999999999,55.522916666666674,90.0,77.07888175434324,710.0562620488963,26.0,40G8
18.506249999999994,55.522916666666674,89.0,77.62075226920633,715.5654887801494,26.0,40G8
18.59375,55.522916666666674,85.0,78.55301140109624,721.0747108338202,26.0,40G8
18.68125000000001,55.522916666666674,83.0,79.86198742635895,727.0021967148672,26.0,40G8
18.76875000000001,55.522916666666674,85.0,81.52953552812923,732.5114243816365,26.0,40G8
18.85624999999999,55.522916666666674,87.0,83.5341819879918,738.0206479944998,26.0,40G8
18.943749999999994,55.522916666666674,87.0,85.85231334392176,743.9481312280969,26.0,40G8
19.03125,55.522916666666674,85.0,87.18768338795188,749.4573596521886,26.0,40G9
19.11875000000001,55.522916666666674,87.0,83.45036560197958,754.9665846460546,26.0,40G9
19.20625000000001,55.522916666666674,84.0,79.9237494173749,760.8940656395055,26.0,40G9
19.29374999999999,55.522916666666674,80.0,76.63693396151508,766.4032946427244,26.0,40G9
19.381249999999994,55.522916666666674,85.0,73.622049057504,771.9125208393967,26.0,40G9
19.46875,55.522916666666674,90.0,70.91379143201695,777.4217420466475,26.0,40G9
19.55625000000001,55.522916666666674,93.0,68.54851848673559,783.3492294041558,26.0,40G9
19.64375000000001,55.522916666666674,92.0,66.5628074909299,788.8584566254414,26.0,40G9
19.73124999999999,55.522916666666674,91.0,64.99146175183463,794.3676794809817,26.0,40G9
19.818749999999994,55.522916666666674,89.0,63.86507645674426,800.2951639873921,26.0,40G9
19.90625,55.522916666666674,85.0,63.20744608118322,805.8043920550966,26.0,40G9
19.99375000000001,55.522916666666674,82.0,63.028260790286815,811.3136163807366,26.0,40G9
20.08125000000001,55.522916666666674,77.0,61.09918129397642,817.2410984433491,26.0,40H0
20.16874999999999,55.522916666666674,71.0,56.533694914701314,822.7503271792775,26.0,40H0
20.256249999999994,55.522916666666674,54.0,51.53725752207822,828.2595527968209,26.0,40H0
20.34375,55.522916666666674,52.0,46.27424882831883,833.768773113103,26.0,40H0
20.43125000000001,55.522916666666674,51.0,40.941281226766144,839.6962620488963,26.0,40H0
20.51875000000001,55.522916666666674,62.0,35.65201219142219,845.2054887801496,26.0,40H0
20.60624999999999,55.522916666666674,62.0,30.279778469135344,850.7147108338186,26.0,40H0
20.693749999999994,55.522916666666674,57.0,24.84693055469152,856.6421967148652,26.0,40H0
20.78125,55.522916666666674,49.0,19.458712196446303,862.1514243816346,26.0,40H0
20.86875000000001,55.522916666666674,41.0,14.166154360768452,867.6606479944999,26.0,40H0
9.931250000000006,55.57291666666666,13.0,5.601248620993964,316.0552504840656,22.0,40F9
10.543749999999989,55.57291666666666,14.0,3.930161590512961,300.9544309404644,22.0,40G0
10.806250000000006,55.57291666666666,25.0,6.535713171623421,300.9544309404644,22.0,40G0
10.893750000000011,55.57291666666666,18.0,9.038677784865746,300.9544309404644,22.0,40G0
10.981249999999989,55.57291666666666,12.0,8.460296890075174,300.9544309404644,22.0,40G0
11.068749999999994,55.57291666666666,12.0,4.894073887372008,300.9544309404644,22.0,40G1
12.818749999999994,55.57291666666666,8.0,3.649359591533036,338.9213171285558,23.0,40G2
14.568749999999994,55.57291666666666,59.0,13.493325998691256,467.81539865996666,25.0,40G4
14.65625,55.57291666666666,62.0,18.959607806484485,472.12842598454375,25.0,40G4
14.743750000000006,55.57291666666666,73.0,24.442539216223302,476.936819544749,25.0,40G4
14.831250000000011,55.57291666666666,75.0,29.93296601499636,481.8289284944012,25.0,40G4
14.918749999999989,55.57291666666666,78.0,32.68697944208394,487.1003255769208,25.0,40G4
15.006249999999994,55.57291666666666,78.0,34.56537667652036,492.3943079959114,25.0,40G5
15.09375,55.57291666666666,78.0,37.17629520259469,497.6784066014988,25.0,40G5
15.181250000000006,55.57291666666666,76.0,40.3778814381372,503.1841293105926,25.0,40G5
15.268750000000011,55.57291666666666,73.0,44.04150344226296,508.3800274792829,25.0,40G5
15.356249999999989,55.57291666666666,70.0,46.772518380179775,513.6929601284182,25.0,40G5
15.443749999999994,55.57291666666666,71.0,49.8879307622311,518.9657711924882,25.0,40G5
15.53125,55.57291666666666,71.0,51.79442870126496,524.367220607494,25.0,40G5
15.618750000000006,55.57291666666666,70.0,50.32887892422623,529.7218000617509,25.0,40G5
15.706250000000011,55.57291666666666,71.0,49.42869494371322,535.173916942626,25.0,40G5
15.793749999999989,55.57291666666666,75.0,49.12496796889943,541.0101615905129,25.0,40G5
15.881249999999994,55.57291666666666,78.0,49.42869494371343,546.5123863026998,25.0,40G5
15.96875,55.57291666666666,78.0,50.328878924226615,552.014607273101,25.0,40G5
16.056250000000006,55.57291666666666,76.0,51.7944287012656,557.958097005216,25.0,40G6
16.14375000000001,55.57291666666666,78.0,53.77914109816383,563.4603223855785,25.0,40G6
16.23124999999999,55.57291666666666,75.0,56.22806450361437,568.9625446477853,25.0,40G6
16.318749999999994,55.57291666666666,70.0,59.08350088177998,574.4647616091278,25.0,40G6
16.40625,55.57291666666666,68.0,62.28956580269873,580.4082582139142,25.0,40G6
16.493750000000006,55.57291666666666,67.0,65.7950181351616,585.9104815897492,25.0,40G6
16.58125000000001,55.57291666666666,60.0,69.55460136295513,591.4127002883511,25.0,40G6
16.66874999999999,55.57291666666666,52.0,72.037969172283,597.3561938386155,25.0,40G6
16.756249999999994,55.57291666666666,43.0,73.37424769938394,602.8584181498967,25.0,40G6
16.84375,55.57291666666666,36.0,75.08435791436222,608.3606384075767,25.0,40G6
16.931250000000006,55.57291666666666,32.0,77.1434399702096,614.3041293105925,25.0,40G6
17.01875000000001,55.57291666666666,31.0,79.52438811691428,619.8063543791399,25.0,40G7
17.10624999999999,55.57291666666666,30.0,82.19923437483325,625.3085760177155,25.0,40G7
17.193749999999994,55.57291666666666,28.0,85.14027905822024,631.2520646807508,25.0,40G7
17.28125,55.57291666666666,22.0,88.3209288752705,636.7542903283835,25.0,40G7
17.368750000000006,55.57291666666666,20.0,89.42881083183532,642.2565131696779,25.0,40G7
17.45625000000001,55.57291666666666,20.0,87.86089160493134,647.7587310219226,25.0,40G7
17.54374999999999,55.57291666666666,21.0,86.32768971518637,653.7022260485365,25.0,40G7
17.631249999999994,55.57291666666666,40.0,85.0329467934796,659.2044499143673,25.0,40G7
17.71875,55.57291666666666,54.0,83.85890595280861,664.7066694147808,25.0,40G7
17.806250000000006,55.57291666666666,63.0,83.04046566171759,670.6501615905129,25.0,40G7
17.89375000000001,55.57291666666666,66.0,82.58819978878998,676.1523863026998,25.0,40G7
17.98124999999999,55.57291666666666,70.0,82.49287074022645,681.654607273099,25.0,40G7
18.068749999999994,55.57291666666666,71.0,82.49287074022645,687.598097005216,26.0,40G8
18.15625,55.57291666666666,75.0,82.49287074022645,693.1003223855786,26.0,40G8
18.24375000000001,55.57291666666666,85.0,82.49287074022645,698.602544647787,26.0,40G8
18.33125000000001,55.57291666666666,91.0,82.49287074022645,704.1047616091296,26.0,40G8
18.41874999999999,55.57291666666666,90.0,82.6301097245893,710.0482582139142,26.0,40G8
18.506249999999994,55.57291666666666,94.0,83.13516672613174,715.5504815897492,26.0,40G8
18.59375,55.57291666666666,88.0,84.00515348858599,721.052700288351,26.0,40G8
18.68125000000001,55.57291666666666,84.0,85.22889417670137,726.9961938386173,26.0,40G8
18.76875000000001,55.57291666666666,85.0,86.79142463801581,732.4984181498987,26.0,40G8
18.85624999999999,55.57291666666666,86.0,88.67483495471426,738.0006384075767,26.0,40G8
18.943749999999994,55.57291666666666,86.0,90.85917000213246,743.9441293105908,26.0,40G8
19.03125,55.57291666666666,87.0,91.26367384232286,749.4463543791379,26.0,40G9
19.11875000000001,55.57291666666666,88.0,87.70483640441535,754.9485760177155,26.0,40G9
19.20625000000001,55.57291666666666,81.0,84.36060232299678,760.8920646807505,26.0,40G9
19.29374999999999,55.57291666666666,80.0,81.25747815618585,766.3942903283817,26.0,40G9
19.381249999999994,55.57291666666666,86.0,78.42409536778084,771.8965131696758,26.0,40G9
19.46875,55.57291666666666,88.0,75.89067710071403,777.3987310219208,26.0,40G9
19.55625000000001,55.57291666666666,88.0,73.68817260414119,783.3422260485382,26.0,40G9
19.64375000000001,55.57291666666666,87.0,71.84702489297764,788.8444499143691,26.0,40G9
19.73124999999999,55.57291666666666,87.0,70.3955957824191,794.3466694147805,26.0,40G9
19.818749999999994,55.57291666666666,87.0,69.35835829728661,800.2901615905129,26.0,40G9
19.90625,55.57291666666666,85.0,68.75406238685126,805.7923863026997,26.0,40G9
19.99375000000001,55.57291666666666,82.0,68.58957791883978,811.294607273101,26.0,40G9
20.08125000000001,55.57291666666666,79.0,63.652351540046254,817.2380970052177,26.0,40H0
20.16874999999999,55.57291666666666,75.0,58.34461666740193,822.7403223855786,26.0,40H0
20.256249999999994,55.57291666666666,66.0,52.92959771118998,828.2425446477869,26.0,40H0
20.34375,55.57291666666666,63.0,47.53605287477789,833.7447616091296,26.0,40H0
20.43125000000001,55.57291666666666,67.0,42.17223233488635,839.6882582139142,26.0,40H0
20.51875000000001,55.57291666666666,67.0,36.761321387907394,845.1904815897494,26.0,40H0
20.60624999999999,55.57291666666666,62.0,31.356555166799403,850.6927002883494,26.0,40H0
20.693749999999994,55.57291666666666,56.0,25.93902925768605,856.6361938386154,26.0,40H0
20.78125,55.57291666666666,49.0,20.43682231900157,862.1384181498969,26.0,40H0
20.86875000000001,55.57291666666666,41.0,14.934607273099104,867.6406384075767,26.0,40H0
9.931250000000006,55.62291666666667,13.0,4.710187370781535,311.6068899585441,22.0,40F9
10.018750000000011,55.62291666666667,16.0,7.190790693209438,308.29090400867545,22.0,40G0
10.106249999999989,55.62291666666667,7.0,4.340135003920191,305.1024640068704,22.0,40G0
10.456250000000011,55.62291666666667,18.0,4.859491453141334,295.841235493841,22.0,40G0
10.543749999999989,55.62291666666667,17.0,3.274385322914445,295.3623470170251,22.0,40G0
10.71875,55.62291666666667,24.0,5.995883366874217,294.48395138566457,22.0,40G0
10.806250000000006,55.62291666666667,32.0,9.796316203232342,294.48395138566457,22.0,40G0
10.893750000000011,55.62291666666667,10.0,5.3981140856188405,294.48395138566457,22.0,40G0
10.981249999999989,55.62291666666667,13.0,3.7075447523693534,294.48395138566457,22.0,40G0
12.90625,55.62291666666667,13.0,3.6444568698024695,335.21377237618293,23.0,40G2
14.481249999999989,55.62291666666667,54.0,10.503128216257617,467.85949145314027,25.0,40G4
14.568749999999994,55.62291666666667,60.0,15.27708938088747,471.391667551061,25.0,40G4
14.65625,55.62291666666667,62.0,20.26229130863712,475.5897475099778,25.0,40G4
14.743750000000006,55.62291666666667,69.0,25.460330279567344,479.8069244023722,25.0,40G4
14.831250000000011,55.62291666666667,74.0,30.763500926872474,484.5175484774458,25.0,40G4
14.918749999999989,55.62291666666667,77.0,36.12552684404782,489.32777843484,25.0,40G4
15.006249999999994,55.62291666666667,76.0,39.69832727338186,494.1804465785506,25.0,40G5
15.09375,55.62291666666667,75.0,41.98845774716391,499.2478789643256,25.0,40G5
15.181250000000006,55.62291666666667,74.0,44.84429874270784,504.75018737078153,25.0,40G5
15.268750000000011,55.62291666666667,72.0,48.16532396991212,509.86507459856216,25.0,40G5
15.356249999999989,55.62291666666667,71.0,51.431214136381215,515.2172418600189,25.0,40G5
15.443749999999994,55.62291666666667,64.0,48.74540223915624,520.9150937712914,25.0,40G5
15.53125,55.62291666666667,68.0,46.54941855508211,525.8658802328746,25.0,40G5
15.618750000000006,55.62291666666667,68.0,44.91517011694393,531.2204465785505,25.0,40G5
15.706250000000011,55.62291666666667,68.0,43.90543126416246,536.4505347024378,25.0,40G5
15.793749999999989,55.62291666666667,71.0,43.563650840343634,541.8810102676904,25.0,40G5
15.881249999999994,55.62291666666667,74.0,43.90543126416271,547.2074270778579,25.0,40G5
15.96875,55.62291666666667,75.0,44.91517011694437,552.4556230204353,25.0,40G5
16.056250000000006,55.62291666666667,73.0,46.549418555082816,557.9550937712913,25.0,40G6
16.14375000000001,55.62291666666667,72.0,48.74540223915704,563.4503116059061,25.0,40G6
16.23124999999999,55.62291666666667,75.0,51.431214136381314,568.9455263226122,25.0,40G6
16.318749999999994,55.62291666666667,73.0,54.53452651874993,574.4407357388742,25.0,40G6
16.40625,55.62291666666667,63.0,57.98834451699884,580.4002495901522,25.0,40G6
16.493750000000006,55.62291666666667,63.0,61.733862011229945,585.8954654203983,25.0,40G6
16.58125000000001,55.62291666666667,65.0,65.58980125777971,591.3906765737818,25.0,40G6
16.66874999999999,55.62291666666667,56.0,66.6077440391688,597.3501873707797,25.0,40G6
16.756249999999994,55.62291666666667,47.0,68.0489141549683,602.845404136398,25.0,40G6
16.84375,55.62291666666667,37.0,69.88713167405632,608.3406168487362,25.0,40G6
16.931250000000006,55.62291666666667,30.0,72.09202818775441,614.3001249986954,25.0,40G6
17.01875000000001,55.62291666666667,31.0,74.63110799560161,619.7953425215197,25.0,40G7
17.10624999999999,55.62291666666667,29.0,77.47151628127942,625.2905566146441,25.0,40G7
17.193749999999994,55.62291666666667,26.0,80.58139053073661,630.7857650955331,25.0,40G7
17.28125,55.62291666666667,21.0,83.93077796105054,636.7452806266639,25.0,40G7
17.368750000000006,55.62291666666667,19.0,87.48955223361689,642.2404959224119,25.0,40G7
17.45625000000001,55.62291666666667,16.0,91.13145223155092,647.7357062295055,25.0,40G7
17.54374999999999,55.62291666666667,31.0,91.70942692035992,653.6952185027359,25.0,40G7
17.631249999999994,55.62291666666667,41.0,90.43521452656243,659.1904348229389,25.0,40G7
17.71875,55.62291666666667,44.0,89.33360989531664,664.6856467780706,25.0,40G7
17.806250000000006,55.62291666666667,55.0,88.56675518314326,670.6451562006451,25.0,40G7
17.89375000000001,55.62291666666667,61.0,88.14338909630322,676.1403733671374,25.0,40G7
17.98124999999999,55.62291666666667,67.0,88.05418786878225,681.6355867921384,25.0,40G7
18.068749999999994,55.62291666666667,72.0,88.05418786878225,687.5950937712913,26.0,40G8
18.15625,55.62291666666667,76.0,88.05418786878225,693.0903116059061,26.0,40G8
18.24375000000001,55.62291666666667,85.0,88.05418786878225,698.585526322614,26.0,40G8
18.33125000000001,55.62291666666667,94.0,88.05418786878225,704.080735738876,26.0,40G8
18.41874999999999,55.62291666666667,94.0,88.18260904726431,710.0402495901521,26.0,40G8
18.506249999999994,55.62291666666667,95.0,88.65544062102316,715.5354654203983,26.0,40G8
18.59375,55.62291666666667,94.0,89.47073483138622,721.0306765737819,26.0,40G8
18.68125000000001,55.62291666666667,85.0,90.6192475610052,726.9901873707815,26.0,40G8
18.76875000000001,55.62291666666667,86.0,92.08851034723553,732.4854041364,26.0,40G8
18.85624999999999,55.62291666666667,82.0,93.86345986145392,737.9806168487362,26.0,40G8
18.943749999999994,55.62291666666667,87.0,95.92712643814124,743.9401249986937,26.0,40G8
19.03125,55.62291666666667,89.0,95.489679124638,749.4353425215178,26.0,40G9
19.11875000000001,55.62291666666667,88.0,92.09868671289364,754.930556614644,26.0,40G9
19.20625000000001,55.62291666666667,82.0,88.92396741184022,760.4257650955328,26.0,40G9
19.29374999999999,55.62291666666667,80.0,85.9894841429951,766.3852806266622,26.0,40G9
19.381249999999994,55.62291666666667,82.0,83.32062836999354,771.8804959224099,26.0,40G9
19.46875,55.62291666666667,85.0,80.94368337812476,777.3757062295036,26.0,40G9
19.55625000000001,55.62291666666667,81.0,78.88504483803263,783.3352185027375,26.0,40G9
19.64375000000001,55.62291666666667,82.0,77.17019432000416,788.8304348229407,26.0,40G9
19.73124999999999,55.62291666666667,83.0,75.82246420065101,794.3256467780703,26.0,40G9
19.818749999999994,55.62291666666667,83.0,74.86168701203003,800.2851562006451,26.0,40G9
19.90625,55.62291666666667,83.0,74.30287635108367,805.7803733671371,26.0,40G9
19.99375000000001,55.62291666666667,81.0,69.77494009190264,811.2755867921402,26.0,40G9
20.08125000000001,55.62291666666667,77.0,64.38498372583946,817.235093771293,26.0,40H0
20.16874999999999,55.62291666666667,73.0,58.89356073202578,822.7303116059062,26.0,40H0
20.256249999999994,55.62291666666667,72.0,53.4026265966889,828.2255263226137,26.0,40H0
20.34375,55.62291666666667,73.0,47.9123596203752,833.720735738876,26.0,40H0
20.43125000000001,55.62291666666667,69.0,42.42302924706812,839.6802495901521,26.0,40H0
20.51875000000001,55.62291666666667,63.0,36.9350637431891,845.1754654203985,26.0,40H0
20.60624999999999,55.62291666666667,57.0,31.449188639509668,850.6706765737803,26.0,40H0
20.693749999999994,55.62291666666667,51.0,25.96674033688813,856.6301873707798,26.0,40H0
20.78125,55.62291666666667,47.0,20.49048185919277,862.1254041363983,26.0,40H0
20.86875000000001,55.62291666666667,41.0,15.027195335149017,867.6206168487362,26.0,40H0
10.106249999999989,55.67291666666665,18.0,4.807227864282624,300.5105864469156,22.0,40G0
10.193749999999994,55.67291666666665,20.0,3.192560511703724,297.34073608455805,22.0,40G0
10.28125,55.67291666666665,22.0,5.561317128552971,294.7553389472481,22.0,40G0
10.368750000000006,55.67291666666665,21.0,6.385612962957227,292.5658209922784,22.0,40G0
10.456250000000011,55.67291666666665,19.0,9.579157125260686,290.46948820864395,22.0,40G0
10.543749999999989,55.67291666666665,18.0,7.207404592399967,289.8749303327023,22.0,40G0
10.631249999999994,55.67291666666665,25.0,6.535472513185502,288.9226342571116,22.0,40G0
10.71875,55.67291666666665,27.0,9.02753409783775,288.9226342571116,22.0,40G0
10.806250000000006,55.67291666666665,22.0,8.495426804614219,288.9226342571116,22.0,40G0
10.893750000000011,55.67291666666665,12.0,3.1361182954548847,288.9226342571116,22.0,40G0
12.90625,55.67291666666665,14.0,7.18543221780423,329.9949980546553,23.0,40G2
12.993750000000006,55.67291666666665,12.0,4.335606538004968,332.7953500630215,23.0,40G2
14.481249999999989,55.67291666666665,49.0,13.32849783426058,472.5791571252599,25.0,40G4
14.568749999999994,55.67291666666665,51.0,18.06600011061824,475.4040629595177,25.0,40G4
14.65625,55.67291666666665,49.0,22.813692770161943,479.176697663742,25.0,40G4
14.743750000000006,55.67291666666665,53.0,27.58396830159469,483.9482357712509,25.0,40G4
14.831250000000011,55.67291666666665,61.0,32.53704914677157,488.1253612912945,25.0,40G4
14.918749999999989,55.67291666666665,61.0,37.370165975190105,492.31622580323017,25.0,40G4
15.006249999999994,55.67291666666665,63.0,38.439396601785184,496.7822094021278,25.0,40G5
15.09375,55.67291666666665,73.0,40.22899273170456,501.8616616802655,25.0,40G5
15.181250000000006,55.67291666666665,68.0,42.64836474577141,506.5817258155132,25.0,40G5
15.268750000000011,55.67291666666665,66.0,45.59737238870344,511.63008756068245,25.0,40G5
15.356249999999989,55.67291666666665,67.0,46.80385088889276,516.6870150577192,25.0,40G5
15.443749999999994,55.67291666666665,67.0,43.83935124583458,522.2036107717048,25.0,40G5
15.53125,55.67291666666665,66.0,41.38707832547605,527.3831015438968,25.0,40G5
15.618750000000006,55.67291666666665,66.0,39.54245055385856,532.6779306750474,25.0,40G5
15.706250000000011,55.67291666666665,65.0,38.39315546459624,537.9487337130279,25.0,40G5
15.793749999999989,55.67291666666665,65.0,38.00233371179066,543.4210128502093,25.0,40G5
15.881249999999994,55.67291666666665,70.0,38.393155464596525,548.6700875606807,25.0,40G5
15.96875,55.67291666666665,71.0,39.54245055385905,553.9637274288432,25.0,40G5
16.056250000000006,55.67291666666665,70.0,41.38707832547684,559.5201478216007,25.0,40G6
16.14375000000001,55.67291666666665,69.0,43.839351245835466,564.6641354104822,25.0,40G6
16.23124999999999,55.67291666666665,69.0,46.80385088889288,569.9882839750737,25.0,40G6
16.318749999999994,55.67291666666665,68.0,50.18988986130207,575.6880591731784,25.0,40G6
16.40625,55.67291666666665,66.0,53.91810412019541,580.6617258155133,25.0,40G6
16.493750000000006,55.67291666666665,64.0,57.92245299555627,586.028120846207,25.0,40G6
16.58125000000001,55.67291666666665,62.0,60.09303672775663,591.4716216861535,25.0,40G6
16.66874999999999,55.67291666666665,58.0,61.20106626875165,597.3441773159324,25.0,40G6
16.756249999999994,55.67291666666665,50.0,62.76452418172781,602.8323823510491,25.0,40G6
16.84375,55.67291666666665,36.0,64.75042627583156,608.3205833332257,25.0,40G6
16.931250000000006,55.67291666666665,32.0,67.12128372215244,614.2961182954567,25.0,40G6
17.01875000000001,55.67291666666665,33.0,69.83789853739182,619.7843240877161,25.0,40G7
17.10624999999999,55.67291666666665,32.0,72.86160263235647,625.272526450563,25.0,40G7
17.193749999999994,55.67291666666665,27.0,76.15582207509242,630.7607232016453,25.0,40G7
17.28125,55.67291666666665,20.0,79.68701010612675,636.736265544429,25.0,40G7
17.368750000000006,55.67291666666665,18.0,83.32132980619677,642.2244691097986,25.0,40G7
17.45625000000001,55.67291666666665,24.0,87.11295255247899,647.7126676869323,25.0,40G7
17.54374999999999,55.67291666666665,32.0,91.0729101879074,653.6882067720887,25.0,40G7
17.631249999999994,55.67291666666665,46.0,95.18018845313868,659.1764113618275,25.0,40G7
17.71875,55.67291666666665,51.0,94.81839476134849,664.6646115868612,25.0,40G7
17.806250000000006,55.67291666666665,56.0,94.09717189983613,670.6401478216007,25.0,40G7
17.89375000000001,55.67291666666665,60.0,93.69930536924754,676.1283532575578,25.0,40G7
17.98124999999999,55.67291666666665,64.0,93.61550499733522,681.6165549523377,25.0,40G7
18.068749999999994,55.67291666666665,67.0,93.61550499733522,687.5920887438605,26.0,40G8
18.15625,55.67291666666665,77.0,93.61550499733522,693.0802948478841,26.0,40G8
18.24375000000001,55.67291666666665,88.0,93.61550499733522,698.5684978342623,26.0,40G8
18.33125000000001,55.67291666666665,97.0,93.61550499733522,704.0566955206392,26.0,40G8
18.41874999999999,55.67291666666665,96.0,93.73615379539494,710.0322361837088,26.0,40G8
18.506249999999994,55.67291666666665,98.0,94.18054362878851,715.5204402835319,26.0,40G8
18.59375,55.67291666666665,98.0,94.94743459441436,721.0086397068848,26.0,40G8
18.68125000000001,55.67291666666665,90.0,96.02909930590256,726.9841773159342,26.0,40G8
18.76875000000001,55.67291666666665,83.0,97.4150512254528,732.472382351051,26.0,40G8
18.85624999999999,55.67291666666665,80.0,99.09252135831312,737.9605833332257,26.0,40G8
18.943749999999994,55.67291666666665,86.0,101.04698979238894,743.9361182954549,26.0,40G8
19.03125,55.67291666666665,85.0,99.8466529380316,749.424324087714,26.0,40G9
19.11875000000001,55.67291666666665,87.0,96.61290191084568,754.9125264505631,26.0,40G9
19.20625000000001,55.67291666666665,80.0,93.59534170465147,760.4007232016451,26.0,40G9
19.29374999999999,55.67291666666665,77.0,90.81553021173934,766.3762655444272,26.0,40G9
19.381249999999994,55.67291666666665,76.0,88.29592992072894,771.8644691097966,26.0,40G9
19.46875,55.67291666666665,78.0,86.05940296852147,777.3526676869305,26.0,40G9
19.55625000000001,55.67291666666665,77.0,84.1285322515777,783.3282067720903,26.0,40G9
19.64375000000001,55.67291666666665,80.0,82.52477844451994,788.8164113618293,26.0,40G9
19.73124999999999,55.67291666666665,80.0,81.2675126746854,794.304611586861,26.0,40G9
19.818749999999994,55.67291666666665,80.0,79.35304950537316,800.2801478216008,26.0,40G9
19.90625,55.67291666666665,79.0,73.95243675570346,805.7683532575577,26.0,40G9
19.99375000000001,55.67291666666665,77.0,68.56436395044197,811.2565549523395,26.0,40G9
20.08125000000001,55.67291666666665,74.0,63.19204850635981,817.232088743862,26.0,40H0
20.16874999999999,55.67291666666665,71.0,57.839891088267,822.7202948478841,26.0,40H0
20.256249999999994,55.67291666666665,69.0,52.51406531367567,828.2084978342621,26.0,40H0
20.34375,55.67291666666665,65.0,47.12867023592232,833.6966955206392,26.0,40H0
20.43125000000001,55.67291666666665,59.0,41.76737286105484,839.6722361837088,26.0,40H0
20.51875000000001,55.67291666666665,54.0,36.44207933294101,845.1604402835321,26.0,40H0
20.60624999999999,55.67291666666665,50.0,31.171258436484585,850.6486397068832,26.0,40H0
20.693749999999994,55.67291666666665,47.0,25.872938388940764,856.6241773159323,26.0,40H0
20.78125,55.67291666666665,44.0,20.38475072358688,862.1123823510493,26.0,40H0
20.86875000000001,55.67291666666665,40.0,14.89655495233754,867.6005833332258,26.0,40H0
10.106249999999989,55.72291666666666,19.0,3.191084284419484,295.988301564145,22.0,40G0
10.193749999999994,55.72291666666666,21.0,4.187587511815115,292.6045251275847,22.0,40G0
10.368750000000006,55.72291666666666,13.0,4.187587511815115,287.5826871206107,22.0,40G0
10.456250000000011,55.72291666666666,21.0,8.373674391148167,285.37642220599315,22.0,40G0
10.543749999999989,55.72291666666666,17.0,5.616101386825981,284.3352121591111,22.0,40G0
10.631249999999994,55.72291666666666,18.0,4.700045490450448,283.3613171285558,22.0,40G0
10.71875,55.72291666666666,15.0,7.789512279720417,283.3613171285558,22.0,40G0
10.806250000000006,55.72291666666666,25.0,5.049731959687749,283.3613171285558,22.0,40G0
12.731249999999989,55.72291666666666,7.0,6.037673232327128,320.6173380129093,23.0,40G2
12.818749999999994,55.72291666666666,13.0,6.383644290598702,322.6176805846712,23.0,40G2
14.481249999999989,55.72291666666666,39.0,14.434334961615084,477.6780418264976,25.0,40G4
14.568749999999994,55.72291666666666,42.0,19.60978572802077,480.1573979108551,25.0,40G4
14.65625,55.72291666666666,44.0,24.91787770410718,483.3399363848287,25.0,40G4
14.743750000000006,55.72291666666666,55.0,30.28894928102203,487.5064403885473,25.0,40G4
14.831250000000011,55.72291666666666,53.0,31.383005824908057,491.6935692169132,25.0,40G4
14.918749999999989,55.72291666666666,56.0,31.859893727296548,495.8846067670696,25.0,40G4
15.006249999999994,55.72291666666666,51.0,33.10599623012944,500.0779181777739,25.0,40G5
15.09375,55.72291666666666,55.0,35.16548645549894,504.8431414266142,25.0,40G5
15.181250000000006,55.72291666666666,60.0,37.90601479235297,509.14255573092737,25.0,40G5
15.268750000000011,55.72291666666666,60.0,41.19187087000928,513.9386894632189,25.0,40G5
15.356249999999989,55.72291666666666,61.0,41.6742579390981,518.8082024660391,25.0,40G5
15.443749999999994,55.72291666666666,64.0,39.10907122206187,524.0206715092523,25.0,40G5
15.53125,55.72291666666666,62.0,36.34265397572337,529.0415591117115,25.0,40G5
15.618750000000006,55.72291666666666,62.0,34.23002660355722,534.1502031351821,25.0,40G5
15.706250000000011,55.72291666666666,61.0,32.897391385153206,539.6055655641916,25.0,40G5
15.793749999999989,55.72291666666666,46.0,32.44101658323486,544.9657696543462,25.0,40G5
15.881249999999994,55.72291666666666,65.0,32.89739138515353,550.1506341704879,25.0,40G5
15.96875,55.72291666666666,66.0,34.23002660355779,555.4748078603682,25.0,40G5
16.056250000000006,55.72291666666666,67.0,36.34265397572426,561.0606715092538,25.0,40G6
16.14375000000001,55.72291666666666,66.0,39.10907122206287,566.1554542722789,25.0,40G6
16.23124999999999,55.72291666666666,65.0,42.40150055465096,571.4918830835916,25.0,40G6
16.318749999999994,55.72291666666666,65.0,46.10739052956084,577.1128269044859,25.0,40G6
16.40625,55.72291666666666,64.0,50.135133032373865,582.168341429742,25.0,40G6
16.493750000000006,55.72291666666666,62.0,53.91935544724245,587.4843939167628,25.0,40G6
16.58125000000001,55.72291666666666,59.0,54.60934487353934,592.7256500033781,25.0,40G6
16.66874999999999,55.72291666666666,55.0,55.824778027332826,598.1995847168039,25.0,40G6
16.756249999999994,55.72291666666666,48.0,57.53236097811934,603.4775988019065,25.0,40G6
16.84375,55.72291666666666,39.0,59.68986841364853,608.7399270506969,25.0,40G6
16.931250000000006,55.72291666666666,35.0,62.25053358242906,614.2921092039277,25.0,40G6
17.01875000000001,55.72291666666666,37.0,65.16684494263322,619.7732990861197,25.0,40G7
17.10624999999999,55.72291666666666,35.0,68.39331869063525,625.254485539203,25.0,40G7
17.193749999999994,55.72291666666666,29.0,71.88820018832608,630.7356663810182,25.0,40G7
17.28125,55.72291666666666,25.0,75.51667090113271,636.7272450885437,25.0,40G7
17.368750000000006,55.72291666666666,23.0,79.30227819146005,642.2084327440431,25.0,40G7
17.45625000000001,55.72291666666666,27.0,83.2721201255897,647.689615411748,25.0,40G7
17.54374999999999,55.72291666666666,34.0,87.40109004821142,653.6811908619347,25.0,40G7
17.631249999999994,55.72291666666666,50.0,91.6676816092047,659.1623795417127,25.0,40G7
17.71875,55.72291666666666,58.0,96.05355118991174,664.6435638571717,25.0,40G7
17.806250000000006,55.72291666666666,61.0,99.63102852497758,670.6351364571939,25.0,40G7
17.89375000000001,55.72291666666666,61.0,99.2558265304643,676.1163259831151,25.0,40G7
17.98124999999999,55.72291666666666,60.0,99.17682212589102,681.5975117681902,25.0,40G7
18.068749999999994,55.72291666666666,64.0,99.17682212589102,687.5890819252118,26.0,40G8
18.15625,55.72291666666666,71.0,99.17682212589102,693.0702721191404,26.0,40G8
18.24375000000001,55.72291666666666,89.0,99.17682212589102,698.5514591956997,26.0,40G8
18.33125000000001,55.72291666666666,100.0,99.17682212589102,704.0326409727268,26.0,40G8
18.41874999999999,55.72291666666666,99.0,99.2905685501518,710.0242180006869,26.0,40G8
18.506249999999994,55.72291666666666,102.0,99.7096729816187,715.5054061905925,26.0,40G8
18.59375,55.72291666666666,100.0,100.43343391031549,720.9865897044417,26.0,40G8
18.68125000000001,55.72291666666666,100.0,101.45533035539566,726.978163678652,26.0,40G8
18.76875000000001,55.72291666666666,90.0,102.76646725730978,732.4593528037686,26.0,40G8
18.85624999999999,55.72291666666666,84.0,104.35594103929256,737.9405378763017,26.0,40G8
18.943749999999994,55.72291666666666,86.0,106.2112538846145,743.932109203926,26.0,40G8
19.03125,55.72291666666666,87.0,104.31818640096895,749.4132990861177,26.0,40G9
19.11875000000001,55.72291666666666,83.0,101.23138096903584,754.894485539203,26.0,40G9
19.20625000000001,55.72291666666666,75.0,98.35933738051811,760.3756663810179,26.0,40G9
19.29374999999999,55.72291666666666,73.0,95.72139358408066,766.3672450885418,26.0,40G9
19.381249999999994,55.72291666666666,71.0,93.33740472091824,771.8484327440411,26.0,40G9
19.46875,55.72291666666666,73.0,91.22728622644593,777.3296154117463,26.0,40G9
19.55625000000001,55.72291666666666,72.0,89.41043395965829,783.3211908619363,26.0,40G9
19.64375000000001,55.72291666666666,75.0,87.90503673715592,788.8023795417145,26.0,40G9
19.73124999999999,55.72291666666666,76.0,84.03882894659347,794.2835638571717,26.0,40G9
19.818749999999994,55.72291666666666,76.0,78.58540247245938,800.2751364571939,26.0,40G9
19.90625,55.72291666666666,73.0,73.13535901657427,805.756325983115,26.0,40G9
19.99375000000001,55.72291666666666,70.0,67.68952547340803,811.237511768192,26.0,40G9
20.08125000000001,55.72291666666666,70.0,62.249016579189,817.2290819252133,26.0,40H0
20.16874999999999,55.72291666666666,69.0,56.81537189867471,822.7102721191404,26.0,40H0
20.256249999999994,55.72291666666666,66.0,51.39077880958908,828.1914591956995,26.0,40H0
20.34375,55.72291666666666,57.0,45.97845135064912,833.6726409727268,26.0,40H0
20.43125000000001,55.72291666666666,52.0,40.58330752588328,839.664218000687,26.0,40H0
20.51875000000001,55.72291666666666,49.0,35.213257082755746,845.1454061905927,26.0,40H0
20.60624999999999,55.72291666666666,45.0,29.88184250045556,850.6265897044401,26.0,40H0
20.693749999999994,55.72291666666666,44.0,24.545080579050524,856.6181636786501,26.0,40H0
20.78125,55.72291666666666,41.0,19.147003620245016,862.0993528037668,26.0,40H0
20.86875000000001,55.72291666666666,39.0,13.81265951668871,867.5805378763017,26.0,40H0
10.106249999999989,55.772916666666674,14.0,3.190592394130588,291.64958566992385,22.0,40G0
10.368750000000006,55.772916666666674,9.0,3.1280977271615047,282.49987856437747,22.0,40G0
10.456250000000011,55.772916666666674,20.0,5.044134794289211,280.2252164603141,22.0,40G0
10.71875,55.772916666666674,20.0,5.452905470316043,276.8908375737568,22.0,40G0
10.806250000000006,55.772916666666674,42.0,5.9817181536432775,276.8908375737568,22.0,40G0
10.893750000000011,55.772916666666674,19.0,3.1905923941306367,276.8908375737568,22.0,40G0
11.068749999999994,55.772916666666674,11.0,4.024205355752436,276.8908375737568,22.0,40G1
12.643750000000011,55.772916666666674,7.0,3.1280977271615047,313.99987289927304,23.0,40G2
12.731249999999989,55.772916666666674,17.0,8.602267525124985,315.2798728860399,23.0,40G2
12.818749999999994,55.772916666666674,17.0,5.7806427323093885,317.7284653362052,23.0,40G2
14.393750000000011,55.772916666666674,19.0,12.051772345397232,481.6038679933524,25.0,40G4
14.481249999999989,55.772916666666674,26.0,17.32861332004001,483.3382106358951,25.0,40G4
14.568749999999994,55.772916666666674,36.0,21.837483347034,485.1586332556106,25.0,40G4
14.65625,55.772916666666674,45.0,25.03807210980796,487.9016763573485,25.0,40G4
14.743750000000006,55.772916666666674,49.0,25.074471908084536,491.0963996862659,25.0,40G4
14.831250000000011,55.772916666666674,53.0,25.96452222361745,495.2854155915342,25.0,40G4
14.918749999999989,55.772916666666674,37.0,26.37106059643207,499.4745854682321,25.0,40G4
15.006249999999994,55.772916666666674,37.0,27.861859346290817,504.226088010324,25.0,40G5
15.09375,55.772916666666674,47.0,30.277176103358165,508.41367439114816,25.0,40G5
15.181250000000006,55.772916666666674,56.0,33.41713889841731,512.6027579907518,25.0,40G5
15.268750000000011,55.772916666666674,54.0,37.09819705275408,516.8063392250509,25.0,40G5
15.356249999999989,55.772916666666674,59.0,36.24863396039725,521.550465746792,25.0,40G5
15.443749999999994,55.772916666666674,60.0,34.626672407961266,526.3484375692731,25.0,40G5
15.53125,55.772916666666674,60.0,31.47289476449866,531.1784959290953,25.0,40G5
15.618750000000006,55.772916666666674,58.0,29.011040709739312,536.2291521968477,25.0,40G5
15.706250000000011,55.772916666666674,53.0,27.428066186851105,541.4080554555131,25.0,40G5
15.793749999999989,55.772916666666674,54.0,26.87969945467906,546.4506013361512,25.0,40G5
15.881249999999994,55.772916666666674,59.0,27.428066186851503,551.6423249893074,25.0,40G5
15.96875,55.772916666666674,62.0,29.01104070973998,557.1640488890263,25.0,40G5
16.056250000000006,55.772916666666674,63.0,31.47289476449969,562.4481486601527,25.0,40G6
16.14375000000001,55.772916666666674,62.0,34.62667240796239,567.6590932236173,25.0,40G6
16.23124999999999,55.772916666666674,61.0,38.30182973844787,572.9485667766344,25.0,40G6
16.318749999999994,55.772916666666674,61.0,42.362882740601975,578.4480554555131,25.0,40G6
16.40625,55.772916666666674,60.0,46.70928105417626,583.6876043782809,25.0,40G6
16.493750000000006,55.772916666666674,58.0,48.376201880483904,588.9468581167772,25.0,40G6
16.58125000000001,55.772916666666674,56.0,49.14310208052237,594.4582106358965,25.0,40G6
16.66874999999999,55.772916666666674,54.0,50.48858835514268,599.7397351257483,25.0,40G6
16.756249999999994,55.772916666666674,45.0,52.36808101836196,604.9471104410754,25.0,40G6
16.84375,55.772916666666674,40.0,54.72658621401196,610.2466669718156,25.0,40G6
16.931250000000006,55.772916666666674,42.0,57.505192257653846,615.8521464635146,25.0,40G6
17.01875000000001,55.772916666666674,43.0,60.646179629307575,620.9504784606012,25.0,40G7
17.10624999999999,55.772916666666674,42.0,64.09629119548674,626.2810913100255,25.0,40G7
17.193749999999994,55.772916666666674,34.0,67.71769279774901,632.0260733176352,25.0,40G7
17.28125,55.772916666666674,30.0,71.49672619654135,636.9597103369437,25.0,40G7
17.368750000000006,55.772916666666674,29.0,75.47922592811537,642.3316100181532,25.0,40G7
17.45625000000001,55.772916666666674,31.0,79.63466612754016,647.7656505714896,25.0,40G7
17.54374999999999,55.772916666666674,42.0,83.93735956782446,653.6741707776168,25.0,40G7
17.631249999999994,55.772916666666674,50.0,88.36579238852917,659.1483393732801,25.0,40G7
17.71875,55.772916666666674,59.0,92.90197858933108,664.622503605031,25.0,40G7
17.806250000000006,55.772916666666674,59.0,97.53087766037105,670.6301221112407,25.0,40G7
17.89375000000001,55.772916666666674,60.0,102.2398907744194,676.1042915529684,25.0,40G7
17.98124999999999,55.772916666666674,62.0,104.73813925444684,681.5784572541984,25.0,40G7
18.068749999999994,55.772916666666674,63.0,104.73813925444684,687.5860733176352,26.0,40G8
18.15625,55.772916666666674,70.0,104.73813925444684,693.0602434273081,26.0,40G8
18.24375000000001,55.772916666666674,81.0,104.73813925444684,698.5344104199021,26.0,40G8
18.33125000000001,55.772916666666674,101.0,104.73813925444684,704.0085721134574,26.0,40G8
18.41874999999999,55.772916666666674,103.0,104.84571504051765,710.0161950471927,26.0,40G8
18.506249999999994,55.772916666666674,104.0,105.24219408283103,715.4903631530292,26.0,40G8
18.59375,55.772916666666674,105.0,105.92728791080089,720.9645265832448,26.0,40G8
18.68125000000001,55.772916666666674,102.0,106.89544639776972,726.9721464635146,26.0,40G8
18.76875000000001,55.772916666666674,103.0,108.13906555837642,732.4463155044753,26.0,40G8
18.85624999999999,55.772916666666674,87.0,109.648771175523,737.9204804932295,26.0,40G8
18.943749999999994,55.772916666666674,85.0,111.41374467985256,743.9280977271599,26.0,40G8
19.03125,55.772916666666674,90.0,108.89016738203604,749.402267525125,26.0,40G9
19.11875000000001,55.772916666666674,79.0,105.94048860570538,754.876433894303,26.0,40G9
19.20625000000001,55.772916666666674,70.0,103.20312865229788,760.3505946527333,26.0,40G9
19.29374999999999,55.772916666666674,68.0,100.69540887888868,766.3582192658758,26.0,40G9
19.381249999999994,55.772916666666674,69.0,98.43488584020436,771.8323868373558,26.0,40G9
19.46875,55.772916666666674,70.0,96.43894761787566,777.3065494215064,26.0,40G9
19.55625000000001,55.772916666666674,70.0,94.3782987130582,783.3141707776184,26.0,40G9
19.64375000000001,55.772916666666674,71.0,88.95188976847578,788.7883393732819,26.0,40G9
19.73124999999999,55.772916666666674,72.0,83.53071862325264,794.2625036050308,26.0,40G9
19.818749999999994,55.772916666666674,72.0,78.11588533518311,800.2701221112407,26.0,40G9
19.90625,55.772916666666674,68.0,72.70881552210969,805.7442915529682,26.0,40G9
19.99375000000001,55.772916666666674,63.0,67.26459630350766,811.2184572542002,26.0,40G9
20.08125000000001,55.772916666666674,63.0,61.794010196401416,817.2260733176367,26.0,40H0
20.16874999999999,55.772916666666674,64.0,56.32383913731083,822.7002434273081,26.0,40H0
20.256249999999994,55.772916666666674,62.0,50.85422719221686,828.1744104199018,26.0,40H0
20.34375,55.772916666666674,50.0,45.38538680543179,833.6485721134574,26.0,40H0
20.43125000000001,55.772916666666674,47.0,39.91764560921431,839.6561950471927,26.0,40H0
20.51875000000001,55.772916666666674,46.0,34.45153775419632,845.1303631530294,26.0,40H0
20.60624999999999,55.772916666666674,43.0,28.987998407629632,850.6045265832432,26.0,40H0
20.693749999999994,55.772916666666674,41.0,23.52882865482283,856.6121464635129,26.0,40H0
20.78125,55.772916666666674,40.0,18.07800014897548,862.0863155044734,26.0,40H0
20.86875000000001,55.772916666666674,35.0,12.646317562740432,867.5604804932295,26.0,40H0
10.28125,55.82291666666666,7.0,4.013190102979497,280.6881938661564,22.0,40G0
10.456250000000011,55.82291666666666,4.0,4.686125675102769,275.2788333022645,22.0,40G0
10.71875,55.82291666666666,19.0,5.038535276650816,271.3295204452038,22.0,40G0
10.806250000000006,55.82291666666666,27.0,9.757464359952392,271.3295204452038,22.0,40G0
10.893750000000011,55.82291666666666,17.0,8.48723959281489,271.3295204452038,22.0,40G0
10.981249999999989,55.82291666666666,19.0,8.378527783940921,271.3295204452038,22.0,40G0
11.068749999999994,55.82291666666666,16.0,7.796121967360552,271.3295204452038,22.0,40G1
11.15625,55.82291666666666,16.0,4.890328373152841,271.3295204452038,22.0,40G1
11.243750000000006,55.82291666666666,11.0,4.3864034345696,271.3295204452038,22.0,40G1
12.643750000000011,55.82291666666666,9.0,4.323522636581948,308.4700667002484,23.0,40G2
12.731249999999989,55.82291666666666,22.0,6.132091345603812,310.11423865317795,23.0,40G2
14.393750000000011,55.82291666666666,13.0,10.450977426483652,488.00820331664727,25.0,40G4
14.481249999999989,55.82291666666666,14.0,14.38051442534742,488.1938605765781,25.0,40G4
14.568749999999994,55.82291666666666,27.0,18.63800990792936,490.1853957000726,25.0,40G4
14.65625,55.82291666666666,34.0,19.48020247647689,492.70190459365176,25.0,40G4
14.743750000000006,55.82291666666666,39.0,19.526905350516948,495.47485413917406,25.0,40G4
14.831250000000011,55.82291666666666,43.0,20.406377236632142,498.89192825663633,25.0,40G4
14.918749999999989,55.82291666666666,45.0,20.92054805715169,503.6732565116794,25.0,40G4
15.006249999999994,55.82291666666666,44.0,22.76874767392924,507.8219887817044,25.0,40G5
15.09375,55.82291666666666,47.0,25.66436676860913,511.9971360497034,25.0,40G5
15.181250000000006,55.82291666666666,47.0,29.29847538086716,516.1793736586225,25.0,40G5
15.268750000000011,55.82291666666666,51.0,32.802721528048856,520.9843539998208,25.0,40G5
15.356249999999989,55.82291666666666,53.0,30.87133966422337,525.1525138523895,25.0,40G5
15.443749999999994,55.82291666666666,49.0,29.823309163982675,529.331102474621,25.0,40G5
15.53125,55.82291666666666,44.0,26.87292453183664,533.7775432230217,25.0,40G5
15.618750000000006,55.82291666666666,34.0,23.94666325713072,538.8964844374369,25.0,40G5
15.706250000000011,55.82291666666666,50.0,22.00490288403532,543.5986494277805,25.0,40G5
15.793749999999989,55.82291666666666,53.0,21.318382326126088,548.6301960460172,25.0,40G5
15.881249999999994,55.82291666666666,56.0,22.004902884035804,553.6703289862427,25.0,40G5
15.96875,55.82291666666666,59.0,23.94666325713153,558.8590042207393,25.0,40G5
16.056250000000006,55.82291666666666,59.0,26.87292453183785,563.8928051545345,25.0,40G6
16.14375000000001,55.82291666666666,58.0,30.50163418973665,569.1695761292893,25.0,40G6
16.23124999999999,55.82291666666666,56.0,34.61255832948523,574.4156617040627,25.0,40G6
16.318749999999994,55.82291666666666,56.0,39.05370868736014,579.8939905584319,25.0,40G6
16.40625,55.82291666666666,55.0,42.63755162142492,585.2126283668362,25.0,40G6
16.493750000000006,55.82291666666666,55.0,42.83775685875149,590.4214254838762,25.0,40G6
16.58125000000001,55.82291666666666,52.0,43.700856592319326,595.8990042207395,25.0,40G6
16.66874999999999,55.82291666666666,47.0,45.20669916411953,601.2819991992121,25.0,40G6
16.756249999999994,55.82291666666666,44.0,47.29392714976619,606.4307568451231,25.0,40G6
16.84375,55.82291666666666,42.0,49.8896206149841,611.7519530369927,25.0,40G6
16.931250000000006,55.82291666666666,43.0,52.91900740178813,617.2952227569965,25.0,40G6
17.01875000000001,55.82291666666666,45.0,56.312133183552994,622.4457254631894,25.0,40G7
17.10624999999999,55.82291666666666,46.0,59.92472201419418,627.7503289862426,25.0,40G7
17.193749999999994,55.82291666666666,36.0,63.69640167277775,633.3132565116797,25.0,40G7
17.28125,55.82291666666666,32.0,67.69528283454811,638.4707515298554,25.0,40G7
17.368750000000006,55.82291666666666,35.0,71.88345193254074,643.7496405753404,25.0,40G7
17.45625000000001,55.82291666666666,36.0,76.22970995303864,648.9986452632432,25.0,40G7
17.54374999999999,55.82291666666666,46.0,80.70851466181438,654.5172046775799,25.0,40G7
17.631249999999994,55.82291666666666,54.0,85.29898306855226,659.7501960460172,25.0,40G7
17.71875,55.82291666666666,60.0,89.98402068192392,665.0221067486698,25.0,40G7
17.806250000000006,55.82291666666666,61.0,94.71356781076682,670.6251047875598,25.0,40G7
17.89375000000001,55.82291666666666,59.0,99.4912246602183,676.0922499762826,25.0,40G7
17.98124999999999,55.82291666666666,58.0,104.33347163029018,681.5593914248733,25.0,40G7
18.068749999999994,55.82291666666666,60.0,109.23171196202462,687.5830629234217,26.0,40G8
18.15625,55.82291666666666,67.0,110.2994563829998,693.0502087800244,26.0,40G8
18.24375000000001,55.82291666666666,77.0,110.2994563829998,698.5173515198527,26.0,40G8
18.33125000000001,55.82291666666666,95.0,110.2994563829998,703.9844889611604,26.0,40G8
18.41874999999999,55.82291666666666,104.0,110.40148280882948,710.0081673293358,26.0,40G8
18.506249999999994,55.82291666666666,106.0,110.77759875540596,715.4753111822978,26.0,40G8
18.59375,55.82291666666666,110.0,111.42783479642108,720.9424503600961,26.0,40G8
18.68125000000001,55.82291666666666,104.0,112.34743042307473,726.9661256751046,26.0,40G8
18.76875000000001,55.82291666666666,108.0,113.52983892847767,732.4332704630992,26.0,40G8
18.85624999999999,55.82291666666666,96.0,114.96694985715985,737.9004111992839,26.0,40G8
18.943749999999994,55.82291666666666,89.0,116.56620239272728,743.9240838682116,26.0,40G8
19.03125,55.82291666666666,90.0,113.55046331218033,749.3912294131369,26.0,40G9
19.11875000000001,55.82291666666666,83.0,110.72866257194616,754.85837152961,26.0,40G9
19.20625000000001,55.82291666666666,70.0,108.1159910922637,760.3255080358844,26.0,40G9
19.29374999999999,55.82291666666666,66.0,105.72795782787853,766.3491880833028,26.0,40G9
19.381249999999994,55.82291666666666,62.0,103.58010490229913,771.8163314019605,26.0,40G9
19.46875,55.82291666666666,65.0,99.27960723478049,777.2834697337764,26.0,40G9
19.55625000000001,55.82291666666666,63.0,93.8253923762187,783.3071465244827,26.0,40G9
19.64375000000001,55.82291666666666,67.0,88.37226161873092,788.774290867224,26.0,40G9
19.73124999999999,55.82291666666666,69.0,82.920438414932,794.2414308464772,26.0,40G9
19.818749999999994,55.82291666666666,68.0,77.47020844291879,800.2651047875598,26.0,40G9
19.90625,55.82291666666666,65.0,72.02194309884769,805.7322499762824,26.0,40G9
19.99375000000001,55.82291666666666,58.0,66.57613448169191,811.1993914248751,26.0,40G9
20.08125000000001,55.82291666666666,58.0,61.13344899615995,817.2230629234233,26.0,40H0
20.16874999999999,55.82291666666666,59.0,55.6948122261178,822.6902087800244,26.0,40H0
20.256249999999994,55.82291666666666,50.0,50.26154857956583,828.1573515198525,26.0,40H0
20.34375,55.82291666666666,45.0,44.83562172904124,833.6244889611604,26.0,40H0
20.43125000000001,55.82291666666666,42.0,39.42007183792,839.6481673293358,26.0,40H0
20.51875000000001,55.82291666666666,42.0,34.01986563835498,845.115311182298,26.0,40H0
20.60624999999999,55.82291666666666,39.0,28.64369376163899,850.5824503600946,26.0,40H0
20.693749999999994,55.82291666666666,39.0,23.3082046621108,856.6061256751028,26.0,40H0
20.78125,55.82291666666666,37.0,17.963469733776183,862.0732704630974,26.0,40H0
20.86875000000001,55.82291666666666,32.0,12.496331401960502,867.4586488535263,26.0,40H0
10.368750000000006,55.87291666666667,11.0,4.02264620703155,272.59912154734064,22.0,40G0
10.456250000000011,55.87291666666667,26.0,5.0348009626492045,269.9413841605713,22.0,40G0
10.806250000000006,55.87291666666667,39.0,8.015795667555333,265.76820331664794,22.0,40G0
10.893750000000011,55.87291666666667,21.0,11.96101572069752,265.76820331664794,22.0,40G0
10.981249999999989,55.87291666666667,17.0,7.770163712853663,265.76820331664794,22.0,40G0
11.068749999999994,55.87291666666667,14.0,3.633782302755478,265.76820331664794,22.0,40G1
11.331250000000011,55.87291666666667,11.0,4.384794801657987,265.81485229247005,22.0,40G1
11.418749999999989,55.87291666666667,8.0,3.1886257714808086,267.3237340290288,22.0,40G1
12.643750000000011,55.87291666666667,16.0,4.178590208259801,302.9928428037295,23.0,40G2
14.481249999999989,55.87291666666667,14.0,11.144129210598951,493.6703676998264,25.0,40G4
14.568749999999994,55.87291666666667,20.0,14.667459136126618,495.3169653931633,25.0,40G4
14.65625,55.87291666666667,23.0,13.925085930607922,497.4680385072703,25.0,40G4
14.743750000000006,55.87291666666667,31.0,13.99026157181238,500.2679074594479,25.0,40G4
14.831250000000011,55.87291666666667,31.0,14.850607585165148,503.22862577148095,25.0,40G4
14.918749999999989,55.87291666666667,30.0,15.548707676430858,507.203994981129,25.0,40G4
15.006249999999994,55.87291666666667,35.0,17.95563921471216,511.38590148875,25.0,40G5
15.09375,55.87291666666667,42.0,21.505079031980024,515.5697191665018,25.0,40G5
15.181250000000006,55.87291666666667,47.0,25.72843601736953,519.7714763602438,25.0,40G5
15.268750000000011,55.87291666666667,43.0,27.72210587130109,524.5322722585321,25.0,40G5
15.356249999999989,55.87291666666667,46.0,25.57288057261452,528.7104080407997,25.0,40G5
15.443749999999994,55.87291666666667,49.0,24.299058225902765,532.8924507114847,25.0,40G5
15.53125,55.87291666666667,51.0,22.644430628362777,537.076766620039,25.0,40G5
15.618750000000006,55.87291666666667,51.0,19.1598881923906,541.851495225705,25.0,40G5
15.706250000000011,55.87291666666667,44.0,16.67300718239936,546.1566650108482,25.0,40G5
15.793749999999989,55.87291666666667,45.0,15.757065197570288,550.9405328869062,25.0,40G5
15.881249999999994,55.87291666666667,47.0,16.673007182400006,555.7874042687639,25.0,40G5
15.96875,55.87291666666667,52.0,19.15988819239161,561.0451364060535,25.0,40G5
16.056250000000006,55.87291666666667,53.0,22.707298432641704,566.0491775834017,25.0,40G6
16.14375000000001,55.87291666666667,52.0,26.8988696870566,571.07652499052,25.0,40G6
16.23124999999999,55.87291666666667,53.0,31.47831551534627,576.460050744864,25.0,40G6
16.318749999999994,55.87291666666667,50.0,36.2991245882898,581.3822414303688,25.0,40G6
16.40625,55.87291666666667,49.0,37.07635137046204,586.7104993210934,25.0,40G6
16.493750000000006,55.87291666666667,51.0,37.30611752474557,591.9040340444503,25.0,40G6
16.58125000000001,55.87291666666667,48.0,38.29284139280248,597.4114952257053,25.0,40G6
16.66874999999999,55.87291666666667,43.0,40.00062658836112,602.7114673070948,25.0,40G6
16.756249999999994,55.87291666666667,41.0,42.3423129602313,607.923197339814,25.0,40G6
16.84375,55.87291666666667,43.0,45.2195246618309,613.500050744864,25.0,40G6
16.931250000000006,55.87291666666667,44.0,48.53711522846613,618.7129010974357,25.0,40G6
17.01875000000001,55.87291666666667,47.0,52.13827563867683,623.9502064071752,25.0,40G7
17.10624999999999,55.87291666666667,48.0,55.9014644757192,629.2095245799612,25.0,40G7
17.193749999999994,55.87291666666667,45.0,59.92188837696315,634.7148009626492,25.0,40G7
17.28125,55.87291666666667,31.0,64.15119615155324,639.9904130030051,25.0,40G7
17.368750000000006,55.87291666666667,36.0,68.55073064129056,645.215614068828,25.0,40G7
17.45625000000001,55.87291666666667,38.0,73.08975223011078,650.717167173308,25.0,40G7
17.54374999999999,55.87291666666667,47.0,77.74382653768149,656.0558766670423,25.0,40G7
17.631249999999994,55.87291666666667,58.0,82.46931857743635,661.2244625221919,25.0,40G7
17.71875,55.87291666666667,61.0,87.2337907833837,666.5270084887309,25.0,40G7
17.806250000000006,55.87291666666667,61.0,92.07243023006528,672.165136406055,25.0,40G7
17.89375000000001,55.87291666666667,59.0,96.9741283850519,677.23771215069,25.0,40G7
17.98124999999999,55.87291666666667,55.0,101.9297810733659,682.558330750972,25.0,40G7
18.068749999999994,55.87291666666667,56.0,106.93187975085004,688.2257427220608,26.0,40G8
18.15625,55.87291666666667,61.0,111.97419261195098,693.2590528028978,26.0,40G8
18.24375000000001,55.87291666666667,75.0,114.9750980540219,698.6320509345724,26.0,40G8
18.33125000000001,55.87291666666667,91.0,115.24517770292827,704.0559490039735,26.0,40G8
18.41874999999999,55.87291666666667,104.0,115.76554460197944,710.0001348532298,26.0,40G8
18.506249999999994,55.87291666666667,107.0,116.31547531622016,715.4602502898613,26.0,40G8
18.59375,55.87291666666667,111.0,116.9341300769788,720.9203610518078,26.0,40G8
18.68125000000001,55.87291666666667,109.0,117.80963476638205,726.9601013180069,26.0,40G8
18.76875000000001,55.87291666666667,113.0,118.93631604521084,732.4202176895751,26.0,40G8
18.85624999999999,55.87291666666667,108.0,120.3071155321271,737.8803300097485,26.0,40G8
18.943749999999994,55.87291666666667,105.0,121.18285483250293,743.9200676301376,26.0,40G8
19.03125,55.87291666666667,100.0,118.28863644381998,749.3801847585592,26.0,40G9
19.11875000000001,55.87291666666667,91.0,115.58607727469744,754.8402984588796,26.0,40G9
19.20625000000001,55.87291666666667,72.0,113.08892319162835,760.3004065495755,26.0,40G9
19.29374999999999,55.87291666666667,69.0,109.97143390486488,766.3401515477001,26.0,40G9
19.381249999999994,55.87291666666667,54.0,104.51261125125586,771.8002664500821,26.0,40G9
19.46875,55.87291666666667,57.0,99.05368443033032,777.2603763661327,26.0,40G9
19.55625000000001,55.87291666666667,55.0,93.59474445525272,783.3001181078786,26.0,40G9
19.64375000000001,55.87291666666667,64.0,88.13579841855874,788.760234034239,26.0,40G9
19.73124999999999,55.87291666666667,63.0,82.6768547097247,794.2203455975584,26.0,40G9
19.818749999999994,55.87291666666667,66.0,77.2179234736036,800.2600844899724,26.0,40G9
19.90625,55.87291666666667,63.0,71.75901727812074,805.7202012622275,26.0,40G9
19.99375000000001,55.87291666666667,57.0,66.30015211176884,811.1803142947359,26.0,40G9
20.08125000000001,55.87291666666667,56.0,60.84081707343704,817.2200507448656,26.0,40H0
20.16874999999999,55.87291666666667,56.0,55.38082224482668,822.680168184931,26.0,40H0
20.256249999999994,55.87291666666667,45.0,49.92080528898416,828.1402825085424,26.0,40H0
20.34375,55.87291666666667,41.0,44.460768387537314,833.6003915341764,26.0,40H0
20.43125000000001,55.87291666666667,39.0,39.00071372209168,839.5258269841976,26.0,40H0
20.51875000000001,55.87291666666667,39.0,33.54064347423301,844.6652914378288,26.0,40H0
20.60624999999999,55.87291666666667,38.0,28.080559825532788,850.0094859637895,26.0,40H0
20.693749999999994,55.87291666666667,36.0,22.620464957542843,855.8200844899724,26.0,40H0
20.78125,55.87291666666667,35.0,17.16036105180775,861.2802012622278,26.0,40H0
20.86875000000001,55.87291666666667,30.0,11.700250289861453,866.740314294736,26.0,40H0
10.368750000000006,55.92291666666665,13.0,4.175590970901005,268.2731838345631,22.0,40G0
10.806250000000006,55.92291666666665,14.0,4.175590970902334,259.2995345419246,22.0,40G0
10.893750000000011,55.92291666666665,19.0,9.006372409905778,259.2977237618517,22.0,40G0
10.981249999999989,55.92291666666665,40.0,6.301310112742812,259.2995345419246,22.0,40G0
11.243750000000006,55.92291666666665,15.0,6.583949761837316,259.32667505057674,22.0,40G1
11.331250000000011,55.92291666666665,13.0,4.382114922503475,260.4907219498936,22.0,40G1
14.918749999999989,55.92291666666665,20.0,10.378428357291472,510.94134430502174,25.0,40G4
15.006249999999994,55.92291666666665,25.0,13.720442162785634,514.964768773256,25.0,40G5
15.09375,55.92291666666665,34.0,18.11445556477628,519.1418141231742,25.0,40G5
15.181250000000006,55.92291666666665,42.0,22.96433001257701,523.3467889937801,25.0,40G5
15.268750000000011,55.92291666666665,45.0,22.72853078362225,527.5125028245707,25.0,40G5
15.356249999999989,55.92291666666665,45.0,20.41473213998508,531.9333197471642,25.0,40G5
15.443749999999994,55.92291666666665,45.0,18.796680115453576,536.4720796325163,25.0,40G5
15.53125,55.92291666666665,46.0,18.683828348032428,540.7063491996886,25.0,40G5
15.618750000000006,55.92291666666665,49.0,14.860315346589228,544.8490885624467,25.0,40G5
15.706250000000011,55.92291666666665,19.0,11.559371412670766,549.1137199247171,25.0,40G5
15.793749999999989,55.92291666666665,36.0,10.195748069017318,553.805739296741,25.0,40G5
15.881249999999994,55.92291666666665,43.0,11.559371412671698,558.5833808683116,25.0,40G5
15.96875,55.92291666666665,46.0,14.920334655965537,563.3690885624467,25.0,40G5
16.056250000000006,55.92291666666665,47.0,19.25993490392314,568.1764922337293,25.0,40G6
16.14375000000001,55.92291666666665,48.0,24.054208543189823,573.2103511168981,25.0,40G6
16.23124999999999,55.92291666666665,50.0,29.07912691311492,578.4344521581638,25.0,40G6
16.318749999999994,55.92291666666665,46.0,32.024009124503806,583.4601863650167,25.0,40G6
16.40625,55.92291666666665,48.0,31.51519236808541,588.4913913342334,25.0,40G6
16.493750000000006,55.92291666666665,49.0,31.784837338323403,593.5252603911073,25.0,40G6
16.58125000000001,55.92291666666665,46.0,32.93592244332769,598.9413101127428,25.0,40G6
16.66874999999999,55.92291666666665,38.0,34.90431189029357,604.1635710273346,25.0,40G6
16.756249999999994,55.92291666666665,37.0,37.56173151322278,609.4209717278795,25.0,40G6
16.84375,55.92291666666665,41.0,40.77367698952683,615.0550612223018,25.0,40G6
16.931250000000006,55.92291666666665,44.0,44.35922798739778,620.1716297677245,25.0,40G6
17.01875000000001,55.92291666666665,45.0,48.11217342043775,625.459698570395,25.0,40G7
17.10624999999999,55.92291666666665,46.0,52.16158394113831,630.6774273834505,25.0,40G7
17.193749999999994,55.92291666666665,47.0,56.44368237154391,635.9813101127412,25.0,40G7
17.28125,55.92291666666665,43.0,60.90940654534796,641.4031359978505,25.0,40G7
17.368750000000006,55.92291666666665,37.0,65.52121470078205,646.6914842975065,25.0,40G7
17.45625000000001,55.92291666666665,34.0,70.24104093269275,652.0950612223015,25.0,40G7
17.54374999999999,55.92291666666665,46.0,74.98900240215724,657.5401863650167,25.0,40G7
17.631249999999994,55.92291666666665,60.0,79.82403065417336,662.7099093871511,25.0,40G7
17.71875,55.92291666666665,62.0,84.73121499725059,668.2780245334371,25.0,40G7
17.806250000000006,55.92291666666665,61.0,89.69870656485676,673.5461374280619,25.0,40G7
17.89375000000001,55.92291666666665,57.0,94.71700993842757,678.7351391624527,25.0,40G7
17.98124999999999,55.92291666666665,49.0,99.7784513072764,684.0086788423448,25.0,40G7
18.068749999999994,55.92291666666665,51.0,104.84860469324454,689.2442329823059,26.0,40G8
18.15625,55.92291666666665,54.0,109.39690008391972,694.6349842482657,26.0,40G8
18.24375000000001,55.92291666666665,67.0,109.41581958982104,700.0153779945222,26.0,40G8
18.33125000000001,55.92291666666665,90.0,109.69922053270778,705.318024533437,26.0,40G8
18.41874999999999,55.92291666666665,103.0,110.24506281176474,710.7711096659497,26.0,40G8
18.506249999999994,55.92291666666665,105.0,111.04947568017404,716.0240428063596,26.0,40G8
18.59375,55.92291666666665,112.0,112.10689194137171,721.3019032831368,26.0,40G8
18.68125000000001,55.92291666666665,113.0,113.410233260274,726.9540733968092,26.0,40G8
18.76875000000001,55.92291666666665,115.0,114.95113281414072,732.4071571938432,26.0,40G8
18.85624999999999,55.92291666666665,119.0,116.72018005674552,737.8602369399158,26.0,40G8
18.943749999999994,55.92291666666665,113.0,118.7071726410029,743.9160490159968,26.0,40G8
19.03125,55.92291666666665,105.0,120.88460695296868,749.369133569803,26.0,40G9
19.11875000000001,55.92291666666665,105.0,120.383198838474,754.822214695875,26.0,40G9
19.20625000000001,55.92291666666665,76.0,115.13657138551872,760.2752902129231,26.0,40G9
19.29374999999999,55.92291666666665,72.0,109.82986103334213,766.3311096659497,26.0,40G9
19.381249999999994,55.92291666666665,52.0,104.3779866230302,771.7841919939546,26.0,40G9
19.46875,55.92291666666665,54.0,98.92609297456112,777.237269336162,26.0,40G9
19.55625000000001,55.92291666666665,56.0,93.47418621027911,783.2930855331584,26.0,40G9
19.64375000000001,55.92291666666665,57.0,88.02227342881511,788.7461688850321,26.0,40G9
19.73124999999999,55.92291666666665,61.0,82.57036302741248,794.199247874332,26.0,40G9
19.818749999999994,55.92291666666665,63.0,77.11846516095376,800.2550612223016,26.0,40G9
19.90625,55.92291666666665,61.0,71.66659241051634,805.7081454199795,26.0,40G9
19.99375000000001,55.92291666666665,58.0,66.21476078215242,811.1612258783109,26.0,40G9
20.08125000000001,55.92291666666665,55.0,60.762454151410246,817.2170367842576,26.0,40H0
20.16874999999999,55.92291666666665,50.0,55.30949188431877,822.1305856269922,26.0,40H0
20.256249999999994,55.92291666666665,43.0,49.85650749236533,827.4786405989049,26.0,40H0
20.34375,55.92291666666665,38.0,44.40350315694381,832.889079868477,26.0,40H0
20.43125000000001,55.92291666666665,36.0,38.9504810594259,838.8530855331584,26.0,40H0
20.51875000000001,55.92291666666665,35.0,33.497443381163514,844.3061688850322,26.0,40H0
20.60624999999999,55.92291666666665,33.0,28.044392303494448,849.759247874332,26.0,40H0
20.693749999999994,55.92291666666665,31.0,22.59133000773681,855.8150612223016,26.0,40H0
20.78125,55.92291666666665,30.0,17.138258675201598,860.9263724099043,26.0,40H0
20.86875000000001,55.92291666666665,28.0,11.685180487189148,866.2108267744188,26.0,40H0
10.631249999999994,55.97291666666666,12.0,3.890034988372535,255.0378734911526,22.0,40G0
10.71875,55.97291666666666,14.0,3.630872674309946,253.7467369810432,22.0,40G0
10.806250000000006,55.97291666666666,17.0,4.174091331753593,253.7389899910676,22.0,40G0
10.893750000000011,55.97291666666666,18.0,9.001113824285014,253.7364066332952,22.0,40G0
10.981249999999989,55.97291666666666,22.0,8.994112009042098,253.7389899910676,22.0,40G0
11.068749999999994,55.97291666666666,21.0,6.534752459219787,253.7467369810432,22.0,40G1
11.15625,55.97291666666666,18.0,7.196950790711441,253.7389899910676,22.0,40G1
11.243750000000006,55.97291666666666,15.0,3.2468061543720936,253.77767883754217,22.0,40G1
12.643750000000011,55.97291666666666,16.0,5.432181352450898,292.6363262910097,23.0,40G2
15.006249999999994,55.97291666666666,31.0,10.76812570688579,518.7150470878665,25.0,40G5
15.09375,55.97291666666666,39.0,15.989213562378584,522.7340913317536,25.0,40G5
15.181250000000006,55.97291666666666,34.0,18.94649542167852,526.9096811655551,25.0,40G5
15.268750000000011,55.97291666666666,42.0,17.322248955301223,531.0867683525623,25.0,40G5
15.356249999999989,55.97291666666666,45.0,15.336232502866682,535.2653517443359,25.0,40G5
15.443749999999994,55.97291666666666,46.0,13.343261504627334,539.5915623981983,25.0,40G5
15.53125,55.97291666666666,46.0,13.184018625014469,544.2332745804724,25.0,40G5
15.618750000000006,55.97291666666666,43.0,11.310122501756824,548.4091833716531,25.0,40G5
15.96875,55.97291666666666,45.0,11.831647951725095,566.34466643286,25.0,40G5
16.056250000000006,55.97291666666666,39.0,16.97424944075008,570.7728383655494,25.0,40G6
16.14375000000001,55.97291666666666,40.0,21.71314670229625,575.9313031848011,25.0,40G6
16.23124999999999,55.97291666666666,44.0,26.53103259292628,580.6155391737478,25.0,40G6
16.318749999999994,55.97291666666666,42.0,26.568842931275626,585.6302493734543,25.0,40G6
16.40625,55.97291666666666,48.0,25.95410112917904,590.6535665369022,25.0,40G6
16.493750000000006,55.97291666666666,47.0,26.28044619578911,595.8874486255214,25.0,40G6
16.58125000000001,55.97291666666666,46.0,27.65980337381156,600.9044207698588,25.0,40G6
16.66874999999999,55.97291666666666,36.0,29.97379242830918,605.9291012314516,25.0,40G6
16.756249999999994,55.97291666666666,34.0,33.026537323727176,610.9566806550278,25.0,40G6
16.84375,55.97291666666666,37.0,36.58500910454319,616.1835918000725,25.0,40G6
16.931250000000006,55.97291666666666,40.0,40.32898156473294,621.4447136962178,25.0,40G6
17.01875000000001,55.97291666666666,41.0,44.41867363077142,626.6591778498961,25.0,40G7
17.10624999999999,55.97291666666666,39.0,48.77031509674907,632.014021043893,25.0,40G7
17.193749999999994,55.97291666666666,43.0,53.31980218510824,637.4600691819053,25.0,40G7
17.28125,55.97291666666666,44.0,58.02060696122104,642.6736438447322,25.0,40G7
17.368750000000006,55.97291666666666,38.0,62.757077720375,647.9617478958597,25.0,40G7
17.45625000000001,55.97291666666666,38.0,67.58848254732298,653.2235918000741,25.0,40G7
17.54374999999999,55.97291666666666,48.0,72.50419842488812,658.484713696218,25.0,40G7
17.631249999999994,55.97291666666666,61.0,77.48817423232558,663.8734961777236,25.0,40G7
17.71875,55.97291666666666,62.0,82.5280366999696,669.2315623981984,25.0,40G7
17.806250000000006,55.97291666666666,60.0,87.60836698698338,674.5559193916762,25.0,40G7
17.89375000000001,55.97291666666666,57.0,92.64425685670972,679.9799734323444,25.0,40G7
17.98124999999999,55.97291666666666,47.0,97.56534072987638,685.2138725614544,25.0,40G7
18.068749999999994,55.97291666666666,46.0,102.53676905987167,690.686048805678,26.0,40G8
18.15625,55.97291666666666,49.0,103.83685283115304,696.0163079896415,26.0,40G8
18.24375000000001,55.97291666666666,58.0,103.8567593959042,701.2422556921805,26.0,40G8
18.33125000000001,55.97291666666666,84.0,104.15490122020056,706.7410187958623,26.0,40G8
18.41874999999999,55.97291666666666,103.0,104.72890161435367,711.7595014912299,26.0,40G8
18.506249999999994,55.97291666666666,104.0,105.57426027923476,717.1182157287673,26.0,40G8
18.59375,55.97291666666666,107.0,106.68452540425068,722.5094685259764,26.0,40G8
18.68125000000001,55.97291666666666,116.0,108.0515295279742,727.8049393058778,26.0,40G8
18.76875000000001,55.97291666666666,117.0,109.66566999700557,733.2126307812767,26.0,40G8
18.85624999999999,55.97291666666666,119.0,111.51621325720478,738.5236568707788,26.0,40G8
18.943749999999994,55.97291666666666,118.0,113.5916031245898,743.9120280288494,26.0,40G8
19.03125,55.97291666666666,114.0,115.8189368508495,749.3580758552843,26.0,40G9
19.11875000000001,55.97291666666666,114.0,118.03773858545097,754.804120254368,26.0,40G9
19.20625000000001,55.97291666666666,89.0,113.71557762649029,760.2501590450541,26.0,40G9
19.29374999999999,55.97291666666666,70.0,108.42554181482905,766.3220624449372,26.0,40G9
19.381249999999994,55.97291666666666,70.0,103.14998473309949,771.7681080458193,26.0,40G9
19.46875,55.97291666666666,51.0,97.89125643149836,777.214148661461,26.0,40G9
19.55625000000001,55.97291666666666,52.0,92.65223160840098,783.2860488056778,26.0,40G9
19.64375000000001,55.97291666666666,54.0,87.43646128948691,788.7320954303144,26.0,40G9
19.73124999999999,55.97291666666666,56.0,82.2483788107285,794.081483108126,26.0,40G9
19.818749999999994,55.97291666666666,61.0,77.09358338153089,799.6068061543722,26.0,40G9
19.90625,55.97291666666666,60.0,71.76414903699332,804.9672064607183,26.0,40G9
19.99375000000001,55.97291666666666,57.0,66.32764981853919,810.3932553415545,26.0,40G9
20.08125000000001,55.97291666666666,53.0,60.89332425053459,815.8301389482001,26.0,40H0
20.16874999999999,55.97291666666666,47.0,55.46182126032611,821.8820624449372,26.0,40H0
20.256249999999994,55.97291666666666,40.0,50.03407019302106,827.3281080458194,26.0,40H0
20.34375,55.97291666666666,35.0,44.61145080398365,832.774148661461,26.0,40H0
20.43125000000001,55.97291666666666,32.0,39.19610347407255,838.4217227027576,26.0,40H0
20.51875000000001,55.97291666666666,30.0,33.79153534407028,843.6804277386233,26.0,40H0
20.60624999999999,55.97291666666666,28.0,28.40391125391868,849.0668396297991,26.0,40H0
20.693749999999994,55.97291666666666,26.0,23.04512974378193,855.0320280288494,26.0,40H0
20.78125,55.97291666666666,28.0,17.741358277074895,860.4780758552844,26.0,40H0
20.86875000000001,55.97291666666666,24.0,12.56247932167223,865.924120254368,26.0,40H0
10.368750000000006,56.022916666666674,15.0,6.216008936605894,259.39748808217144,22.0,41G0
10.456250000000011,56.022916666666674,15.0,6.371932764155223,255.95094457736863,22.0,41G0
10.631249999999994,56.022916666666674,16.0,5.20875023143787,250.07278584790365,22.0,41G0
10.71875,56.022916666666674,19.0,8.53709083936923,248.1750895047394,22.0,41G0
10.806250000000006,56.022916666666674,18.0,8.997071456114643,248.1750895047394,22.0,41G0
10.893750000000011,56.022916666666674,19.0,11.949134501974976,248.1750895047394,22.0,41G0
10.981249999999989,56.022916666666674,17.0,13.683357230133495,248.1750895047394,22.0,41G0
11.068749999999994,56.022916666666674,30.0,12.052311491473096,248.1750895047394,22.0,41G1
11.15625,56.022916666666674,20.0,9.082747992114774,248.1750895047394,21.0,41G1
11.418749999999989,56.022916666666674,18.0,6.135556459818344,251.16366666576823,21.0,41G1
11.506249999999994,56.022916666666674,17.0,7.487236087341307,253.49780414169405,21.0,41G1
11.59375,56.022916666666674,16.0,7.415089504739416,255.59398544398744,21.0,41G1
11.681250000000006,56.022916666666674,14.0,7.70035755743266,257.6946399833129,21.0,41G1
15.006249999999994,56.022916666666674,36.0,10.402507200200365,523.5367936917607,25.0,41G5
15.09375,56.022916666666674,31.0,12.50679952841378,526.9036825599878,25.0,41G5
15.181250000000006,56.022916666666674,37.0,13.94171346416635,530.2775013051307,25.0,41G5
15.268750000000011,56.022916666666674,35.0,11.867657245468251,535.0540638593283,25.0,41G5
15.356249999999989,56.022916666666674,39.0,10.399627577088111,539.2037312755622,25.0,41G5
16.056250000000006,56.022916666666674,35.0,14.562992580407624,573.9319175563533,25.0,41G6
16.14375000000001,56.022916666666674,38.0,18.975850295265328,578.6605584351279,25.0,41G6
16.23124999999999,56.022916666666674,39.0,23.34663134400241,582.9491616508958,25.0,41G6
16.318749999999994,56.022916666666674,40.0,21.036114244026,588.3825947165868,25.0,41G6
16.40625,56.022916666666674,45.0,20.39149613803464,593.0046614662532,25.0,41G6
16.493750000000006,56.022916666666674,45.0,20.80635257916948,598.0695893632866,25.0,41G6
16.58125000000001,56.022916666666674,52.0,22.412881373886208,602.8253352202,25.0,41G6
16.66874999999999,56.022916666666674,40.0,25.00360063376513,607.5985484696615,25.0,41G6
16.756249999999994,56.022916666666674,35.0,28.98291005436624,613.4300752247899,25.0,41G6
16.84375,56.022916666666674,42.0,32.55276777806151,618.4000280576416,25.0,41G6
16.931250000000006,56.022916666666674,40.0,36.49593880220208,623.1486246358127,25.0,41G6
17.01875000000001,56.022916666666674,33.0,41.58301905993858,628.8599572973274,25.0,41G7
17.10624999999999,56.022916666666674,36.0,46.03114080644024,633.926835420452,25.0,41G7
17.193749999999994,56.022916666666674,39.0,50.53841417451896,638.6705929770601,25.0,41G7
17.28125,56.022916666666674,41.0,55.13374739773661,643.6901746101695,25.0,41G7
17.368750000000006,56.022916666666674,37.0,60.769102135543086,650.2720031396236,25.0,41G7
17.45625000000001,56.022916666666674,34.0,65.54291343709905,655.2487551417629,25.0,41G7
17.54374999999999,56.022916666666674,39.0,70.37202133525798,660.0294885648335,25.0,41G7
17.631249999999994,56.022916666666674,59.0,75.19476326605468,664.9217225835727,25.0,41G7
17.71875,56.022916666666674,62.0,80.89033570602028,670.9668354204521,25.0,41G7
17.806250000000006,56.022916666666674,60.0,85.59073109797525,675.9573215467432,25.0,41G7
17.89375000000001,56.022916666666674,56.0,90.34117015360718,680.9841969897892,25.0,41G7
17.98124999999999,56.022916666666674,52.0,95.134150097934,686.0928143678905,25.0,41G7
18.068749999999994,56.022916666666674,46.0,98.51108711491588,692.492010197466,26.0,41G8
18.15625,56.022916666666674,37.0,98.27128041998098,697.4779611090681,26.0,41G8
18.24375000000001,56.022916666666674,62.0,98.29795450390796,702.4887078060534,26.0,41G8
18.33125000000001,56.022916666666674,75.0,98.5908930361473,707.9040061586808,26.0,41G8
18.41874999999999,56.022916666666674,100.0,99.1477355295842,712.9973215467415,26.0,41G8
18.506249999999994,56.022916666666674,104.0,100.15795442495414,718.7472392263536,26.0,41G8
18.59375,56.022916666666674,102.0,101.27722793148918,724.3520031396237,26.0,41G8
18.68125000000001,56.022916666666674,109.0,102.6400024949265,728.7678282772312,26.0,41G8
18.76875000000001,56.022916666666674,119.0,104.58322919837543,734.7704073069816,26.0,41G8
18.85624999999999,56.022916666666674,121.0,106.44667318341249,739.8599352918347,26.0,41G8
18.943749999999994,56.022916666666674,120.0,108.51067805551156,745.0468354204522,26.0,41G8
19.03125,56.022916666666674,119.0,110.61652015163766,750.1709704317302,26.0,41G9
19.11875000000001,56.022916666666674,123.0,113.25657490909882,756.3368162532213,26.0,41G9
19.20625000000001,56.022916666666674,106.0,112.29721243476236,761.3920031396236,26.0,41G9
19.29374999999999,56.022916666666674,80.0,107.21134014399696,766.572010197466,26.0,41G9
19.381249999999994,56.022916666666674,72.0,102.13365928914094,771.7520146179253,26.0,41G9
19.46875,56.022916666666674,62.0,97.06546339091624,776.8999352918363,26.0,41G9
19.55625000000001,56.022916666666674,51.0,90.9983910390018,783.1028307284495,26.0,41G9
19.64375000000001,56.022916666666674,52.0,85.95712471118874,788.2425072002022,26.0,41G9
19.73124999999999,56.022916666666674,53.0,80.93181550217045,793.4093065745913,26.0,41G9
19.818749999999994,56.022916666666674,57.0,74.92703938633933,800.5040061586808,26.0,41G9
19.90625,56.022916666666674,58.0,69.9492807533875,805.5973215467417,26.0,41G9
19.99375000000001,56.022916666666674,58.0,65.00121166443203,810.6241969897876,26.0,41G9
20.08125000000001,56.022916666666674,51.0,60.090174940734805,815.7328143678886,26.0,41H0
20.16874999999999,56.022916666666674,44.0,55.22605900436264,821.0960089366062,26.0,41H0
20.256249999999994,56.022916666666674,37.0,49.4299089974869,827.3120146179256,26.0,41H0
20.34375,56.022916666666674,32.0,44.59758697046311,832.4920145171506,26.0,41H0
20.43125000000001,56.022916666666674,29.0,39.85006265849239,838.5800075853211,26.0,41H0
20.51875000000001,56.022916666666674,23.0,33.9431658213475,844.3803693388861,26.0,41H0
20.60624999999999,56.022916666666674,29.0,28.91478360230733,849.4468855480349,26.0,41H0
20.693749999999994,56.022916666666674,33.0,23.828005775724105,855.0280046717576,26.0,41H0
20.78125,56.022916666666674,30.0,18.64801378866733,860.2080113528326,26.0,41H0
20.86875000000001,56.022916666666674,25.0,12.432014617925471,866.4240152256588,26.0,41H0
10.368750000000006,56.07291666666666,18.0,7.302462490616063,255.7080215426197,22.0,41G0
10.456250000000011,56.07291666666666,13.0,4.834484394121982,251.80273283769552,22.0,41G0
10.631249999999994,56.07291666666666,21.0,6.362841396836807,245.0054995625066,22.0,41G0
10.71875,56.07291666666666,39.0,7.697936465230517,242.6137723761865,22.0,41G0
10.806250000000006,56.07291666666666,16.0,6.488203316647256,241.7046099499425,22.0,41G0
10.893750000000011,56.07291666666666,24.0,8.295738561372307,241.7046099499425,22.0,41G0
10.981249999999989,56.07291666666666,16.0,12.206011934057177,241.7046099499425,22.0,41G0
11.068749999999994,56.07291666666666,23.0,16.34688649032728,241.7046099499425,21.0,41G1
11.15625,56.07291666666666,31.0,12.432746804843816,241.73196493212703,21.0,41G1
11.243750000000006,56.07291666666666,13.0,9.775853490614375,242.88285884644893,21.0,41G1
11.331250000000011,56.07291666666666,20.0,9.497533303469242,244.46754475236932,21.0,41G1
11.418749999999989,56.07291666666666,20.0,11.320968399240968,245.8349780719421,21.0,41G1
11.506249999999994,56.07291666666666,20.0,13.0177144252798,248.4541003675685,21.0,41G1
11.59375,56.07291666666666,19.0,12.976406633292388,250.53372225380213,21.0,41G1
11.681250000000006,56.07291666666666,19.0,12.497208824215411,252.6257853450142,21.0,41G1
11.768750000000011,56.07291666666666,18.0,11.125649369473852,255.14086056772223,21.0,41G1
11.856249999999989,56.07291666666666,14.0,8.982974775967984,257.25873147405395,21.0,41G1
11.943749999999994,56.07291666666666,13.0,6.214884846483151,259.3772157489087,21.0,41G1
16.056250000000006,56.07291666666666,34.0,11.740585597219685,576.8985618821498,25.0,41G6
16.14375000000001,56.07291666666666,37.0,16.26168369158193,581.3531149405036,25.0,41G6
16.23124999999999,56.07291666666666,36.0,18.682044023345146,585.8724089134392,25.0,41G6
16.318749999999994,56.07291666666666,32.0,15.703648793276598,591.2180481653103,25.0,41G6
16.40625,56.07291666666666,28.0,14.830179009481665,595.8797355578533,25.0,41G6
16.493750000000006,56.07291666666666,49.0,15.394909899722611,600.3897318858373,25.0,41G6
16.58125000000001,56.07291666666666,48.0,17.502748471730214,604.93434374589,25.0,41G6
16.66874999999999,56.07291666666666,36.0,20.701148718871096,609.8185670161754,25.0,41G6
16.756249999999994,56.07291666666666,41.0,24.97702233073738,615.6956595403053,25.0,41G6
16.84375,56.07291666666666,39.0,29.02503813727716,620.6502744017023,25.0,41G6
16.931250000000006,56.07291666666666,40.0,33.3821926990312,625.1773077149776,25.0,41G6
17.01875000000001,56.07291666666666,37.0,38.78650926175786,631.0691976463041,25.0,41G7
17.10624999999999,56.07291666666666,36.0,43.39100077959179,635.9574347364247,25.0,41G7
17.193749999999994,56.07291666666666,36.0,48.1088012110832,640.675020512418,25.0,41G7
17.28125,56.07291666666666,37.0,52.90960297247183,645.5619436128458,25.0,41G7
17.368750000000006,56.07291666666666,40.0,58.70740273002446,651.4397355578534,25.0,41G7
17.45625000000001,56.07291666666666,42.0,63.54308293370121,656.3392106001463,25.0,41G7
17.54374999999999,56.07291666666666,43.0,68.21701630203388,661.16279529401,25.0,41G7
17.631249999999994,56.07291666666666,51.0,72.92545580074382,666.1831438670343,25.0,41G7
17.71875,56.07291666666666,63.0,78.64964452214313,672.9279574887104,25.0,41G7
17.806250000000006,56.07291666666666,63.0,83.4702263464384,677.7150205124178,25.0,41G7
17.89375000000001,56.07291666666666,60.0,88.28270807888045,682.6019436128457,25.0,41G7
17.98124999999999,56.07291666666666,55.0,93.11529374336376,687.5076257016052,25.0,41G7
18.068749999999994,56.07291666666666,54.0,92.9650345504298,693.5698998263489,26.0,41G8
18.15625,56.07291666666666,54.0,92.71121425636554,698.4989383402672,26.0,41G8
18.24375000000001,56.07291666666666,56.0,92.73945082225552,703.4386922832878,26.0,41G8
18.33125000000001,56.07291666666666,75.0,93.04948743025275,708.9332980453897,26.0,41G8
18.41874999999999,56.07291666666666,94.0,93.6385245549765,714.106594207163,26.0,41G8
18.506249999999994,56.07291666666666,105.0,94.70614544086182,719.9650977321463,26.0,41G8
18.59375,56.07291666666666,101.0,95.88754888424194,725.383978947787,26.0,41G8
18.68125000000001,56.07291666666666,101.0,97.32396460664606,730.5572760890417,26.0,41G8
18.76875000000001,56.07291666666666,115.0,99.36856879988608,736.5134588308393,26.0,41G8
18.85624999999999,56.07291666666666,123.0,101.32543508711922,741.38231931336,26.0,41G8
18.943749999999994,56.07291666666666,123.0,103.4401688278549,746.2964586310245,26.0,41G8
19.03125,56.07291666666666,122.0,105.54894329150056,751.313551962817,26.0,41G9
19.11875000000001,56.07291666666666,118.0,108.30904139898196,757.4615701458351,26.0,41G9
19.20625000000001,56.07291666666666,119.0,110.81650625519671,762.5597355578534,26.0,41G9
19.29374999999999,56.07291666666666,93.0,106.27462384130745,767.6498998263489,26.0,41G9
19.381249999999994,56.07291666666666,81.0,101.156741282301,772.8039191060044,26.0,41G9
19.46875,56.07291666666666,70.0,96.04381622155202,777.7783198029888,26.0,41G9
19.55625000000001,56.07291666666666,53.0,89.91605222654344,784.0479574887106,26.0,41G9
19.64375000000001,56.07291666666666,50.0,84.81729050390186,789.2212530477259,26.0,41G9
19.73124999999999,56.07291666666666,53.0,79.72697921490321,794.3945444627768,26.0,41G9
19.818749999999994,56.07291666666666,58.0,73.63223934690193,800.6015976088421,26.0,41G9
19.90625,56.07291666666666,60.0,68.56735364241894,805.7189531468537,26.0,41G9
19.99375000000001,56.07291666666666,58.0,63.51852534018543,810.8764158777055,26.0,41G9
20.08125000000001,56.07291666666666,50.0,58.48992111099104,816.9493193236387,26.0,41H0
20.16874999999999,56.07291666666666,42.0,53.48725372429519,822.1226168416174,26.0,41H0
20.256249999999994,56.07291666666666,34.0,47.52983119889922,828.1389383402674,26.0,41H0
20.34375,56.07291666666666,31.0,42.61769402558747,833.0786922832878,26.0,41H0
20.43125000000001,56.07291666666666,27.0,37.77301688112335,838.5732980453915,26.0,41H0
20.51875000000001,56.07291666666666,32.0,31.963733485357366,844.7812530477257,26.0,41H0
20.60624999999999,56.07291666666666,35.0,27.17959904323272,849.9545444627768,26.0,41H0
20.693749999999994,56.07291666666666,34.0,22.414598967364395,856.0586385267261,26.0,41H0
20.78125,56.07291666666666,36.0,17.453526343475282,860.9929508086543,26.0,41H0
20.86875000000001,56.07291666666666,27.0,11.528806241161424,866.8782479820528,26.0,41H0
10.28125,56.12291666666667,14.0,3.2358762380753485,258.1931583380531,22.0,41G0
10.368750000000006,56.12291666666667,15.0,4.748108822490662,252.48875879158328,22.0,41G0
10.631249999999994,56.12291666666667,16.0,4.133267743018882,240.1865448036885,22.0,41G0
10.981249999999989,56.12291666666667,22.0,10.37353999446086,236.1432928213867,21.0,41G0
11.068749999999994,56.12291666666667,22.0,16.557234631526892,236.1432928213867,21.0,41G1
11.15625,56.12291666666667,34.0,16.985480170215382,236.18151440689488,21.0,41G1
11.243750000000006,56.12291666666667,22.0,15.151805025598904,237.3896065740236,21.0,41G1
11.331250000000011,56.12291666666667,18.0,14.97397679805024,238.81951568011365,21.0,41G1
11.418749999999989,56.12291666666667,21.0,16.50560211735439,240.41882131671608,21.0,41G1
11.506249999999994,56.12291666666667,22.0,14.934648384731096,243.53589575823224,21.0,41G1
11.59375,56.12291666666667,21.0,11.036573959232175,245.50810882249067,21.0,41G1
11.681250000000006,56.12291666666667,20.0,8.59367237012136,247.56891181002587,21.0,41G1
11.768750000000011,56.12291666666667,22.0,9.308014978783335,250.25597394245915,21.0,41G1
11.856249999999989,56.12291666666667,21.0,12.486277051903109,252.18730251564835,21.0,41G1
11.943749999999994,56.12291666666667,19.0,10.363090416382706,254.3070078671093,21.0,41G1
12.03125,56.12291666666667,14.0,6.930681892719793,256.7165640456658,21.0,41G2
12.46875,56.12291666666667,26.0,3.7075447523693534,272.39967887714727,23.0,41G2
16.14375000000001,56.12291666666667,35.0,13.080434475410843,584.4830904163828,25.0,41G6
16.23124999999999,56.12291666666667,36.0,14.657038369586076,588.5770042570172,25.0,41G6
16.318749999999994,56.12291666666667,31.0,10.608843069463065,594.7066339317778,25.0,41G6
16.493750000000006,56.12291666666667,38.0,10.146855757582149,603.0351354792892,25.0,41G6
16.58125000000001,56.12291666666667,53.0,13.119678877147251,607.5671208953,25.0,41G6
16.66874999999999,56.12291666666667,47.0,16.645364645660294,612.0808466949627,25.0,41G6
16.756249999999994,56.12291666666667,44.0,21.65090820658688,617.9567504715801,25.0,41G6
16.84375,56.12291666666667,36.0,26.145859197012573,622.4899571830853,25.0,41G6
16.931250000000006,56.12291666666667,30.0,30.73122101254076,627.3458042203614,25.0,41G6
17.01875000000001,56.12291666666667,28.0,36.43660343269692,633.2925241310903,25.0,41G7
17.10624999999999,56.12291666666667,24.0,41.287173887711226,638.1535866245628,25.0,41G7
17.193749999999994,56.12291666666667,25.0,46.09586865255791,642.7754037224461,25.0,41G7
17.28125,56.12291666666667,18.0,50.92030401506428,647.4522622417168,25.0,41G7
17.368750000000006,56.12291666666667,31.0,56.49608787199828,653.4496187049642,25.0,41G7
17.45625000000001,56.12291666666667,37.0,61.2316924294157,658.2153906200213,25.0,41G7
17.54374999999999,56.12291666666667,44.0,66.02973193385208,663.1271208953002,25.0,41G7
17.631249999999994,56.12291666666667,49.0,70.85470222996298,668.1081978504221,25.0,41G7
17.71875,56.12291666666667,66.0,76.63945237832696,673.9462001174892,25.0,41G7
17.806250000000006,56.12291666666667,62.0,81.50448317495837,678.6805505894893,25.0,41G7
17.89375000000001,56.12291666666667,59.0,86.40260548395263,683.670658735287,25.0,41G7
17.98124999999999,56.12291666666667,58.0,88.13585825031268,689.3732677430188,25.0,41G7
18.068749999999994,56.12291666666667,54.0,87.42092131910965,695.2553906200199,26.0,41G8
18.15625,56.12291666666667,55.0,87.15130771666225,700.1671208953001,26.0,41G8
18.24375000000001,56.12291666666667,75.0,87.18130596464641,705.1481978504222,26.0,41G8
18.33125000000001,56.12291666666667,82.0,87.51060790279698,710.0294673657775,26.0,41G8
18.41874999999999,56.12291666666667,92.0,88.13585825031268,715.0899571830851,26.0,41G8
18.506249999999994,56.12291666666667,104.0,89.2678466333982,720.9389432333007,26.0,41G8
18.59375,56.12291666666667,102.0,90.51863543688393,726.413267743019,26.0,41G8
18.68125000000001,56.12291666666667,96.0,92.03691715988052,731.5798509527559,26.0,41G8
18.76875000000001,56.12291666666667,104.0,94.19357175686063,737.4780989767481,26.0,41G8
18.85624999999999,56.12291666666667,121.0,96.24719682104784,742.8666339317778,26.0,41G8
18.943749999999994,56.12291666666667,124.0,98.35260067588275,748.0332179702025,26.0,41G8
19.03125,56.12291666666667,124.0,100.53357558627438,753.0806682349847,26.0,41G9
19.11875000000001,56.12291666666667,122.0,103.42388667584684,758.9328227452526,26.0,41G9
19.20625000000001,56.12291666666667,126.0,106.04355041450388,763.8507588298926,26.0,41G9
19.29374999999999,56.12291666666667,114.0,105.62277580744048,768.8047861823138,26.0,41G9
19.381249999999994,56.12291666666667,92.0,100.47855328638778,773.907829084496,26.0,41G9
19.46875,56.12291666666667,79.0,95.3361264800994,779.2281978504221,26.0,41G9
19.55625000000001,56.12291666666667,62.0,89.16803366444853,785.1331401908835,26.0,41G9
19.64375000000001,56.12291666666667,49.0,84.03077532820834,790.2757327675417,26.0,41G9
19.73124999999999,56.12291666666667,53.0,78.89662253105459,795.2935263434754,26.0,41G9
19.818749999999994,56.12291666666667,57.0,72.74067611746239,801.5265845657698,26.0,41G9
19.90625,56.12291666666667,61.0,67.61594714494107,806.69316724816,26.0,41G9
19.99375000000001,56.12291666666667,59.0,62.497225198828026,811.8597461637851,26.0,41G9
20.08125000000001,56.12291666666667,53.0,57.38612621353855,817.1451752710004,26.0,41H0
20.16874999999999,56.12291666666667,43.0,52.28489433197433,822.1731401908835,26.0,41H0
20.256249999999994,56.12291666666667,35.0,46.18105671283391,828.3465062520826,26.0,41H0
20.34375,56.12291666666667,30.0,41.11505648320544,833.5047835180047,26.0,41H0
20.43125000000001,56.12291666666667,31.0,36.076120197106135,839.5999013131891,26.0,41H0
20.51875000000001,56.12291666666667,34.0,30.08428280566027,845.6806682349848,26.0,41H0
20.60624999999999,56.12291666666667,36.0,25.16589155693908,850.5789432333008,26.0,41H0
20.693749999999994,56.12291666666667,35.0,20.368170632945176,856.0532677430189,26.0,41H0
20.78125,56.12291666666667,30.0,15.489796590506089,861.2198509527557,26.0,41H0
10.893750000000011,56.17291666666665,18.0,6.937655732275336,230.5819756928337,21.0,41G0
10.981249999999989,56.17291666666665,22.0,11.31770201597469,230.5819756928337,21.0,41G0
11.068749999999994,56.17291666666665,22.0,17.158250515064825,230.5819756928337,21.0,41G1
11.15625,56.17291666666665,14.0,22.00673400544388,230.64544150358896,21.0,41G1
11.243750000000006,56.17291666666665,26.0,20.62628350172488,232.0111675012862,21.0,41G1
11.331250000000011,56.17291666666665,18.0,20.49617812353808,233.5520188656124,21.0,41G1
11.418749999999989,56.17291666666665,20.0,18.776498013410176,235.34496163756305,21.0,41G1
11.506249999999994,56.17291666666665,22.0,12.68809165814402,237.9025369228839,21.0,41G1
11.59375,56.17291666666665,21.0,7.738317895079684,240.0217742938408,21.0,41G1
11.856249999999989,56.17291666666665,24.0,9.69218076162167,247.1239993216816,21.0,41G1
11.943749999999994,56.17291666666665,25.0,14.49827756980886,249.24489634479303,21.0,41G1
12.03125,56.17291666666665,21.0,11.742217419591473,251.90304494375857,21.0,41G2
12.118750000000006,56.17291666666665,21.0,8.03647393849211,255.6062782292832,21.0,41G2
12.381249999999994,56.17291666666665,24.0,6.365960301829091,264.1093155972224,23.0,41G2
12.46875,56.17291666666665,24.0,5.15986715157392,267.7648963447931,23.0,41G2
16.23124999999999,56.17291666666665,34.0,11.937135742920775,591.8170399102796,25.0,41G6
16.66874999999999,56.17291666666665,51.0,13.55068110192662,614.7690657349942,25.0,41G6
16.756249999999994,56.17291666666665,47.0,19.03220188589692,620.6315318987201,25.0,41G6
16.84375,56.17291666666665,32.0,23.8648751642565,625.1487522466899,25.0,41G6
16.931250000000006,56.17291666666665,26.0,28.673171733695952,629.6735828338179,25.0,41G6
17.01875000000001,56.17291666666665,26.0,34.477625462189266,635.1638177695215,25.0,41G7
17.10624999999999,56.17291666666665,26.0,39.19386790762765,640.0643163200252,25.0,41G7
17.193749999999994,56.17291666666665,26.0,43.855034717417006,644.8601914673063,25.0,41G7
17.28125,56.17291666666665,21.0,48.61476358181969,650.2639469660849,25.0,41G7
17.368750000000006,56.17291666666665,18.0,54.4109965274677,655.6593971021712,25.0,41G7
17.45625000000001,56.17291666666665,24.0,59.21470154065435,660.3965331619023,25.0,41G7
17.54374999999999,56.17291666666665,33.0,64.07179343547347,664.995194964948,25.0,41G7
17.631249999999994,56.17291666666665,30.0,68.9709879115851,669.9520150678376,25.0,41G7
17.71875,56.17291666666665,29.0,74.89395009181673,675.7733455572356,25.0,41G7
17.806250000000006,56.17291666666665,27.0,79.85911173236141,680.6441438128107,25.0,41G7
17.89375000000001,56.17291666666665,57.0,83.61489234330833,685.4373706854677,25.0,41G7
17.98124999999999,56.17291666666665,51.0,82.64104395943389,690.483007281861,25.0,41G7
18.068749999999994,56.17291666666665,42.0,81.8791413640976,696.2097406333565,26.0,41G8
18.15625,56.17291666666665,41.0,81.59159343270284,701.16393530453,26.0,41G8
18.24375000000001,56.17291666666665,47.0,81.62359323330872,706.8559204114656,26.0,41G8
18.33125000000001,56.17291666666665,70.0,81.97476650237746,711.8824792132011,26.0,41G8
18.41874999999999,56.17291666666665,77.0,82.64104395943389,716.691917033466,26.0,41G8
18.506249999999994,56.17291666666665,102.0,83.8456868866178,722.477370685466,26.0,41G8
18.59375,56.17291666666665,105.0,85.17441451793852,727.523007281863,26.0,41G8
18.68125000000001,56.17291666666665,99.0,86.78415876633768,732.6423891329206,26.0,41G8
18.76875000000001,56.17291666666665,93.0,89.06515207699768,738.4465014477469,26.0,41G8
18.85624999999999,56.17291666666665,114.0,91.17613456626776,743.8959204114639,26.0,41G8
18.943749999999994,56.17291666666665,123.0,93.28491643805845,749.0557866591324,26.0,41G8
19.03125,56.17291666666665,125.0,95.57863621696625,754.0287495528287,26.0,41G9
19.11875000000001,56.17291666666665,126.0,98.61038190409094,759.9546820140298,26.0,41G9
19.20625000000001,56.17291666666665,125.0,101.35100411676996,765.5118404161738,26.0,41G9
19.29374999999999,56.17291666666665,127.0,104.27000364159106,770.6377020159748,26.0,41G9
19.381249999999994,56.17291666666665,105.0,100.1051669536121,775.486501447747,26.0,41G9
19.46875,56.17291666666665,90.0,94.94941451525808,780.614562687555,26.0,41G9
19.55625000000001,56.17291666666665,72.0,88.76278786983707,786.3031004643464,26.0,41G9
19.64375000000001,56.17291666666665,55.0,83.6075510353536,791.3860051140495,26.0,41G9
19.73124999999999,56.17291666666665,54.0,78.45263702836152,796.5117901509194,26.0,41G9
19.818749999999994,56.17291666666665,55.0,72.26727546797316,802.6214955513926,26.0,41G9
19.90625,56.17291666666665,60.0,67.11337308069115,807.7507108375642,26.0,41G9
19.99375000000001,56.17291666666665,58.0,61.96013078045129,812.817765801264,26.0,41G9
20.08125000000001,56.17291666666665,56.0,56.80773675379932,817.9759204114636,26.0,41H0
20.16874999999999,56.17291666666665,44.0,51.65645348038267,823.1357866591323,26.0,41H0
20.256249999999994,56.17291666666665,40.0,45.47692376889296,829.327622013433,26.0,41H0
20.34375,56.17291666666665,34.0,40.32968596830355,834.4874791467159,26.0,41H0
20.43125000000001,56.17291666666665,31.0,35.18562156419677,839.6614955513944,26.0,41H0
20.51875000000001,56.17291666666665,34.0,29.019322969451604,845.8196566594801,26.0,41H0
20.60624999999999,56.17291666666665,37.0,23.89000860009409,850.9699063048682,26.0,41H0
20.693749999999994,56.17291666666665,34.0,18.77649801341008,857.079867151574,26.0,41H0
20.78125,56.17291666666665,21.0,13.696515046001094,862.2397324200117,26.0,41H0
10.893750000000011,56.22291666666666,20.0,6.34647141011304,225.0206585642779,21.0,41G0
10.981249999999989,56.22291666666666,21.0,10.948657194955157,225.0206585642779,21.0,41G0
11.068749999999994,56.22291666666666,23.0,15.771753900004557,225.0206585642779,21.0,41G1
11.15625,56.22291666666666,18.0,20.165644101305222,225.20539468754893,21.0,41G1
11.243750000000006,56.22291666666666,17.0,24.330452052956822,226.8744309404615,21.0,41G1
11.331250000000011,56.22291666666666,21.0,23.874654651604214,228.1705556271117,21.0,41G1
11.418749999999989,56.22291666666666,20.0,18.76453308291333,230.2728504807249,21.0,41G1
11.506249999999994,56.22291666666666,22.0,12.680222242833851,232.84230870743656,21.0,41G1
11.59375,56.22291666666666,23.0,7.733927390587924,234.9621163262831,21.0,41G1
11.856249999999989,56.22291666666666,24.0,9.686386007468284,241.67813579238648,21.0,41G1
11.943749999999994,56.22291666666666,28.0,14.698918199239374,244.6080073629994,21.0,41G1
12.03125,56.22291666666666,25.0,15.958910544709394,247.6810703347904,21.0,41G2
12.118750000000006,56.22291666666666,26.0,13.108046755893977,250.9024837639716,21.0,41G2
12.206250000000011,56.22291666666666,25.0,11.312509075834935,253.2450454503005,21.0,41G2
12.293749999999989,56.22291666666666,25.0,11.122634257108771,255.95820761727828,21.0,41G2
12.381249999999994,56.22291666666666,24.0,9.45434225087516,259.3545854106994,21.0,41G2
12.46875,56.22291666666666,23.0,4.122516736709045,263.12800736299937,23.0,41G2
16.23124999999999,56.22291666666666,30.0,11.295222540277496,595.8681520522807,25.0,41G6
16.66874999999999,56.22291666666666,62.0,11.295222540277496,617.9420406735085,25.0,41G6
16.756249999999994,56.22291666666666,37.0,17.120287525676055,623.0415434814437,25.0,41G6
16.84375,56.22291666666666,49.0,21.88885684842213,627.3937907075207,25.0,41G6
16.931250000000006,56.22291666666666,32.0,26.56129544891163,632.4525630756965,25.0,41G6
17.01875000000001,56.22291666666666,34.0,32.186461725066906,637.7941095694398,25.0,41G7
17.10624999999999,56.22291666666666,31.0,37.00825255449637,642.3141448324498,25.0,41G7
17.193749999999994,56.22291666666666,27.0,41.81382693597986,646.8378894690875,25.0,41G7
17.28125,56.22291666666666,24.0,46.6592045097408,651.8056065035331,25.0,41G7
17.368750000000006,56.22291666666666,23.0,52.54865122254728,657.6610664280793,25.0,41G7
17.45625000000001,56.22291666666666,25.0,57.50194460141101,662.3839405377079,25.0,41G7
17.54374999999999,56.22291666666666,27.0,62.48605404655166,667.2392177151683,25.0,41G7
17.631249999999994,56.22291666666666,34.0,67.49414657551407,672.1974931965167,25.0,41G7
17.71875,56.22291666666666,33.0,73.5286048583868,677.6770924044738,25.0,41G7
17.806250000000006,56.22291666666666,34.0,78.57371163514101,682.5504750934209,25.0,41G7
17.89375000000001,56.22291666666666,54.0,78.19659699079867,687.5002717056587,25.0,41G7
17.98124999999999,56.22291666666666,52.0,77.15575929501581,692.4523654186593,25.0,41G7
18.068749999999994,56.22291666666666,38.0,76.3402028270926,698.1564668133108,26.0,41G8
18.15625,56.22291666666666,37.0,76.03211357958003,702.972247020568,26.0,41G8
18.24375000000001,56.22291666666666,41.0,76.06640734686164,707.9858676887558,26.0,41G8
18.33125000000001,56.22291666666666,50.0,76.44262327941671,712.8035375255313,26.0,41G8
18.41874999999999,56.22291666666666,69.0,77.15575929501581,717.6673032553991,26.0,41G8
18.506249999999994,56.22291666666666,104.0,78.44301297783633,724.3412584286066,26.0,41G8
18.59375,56.22291666666666,109.0,79.8598435534659,729.4923654186593,26.0,41G8
18.68125000000001,56.22291666666666,102.0,81.57231371131606,734.212450621614,26.0,41G8
18.76875000000001,56.22291666666666,90.0,83.98962242314344,740.0122470205699,26.0,41G8
18.85624999999999,56.22291666666666,105.0,86.0944940113022,745.0258676887557,26.0,41G8
18.943749999999994,56.22291666666666,120.0,88.27668387691806,750.1228599059169,26.0,41G8
19.03125,56.22291666666666,125.0,90.69402997310856,754.9839405377079,26.0,41G9
19.11875000000001,56.22291666666666,126.0,93.87954889737492,761.3812584286067,26.0,41G9
19.20625000000001,56.22291666666666,128.0,96.75056801649497,766.5344037093142,26.0,41G9
19.29374999999999,56.22291666666666,130.0,99.8002803125497,771.5733007652183,26.0,41G9
19.381249999999994,56.22291666666666,116.0,99.53025515981656,776.45754764818,26.0,41G9
19.46875,56.22291666666666,103.0,94.4246317360412,781.962516736709,26.0,41G9
19.55625000000001,56.22291666666666,84.0,88.3039536380751,788.1462897329449,26.0,41G9
19.64375000000001,56.22291666666666,59.0,83.20944873228935,793.0022756473113,26.0,41G9
19.73124999999999,56.22291666666666,58.0,78.1216115750192,798.4212584286068,26.0,41G9
19.818749999999994,56.22291666666666,56.0,72.02700950159043,803.8102836817266,26.0,41G9
19.90625,56.22291666666666,60.0,66.9593713250053,808.8683648479775,26.0,41G9
19.99375000000001,56.22291666666666,55.0,61.83721118716924,813.9822686163551,26.0,41G9
20.08125000000001,56.22291666666666,55.0,56.68418965073529,819.1058676887556,26.0,41H0
20.16874999999999,56.22291666666666,49.0,51.53114740220735,824.202859905917,26.0,41H0
20.256249999999994,56.22291666666666,42.0,45.34747201524764,830.3522382254972,26.0,41H0
20.34375,56.22291666666666,37.0,40.19439082818072,835.4612584286068,26.0,41H0
20.43125000000001,56.22291666666666,32.0,35.041294954496415,840.6144037093142,26.0,41H0
20.51875000000001,56.22291666666666,31.0,28.857563170904537,846.7981744009018,26.0,41H0
20.60624999999999,56.22291666666666,34.0,23.704441614556885,851.9513113969217,26.0,41H0
20.693749999999994,56.22291666666666,32.0,18.551311396923182,857.1563922598798,26.0,41H0
20.78125,56.22291666666666,23.0,13.398174400901668,862.2690010515298,26.0,41H0
10.981249999999989,56.272916666666674,20.0,7.718531200652031,218.55017900947885,21.0,41G0
11.068749999999994,56.272916666666674,22.0,12.678383067800029,218.58573040644728,21.0,41G1
11.15625,56.272916666666674,20.0,17.115447937069394,219.7756719995596,21.0,41G1
11.243750000000006,56.272916666666674,15.0,21.86353842098132,221.1766879522585,21.0,41G1
11.331250000000011,56.272916666666674,20.0,25.12214101779624,222.7420514902552,21.0,41G1
11.418749999999989,56.272916666666674,20.0,20.33506448107014,225.2049275640092,21.0,41G1
11.506249999999994,56.272916666666674,21.0,14.914584170609045,227.8079794212252,21.0,41G1
11.59375,56.272916666666674,27.0,11.02733747875597,229.92256071292164,21.0,41G1
11.681250000000006,56.272916666666674,19.0,8.592704385055976,232.00861576037948,21.0,41G1
11.768750000000011,56.272916666666674,6.0,9.30443970495538,234.49272900231648,21.0,41G1
11.856249999999989,56.272916666666674,22.0,12.47277966317508,236.8277368675979,21.0,41G1
11.943749999999994,56.272916666666674,28.0,16.662618733538515,239.52865843656983,21.0,41G1
12.03125,56.272916666666674,30.0,20.73244637979691,242.88024439073945,21.0,41G2
12.118750000000006,56.272916666666674,30.0,18.178821316716046,245.8306051685712,21.0,41G2
12.206250000000011,56.272916666666674,29.0,15.682691691160487,248.4425607129216,21.0,41G2
12.293749999999989,56.272916666666674,27.0,10.658581133891916,251.7781032641984,21.0,41G2
12.731249999999989,56.272916666666674,13.0,4.154595330220589,268.23421305461034,23.0,41G2
16.23124999999999,56.272916666666674,27.0,10.292839197201465,599.5610703347904,25.0,41G6
16.756249999999994,56.272916666666674,45.0,14.861578156166887,626.0399393805061,25.0,41G6
16.84375,56.272916666666674,55.0,19.616998823850647,630.5459664195281,25.0,41G6
16.931250000000006,56.272916666666674,46.0,24.4449434138886,635.1511658749804,25.0,41G6
17.01875000000001,56.272916666666674,44.0,30.24381621717196,640.042667437879,25.0,41G7
17.10624999999999,56.272916666666674,40.0,35.17252024776649,644.8243515419342,25.0,41G7
17.193749999999994,56.272916666666674,32.0,40.15442818951109,649.5851984351813,25.0,41G7
17.28125,56.272916666666674,33.0,45.1719341811037,654.0510695874568,25.0,41G7
17.368750000000006,56.272916666666674,27.0,51.22519066020042,659.4931782065395,25.0,41G7
17.45625000000001,56.272916666666674,24.0,56.28873175190186,664.3278682228677,25.0,41G7
17.54374999999999,56.272916666666674,28.0,61.319836073736944,669.4905634622376,25.0,41G7
17.631249999999994,56.272916666666674,32.0,66.15707030218341,674.1611656749316,25.0,41G7
17.71875,56.272916666666674,46.0,72.01586306609487,679.9185350605392,25.0,41G7
17.806250000000006,56.272916666666674,47.0,73.95762969425378,684.7422505874929,25.0,41G7
17.89375000000001,56.272916666666674,38.0,72.78644039763584,689.4606189062491,25.0,41G7
17.98124999999999,56.272916666666674,47.0,71.68219197664412,694.2737259140886,25.0,41G7
18.068749999999994,56.272916666666674,39.0,70.80477254932715,700.1199393805061,26.0,41G8
18.15625,56.272916666666674,34.0,70.47292363877708,705.145198435181,26.0,41G8
18.24375000000001,56.272916666666674,35.0,70.50987287414412,710.0055386207642,26.0,41G8
18.33125000000001,56.272916666666674,42.0,70.91504373316283,714.704438675283,26.0,41G8
18.41874999999999,56.272916666666674,61.0,71.68219197664412,719.5733063328481,26.0,41G8
18.506249999999994,56.272916666666674,73.0,73.06414763221949,725.5042871965649,26.0,41G8
18.59375,56.272916666666674,110.0,74.58126127312335,730.3857373153263,26.0,41G8
18.68125000000001,56.272916666666674,111.0,76.40975444672205,735.1810092273658,26.0,41G8
18.76875000000001,56.272916666666674,99.0,78.91778789479103,741.1823391759431,26.0,41G8
18.85624999999999,56.272916666666674,103.0,81.02661788188506,746.975704482222,26.0,41G8
18.943749999999994,56.272916666666674,112.0,83.33862192325105,751.744438675283,26.0,41G8
19.03125,56.272916666666674,122.0,85.89175708515056,756.6133063328497,26.0,41G9
19.11875000000001,56.272916666666674,126.0,89.24453585997516,762.5442871965665,26.0,41G9
19.20625000000001,56.272916666666674,129.0,92.2560226361332,767.6071663380262,26.0,41G9
19.29374999999999,56.272916666666674,129.0,95.4453396868352,772.5185350605392,26.0,41G9
19.381249999999994,56.272916666666674,130.0,98.79526185008272,777.4303580221394,26.0,41G9
19.46875,56.272916666666674,119.0,93.81613072353784,782.9864205399111,26.0,41G9
19.55625000000001,56.272916666666674,101.0,87.66130096338415,789.1331782065395,26.0,41G9
19.64375000000001,56.272916666666674,70.0,82.53404489768371,793.9678682228677,26.0,41G9
19.73124999999999,56.272916666666674,68.0,77.40874642144765,799.4478524444328,26.0,41G9
19.818749999999994,56.272916666666674,58.0,71.261578795489,805.6235557067174,26.0,41G9
19.90625,56.272916666666674,64.0,66.14226673409047,810.5274197078137,26.0,41G9
19.99375000000001,56.272916666666674,59.0,61.02680090342151,815.3781675194768,26.0,41G9
20.08125000000001,56.272916666666674,51.0,55.91624544218026,820.3511658749787,26.0,41H0
20.16874999999999,56.272916666666674,49.0,50.81209060239965,825.3406486076954,26.0,41H0
20.256249999999994,56.272916666666674,43.0,44.69865330734968,831.4561072216593,26.0,41H0
20.34375,56.272916666666674,36.0,39.61771686951408,836.6242871965668,26.0,41H0
20.43125000000001,56.272916666666674,33.0,34.55496525227428,841.6871663380263,26.0,41H0
20.51875000000001,56.272916666666674,30.0,28.51731832128408,847.8413168900846,26.0,41H0
20.60624999999999,56.272916666666674,35.0,23.53880958970496,852.755368796831,26.0,41H0
20.693749999999994,56.272916666666674,30.0,18.52710043399852,858.0957044822219,26.0,41H0
20.78125,56.272916666666674,24.0,13.380688704749666,863.2421225370755,26.0,41H0
11.068749999999994,56.32291666666666,21.0,10.442988611757391,213.04556436006715,21.0,41G1
11.15625,56.32291666666666,22.0,15.526760446516768,214.37083807696368,21.0,41G1
11.243750000000006,56.32291666666666,21.0,20.637684208349693,215.94315726089548,21.0,41G1
11.331250000000011,56.32291666666666,14.0,25.75959818940762,217.674311010751,21.0,41G1
11.418749999999989,56.32291666666666,22.0,23.168476741814644,219.7774264825969,21.0,41G1
11.506249999999994,56.32291666666666,18.0,18.59994689478733,222.3133972898335,21.0,41G1
11.59375,56.32291666666666,21.0,15.660369753223756,225.0078973189968,21.0,41G1
11.681250000000006,56.32291666666666,23.0,14.054963954460485,226.98694153820955,21.0,41G1
11.768750000000011,56.32291666666666,20.0,14.50046179335612,229.4227684915716,21.0,41G1
11.856249999999989,56.32291666666666,23.0,16.708406382332022,232.03556412669244,21.0,41G1
11.943749999999994,56.32291666666666,30.0,20.0270796788795,235.32870209473808,21.0,41G1
12.03125,56.32291666666666,32.0,24.000050911704164,237.8895412056512,21.0,41G2
12.118750000000006,56.32291666666666,31.0,20.75261102253997,240.8333972898335,21.0,41G2
12.206250000000011,56.32291666666666,32.0,15.67275794274606,244.21773377916747,21.0,41G2
12.293749999999989,56.32291666666666,30.0,10.652085122305628,247.5656558597555,21.0,41G2
12.556250000000006,56.32291666666666,23.0,4.239835685570784,256.5889814938716,23.0,41G2
12.643750000000011,56.32291666666666,20.0,6.194030199170306,260.02892622733754,23.0,41G2
16.756249999999994,56.32291666666666,63.0,12.875230271839266,628.8109200335637,25.0,41G6
16.84375,56.32291666666666,57.0,17.85644809843612,633.2786855671192,25.0,41G6
16.931250000000006,56.32291666666666,55.0,22.906771839808712,637.7773624683078,25.0,41G6
17.01875000000001,56.32291666666666,48.0,29.00756100627685,643.2100481113634,25.0,41G7
17.10624999999999,56.32291666666666,43.0,34.10915834901495,647.3309200335636,25.0,41G7
17.193749999999994,56.32291666666666,39.0,39.215771703239085,651.7986855671177,25.0,41G7
17.28125,56.32291666666666,39.0,43.96187682344505,656.6316091462197,25.0,41G7
17.368750000000006,56.32291666666666,33.0,49.75788961298822,662.1458863850486,25.0,41G7
17.45625000000001,56.32291666666666,29.0,54.64807295136151,666.6559938155845,25.0,41G7
17.54374999999999,56.32291666666666,29.0,59.57859398013076,671.2311380137821,25.0,41G7
17.631249999999994,56.32291666666666,35.0,64.54020221806557,676.1573213370036,25.0,41G7
17.71875,56.32291666666666,46.0,70.09316180777728,681.846419176421,25.0,41G7
17.806250000000006,56.32291666666666,50.0,68.602779539855,687.2958766464853,25.0,41G7
17.89375000000001,56.32291666666666,34.0,67.34019257234789,691.6814850895811,25.0,41G7
17.98124999999999,56.32291666666666,40.0,66.22324749862612,696.520909609784,25.0,41G7
18.068749999999994,56.32291666666666,37.0,65.2737430730259,701.979401740786,26.0,41G8
18.15625,56.32291666666666,31.0,64.91409809389715,706.9804205058571,26.0,41G8
18.24375000000001,56.32291666666666,29.0,64.95415699187292,711.8573624683079,26.0,41G8
18.33125000000001,56.32291666666666,32.0,65.39318515436196,716.6455442962888,26.0,41G8
18.41874999999999,56.32291666666666,45.0,66.22324749862612,721.4521989854727,26.0,41G8
18.506249999999994,56.32291666666666,63.0,67.71476472702186,727.5031514454075,26.0,41G8
18.59375,56.32291666666666,91.0,69.34688637995148,732.250446656353,26.0,41G8
18.68125000000001,56.32291666666666,109.0,71.30718648185314,737.1442016255771,26.0,41G8
18.76875000000001,56.32291666666666,109.0,73.84234473960156,743.0553645651453,26.0,41G8
18.85624999999999,56.32291666666666,104.0,76.02775550815232,747.9985240912412,26.0,41G8
18.943749999999994,56.32291666666666,108.0,78.4839766968156,752.7043248922264,26.0,41G8
19.03125,56.32291666666666,116.0,81.18642921288098,757.6667110678618,26.0,41G9
19.11875000000001,56.32291666666666,127.0,84.7210709230311,764.459691352686,26.0,41G9
19.20625000000001,56.32291666666666,129.0,87.88361587272101,769.2904466563531,26.0,41G9
19.29374999999999,56.32291666666666,131.0,91.22162250173508,774.1842016255771,26.0,41G9
19.381249999999994,56.32291666666666,132.0,94.67015016501207,778.9408091543451,26.0,41G9
19.46875,56.32291666666666,131.0,93.53487983611704,784.0775535192246,26.0,41G9
19.55625000000001,56.32291666666666,116.0,87.36859714875588,790.0659115208775,26.0,41G9
19.64375000000001,56.32291666666666,101.0,82.23003004355957,794.9361115739363,26.0,41G9
19.73124999999999,56.32291666666666,82.0,77.09147378561927,800.4717531725007,26.0,41G9
19.818749999999994,56.32291666666666,75.0,70.9252357821969,806.6393808230229,26.0,41G9
19.90625,56.32291666666666,72.0,65.78674478489287,811.4864191764211,26.0,41G9
19.99375000000001,56.32291666666666,67.0,60.64830987240024,816.9358766464856,26.0,41G9
20.08125000000001,56.32291666666666,60.0,55.50995519367219,822.0755674721127,26.0,41H0
20.16874999999999,56.32291666666666,51.0,50.371713982759175,827.1059115208775,26.0,41H0
20.256249999999994,56.32291666666666,44.0,44.20604264929609,832.9343537750024,26.0,41H0
20.34375,56.32291666666666,38.0,39.068252158525375,837.9111380137821,26.0,41H0
20.43125000000001,56.32291666666666,33.0,33.930834557767135,842.8373213370033,26.0,41H0
20.51875000000001,56.32291666666666,31.0,27.766730908821334,848.9334434656723,26.0,41H0
20.60624999999999,56.32291666666666,34.0,22.631137158185165,854.1753645651453,26.0,41H0
20.693749999999994,56.32291666666666,29.0,17.49759885502845,859.1757983880718,26.0,41H0
20.78125,56.32291666666666,24.0,12.368687765221695,864.2913726541666,26.0,41H0
11.068749999999994,56.37291666666667,19.0,9.951698647861274,207.5669282063577,21.0,41G1
11.15625,56.37291666666667,19.0,14.836695182511647,209.28131712855296,21.0,41G1
11.243750000000006,56.37291666666667,20.0,19.84607920004779,210.52484310695536,21.0,41G1
11.331250000000011,56.37291666666667,31.0,24.728821286044987,212.6112822088953,21.0,41G1
11.418749999999989,56.37291666666667,21.0,26.86816151283596,214.70976563320448,21.0,41G1
11.506249999999994,56.37291666666667,22.0,23.050545473976747,217.24860265936667,21.0,41G1
11.59375,56.37291666666667,24.0,20.7544852910138,219.36521322820684,21.0,41G1
11.681250000000006,56.37291666666667,26.0,19.573092477232123,221.4818463772136,21.0,41G1
11.768750000000011,56.37291666666667,25.0,19.89499117836342,225.00589772551515,21.0,41G1
11.856249999999989,56.37291666666667,30.0,21.555229245333223,227.7711285828121,21.0,41G1
11.943749999999994,56.37291666666667,31.0,24.215312685214,230.51065299878127,21.0,41G1
12.03125,56.37291666666667,31.0,27.58751307477364,232.8325173806085,21.0,41G2
12.118750000000006,56.37291666666667,31.0,22.18047359521981,236.0597285003764,21.0,41G2
12.206250000000011,56.37291666666667,32.0,17.52655813134267,239.4306141350782,21.0,41G2
12.293749999999989,56.37291666666667,31.0,13.235744248452368,242.87893878851656,21.0,41G2
12.381249999999994,56.37291666666667,28.0,9.79732922630627,245.5789837649088,21.0,41G2
12.46875,56.37291666666667,25.0,8.270652998781271,249.03065299878028,21.0,41G2
12.556250000000006,56.37291666666667,23.0,4.958149427004064,252.46062998319525,23.0,41G2
16.756249999999994,56.37291666666667,64.0,12.200785745908655,632.4465642548948,25.0,41G6
16.84375,56.37291666666667,61.0,17.05809311802101,636.4399558832572,25.0,41G6
16.931250000000006,56.37291666666667,61.0,21.98844166630874,640.4691304632665,25.0,41G6
17.01875000000001,56.37291666666667,54.0,27.58709488241622,645.8635468187549,25.0,41G7
17.10624999999999,56.37291666666667,45.0,32.40629756282003,650.4529096656303,25.0,41G7
17.193749999999994,56.37291666666667,47.0,37.30756982900079,654.9599558832572,25.0,41G7
17.28125,56.37291666666667,46.0,42.26236194088883,658.9891304632665,25.0,41G7
17.368750000000006,56.37291666666667,42.0,48.25553098142114,664.3835468187533,25.0,41G7
17.45625000000001,56.37291666666667,39.0,52.89690826942774,669.4865642548949,25.0,41G7
17.54374999999999,56.37291666666667,32.0,57.50042942192831,673.9116009826664,25.0,41G7
17.631249999999994,56.37291666666667,40.0,62.18445554762701,678.4014171863124,25.0,41G7
17.71875,56.37291666666667,47.0,65.02434839284847,683.8233156475811,25.0,41G7
17.806250000000006,56.37291666666667,50.0,63.28355268085952,688.8352238785291,25.0,41G7
17.89375000000001,56.37291666666667,42.0,61.91440510984526,693.6611011330516,25.0,41G7
17.98124999999999,56.37291666666667,40.0,60.78286584600783,698.4082950558835,25.0,41G7
18.068749999999994,56.37291666666667,38.0,59.74833658509153,704.2160428565095,26.0,41G8
18.15625,56.37291666666667,26.0,59.35573932501389,709.2185030253764,26.0,41G8
18.24375000000001,56.37291666666667,31.0,59.39948939215463,713.7191993482626,26.0,41G8
18.33125000000001,56.37291666666667,28.0,59.87863028415987,718.6084586310001,26.0,41G8
18.41874999999999,56.37291666666667,33.0,60.78286584600783,723.3579429945266,26.0,41G8
18.506249999999994,56.37291666666667,49.0,62.4024467747948,729.4716009826662,26.0,41G8
18.59375,56.37291666666667,82.0,64.16753824869352,734.1702524172106,26.0,41G8
18.68125000000001,56.37291666666667,99.0,66.23528720542514,739.0007896050867,26.0,41G8
18.76875000000001,56.37291666666667,115.0,68.77415658070503,745.0101131623243,26.0,41G8
18.85624999999999,56.37291666666667,107.0,71.1124623800716,749.8140920250805,26.0,41G8
18.943749999999994,56.37291666666667,111.0,73.72922757326144,754.656732004152,26.0,41G8
19.03125,56.37291666666667,113.0,76.59591459249619,759.4316091180988,26.0,41G9
19.11875000000001,56.37291666666667,124.0,80.32800093138435,765.5495640033505,26.0,41G9
19.20625000000001,56.37291666666667,129.0,83.65250199606447,770.2391147940817,26.0,41G9
19.29374999999999,56.37291666666667,131.0,87.10004941576057,775.165453532527,26.0,41G9
19.381249999999994,56.37291666666667,134.0,90.6911132555758,780.9197750712708,26.0,41G9
19.46875,56.37291666666667,138.0,93.41233776546406,785.5475652748449,26.0,41G9
19.55625000000001,56.37291666666667,133.0,87.25413556384623,791.4765778285281,26.0,41G9
19.64375000000001,56.37291666666667,122.0,82.12230225076401,796.4716091181006,26.0,41G9
19.73124999999999,56.37291666666667,102.0,76.99047984316574,801.5765256660183,26.0,41G9
19.818749999999994,56.37291666666667,91.0,70.83232255305421,807.6286365821657,26.0,41G9
19.90625,56.37291666666667,79.0,65.70056557878405,812.4491982638319,26.0,41G9
19.99375000000001,56.37291666666667,74.0,60.56839568156641,817.9597750712709,26.0,41G9
20.08125000000001,56.37291666666667,73.0,55.43555735667525,823.0927324192407,26.0,41H0
20.16874999999999,56.37291666666667,66.0,50.30269870509481,828.0482950558837,26.0,41H0
20.256249999999994,56.37291666666667,53.0,44.143244142051785,833.9407253189504,26.0,41H0
20.34375,56.37291666666667,41.0,39.01034739693725,839.5595497360134,26.0,41H0
20.43125000000001,56.37291666666667,33.0,33.87743634798822,844.6686365821672,26.0,41H0
20.51875000000001,56.37291666666667,33.0,27.717926858200112,850.4753784194809,26.0,41H0
20.60624999999999,56.37291666666667,31.0,22.584990965830787,855.5152238785276,26.0,41H0
20.693749999999994,56.37291666666667,28.0,17.452046792341893,860.3411011330498,26.0,41H0
20.78125,56.37291666666667,23.0,12.31909621981501,865.3967103334483,26.0,41H0
11.068749999999994,56.42291666666665,18.0,8.407081997710273,202.1110794115847,21.0,41G1
11.15625,56.42291666666665,18.0,13.453577753879935,203.538764504563,21.0,41G1
11.243750000000006,56.42291666666665,19.0,18.543232645188063,205.57377237618644,21.0,41G1
11.331250000000011,56.42291666666665,21.0,23.648191393959515,207.56656894557776,21.0,41G1
11.418749999999989,56.42291666666665,31.0,28.760300343879365,209.6468223675416,21.0,41G1
11.506249999999994,56.42291666666665,23.0,27.902574925241844,212.19184035821124,21.0,41G1
11.59375,56.42291666666665,25.0,26.040480190115662,214.30925637416604,21.0,41G1
11.681250000000006,56.42291666666665,27.0,25.11028436183189,216.42645462861816,21.0,41G1
11.768750000000011,56.42291666666665,27.0,25.36167272722125,219.6343649591198,21.0,41G1
11.856249999999989,56.42291666666665,31.0,26.682230500297223,222.7767421624605,21.0,41G1
11.943749999999994,56.42291666666665,33.0,28.871009802124703,225.694533493397,21.0,41G1
12.03125,56.42291666666665,31.0,30.103063719584515,228.1668223675416,21.0,41G2
12.118750000000006,56.42291666666665,30.0,24.801859509086405,231.871081648446,21.0,41G2
12.206250000000011,56.42291666666665,32.0,20.68586976689961,234.94645462861817,21.0,41G2
12.293749999999989,56.42291666666665,31.0,15.623048971147451,237.58446875002585,21.0,41G2
12.381249999999994,56.42291666666665,28.0,10.619581104138982,240.79170827213704,21.0,41G2
16.756249999999994,56.42291666666665,61.0,10.321134939372271,636.4325889832475,25.0,41G6
16.84375,56.42291666666665,59.0,15.075566172060288,640.0037088493484,25.0,41G6
16.931250000000006,56.42291666666665,67.0,20.01294494873424,643.7165752124453,25.0,41G6
17.01875000000001,56.42291666666665,62.0,26.032860299720724,648.6757267882377,25.0,41G7
17.10624999999999,56.42291666666665,51.0,31.087788013070888,653.1559185378516,25.0,41G7
17.193749999999994,56.42291666666665,48.0,35.839857628319365,657.6246311070628,25.0,41G7
17.28125,56.42291666666665,50.0,40.3190113323793,662.1172877242906,25.0,41G7
17.368750000000006,56.42291666666665,54.0,45.85659788786227,667.1957267882377,25.0,41G7
17.45625000000001,56.42291666666665,46.0,50.57720765851968,671.6759185378515,25.0,41G7
17.54374999999999,56.42291666666665,40.0,55.367886710386735,676.1446311070628,25.0,41G7
17.631249999999994,56.42291666666665,43.0,60.21190626320357,680.8378133669768,25.0,41G7
17.71875,56.42291666666665,48.0,59.90154529704321,686.6221990424744,25.0,41G7
17.806250000000006,56.42291666666665,51.0,58.00974942150582,691.0733075783495,25.0,41G7
17.89375000000001,56.42291666666665,45.0,56.51497128226657,695.5701680360214,25.0,41G7
17.98124999999999,56.42291666666665,44.0,55.366519306763806,700.3305297662973,25.0,41G7
18.068749999999994,56.42291666666665,37.0,54.23027185556796,706.5245646732399,26.0,41G8
18.15625,56.42291666666665,26.0,53.79799201292105,711.1737842459928,26.0,41G8
18.24375000000001,56.42291666666665,23.0,53.846194492277206,715.9585006901455,26.0,41G8
18.33125000000001,56.42291666666665,31.0,54.37360138799578,720.8146352221776,26.0,41G8
18.41874999999999,56.42291666666665,29.0,55.366519306763806,725.492681640205,26.0,41G8
18.506249999999994,56.42291666666665,28.0,57.13753296704602,731.2842697841962,26.0,41G8
18.59375,56.42291666666665,66.0,59.057696162342495,736.1198584651058,26.0,41G8
18.68125000000001,56.42291666666665,87.0,61.19947744603175,740.8901459978065,26.0,41G8
18.76875000000001,56.42291666666665,100.0,63.788191773096045,747.0215700805252,26.0,41G8
18.85624999999999,56.42291666666665,123.0,66.29932804962034,751.7064446812556,26.0,41G8
18.943749999999994,56.42291666666665,119.0,69.09500058096386,756.5617627358888,26.0,41G8
19.03125,56.42291666666665,111.0,72.14213378429375,761.5704538860656,26.0,41G9
19.11875000000001,56.42291666666665,117.0,76.08791498479943,767.400605065597,26.0,41G9
19.20625000000001,56.42291666666665,127.0,79.53470524557504,772.1745924816693,26.0,41G9
19.29374999999999,56.42291666666665,131.0,83.13575292606531,776.972118402722,26.0,41G9
19.381249999999994,56.42291666666665,134.0,86.885977491227,782.0448562125583,26.0,41G9
19.46875,56.42291666666665,139.0,90.7668849672415,786.8442697841978,26.0,41G9
19.55625000000001,56.42291666666665,142.0,87.31501692942898,792.670606876624,26.0,41G9
19.64375000000001,56.42291666666665,134.0,82.19392517775563,798.4104886018097,26.0,41G9
19.73124999999999,56.42291666666665,120.0,77.07382475037448,803.1125889832474,26.0,41G9
19.818749999999994,56.42291666666665,104.0,70.93132688402962,808.9771932581264,26.0,41G9
19.90625,56.42291666666665,94.0,65.81427732013834,814.012118402722,26.0,41G9
19.99375000000001,56.42291666666665,82.0,60.69919763792083,819.0848562125585,26.0,41G9
20.08125000000001,56.42291666666665,81.0,55.586640188754615,824.1546393912903,26.0,41H0
20.16874999999999,56.42291666666665,74.0,50.47738000837222,828.997813366977,26.0,41H0
20.256249999999994,56.42291666666665,68.0,44.35223715768858,835.4504886018078,26.0,41H0
20.34375,56.42291666666665,50.0,39.25500643289663,840.5767093159815,26.0,41H0
20.43125000000001,56.42291666666665,39.0,34.16726128882805,845.2761735622181,26.0,41H0
20.51875000000001,56.42291666666665,33.0,28.08176119670475,851.2265823477392,26.0,41H0
20.60624999999999,56.42291666666665,30.0,23.038639748888464,856.8759185378516,26.0,41H0
20.693749999999994,56.42291666666665,26.0,18.043991754220524,861.5599784296536,26.0,41H0
20.78125,56.42291666666665,19.0,13.153165546867296,866.5449083804405,26.0,41H0
11.068749999999994,56.47291666666666,17.0,8.400068815923992,196.737911335154,21.0,41G1
11.15625,56.47291666666666,18.0,13.44200505003445,198.28912515392287,21.0,41G1
11.243750000000006,56.47291666666666,18.0,18.527135568246297,200.01297703400087,21.0,41G1
11.331250000000011,56.47291666666666,19.0,23.62758292698967,202.1081417298306,21.0,41G1
11.418749999999989,56.47291666666666,19.0,25.44554459172398,204.2078142838286,21.0,41G1
11.506249999999994,56.47291666666666,27.0,24.18539375428072,207.1729340031767,21.0,41G1
11.59375,56.47291666666666,25.0,24.12065808919425,209.27903423302817,21.0,41G1
11.681250000000006,56.47291666666666,29.0,24.8654229573574,211.7451010982628,21.0,41G1
11.768750000000011,56.47291666666666,29.0,27.03452681747489,215.4055120748737,21.0,41G1
11.856249999999989,56.47291666666666,32.0,29.698647581296527,218.0731237488252,21.0,41G1
11.943749999999994,56.47291666666666,32.0,32.94346652810139,220.39150853929564,21.0,41G1
12.03125,56.47291666666666,29.0,31.872681703271056,223.07622234144912,21.0,41G2
12.118750000000006,56.47291666666666,32.0,25.75633054769968,227.7631303501188,21.0,41G2
12.206250000000011,56.47291666666666,33.0,20.672510378653367,230.2651010982628,21.0,41G2
12.293749999999989,56.47291666666666,30.0,15.613099148175593,233.23349029570247,21.0,41G2
12.381249999999994,56.47291666666666,31.0,10.613075522641967,236.04693345598287,21.0,41G2
12.818749999999994,56.47291666666666,14.0,3.4537336933271185,255.3368697592356,23.0,41G2
16.84375,56.47291666666666,62.0,13.811717706186151,643.582982059355,25.0,41G6
16.931250000000006,56.47291666666666,71.0,18.79140126121017,647.5633742498596,25.0,41G6
17.01875000000001,56.47291666666666,68.0,24.18309054766591,652.3440975084853,25.0,41G7
17.10624999999999,56.47291666666666,59.0,28.663523971713406,656.2722225450522,25.0,41G7
17.193749999999994,56.47291666666666,50.0,33.30178594707389,660.3282363069924,25.0,41G7
17.28125,56.47291666666666,53.0,38.06147521379643,664.7973914037321,25.0,41G7
17.368750000000006,56.47291666666666,64.0,43.87770419711167,670.3082981016528,25.0,41G7
17.45625000000001,56.47291666666666,55.0,48.78401727743768,674.7922225450537,25.0,41G7
17.54374999999999,56.47291666666666,47.0,53.72859103336756,678.8482363069924,25.0,41G7
17.631249999999994,56.47291666666666,46.0,57.84279782463421,683.3173914037307,25.0,41G7
17.71875,56.47291666666666,51.0,54.86420117863663,688.8282981016514,25.0,41G7
17.806250000000006,56.47291666666666,53.0,52.7949838971356,693.6400688159241,25.0,41G7
17.89375000000001,56.47291666666666,55.0,51.15023746248925,698.2455197096423,25.0,41G7
17.98124999999999,56.47291666666666,45.0,49.9718943696624,702.731024016477,25.0,41G7
18.068749999999994,56.47291666666666,38.0,48.722043443324175,708.2564037842934,26.0,41G8
18.15625,56.47291666666666,30.0,48.24106749185202,713.1616564098002,26.0,41G8
18.24375000000001,56.47291666666666,22.0,48.29474582476468,717.861263385672,26.0,41G8
18.33125000000001,56.47291666666666,22.0,48.88131702616938,722.6938860804909,26.0,41G8
18.41874999999999,56.47291666666666,26.0,49.98202225142144,727.7258292991213,26.0,41G8
18.506249999999994,56.47291666666666,24.0,51.93444225438421,733.5240773262187,26.0,41G8
18.59375,56.47291666666666,28.0,53.98847734589429,738.024569205556,26.0,41G8
18.68125000000001,56.47291666666666,73.0,56.09551821117806,743.0479972310593,26.0,41G8
18.76875000000001,56.47291666666666,86.0,58.9053330822105,748.8722225450537,26.0,41G8
18.85624999999999,56.47291666666666,112.0,61.61229901434329,753.6391056397115,26.0,41G8
18.943749999999994,56.47291666666666,128.0,64.60723580491297,758.4320659896127,26.0,41G8
19.03125,56.47291666666666,119.0,67.852017600171,763.5195965520412,26.0,41G9
19.11875000000001,56.47291666666666,115.0,71.97420690406409,769.2566912844873,26.0,41G9
19.20625000000001,56.47291666666666,122.0,75.58789984602679,774.1323359032249,26.0,41G9
19.29374999999999,56.47291666666666,131.0,79.36335999713175,778.8721806997495,26.0,41G9
19.381249999999994,56.47291666666666,134.0,83.2785837745238,784.0535717581356,26.0,41G9
19.46875,56.47291666666666,139.0,87.31476666804721,788.7337691465002,26.0,41G9
19.55625000000001,56.47291666666666,142.0,87.7290876653687,794.5235439388949,26.0,41G9
19.64375000000001,56.47291666666666,139.0,82.64056642610193,799.568809475666,26.0,41G9
19.73124999999999,56.47291666666666,130.0,77.55687219814752,804.4322225450537,26.0,41G9
19.818749999999994,56.47291666666666,116.0,71.4642728860826,810.1829767340605,26.0,41G9
19.90625,56.47291666666666,106.0,66.39524220085826,815.1672663032508,26.0,41G9
19.99375000000001,56.47291666666666,97.0,61.33557238388921,820.7073835626641,26.0,41G9
20.08125000000001,56.47291666666666,92.0,56.28779624823855,825.4930755226418,26.0,41H0
20.16874999999999,56.47291666666666,84.0,51.2531170261876,830.4930991481757,26.0,41H0
20.256249999999994,56.47291666666666,73.0,45.12213852460207,836.6088094756643,26.0,41H0
20.34375,56.47291666666666,65.0,40.01537871897744,841.6443359344042,26.0,41H0
20.43125000000001,56.47291666666666,53.0,34.91181711298498,846.5380297324357,26.0,41H0
20.51875000000001,56.47291666666666,40.0,28.794172897491475,852.4136758505999,26.0,41H0
20.60624999999999,56.47291666666666,33.0,23.70547498587876,858.0633762267568,26.0,41H0
20.693749999999994,56.47291666666666,27.0,18.632700157009868,862.8137691464987,26.0,41H0
20.78125,56.47291666666666,23.0,13.59369784772141,867.7261525780665,26.0,41H0
10.981249999999989,56.522916666666674,13.0,6.902662914118622,189.8344309404608,21.0,42G0
11.068749999999994,56.522916666666674,16.0,11.046257972673455,191.55029540779933,21.0,42G1
11.15625,56.522916666666674,18.0,15.231582084580571,192.8914629564531,21.0,42G1
11.243750000000006,56.522916666666674,16.0,19.858353416797897,194.9622498035033,21.0,42G1
11.331250000000011,56.522916666666674,19.0,22.79421288571668,197.04898582044828,21.0,42G1
11.418749999999989,56.522916666666674,24.0,20.25515276374389,199.14441359415247,21.0,42G1
11.506249999999994,56.522916666666674,28.0,18.649697161063457,201.66172367959936,21.0,42G1
11.59375,56.522916666666674,30.0,18.56578042442978,203.97376289844948,21.0,42G1
11.681250000000006,56.522916666666674,31.0,19.522377256244216,207.17133495537087,21.0,42G1
11.768750000000011,56.522916666666674,30.0,22.216011535644697,210.62187000154503,21.0,42G1
11.856249999999989,56.522916666666674,32.0,25.38692419689033,213.0089760607028,21.0,42G1
11.943749999999994,56.522916666666674,31.0,29.11168574497661,215.6155400092021,21.0,42G1
12.03125,56.522916666666674,28.0,32.808480451980714,218.819574522708,21.0,42G2
12.118750000000006,56.522916666666674,30.0,26.91433466539733,222.49376289844943,21.0,42G2
12.206250000000011,56.522916666666674,49.0,22.105574996545595,225.69133495537096,21.0,42G2
12.293749999999989,56.522916666666674,30.0,17.473249479188535,228.5902954077993,21.0,42G2
12.381249999999994,56.522916666666674,29.0,13.20438125718076,231.86075864392825,21.0,42G2
12.46875,56.522916666666674,25.0,9.292540315202617,235.96742128800423,21.0,42G2
12.556250000000006,56.522916666666674,23.0,8.341975692834408,239.40144661363576,21.0,42G2
12.643750000000011,56.522916666666674,21.0,7.556639491720592,243.519899082218,23.0,42G2
12.731249999999989,56.522916666666674,19.0,5.561317128556508,247.07371153212463,23.0,42G2
12.818749999999994,56.522916666666674,15.0,7.157829298360912,251.79559393238736,23.0,42G2
16.84375,56.522916666666674,64.0,11.634021805026183,646.8901114692868,27.0,42G6
16.931250000000006,56.522916666666674,72.0,16.11089109366275,650.9605655846432,27.0,42G6
17.01875000000001,56.522916666666674,70.0,21.736783234091085,656.2638375019048,27.0,42G7
17.10624999999999,56.522916666666674,70.0,26.59573524644963,659.8892912909037,27.0,42G7
17.193749999999994,56.522916666666674,56.0,31.533564349769485,663.5886166956485,27.0,42G7
17.28125,56.522916666666674,56.0,36.51828260612175,667.7223884854286,27.0,42G7
17.368750000000006,56.522916666666674,62.0,42.53861643949463,673.0373527562401,27.0,42G7
17.45625000000001,56.522916666666674,60.0,47.57690748717587,677.4779632858009,27.0,42G7
17.54374999999999,56.522916666666674,50.0,52.6286540838605,681.9515820845809,27.0,42G7
17.631249999999994,56.522916666666674,54.0,53.18917088139531,686.2423884854286,27.0,42G7
17.71875,56.522916666666674,54.0,49.93818388673233,691.5573527562387,27.0,42G7
17.806250000000006,56.522916666666674,55.0,47.65863961729501,695.997963285801,27.0,42G7
17.89375000000001,56.522916666666674,59.0,45.83239029777695,700.4715820845809,27.0,42G7
17.98124999999999,56.522916666666674,50.0,44.51526337153709,705.8050943109865,27.0,42G7
18.068749999999994,56.522916666666674,42.0,43.22741167336871,710.9308220747043,28.0,42G8
18.15625,56.522916666666674,34.0,42.68528710472269,715.4058756011707,28.0,42G8
18.24375000000001,56.522916666666674,25.0,42.745862711898056,719.8932567838577,28.0,42G8
18.33125000000001,56.522916666666674,23.0,43.40661520602854,725.0405655846432,28.0,42G8
18.41874999999999,56.522916666666674,28.0,44.64090103302763,729.675507229608,28.0,42G8
18.506249999999994,56.522916666666674,20.0,46.81379304888156,735.4028876369536,28.0,42G8
18.59375,56.522916666666674,25.0,48.96795329382002,740.2557712304051,28.0,42G8
18.68125000000001,56.522916666666674,59.0,51.08712664374045,745.2914888773349,28.0,42G8
18.76875000000001,56.522916666666674,74.0,54.153478013188185,750.7254305670265,28.0,42G8
18.85624999999999,56.522916666666674,100.0,57.08244717744635,755.5940558634127,28.0,42G8
18.943749999999994,56.522916666666674,139.0,60.29864374726378,760.3292846342789,28.0,42G8
19.03125,56.522916666666674,133.0,63.71658227855136,765.525569043582,28.0,42G9
19.11875000000001,56.522916666666674,122.0,68.04855947820612,771.167996793343,28.0,42G9
19.20625000000001,56.522916666666674,123.0,71.85504053438906,775.9849104742962,28.0,42G9
19.29374999999999,56.522916666666674,130.0,75.81152349472211,781.0449354969423,28.0,42G9
19.381249999999994,56.522916666666674,132.0,79.89572151374533,785.903837501905,28.0,42G9
19.46875,56.522916666666674,138.0,83.78657212688472,790.6636115358092,28.0,42G9
19.55625000000001,56.522916666666674,142.0,87.93746083878095,796.4071927215878,28.0,42G9
19.64375000000001,56.522916666666674,143.0,82.82498741525167,801.5566269180605,28.0,42G9
19.73124999999999,56.522916666666674,138.0,77.71248351550118,806.2854305670265,28.0,42G9
19.818749999999994,56.522916666666674,128.0,71.57744125617464,812.0873695633139,28.0,42G9
19.90625,56.522916666666674,116.0,66.46487693117312,817.1255397052356,28.0,42G9
19.99375000000001,56.522916666666674,111.0,61.35228815029359,822.0508220747043,28.0,42G9
20.08125000000001,56.522916666666674,104.0,56.23967679484551,826.7279967933414,28.0,42H0
20.16874999999999,56.522916666666674,101.0,51.127044746112254,831.6625890737839,28.0,42H0
20.256249999999994,56.522916666666674,87.0,44.991861621324006,837.8914888773335,28.0,42H0
20.34375,56.522916666666674,73.0,39.87919066940737,842.7897555394638,28.0,42H0
20.43125000000001,56.522916666666674,61.0,34.766505044206966,847.8383013140373,28.0,42H0
20.51875000000001,56.522916666666674,49.0,28.63126557398825,853.9650943109864,28.0,42H0
20.60624999999999,56.522916666666674,31.0,23.51855428943906,859.0778292983592,28.0,42H0
20.693749999999994,56.522916666666674,30.0,18.40583435146589,864.0910684622979,28.0,42H0
20.78125,56.522916666666674,24.0,13.2931076412576,868.9331188055561,28.0,42H0
10.543749999999989,56.57291666666666,10.0,6.4882033166479625,183.36395138566456,21.0,42G0
10.893750000000011,56.57291666666666,7.0,6.179145255179165,183.36395138566456,21.0,42G0
10.981249999999989,56.57291666666666,13.0,9.65789498888265,184.12482356874247,21.0,42G0
11.068749999999994,56.57291666666666,14.0,14.78543488457606,185.90507046086853,21.0,42G1
11.15625,56.57291666666666,18.0,18.57878069769912,187.95789960067205,21.0,42G1
11.243750000000006,56.57291666666666,16.0,22.219056401166245,189.94548682162852,21.0,42G1
11.331250000000011,56.57291666666666,18.0,18.51956854187123,192.00159711444977,21.0,42G1
11.418749999999989,56.57291666666666,21.0,15.327202945377753,194.08569283616364,21.0,42G1
11.506249999999994,56.57291666666666,25.0,13.135662589045802,196.6000510980368,21.0,42G1
11.59375,56.57291666666666,31.0,13.01640329596184,199.2051368191577,21.0,42G1
11.681250000000006,56.57291666666666,32.0,14.346206679402826,202.35172756844088,21.0,42G1
11.768750000000011,56.57291666666666,33.0,17.83516519400214,205.8363309250309,21.0,42G1
11.856249999999989,56.57291666666666,30.0,21.65267920007281,208.46548682162825,21.0,42G1
11.943749999999994,56.57291666666666,31.0,25.428470668852988,211.26750780915503,21.0,42G1
12.03125,56.57291666666666,26.0,29.31712300541312,214.70119044908108,21.0,42G2
12.118750000000006,56.57291666666666,19.0,29.107222832101407,217.7251368191577,21.0,42G2
12.206250000000011,56.57291666666666,56.0,24.73492449412412,220.8717275684409,21.0,42G2
12.293749999999989,56.57291666666666,35.0,20.705468026787216,224.35633092503016,21.0,42G2
12.381249999999994,56.57291666666666,33.0,17.260661627942092,227.75513237408472,21.0,42G2
12.46875,56.57291666666666,26.0,14.492832033217557,231.85559874696503,21.0,42G2
12.556250000000006,56.57291666666666,22.0,13.178241658986355,235.4182416589863,21.0,42G2
12.643750000000011,56.57291666666666,21.0,9.777931363196805,239.41352759077685,21.0,42G2
12.731249999999989,56.57291666666666,18.0,8.341975692833701,243.51789960067205,23.0,42G2
12.818749999999994,56.57291666666666,17.0,6.308249144695856,248.3075078091538,23.0,42G2
16.931250000000006,56.57291666666666,73.0,14.41331503753256,655.0976641534802,27.0,42G6
17.01875000000001,56.57291666666666,70.0,20.50340165380824,659.2382599178763,27.0,42G7
17.10624999999999,56.57291666666666,77.0,25.585170533191206,663.416263369572,27.0,42G7
17.193749999999994,56.57291666666666,70.0,30.50353183512217,667.438615155482,27.0,42G7
17.28125,56.57291666666666,56.0,35.44517130947876,671.530380102213,27.0,42G7
17.368750000000006,56.57291666666666,70.0,41.299774709509606,676.1164609384743,27.0,42G7
17.45625000000001,56.57291666666666,70.0,46.23093754853651,680.1881106437285,27.0,42G7
17.54374999999999,56.57291666666666,64.0,50.99603135050061,684.6383801423639,27.0,42G7
17.631249999999994,56.57291666666666,61.0,48.726199999710495,689.3780989629258,27.0,42G7
17.71875,56.57291666666666,54.0,45.15993850506369,694.6364609384743,27.0,42G7
17.806250000000006,56.57291666666666,54.0,42.62907275984757,698.7081106437284,27.0,42G7
17.89375000000001,56.57291666666666,60.0,40.57986696444979,703.1583801423639,27.0,42G7
17.98124999999999,56.57291666666666,55.0,39.088151318243,707.8980989629246,27.0,42G7
18.068749999999994,56.57291666666666,45.0,37.75231375143047,713.1564609384744,28.0,42G8
18.15625,56.57291666666666,22.0,37.13116443097649,717.828141771084,28.0,42G8
18.24375000000001,56.57291666666666,28.0,37.20069321152413,722.5607354275128,28.0,42G8
18.33125000000001,56.57291666666666,31.0,37.95710468667515,727.2225293671794,28.0,42G8
18.41874999999999,56.57291666666666,21.0,39.360817448878834,731.6764609384744,28.0,42G8
18.506249999999994,56.57291666666666,29.0,41.7472458580669,737.3166343350357,28.0,42G8
18.59375,56.57291666666666,24.0,43.85412534719208,742.8423948284063,28.0,42G8
18.68125000000001,56.57291666666666,44.0,46.20539011487797,747.202765009955,28.0,42G8
18.76875000000001,56.57291666666666,58.0,49.5703152691208,752.9573443839035,28.0,42G8
18.85624999999999,56.57291666666666,86.0,52.75028016640321,757.7923456396555,28.0,42G8
18.943749999999994,56.57291666666666,126.0,56.164830959029295,762.5210597092704,28.0,42G8
19.03125,56.57291666666666,140.0,59.77234045970779,767.3754499538544,28.0,42G9
19.11875000000001,56.57291666666666,134.0,64.36444425662053,773.1091887818981,28.0,42G9
19.20625000000001,56.57291666666666,129.0,68.37117872105352,777.8657026341887,28.0,42G9
19.29374999999999,56.57291666666666,129.0,72.3963177695805,783.0299868874359,28.0,42G9
19.381249999999994,56.57291666666666,130.0,76.31371530022345,787.754165418091,28.0,42G9
19.46875,56.57291666666666,136.0,80.36099440882896,792.615766779329,28.0,42G9
19.55625000000001,56.57291666666666,141.0,85.36311604916519,798.6030813132268,28.0,42G9
19.64375000000001,56.57291666666666,146.0,82.95693159584376,803.5238926330305,28.0,42G9
19.73124999999999,56.57291666666666,144.0,77.86004976447502,808.1938989201162,28.0,42G9
19.818749999999994,56.57291666666666,141.0,71.74605377811531,813.951937088036,28.0,42G9
19.90625,56.57291666666666,128.0,66.65341331105566,819.0690691221829,28.0,42G9
19.99375000000001,56.57291666666666,123.0,61.56349087861487,823.854782097249,28.0,42G9
20.08125000000001,56.57291666666666,119.0,56.47702987289004,828.6691887818981,28.0,42H0
20.16874999999999,56.57291666666666,120.0,51.395066616567945,833.4257026341886,28.0,42H0
20.256249999999994,56.57291666666666,105.0,45.30479129321239,839.5975619442734,28.0,42H0
20.34375,56.57291666666666,86.0,40.23902412095868,844.2684018901676,28.0,42H0
20.43125000000001,56.57291666666666,75.0,35.185832350608365,849.1668118199063,28.0,42H0
20.51875000000001,56.57291666666666,60.0,29.14782438374834,855.5013691802357,28.0,42H0
20.60624999999999,56.57291666666666,40.0,24.15203103535761,860.2990148557564,28.0,42H0
20.693749999999994,56.57291666666666,31.0,19.21603115373678,865.3272613379281,28.0,42H0
20.78125,56.57291666666666,29.0,14.296757057849382,870.1602897463243,28.0,42H0
10.456250000000011,56.62291666666667,7.0,6.188214796475156,177.8026342571088,21.0,42G0
10.543749999999989,56.62291666666667,12.0,11.255304135511908,177.8026342571088,21.0,42G0
10.631249999999994,56.62291666666667,4.0,10.645975391534291,177.8026342571088,21.0,42G0
10.71875,56.62291666666667,8.0,9.761826095865736,177.8026342571088,21.0,42G0
10.806250000000006,56.62291666666667,7.0,9.491118647707816,177.8026342571088,21.0,42G0
10.893750000000011,56.62291666666667,7.0,10.983400185047635,177.8026342571088,21.0,42G0
10.981249999999989,56.62291666666667,12.0,13.726065312827137,178.90044796767955,21.0,42G0
11.068749999999994,56.62291666666667,15.0,17.929581280921862,180.61947329738663,21.0,42G1
11.15625,56.62291666666667,16.0,21.98057279348506,182.30360347061645,21.0,42G1
11.243750000000006,56.62291666666667,16.0,19.22436129605577,184.4169877429392,21.0,42G1
11.331250000000011,56.62291666666667,19.0,14.800790856765314,187.05377237618293,21.0,42G1
11.418749999999989,56.62291666666667,14.0,10.975042257360302,189.0451342238364,21.0,42G1
11.506249999999994,56.62291666666667,24.0,7.690029480504581,192.00078688425995,21.0,42G1
11.59375,56.62291666666667,29.0,7.484771381983496,194.81043994347493,21.0,42G1
11.681250000000006,56.62291666666667,32.0,9.61043994347599,198.33524325670533,21.0,42G1
11.768750000000011,56.62291666666667,37.0,14.30005199574564,200.52145196485543,21.0,42G1
11.856249999999989,56.62291666666667,32.0,17.901422736034622,203.70885894095832,21.0,42G1
11.943749999999994,56.62291666666667,29.0,21.936528095002696,207.1681382089892,21.0,42G1
12.03125,56.62291666666667,25.0,26.340390310980684,209.8925991023464,21.0,42G2
12.118750000000006,56.62291666666667,27.0,31.89654558399828,213.3304399434749,21.0,42G2
12.206250000000011,56.62291666666667,45.0,28.228227304628245,216.7573624684212,21.0,42G2
12.293749999999989,56.62291666666667,38.0,24.107572796379984,220.1723596851998,21.0,42G2
12.381249999999994,56.62291666666667,31.0,19.729912558368525,223.6180334116369,21.0,42G2
12.46875,56.62291666666667,25.0,14.751262942400064,228.04663658881685,21.0,42G2
12.556250000000006,56.62291666666667,22.0,10.419188170295897,231.88273252799408,21.0,42G2
12.818749999999994,56.62291666666667,12.0,3.4481382089891435,245.24001403717747,23.0,42G2
16.931250000000006,56.62291666666667,66.0,13.384077575858464,659.1842649817149,27.0,42G6
17.01875000000001,56.62291666666667,74.0,19.16949825592708,663.2995745227081,27.0,42G7
17.10624999999999,56.62291666666667,73.0,24.091580766895905,666.7662285703286,27.0,42G7
17.193749999999994,56.62291666666667,71.0,29.07358824194572,670.8550997773594,27.0,42G7
17.28125,56.62291666666667,75.0,33.7911332404697,675.2346041317286,27.0,42G7
17.368750000000006,56.62291666666667,65.0,39.42396451267094,679.7716207471782,27.0,42G7
17.45625000000001,56.62291666666667,76.0,43.71695688145377,683.4578215032126,27.0,42G7
17.54374999999999,56.62291666666667,77.0,48.1317297265969,687.9965666367018,27.0,42G7
17.631249999999994,56.62291666666667,65.0,44.511271182337794,691.9630952357284,27.0,42G7
17.71875,56.62291666666667,58.0,40.58169634944852,697.334056392768,27.0,42G7
17.806250000000006,56.62291666666667,50.0,37.74898763250011,701.7884285011144,27.0,42G7
17.89375000000001,56.62291666666667,62.0,35.42173908496046,706.5165666367031,27.0,42G7
17.98124999999999,56.62291666666667,56.0,33.70482054861002,710.4830952357283,27.0,42G7
18.068749999999994,56.62291666666667,47.0,32.306682561281626,715.8540563927679,28.0,42G8
18.15625,56.62291666666667,28.0,31.579574143989632,720.3084285011129,28.0,42G8
18.24375000000001,56.62291666666667,27.0,31.66118860021891,725.0365666367019,28.0,42G8
18.33125000000001,56.62291666666667,30.0,32.54544225948493,729.6572121320482,28.0,42G8
18.41874999999999,56.62291666666667,23.0,34.17007848910569,734.3740563927679,28.0,42G8
18.506249999999994,56.62291666666667,19.0,36.74873763782689,739.7176856400579,28.0,42G8
18.59375,56.62291666666667,19.0,38.86340821719727,744.3779035610556,28.0,42G8
18.68125000000001,56.62291666666667,28.0,41.49503421187647,749.1684797888765,28.0,42G8
18.76875000000001,56.62291666666667,54.0,45.207180739271685,754.8515701878956,28.0,42G8
18.85624999999999,56.62291666666667,71.0,48.61792077980155,759.6705913621108,28.0,42G8
18.943749999999994,56.62291666666667,130.0,52.24775067437577,764.7467984886312,28.0,42G8
19.03125,56.62291666666667,147.0,56.1027454516223,769.6067877521414,28.0,42G9
19.11875000000001,56.62291666666667,146.0,60.96566387474523,775.012952072833,28.0,42G9
19.20625000000001,56.62291666666667,135.0,64.90061870556265,780.0806220596859,28.0,42G9
19.29374999999999,56.62291666666667,134.0,68.86503079908044,784.9969616494907,28.0,42G9
19.381249999999994,56.62291666666667,128.0,72.96695943355374,789.6597947482257,28.0,42G9
19.46875,56.62291666666667,133.0,77.1844774061759,794.4676224475502,28.0,42G9
19.55625000000001,56.62291666666667,140.0,82.37303992067184,800.5438013645863,28.0,42G9
19.64375000000001,56.62291666666667,147.0,83.46004716738236,805.3249459419368,28.0,42G9
19.73124999999999,56.62291666666667,146.0,78.40279354112961,810.1322826038748,28.0,42G9
19.818749999999994,56.62291666666667,147.0,72.34304572081774,815.8434628416119,28.0,42G9
19.90625,56.62291666666667,138.0,67.30252150029591,821.0695504676327,28.0,42G9
19.99375000000001,56.62291666666667,134.0,62.27261149594171,825.7357102082236,28.0,42G9
20.08125000000001,56.62291666666667,131.0,57.25612151742349,830.572952072833,28.0,42H0
20.16874999999999,56.62291666666667,129.0,52.24650411378733,835.6406220596859,28.0,42H0
20.256249999999994,56.62291666666667,117.0,46.15148001488269,841.4470599186584,28.0,42H0
20.34375,56.62291666666667,80.0,41.07848403617649,846.1926016259246,28.0,42H0
20.43125000000001,56.62291666666667,74.0,36.01366285672437,850.9718606671086,28.0,42H0
20.51875000000001,56.62291666666667,66.0,29.952520627875387,857.1033433105067,28.0,42H0
20.60624999999999,56.62291666666667,48.0,24.92444528488032,861.8228958569308,28.0,42H0
20.693749999999994,56.62291666666667,40.0,19.933974619945243,866.6774686731568,28.0,42H0
20.78125,56.62291666666667,37.0,15.018652942583362,872.4796937904534,28.0,42H0
10.456250000000011,56.67291666666665,6.0,6.11097311622678,172.2413171285558,21.0,42G0
10.543749999999989,56.67291666666665,7.0,11.203448369097105,172.2413171285558,21.0,42G0
10.631249999999994,56.67291666666665,13.0,16.051672479834178,172.2413171285558,21.0,42G0
10.71875,56.67291666666665,10.0,15.142761715067143,172.2413171285558,21.0,42G0
10.806250000000006,56.67291666666665,10.0,14.969910478557225,172.2413171285558,21.0,42G0
10.893750000000011,56.67291666666665,10.0,16.277125393754694,172.2413171285558,21.0,42G0
10.981249999999989,56.67291666666665,12.0,18.23800552774006,173.47997716654734,21.0,42G0
11.068749999999994,56.67291666666665,14.0,21.96543627947294,175.26659589898986,21.0,42G1
11.15625,56.67291666666665,15.0,22.5713756204336,177.25297261594804,21.0,42G1
11.243750000000006,56.67291666666665,15.0,17.530602144079385,179.36691554712314,21.0,42G1
11.331250000000011,56.67291666666665,11.0,12.53031610400625,181.4806411282183,21.0,42G1
11.418749999999989,56.67291666666665,5.0,7.650336584039544,183.59414929376752,21.0,42G1
11.681250000000006,56.67291666666665,29.0,6.169029342955552,192.8893134493701,21.0,42G1
11.768750000000011,56.67291666666665,42.0,10.410728969897695,196.16889524762493,21.0,42G1
11.856249999999989,56.67291666666665,36.0,14.735483320002803,199.53929665282607,21.0,42G1
11.943749999999994,56.67291666666665,32.0,19.433778208885567,202.1141492937675,21.0,42G1
12.03125,56.67291666666665,37.0,24.289809402932,205.0970337151905,21.0,42G2
12.118750000000006,56.67291666666665,45.0,30.21819695102601,209.22713475349644,21.0,42G2
12.206250000000011,56.67291666666665,42.0,26.76992475365546,212.62971049402063,21.0,42G2
12.293749999999989,56.67291666666665,37.0,21.99306294634884,216.05508079521985,21.0,42G2
12.381249999999994,56.67291666666665,29.0,17.20850783370828,219.49646865912192,21.0,42G2
12.46875,56.67291666666665,23.0,11.598440978967798,224.4777518478973,21.0,42G2
12.556250000000006,56.67291666666665,21.0,7.538378738600282,228.4090293429544,21.0,42G2
16.931250000000006,56.67291666666665,44.0,12.069358432961058,663.2904441218018,27.0,42G6
17.01875000000001,56.67291666666665,65.0,17.528334579346858,667.4143723495931,27.0,42G7
17.10624999999999,56.67291666666665,87.0,22.33497966033709,671.5252207533089,27.0,42G7
17.193749999999994,56.67291666666665,80.0,27.0923390169861,674.9704700515938,27.0,42G7
17.28125,56.67291666666665,81.0,31.253731042237465,678.3866187425965,27.0,42G7
17.368750000000006,56.67291666666665,67.0,36.552797663314,683.2520996585532,27.0,42G7
17.45625000000001,56.67291666666665,76.0,41.01306555663349,687.9945672309188,27.0,42G7
17.54374999999999,56.67291666666665,79.0,44.55429561094774,691.4120040992763,27.0,42G7
17.631249999999994,56.67291666666665,67.0,40.62166892952538,695.1094300656524,27.0,42G7
17.71875,56.67291666666665,60.0,36.27925451769617,700.0474888830739,27.0,42G7
17.806250000000006,56.67291666666665,54.0,33.08459760848133,704.4747102488022,27.0,42G7
17.89375000000001,56.67291666666665,56.0,30.406084773615056,709.1804495325126,27.0,42G7
17.98124999999999,56.67291666666665,56.0,28.390187340810204,713.6294300656524,27.0,42G7
18.068749999999994,56.67291666666665,45.0,26.908414177842108,718.567488883074,28.0,42G8
18.15625,56.67291666666665,27.0,26.032136457839467,722.9947102488022,28.0,42G8
18.24375000000001,56.67291666666665,29.0,26.130951828567657,727.7004495325126,28.0,42G8
18.33125000000001,56.67291666666665,32.0,27.194232672673337,732.1494300656524,28.0,42G8
18.41874999999999,56.67291666666665,27.0,29.107209132298788,736.5846740065333,28.0,42G8
18.506249999999994,56.67291666666665,29.0,31.61832260951209,742.177200329427,28.0,42G8
18.59375,56.67291666666665,19.0,34.049978188754935,746.9815346210913,28.0,42G8
18.68125000000001,56.67291666666665,24.0,37.02153257828912,751.5267750320454,28.0,42G8
18.76875000000001,56.67291666666665,48.0,41.07603654165311,756.8829215551373,28.0,42G8
18.85624999999999,56.67291666666665,64.0,44.7368175100435,761.5581619492765,28.0,42G8
18.943749999999994,56.67291666666665,121.0,48.65205454128297,766.4700291407489,28.0,42G8
19.03125,56.67291666666665,149.0,52.76513002730851,771.125684298137,28.0,42G9
19.11875000000001,56.67291666666665,150.0,57.42500321913322,777.0344007604282,28.0,42G9
19.20625000000001,56.67291666666665,148.0,61.4476568670252,782.0185309197299,28.0,42G9
19.29374999999999,56.67291666666665,141.0,65.61564672015712,786.7951063544807,28.0,42G9
19.381249999999994,56.67291666666665,127.0,69.90297482802043,791.5953683200418,28.0,42G9
19.46875,56.67291666666665,130.0,74.288976699444,796.3426957328651,28.0,42G9
19.55625000000001,56.67291666666665,135.0,79.65944884532378,802.1636711166994,28.0,42G9
19.64375000000001,56.67291666666665,145.0,84.0431774097944,806.9209738782032,28.0,42G9
19.73124999999999,56.67291666666665,148.0,79.17753324376606,811.8934046359799,28.0,42G9
19.818749999999994,56.67291666666665,150.0,73.11456183819338,817.9354867611731,28.0,42G9
19.90625,56.67291666666665,146.0,68.06960022491182,822.5347441072662,28.0,42G9
19.99375000000001,56.67291666666665,141.0,63.03322873641549,827.4182241190163,28.0,42G9
20.08125000000001,56.67291666666665,141.0,58.00769326067525,832.4219460961667,28.0,42H0
20.16874999999999,56.67291666666665,135.0,52.996085041192,837.4739822780381,28.0,42H0
20.256249999999994,56.67291666666665,123.0,47.0068229338819,842.9818462077587,28.0,42H0
20.34375,56.67291666666665,81.0,42.04414745416983,847.9321745121267,28.0,42H0
20.43125000000001,56.67291666666665,69.0,37.11831925236815,852.8605371844842,28.0,42H0
20.51875000000001,56.67291666666665,64.0,31.28048665902589,858.6357153315864,28.0,42H0
20.60624999999999,56.67291666666665,50.0,26.512427937903244,863.4669735770168,28.0,42H0
20.693749999999994,56.67291666666665,50.0,21.575416255546514,868.4567848290357,28.0,42H0
20.78125,56.67291666666665,39.0,16.536784829035604,873.4954867611748,28.0,42H0
20.86875000000001,56.67291666666665,29.0,10.560973878201487,879.0519348831895,28.0,42H0
10.456250000000011,56.72291666666666,5.0,7.120003908770125,165.77083757375604,21.0,42G0
10.543749999999989,56.72291666666666,8.0,12.116140577879513,165.77083757375604,21.0,42G0
10.631249999999994,56.72291666666666,12.0,16.929966633554645,165.77083757375604,21.0,42G0
10.71875,56.72291666666666,13.0,20.61964373184054,165.77083757375604,21.0,42G0
10.806250000000006,56.72291666666666,12.0,20.493208645168952,165.77083757375604,21.0,42G0
10.893750000000011,56.72291666666666,9.0,21.60450311517152,166.48749710869015,21.0,42G0
10.981249999999989,56.72291666666666,12.0,23.209939157971345,168.53377237618645,21.0,42G0
11.068749999999994,56.72291666666666,12.0,26.238130865297627,170.12494329823622,21.0,42G1
11.15625,56.72291666666666,15.0,22.398796434509983,172.22786982105154,21.0,42G1
11.243750000000006,56.72291666666666,18.0,17.318165397316093,174.33665672445133,21.0,42G1
11.331250000000011,56.72291666666666,9.0,12.242209255697537,176.43717109197866,21.0,42G1
11.418749999999989,56.72291666666666,5.0,7.180863996692279,178.90737525309925,21.0,42G1
11.768750000000011,56.72291666666666,34.0,8.188870842850406,192.0785032946328,21.0,42G1
11.856249999999989,56.72291666666666,38.0,13.253845066792556,194.8001256868934,21.0,42G1
11.943749999999994,56.72291666666666,35.0,18.32998997230285,197.5279430626812,21.0,42G1
12.03125,56.72291666666666,31.0,23.410034997893035,200.9591500463684,21.0,42G2
12.118750000000006,56.72291666666666,47.0,26.39223974176848,205.0960340463781,21.0,42G2
12.206250000000011,56.72291666666666,40.0,23.75006992119316,208.52092299022888,21.0,42G2
12.293749999999989,56.72291666666666,36.0,20.525313210500062,211.97370366157224,21.0,42G2
12.381249999999994,56.72291666666666,27.0,15.503475390511998,216.0479430626811,21.0,42G2
12.46875,56.72291666666666,22.0,9.56438021358445,220.69763105698905,21.0,42G2
16.931250000000006,56.72291666666666,50.0,10.212454976376996,667.5375460920108,27.0,42G6
17.01875000000001,56.72291666666666,65.0,15.76591841441375,671.649133848253,27.0,42G7
17.10624999999999,56.72291666666666,86.0,19.69418163917092,675.630637186288,27.0,42G7
17.193749999999994,56.72291666666666,84.0,24.057190857368823,679.0598399894675,27.0,42G7
17.28125,56.72291666666666,81.0,28.513000714927383,682.4980519299545,27.0,42G7
17.368750000000006,56.72291666666666,83.0,34.05185340084718,687.27428705666,27.0,42G7
17.45625000000001,56.72291666666666,79.0,38.79476413811378,690.7458018582464,27.0,42G7
17.54374999999999,56.72291666666666,78.0,41.4169405899918,695.1004986852364,27.0,42G7
17.631249999999994,56.72291666666666,80.0,37.15969240279088,698.9497963553979,27.0,42G7
17.71875,56.72291666666666,69.0,32.36279862843409,703.3239629247888,27.0,42G7
17.806250000000006,56.72291666666666,61.0,28.741110613093944,707.889101627059,27.0,42G7
17.89375000000001,56.72291666666666,51.0,25.6167284645052,711.7902724581317,27.0,42G7
17.98124999999999,56.72291666666666,51.0,23.19152863815904,716.261155667118,27.0,42G7
18.068749999999994,56.72291666666666,41.0,21.534557318793773,721.6263920443693,28.0,42G8
18.15625,56.72291666666666,36.0,20.49222409430964,726.4091016270589,28.0,42G8
18.24375000000001,56.72291666666666,28.0,20.61744201113471,730.3102724581316,28.0,42G8
18.33125000000001,56.72291666666666,37.0,21.94773866631995,734.7811556671165,28.0,42G8
18.41874999999999,56.72291666666666,33.0,24.062815962655137,739.2557651457807,28.0,42G8
18.506249999999994,56.72291666666666,20.0,26.66127041097284,744.9291016270577,28.0,42G8
18.59375,56.72291666666666,17.0,29.500743366260643,749.2987392603621,28.0,42G8
18.68125000000001,56.72291666666666,31.0,32.8422319920993,753.7412193308824,28.0,42G8
18.76875000000001,56.72291666666666,54.0,37.24506336092013,759.2811789880603,28.0,42G8
18.85624999999999,56.72291666666666,70.0,41.24220401358881,764.2491338482531,28.0,42G8
18.943749999999994,56.72291666666666,118.0,45.32090131539073,768.6882692027095,28.0,42G8
19.03125,56.72291666666666,152.0,49.17892852449116,773.1513916169074,28.0,42G9
19.11875000000001,56.72291666666666,154.0,54.0725993914102,778.7576017337028,28.0,42G9
19.20625000000001,56.72291666666666,155.0,58.321471297053904,783.6377389748462,28.0,42G9
19.29374999999999,56.72291666666666,152.0,62.69201471669758,788.3879327108357,28.0,42G9
19.381249999999994,56.72291666666666,122.0,67.16047427927997,793.3534544521268,28.0,42G9
19.46875,56.72291666666666,128.0,71.70854162610419,798.3942870566598,28.0,42G9
19.55625000000001,56.72291666666666,133.0,76.50507396365681,804.0059281833182,28.0,42G9
19.64375000000001,56.72291666666666,141.0,80.05838483452406,808.8611556671183,28.0,42G9
19.73124999999999,56.72291666666666,149.0,80.03269844204007,813.5685078337067,28.0,42G9
19.818749999999994,56.72291666666666,152.0,74.0480616798697,819.3518120112109,28.0,42G9
19.90625,56.72291666666666,151.0,69.07815796348484,824.2220895836999,28.0,42G9
19.99375000000001,56.72291666666666,147.0,64.12788410095094,829.2328647749076,28.0,42G9
20.08125000000001,56.72291666666666,148.0,59.202172653402485,834.0262156330423,28.0,42H0
20.16874999999999,56.72291666666666,140.0,54.30771572493172,838.814097916698,28.0,42H0
20.256249999999994,56.72291666666666,127.0,48.48895876277804,844.7435521970328,28.0,42H0
20.34375,56.72291666666666,75.0,43.56847980125481,849.6486359673822,28.0,42H0
20.43125000000001,56.72291666666666,64.0,38.58425102548783,854.672567878861,28.0,42H0
20.51875000000001,56.72291666666666,58.0,32.548511094997906,860.2673935404163,28.0,42H0
20.60624999999999,56.72291666666666,52.0,27.462826200558265,865.275073990507,28.0,42H0
20.693749999999994,56.72291666666666,49.0,22.37713115483977,870.0946859658839,28.0,42H0
20.78125,56.72291666666666,40.0,17.29142783772235,874.9118120112108,28.0,42H0
20.86875000000001,56.72291666666666,29.0,11.188575585793682,880.7811977394724,28.0,42H0
10.456250000000011,56.772916666666674,8.0,9.030796444241869,160.2095204452002,21.0,42G0
10.543749999999989,56.772916666666674,9.0,13.40558363821546,160.2095204452002,21.0,42G0
10.631249999999994,56.772916666666674,12.0,18.15279835142289,160.2095204452002,21.0,42G0
10.71875,56.772916666666674,13.0,24.03106956857737,160.2095204452002,21.0,42G0
10.806250000000006,56.772916666666674,13.0,26.03270012311518,160.2095204452002,21.0,42G0
10.893750000000011,56.772916666666674,11.0,26.91509346057744,161.23334003786636,21.0,42G0
10.981249999999989,56.772916666666674,9.0,28.40130559027903,162.64294967976824,21.0,42G0
11.068749999999994,56.772916666666674,14.0,28.20403367610836,164.60123466267785,21.0,42G1
11.15625,56.772916666666674,13.0,23.28685640766032,166.7106685996415,21.0,42G1
11.243750000000006,56.772916666666674,20.0,18.45965342673356,169.42990217042876,21.0,42G1
11.331250000000011,56.772916666666674,13.0,13.817061321159752,171.47834508989305,21.0,42G1
11.418749999999989,56.772916666666674,5.0,9.629903414133564,174.2092524009931,21.0,42G1
11.768750000000011,56.772916666666674,32.0,9.35886726503947,187.313727635962,21.0,42G1
11.856249999999989,56.772916666666674,27.0,14.00181263678754,189.998345089893,21.0,42G1
11.943749999999994,56.772916666666674,36.0,18.87224564276028,193.43725961239736,21.0,42G1
12.03125,56.772916666666674,38.0,23.83109009362409,196.8401763289276,21.0,42G2
12.118750000000006,56.772916666666674,41.0,21.903975309619188,200.95042894603696,21.0,42G2
12.206250000000011,56.772916666666674,38.0,19.015737447111697,204.4353015740124,21.0,42G2
12.293749999999989,56.772916666666674,34.0,16.441234662678575,208.51834508989305,21.0,42G2
12.381249999999994,56.772916666666674,22.0,13.136412431575664,212.6185917937061,21.0,42G2
12.46875,56.772916666666674,20.0,8.586338949407327,217.46283994817176,21.0,42G2
17.01875000000001,56.772916666666674,60.0,12.474507353633372,675.7102795203567,27.0,42G7
17.10624999999999,56.772916666666674,83.0,16.933184112489506,679.1028018052401,27.0,42G7
17.193749999999994,56.772916666666674,89.0,21.60975992534955,683.1639232728024,27.0,42G7
17.28125,56.772916666666674,89.0,26.43350109948703,686.615201012393,27.0,42G7
17.368750000000006,56.772916666666674,88.0,32.323465436565805,690.7418032528785,27.0,42G7
17.45625000000001,56.772916666666674,84.0,37.28071515713831,694.2707964442419,27.0,42G7
17.54374999999999,56.772916666666674,79.0,38.82649273135066,698.2659574915493,27.0,42G7
17.631249999999994,56.772916666666674,88.0,34.25524077888286,702.2282112603273,27.0,42G7
17.71875,56.772916666666674,74.0,28.989193826566023,707.2041448625307,27.0,42G7
17.806250000000006,56.772916666666674,71.0,24.88711691530869,711.2938152206042,27.0,42G7
17.89375000000001,56.772916666666674,61.0,21.20754482949981,714.9762787500265,27.0,42G7
17.98124999999999,56.772916666666674,46.0,18.20845183421838,719.0840046875043,27.0,42G7
18.068749999999994,56.772916666666674,33.0,16.047944059911323,724.513239176576,28.0,42G8
18.15625,56.772916666666674,30.0,14.9681950291747,728.98094786063,28.0,42G8
18.24375000000001,56.772916666666674,25.0,15.13894575013593,733.4502956188564,28.0,42G8
18.33125000000001,56.772916666666674,40.0,16.89055115562536,737.6040046875042,28.0,42G8
18.41874999999999,56.772916666666674,45.0,18.986518181809,741.8956148365037,28.0,42G8
18.506249999999994,56.772916666666674,26.0,21.99510772507777,747.5009478606299,28.0,42G8
18.59375,56.772916666666674,20.0,25.30851277819194,751.9702956188548,28.0,42G8
18.68125000000001,56.772916666666674,29.0,28.997120335626235,756.4306163745698,28.0,42G8
18.76875000000001,56.772916666666674,75.0,33.8969733294679,762.0705685867423,28.0,42G8
18.85624999999999,56.772916666666674,102.0,37.820569124345866,766.4561596145336,28.0,42G8
18.943749999999994,56.772916666666674,117.0,41.75179834942449,770.9065743119769,28.0,42G8
19.03125,56.772916666666674,148.0,45.90544852282022,775.5495758136958,28.0,42G9
19.11875000000001,56.772916666666674,156.0,51.10691254183335,781.4075021696972,28.0,42G9
19.20625000000001,56.772916666666674,158.0,55.57723227892776,785.861875068577,28.0,42G9
19.29374999999999,56.772916666666674,160.0,60.141660362568935,790.3278335638275,28.0,42G9
19.381249999999994,56.772916666666674,139.0,64.78030114022079,795.0280310769072,28.0,42G9
19.46875,56.772916666666674,117.0,68.28101121621417,799.9275021696972,28.0,42G9
19.55625000000001,56.772916666666674,130.0,72.537657584966,805.6901575386614,28.0,42G9
19.64375000000001,56.772916666666674,140.0,76.27115529878338,810.696657894043,28.0,42G9
19.73124999999999,56.772916666666674,151.0,80.14882072807382,815.482922269753,28.0,42G9
19.818749999999994,56.772916666666674,156.0,75.16486519936103,821.2517239351024,28.0,42G9
19.90625,56.772916666666674,157.0,70.08708197402554,826.0502956188548,28.0,42G9
19.99375000000001,56.772916666666674,151.0,65.0093375047391,830.814155249694,28.0,42G9
20.08125000000001,56.772916666666674,152.0,59.93113617209909,835.6332391765758,28.0,42H0
20.16874999999999,56.772916666666674,147.0,54.85230278623524,840.5714738479013,28.0,42H0
20.256249999999994,56.772916666666674,125.0,48.75767609388038,846.4470838015884,28.0,42H0
20.34375,56.772916666666674,72.0,43.678800531209504,851.2773869324833,28.0,42H0
20.43125000000001,56.772916666666674,61.0,38.59990880459689,856.0879819918657,28.0,42H0
20.51875000000001,56.772916666666674,52.0,32.50522004268321,862.1212278416456,28.0,42H0
20.60624999999999,56.772916666666674,48.0,27.426299371443505,866.8846603791891,28.0,42H0
20.693749999999994,56.772916666666674,50.0,22.347368550818675,871.8152010123918,28.0,42H0
20.78125,56.772916666666674,43.0,17.268429460337913,876.6054898480922,28.0,42H0
20.86875000000001,56.772916666666674,29.0,11.173694281916193,882.5423955323989,28.0,42H0
10.543749999999989,56.82291666666666,11.0,16.210507731040313,154.64820331664728,21.0,42G0
10.631249999999994,56.82291666666666,12.0,20.54047331292974,154.64820331664728,21.0,42G0
10.71875,56.82291666666666,13.0,25.87564332517784,154.64820331664728,21.0,42G0
10.806250000000006,56.82291666666666,13.0,30.539540198422586,154.64820331664728,21.0,42G0
10.893750000000011,56.82291666666666,12.0,32.31015981931252,155.84716821106315,21.0,42G0
10.981249999999989,56.82291666666666,13.0,33.71088097597911,157.43474547730162,21.0,42G0
11.068749999999994,56.82291666666666,12.0,29.959273496640613,159.5449621605182,21.0,42G1
11.15625,56.82291666666666,14.0,25.39105202750232,161.65558178621896,21.0,42G1
11.243750000000006,56.82291666666666,16.0,21.05837365718495,163.76635271109998,21.0,42G1
11.331250000000011,56.82291666666666,11.0,17.1408022094668,166.3623448626802,21.0,42G1
11.418749999999989,56.82291666666666,10.0,13.7749774875445,169.4279029679161,21.0,42G1
11.506249999999994,56.82291666666666,14.0,11.3066488088689,172.8383238865746,21.0,42G1
11.59375,56.82291666666666,18.0,10.246212888713352,176.26981601440173,21.0,42G1
11.681250000000006,56.82291666666666,23.0,10.396137654035412,179.099938757818,21.0,42G1
11.768750000000011,56.82291666666666,29.0,13.037471000766532,182.42170968423704,21.0,42G1
11.856249999999989,56.82291666666666,38.0,16.682131544184976,185.82773509297056,21.0,42G1
11.943749999999994,56.82291666666666,30.0,20.933014716469945,189.32160444931412,21.0,42G1
12.03125,56.82291666666666,42.0,23.113761048886644,192.7246902949556,21.0,42G2
12.118750000000006,56.82291666666666,53.0,18.024270989271425,196.9554594216245,21.0,42G2
12.206250000000011,56.82291666666666,39.0,14.382143364615304,200.9448208519516,21.0,42G2
12.293749999999989,56.82291666666666,31.0,11.671530553003832,205.0940348041126,21.0,42G2
12.381249999999994,56.82291666666666,22.0,9.274745477301629,209.21513920620868,21.0,42G2
17.01875000000001,56.82291666666666,49.0,10.31013533828418,680.4949774875445,27.0,42G7
17.10624999999999,56.82291666666666,76.0,15.325689906105003,683.2007672563691,27.0,42G7
17.193749999999994,56.82291666666666,79.0,20.368739206277816,686.6142014023267,27.0,42G7
17.28125,56.82291666666666,93.0,25.42292117653826,690.737804777763,27.0,42G7
17.368750000000006,56.82291666666666,92.0,31.414274660966846,694.8366886131168,27.0,42G7
17.45625000000001,56.82291666666666,90.0,36.19597771577727,698.2574047622456,27.0,42G7
17.54374999999999,56.82291666666666,83.0,36.89831930233719,701.7414002765954,27.0,42G7
17.631249999999994,56.82291666666666,88.0,32.06019854381126,705.9907765236798,27.0,42G7
17.71875,56.82291666666666,86.0,26.36763507236404,710.6326721521312,27.0,42G7
17.806250000000006,56.82291666666666,80.0,21.78398600261203,714.7196769945842,27.0,42G7
17.89375000000001,56.82291666666666,60.0,17.468816006635652,718.5272931416245,27.0,42G7
17.98124999999999,56.82291666666666,47.0,13.678628956146998,722.4006543400463,27.0,42G7
18.068749999999994,56.82291666666666,24.0,10.63918934474352,727.6813867460456,28.0,42G8
18.33125000000001,56.82291666666666,35.0,11.87053320868314,740.5436430746006,28.0,42G8
18.41874999999999,56.82291666666666,43.0,13.98106187831224,745.261963366031,28.0,42G8
18.506249999999994,56.82291666666666,44.0,17.77957243169212,750.1494630171863,28.0,42G8
18.59375,56.82291666666666,29.0,21.56072645852208,754.6027270288529,28.0,42G8
18.68125000000001,56.82291666666666,42.0,25.785849189186955,759.0636430746022,28.0,42G8
18.76875000000001,56.82291666666666,76.0,30.34319489509787,764.7213867460473,28.0,42G8
18.85624999999999,56.82291666666666,116.0,34.37873067671908,769.1626319092542,28.0,42G8
18.943749999999994,56.82291666666666,137.0,38.65614010151568,773.5830639457681,28.0,42G8
19.03125,56.82291666666666,147.0,43.10347023587831,778.0267493190854,28.0,42G9
19.11875000000001,56.82291666666666,156.0,48.59879122534487,783.6258699468584,28.0,42G9
19.20625000000001,56.82291666666666,156.0,53.27399680003396,788.0833542135271,28.0,42G9
19.29374999999999,56.82291666666666,154.0,57.43542238175584,792.7866468155682,28.0,42G9
19.381249999999994,56.82291666666666,154.0,60.75180460659598,797.4353470251929,28.0,42G9
19.46875,56.82291666666666,143.0,64.29336745735131,802.1458699468585,28.0,42G9
19.55625000000001,56.82291666666666,135.0,68.79136797177759,807.5179837545697,28.0,42G9
19.64375000000001,56.82291666666666,139.0,72.71236561988107,812.2747344483713,28.0,42G9
19.73124999999999,56.82291666666666,158.0,76.76472406921165,817.1107765236798,28.0,42G9
19.818749999999994,56.82291666666666,160.0,75.06470041475586,823.0491512882135,28.0,42G9
19.90625,56.82291666666666,164.0,69.99368612437978,827.9119045354638,28.0,42G9
19.99375000000001,56.82291666666666,155.0,64.92271068131866,832.737689630014,28.0,42G9
20.08125000000001,56.82291666666666,155.0,59.85127272403123,837.5627035206988,28.0,42H0
20.16874999999999,56.82291666666666,151.0,54.779207412360485,842.3255671865118,28.0,42H0
20.256249999999994,56.82291666666666,121.0,48.69270241413206,848.084186473234,28.0,42H0
20.34375,56.82291666666666,70.0,43.62059493372325,852.7917015923935,28.0,42H0
20.43125000000001,56.82291666666666,58.0,38.54847129246473,858.006621897166,28.0,42H0
20.51875000000001,56.82291666666666,47.0,32.46190423655103,863.6833154841779,28.0,42H0
20.60624999999999,56.82291666666666,49.0,27.389751656201856,868.4729629365892,28.0,42H0
20.693749999999994,56.82291666666666,53.0,22.3175889284088,873.4833111515294,28.0,42H0
20.78125,56.82291666666666,47.0,17.245417932341482,878.4534752634372,28.0,42H0
20.86875000000001,56.82291666666666,33.0,11.158804468797513,884.144577050753,28.0,42H0
10.543749999999989,56.87291666666667,11.0,16.442222808351023,148.1777237618482,21.0,42G0
10.631249999999994,56.87291666666667,9.0,20.96072421358881,148.1777237618482,21.0,42G0
10.71875,56.87291666666667,10.0,26.64131782142179,148.1777237618482,21.0,42G0
10.806250000000006,56.87291666666667,12.0,31.48704358123442,148.8543478821323,21.0,42G0
10.893750000000011,56.87291666666667,12.0,35.58099543197815,150.90590383989007,21.0,42G0
10.981249999999989,56.87291666666667,13.0,35.22167514751276,152.00334613160646,21.0,42G0
11.068749999999994,56.87291666666667,14.0,32.58074177523516,154.4966333016064,21.0,42G1
11.15625,56.87291666666667,15.0,28.44274260424761,156.60841096958268,21.0,42G1
11.243750000000006,56.87291666666667,16.0,24.657813002784,159.10431944354022,21.0,42G1
11.331250000000011,56.87291666666667,13.0,21.27205731611449,161.6519217266631,21.0,42G1
11.418749999999989,56.87291666666667,11.0,18.55540677326028,164.56175646893053,21.0,42G1
11.506249999999994,56.87291666666667,14.0,16.807023546059114,168.79242775183587,21.0,42G1
11.59375,56.87291666666667,15.0,15.789722189400024,171.73754094449038,21.0,42G1
11.681250000000006,56.87291666666667,20.0,15.887290401166082,174.32804155113976,21.0,42G1
11.768750000000011,56.87291666666667,50.0,17.726233850272443,178.30507106134502,21.0,42G1
11.856249999999989,56.87291666666667,40.0,20.552193952955903,181.71569051935225,21.0,42G1
11.943749999999994,56.87291666666667,32.0,24.12626951980885,185.1353398700656,21.0,42G1
12.03125,56.87291666666667,38.0,20.99792702138889,188.759407607116,21.0,42G2
12.118750000000006,56.87291666666667,38.0,15.225667459189925,193.43571107151087,21.0,42G2
12.206250000000011,56.87291666666667,24.0,10.67474960728835,197.5513147776128,21.0,42G2
12.293749999999989,56.87291666666667,25.0,6.879510666075926,201.64222280835105,21.0,42G2
17.10624999999999,56.87291666666667,67.0,14.28800119481803,688.1995750962958,27.0,42G7
17.193749999999994,56.87291666666667,70.0,19.05297805576255,690.7830380240312,27.0,42G7
17.28125,56.87291666666667,81.0,23.940189137530627,694.1339598991182,27.0,42G7
17.368750000000006,56.87291666666667,96.0,29.88175329539594,698.9254027699484,27.0,42G7
17.45625000000001,56.87291666666667,93.0,34.86803081341178,702.3561065920578,27.0,42G7
17.54374999999999,56.87291666666667,90.0,35.73977135341643,705.8726443165102,27.0,42G7
17.631249999999994,56.87291666666667,95.0,30.726977869921267,709.2538064453771,27.0,42G7
17.71875,56.87291666666667,89.0,24.738374984026343,714.146758691901,27.0,42G7
17.806250000000006,56.87291666666667,86.0,19.788173556229985,718.1418780948233,27.0,42G7
17.89375000000001,56.87291666666667,65.0,14.91360124716786,722.0751494162974,27.0,42G7
17.98124999999999,56.87291666666667,48.0,10.22342977366897,726.4001050934675,27.0,42G7
18.506249999999994,56.87291666666667,45.0,14.230682303893078,753.2611770640231,28.0,42G8
18.59375,56.87291666666667,37.0,18.455339870065647,757.4682063842862,28.0,42G8
18.68125000000001,56.87291666666667,48.0,22.11154175500592,762.0665702072365,28.0,42G8
18.76875000000001,56.87291666666667,63.0,27.1001135926576,767.3250730607356,28.0,42G8
18.85624999999999,56.87291666666667,97.0,31.54766057286664,771.7811770640217,28.0,42G8
18.943749999999994,56.87291666666667,139.0,36.155740933515965,776.2410123294513,28.0,42G8
19.03125,56.87291666666667,146.0,40.87008487513134,781.0177672902389,28.0,42G9
19.11875000000001,56.87291666666667,156.0,46.62214068406029,786.3149314057532,28.0,42G9
19.20625000000001,56.87291666666667,169.0,49.9253823728531,790.7426018807126,28.0,42G9
19.29374999999999,56.87291666666667,167.0,53.22724798525216,795.1886917507171,28.0,42G9
19.381249999999994,56.87291666666667,165.0,56.7852964594883,799.9205642144934,28.0,42G9
19.46875,56.87291666666667,155.0,60.554381507382,804.3650730607355,28.0,42G9
19.55625000000001,56.87291666666667,141.0,65.30427214765865,810.0476305610212,28.0,42G9
19.64375000000001,56.87291666666667,145.0,69.41715877652496,814.6043762552756,28.0,42G9
19.73124999999999,56.87291666666667,162.0,73.64554833571896,819.3370365233203,28.0,42G9
19.818749999999994,56.87291666666667,165.0,75.09209212056543,824.7264825455197,28.0,42G9
19.90625,56.87291666666667,167.0,70.03124099244567,829.545843591306,28.0,42G9
19.99375000000001,56.87291666666667,159.0,64.97139710239922,834.248736972725,28.0,42G9
20.08125000000001,56.87291666666667,158.0,59.91282410008603,839.4784955454481,28.0,42H0
20.16874999999999,56.87291666666667,151.0,54.855882114077005,844.1921720583279,28.0,42H0
20.256249999999994,56.87291666666667,125.0,48.79043109272126,849.9342808673448,28.0,42H0
20.34375,56.87291666666667,61.0,43.73918578532414,854.9592479756333,28.0,42H0
20.43125000000001,56.87291666666667,58.0,38.69219982222606,859.5394594549302,28.0,42H0
20.51875000000001,56.87291666666667,49.0,32.64423381197059,865.2960309638621,28.0,42H0
20.60624999999999,56.87291666666667,52.0,27.61538453535113,870.0289937782187,28.0,42H0
20.693749999999994,56.87291666666667,54.0,22.6038575946301,875.3557322979243,28.0,42H0
20.78125,56.87291666666667,53.0,17.62444665200895,879.9752434583431,28.0,42H0
20.86875000000001,56.87291666666667,34.0,11.749180127073386,885.6833254269324,28.0,42H0
10.543749999999989,56.92291666666665,8.0,14.42988553972307,142.6164066332952,21.0,42G0
10.631249999999994,56.92291666666665,9.0,19.10004443799533,142.6164066332952,21.0,42G0
10.71875,56.92291666666665,10.0,24.69775414153912,142.6164066332952,21.0,42G0
10.806250000000006,56.92291666666665,11.0,29.46029465360513,143.5646868477745,21.0,42G0
10.893750000000011,56.92291666666665,12.0,30.0856046083768,145.01052844502223,21.0,42G0
10.981249999999989,56.92291666666665,9.0,29.66035801895979,146.52177914223614,21.0,42G0
11.068749999999994,56.92291666666665,8.0,29.72880624799793,149.01455523738798,21.0,42G1
11.15625,56.92291666666665,14.0,30.488261591663445,151.59855916010764,21.0,42G1
11.243750000000006,56.92291666666665,13.0,28.77970599998588,154.3111902204787,21.0,42G1
11.331250000000011,56.92291666666665,13.0,25.860498165470656,157.04191954274415,21.0,42G1
11.418749999999989,56.92291666666665,13.0,23.67937286019957,160.45940529178733,21.0,42G1
11.506249999999994,56.92291666666665,14.0,22.17006705089627,164.0042032359279,21.0,42G1
11.59375,56.92291666666665,17.0,21.342499173237,166.68960045024787,21.0,42G1
11.681250000000006,56.92291666666665,47.0,21.41468675392772,170.11855916010757,21.0,42G1
11.768750000000011,56.92291666666665,43.0,22.810513929777688,174.1955682844437,21.0,42G1
11.856249999999989,56.92291666666665,20.0,25.06687550100149,177.61817865528133,21.0,42G1
11.943749999999994,56.92291666666665,21.0,24.5227582920622,181.15376126385652,21.0,42G1
12.03125,56.92291666666665,39.0,20.234530315944287,185.14166522688217,21.0,42G2
12.118750000000006,56.92291666666665,47.0,14.164178374124814,190.1090293607105,21.0,42G2
12.206250000000011,56.92291666666665,30.0,9.105545832704562,194.2009476378546,21.0,42G2
17.10624999999999,56.92291666666665,49.0,13.152452226493605,692.8885199069239,27.0,42G7
17.193749999999994,56.92291666666665,75.0,18.211080710560267,695.5604612999441,27.0,42G7
17.28125,56.92291666666665,76.0,23.158298909373347,698.2639795309542,27.0,42G7
17.368750000000006,56.92291666666665,91.0,28.81737776153455,702.3577067184583,27.0,42G7
17.45625000000001,56.92291666666665,99.0,33.64110498393013,706.5045711323447,27.0,42G7
17.54374999999999,56.92291666666665,95.0,35.426436526836966,709.9141622519298,27.0,42G7
17.631249999999994,56.92291666666665,94.0,30.36929429324645,713.3463804998846,27.0,42G7
17.71875,56.92291666666665,92.0,24.301819095231497,717.489512336153,27.0,42G7
17.806250000000006,56.92291666666665,90.0,19.24728261196709,721.5570222733895,27.0,42G7
17.89375000000001,56.92291666666665,68.0,14.196051076018346,725.7193567540934,27.0,42G7
18.506249999999994,56.92291666666665,41.0,10.938178655281307,755.9089214122567,28.0,42G8
18.59375,56.92291666666665,35.0,14.720375912774031,760.3547948273493,28.0,42G8
18.68125000000001,56.92291666666665,46.0,19.10004443799541,765.0939946815207,28.0,42G8
18.76875000000001,56.92291666666665,54.0,24.69775414153921,769.9947496072898,28.0,42G8
18.85624999999999,56.92291666666665,99.0,29.50370727426668,774.4289214122555,28.0,42G8
18.943749999999994,56.92291666666665,135.0,34.38072090754895,778.8747948273494,28.0,42G8
19.03125,56.92291666666665,148.0,38.92455156033613,783.6139946815207,28.0,42G9
19.11875000000001,56.92291666666665,155.0,42.42398258899218,788.9733474549306,28.0,42G9
19.20625000000001,56.92291666666665,161.0,45.70741722095424,793.4259911667077,28.0,42G9
19.29374999999999,56.92291666666665,171.0,49.28801016187723,798.3834550151888,28.0,42G9
19.381249999999994,56.92291666666665,169.0,53.10568389437784,802.6336395909602,28.0,42G9
19.46875,56.92291666666665,165.0,57.11291058001609,807.0347496072898,28.0,42G9
19.55625000000001,56.92291666666665,145.0,62.12003483451606,812.3589316900246,28.0,42G9
19.64375000000001,56.92291666666665,162.0,66.42477388984712,817.1058487084032,28.0,42G9
19.73124999999999,56.92291666666665,169.0,70.82630336852276,821.5587777091541,28.0,42G9
19.818749999999994,56.92291666666665,170.0,75.52129057731015,827.3278427225553,28.0,42G9
19.90625,56.92291666666665,170.0,70.49822688444759,831.7827498847379,28.0,42G9
19.99375000000001,56.92291666666665,166.0,65.48145754929587,836.5738789876726,28.0,42G9
20.08125000000001,56.92291666666665,163.0,60.472557491719954,841.0106296093068,28.0,42H0
20.16874999999999,56.92291666666665,153.0,55.47366682039125,845.8478427225571,28.0,42H0
20.256249999999994,56.92291666666665,131.0,49.49249271430254,851.4870768821655,28.0,42H0
20.34375,56.92291666666665,83.0,44.52799253734284,856.8312638293066,28.0,42H0
20.43125000000001,56.92291666666665,69.0,39.58874160974004,861.4435794350401,28.0,42H0
20.51875000000001,56.92291666666665,53.0,33.71060862096209,867.1456674591916,28.0,42H0
20.60624999999999,56.92291666666665,53.0,28.87514273855213,872.4634550151889,28.0,42H0
20.693749999999994,56.92291666666665,58.0,24.13369773225866,876.7884056489238,28.0,42H0
20.78125,56.92291666666665,51.0,19.55479482734933,881.5733474549322,28.0,42H0
20.86875000000001,56.92291666666665,36.0,14.492857374001392,887.2866567803223,28.0,42H0
20.95625000000001,56.92291666666665,26.0,10.94739032120273,892.5170941538914,28.0,42H0
10.631249999999994,56.97291666666666,8.0,17.08551492872025,137.0550895047394,21.0,42G0
10.71875,56.97291666666666,10.0,22.778849468280523,137.0550895047394,21.0,42G0
10.806250000000006,56.97291666666666,12.0,26.12000142734626,138.22275810440996,21.0,42G0
10.893750000000011,56.97291666666666,9.0,24.619838687014152,139.74983955968602,21.0,42G0
10.981249999999989,56.97291666666666,10.0,24.09904089040399,141.4722751142613,21.0,42G0
11.068749999999994,56.97291666666666,6.0,24.18312225257372,143.9586097748386,21.0,42G1
11.15625,56.97291666666666,8.0,25.10964413877505,146.5229688974172,21.0,42G1
11.243750000000006,56.97291666666666,9.0,26.961275040560537,149.53103622593278,21.0,42G1
11.331250000000011,56.97291666666666,12.0,29.5647023876552,152.94803936513964,21.0,42G1
11.418749999999989,56.97291666666666,11.0,28.965129731732866,156.16966664780855,21.0,42G1
11.506249999999994,56.97291666666666,13.0,27.55915622721459,159.2315929963907,21.0,42G1
11.59375,56.97291666666666,40.0,26.898805010346024,162.50527717854058,21.0,42G1
11.681250000000006,56.97291666666666,25.0,26.95604042799033,165.9062355909186,21.0,42G1
11.768750000000011,56.97291666666666,47.0,28.07625665529652,170.11696434186686,21.0,42G1
11.856249999999989,56.97291666666666,30.0,25.59434809425436,173.78377467690842,21.0,42G1
11.943749999999994,56.97291666666666,20.0,21.71571906954748,177.6436221085967,21.0,42G1
12.03125,56.97291666666666,46.0,17.286326445074547,181.75222747986976,21.0,42G2
12.118750000000006,56.97291666666666,28.0,12.33332420204906,187.22074314729008,21.0,42G2
12.206250000000011,56.97291666666666,31.0,8.876363745936837,190.96508420335,21.0,42G2
17.10624999999999,56.97291666666666,49.0,11.711455708967636,697.9113157667673,27.0,42G7
17.193749999999994,56.97291666666666,71.0,16.5785836742043,700.3436493476186,27.0,42G7
17.28125,56.97291666666666,62.0,21.29741193876939,702.9563171558258,27.0,42G7
17.368750000000006,56.97291666666666,81.0,26.648490753548185,706.5025721423845,27.0,42G7
17.45625000000001,56.97291666666666,104.0,31.303977836495942,709.9105958713827,27.0,42G7
17.54374999999999,56.97291666666666,99.0,35.98040318178656,713.9707449828189,27.0,42G7
17.631249999999994,56.97291666666666,101.0,31.020911192649024,717.4291472636968,27.0,42G7
17.71875,56.97291666666666,99.0,25.120227363035102,721.5321629711615,27.0,42G7
17.806250000000006,56.97291666666666,94.0,20.27807367385688,725.0225721423842,27.0,42G7
17.89375000000001,56.97291666666666,83.0,15.572303126187668,729.1376789523774,27.0,42G7
17.98124999999999,56.97291666666666,48.0,11.121023066941056,733.2212488873623,27.0,42G7
18.59375,56.97291666666666,37.0,12.435263816403143,763.4341079748503,28.0,42G8
18.68125000000001,56.97291666666666,44.0,17.394236491160765,767.7790527077559,28.0,42G8
18.76875000000001,56.97291666666666,64.0,23.3965421621448,773.079700485738,28.0,42G8
18.85624999999999,56.97291666666666,101.0,27.53944268479588,777.3293456502751,28.0,42G8
18.943749999999994,56.97291666666666,128.0,31.580042675448777,781.9541079748491,28.0,42G8
19.03125,56.97291666666666,144.0,34.33369088878697,786.2990527077559,28.0,42G9
19.11875000000001,56.97291666666666,156.0,38.19244317744264,791.5997004857364,28.0,42G9
19.20625000000001,56.97291666666666,160.0,41.80488222637805,796.0458258291069,28.0,42G9
19.29374999999999,56.97291666666666,169.0,45.68732643823971,800.8071778449784,28.0,42G9
19.381249999999994,56.97291666666666,172.0,49.7766317327102,805.2559978057129,28.0,42G9
19.46875,56.97291666666666,168.0,54.025840155873055,809.706458242089,28.0,42G9
19.55625000000001,56.97291666666666,164.0,59.28747429897564,815.0103021684812,28.0,42G9
19.64375000000001,56.97291666666666,170.0,63.77784940856515,819.7867947379073,28.0,42G9
19.73124999999999,56.97291666666666,180.0,68.2465171258275,824.2012366299901,28.0,42G9
19.818749999999994,56.97291666666666,179.0,72.7138276459087,829.5391455081132,28.0,42G9
19.90625,56.97291666666666,177.0,71.39663356320126,833.9904131875874,28.0,42G9
19.99375000000001,56.97291666666666,175.0,66.4546046756185,838.7823002935364,28.0,42G9
20.08125000000001,56.97291666666666,167.0,61.53185034585413,843.610744982819,28.0,42H0
20.16874999999999,56.97291666666666,164.0,56.63340527315622,848.0591455081134,28.0,42H0
20.256249999999994,56.97291666666666,139.0,50.79727155779279,853.9407431472902,28.0,42H0
20.34375,56.97291666666666,100.0,45.980685041850826,858.2606258045593,28.0,42H0
20.43125000000001,56.97291666666666,82.0,41.22264353565977,863.0410230669409,28.0,42H0
20.51875000000001,56.97291666666666,52.0,35.62331017627484,868.7458048828131,28.0,42H0
20.60624999999999,56.97291666666666,57.0,31.093317436172565,873.9936233825878,28.0,42H0
20.693749999999994,56.97291666666666,63.0,26.75430055281649,878.7345844695845,28.0,42H0
20.78125,56.97291666666666,53.0,22.71596855171545,883.426330185877,28.0,42H0
20.86875000000001,56.97291666666666,39.0,18.46068953286285,889.1626310810517,28.0,42H0
20.95625000000001,56.97291666666666,29.0,15.035690519352142,894.0967395331395,28.0,42H0
21.04374999999999,56.97291666666666,24.0,12.218950505818636,898.7838870155205,28.0,42H1
10.685416666666669,57.022916666666674,9.0,18.36784293579856,130.68845168552446,21.0,43G0
10.777083333333335,57.022916666666674,11.0,22.12684789902981,132.42065856427436,21.0,43G0
10.868750000000006,57.022916666666674,12.0,19.497045180773192,134.2744309404608,21.0,43G0
10.960416666666674,57.022916666666674,8.0,18.56504096458352,135.97079148535596,21.0,43G0
11.052083333333345,57.022916666666674,8.0,18.56504096458361,138.6060843950482,21.0,43G1
11.143750000000011,57.022916666666674,5.0,19.49704518077373,141.2884919939976,21.0,43G1
11.235416666666652,57.022916666666674,9.0,21.59365467870312,144.64833360191216,21.0,43G1
11.32708333333332,57.022916666666674,11.0,25.23015904608649,148.6265283949881,21.0,43G1
11.418749999999989,57.022916666666674,12.0,28.63764246307253,151.59537002122397,21.0,43G1
11.510416666666655,57.022916666666674,16.0,32.83481313576392,155.0085174072914,21.0,43G1
11.602083333333326,57.022916666666674,27.0,32.4410165832384,159.08590102018104,21.0,43G1
11.693749999999994,57.022916666666674,46.0,31.905939186404066,162.495731648931,21.0,43G1
11.785416666666665,57.022916666666674,46.0,26.24761042956246,166.9262274178398,21.0,43G1
11.877083333333331,57.022916666666674,40.0,21.69295107142749,171.12060172482364,21.0,43G1
11.96875,57.022916666666674,49.0,16.6008882324313,175.98397728459963,21.0,43G1
12.060416666666669,57.022916666666674,52.0,12.958452419663118,180.01993778454107,21.0,43G2
12.152083333333335,57.022916666666674,46.0,8.444492622719448,184.0872006158292,21.0,43G2
17.193749999999994,57.022916666666674,50.0,14.239291021783684,705.6137723761865,27.0,43G7
17.285416666666663,57.022916666666674,56.0,19.949216856619906,708.5471809904728,27.0,43G7
17.37708333333333,57.022916666666674,76.0,24.80224879338108,711.2710084104667,27.0,43G7
17.46875,57.022916666666674,99.0,30.327562245788343,714.695108749909,27.0,43G7
17.56041666666667,57.022916666666674,110.0,34.96473286364515,718.1132326118176,27.0,43G7
17.652083333333337,57.022916666666674,107.0,30.752429966746465,722.8710391241839,27.0,43G7
17.743750000000006,57.022916666666674,100.0,26.17898183761312,726.3911096148761,27.0,43G7
17.835416666666674,57.022916666666674,94.0,20.847873189385712,730.5012824175793,27.0,43G7
17.927083333333343,57.022916666666674,72.0,16.417691444842927,734.0102328208756,27.0,43G7
18.01875000000001,57.022916666666674,38.0,11.099160350792468,738.9064251341168,27.0,43G8
18.568749999999994,57.022916666666674,28.0,11.44579654995712,765.5827054700231,28.0,43G8
18.660416666666663,57.022916666666674,35.0,15.08036766605801,769.6813747916898,28.0,43G8
18.75208333333333,57.022916666666674,47.0,18.55151658781065,773.963337285034,28.0,43G8
18.84375,57.022916666666674,87.0,23.478656618381024,779.8580297405076,28.0,43G8
18.93541666666667,57.022916666666674,115.0,26.88295701293567,784.9414602833853,28.0,43G8
19.027083333333337,57.022916666666674,132.0,29.99838342381833,789.0066071315309,28.0,43G9
19.11875000000001,57.022916666666674,151.0,34.34220848692288,794.257691444843,28.0,43G9
19.210416666666674,57.022916666666674,158.0,38.31428417614372,799.1005732436369,28.0,43G9
19.302083333333343,57.022916666666674,170.0,43.37202397441458,804.3398522483061,28.0,43G9
19.39375000000001,57.022916666666674,177.0,47.76101889159143,808.7811619947477,28.0,43G9
19.48541666666665,57.022916666666674,172.0,52.26591811392316,813.2262079590373,28.0,43G9
19.57708333333332,57.022916666666674,165.0,57.78657972916813,818.9911096148746,28.0,43G9
19.66874999999999,57.022916666666674,176.0,61.48611377244133,823.3311113815105,28.0,43G9
19.760416666666657,57.022916666666674,193.0,66.0381474089777,828.6253505208181,28.0,43G9
19.85208333333333,57.022916666666674,192.0,70.53740380832,833.9696740726756,28.0,43G9
19.943749999999994,57.022916666666674,180.0,70.77099976896459,838.7759329307643,28.0,43G9
20.035416666666663,57.022916666666674,178.0,64.98310351596076,844.0539242758846,28.0,43H0
20.12708333333333,57.022916666666674,169.0,60.20210919767869,848.4782176645739,28.0,43H0
20.21875,57.022916666666674,157.0,55.470134380964254,853.2902033580258,28.0,43H0
20.31041666666667,57.022916666666674,123.0,49.87612003457748,859.0214602833853,28.0,43H0
20.402083333333337,57.022916666666674,91.0,44.40697795032051,864.3411619947476,28.0,43H0
20.49375000000001,57.022916666666674,71.0,39.98178053867522,868.7862079590374,28.0,43H0
20.585416666666674,57.022916666666674,79.0,34.899035323223295,874.5815630599582,28.0,43H0
20.677083333333343,57.022916666666674,46.0,30.936170104490785,879.326134719922,28.0,43H0
20.76875000000001,57.022916666666674,59.0,26.65127139701204,885.0507617087277,28.0,43H0
20.86041666666665,57.022916666666674,39.0,23.23879017812305,889.9749128309254,28.0,43H0
20.95208333333332,57.022916666666674,28.0,20.05099440200405,895.0853019647209,28.0,43H0
21.04374999999999,57.022916666666674,31.0,16.61462212028291,900.6667370888695,28.0,43H1
21.135416666666657,57.022916666666674,24.0,12.529051637606091,905.4381939401422,28.0,43H1
10.777083333333335,57.07291666666666,14.0,17.72401948554462,126.77973435017311,21.0,43G0
10.868750000000006,57.07291666666666,12.0,14.311728864522197,128.54515107602398,21.0,43G0
10.960416666666674,57.07291666666666,7.0,13.015348960594393,130.60026747322945,21.0,43G0
11.052083333333345,57.07291666666666,6.0,13.015348960594526,133.85944696468252,21.0,43G1
11.143750000000011,57.07291666666666,6.0,14.31172886452292,137.141891001501,21.0,43G1
11.235416666666652,57.07291666666666,7.0,17.05464071354047,140.5876319705431,21.0,43G1
11.32708333333332,57.07291666666666,10.0,21.131442563534748,143.95172886452218,21.0,43G1
11.418749999999989,57.07291666666666,11.0,24.61714870685682,146.69464071354048,21.0,43G1
11.510416666666655,57.07291666666666,77.0,29.34010898314995,150.89790819806947,21.0,43G1
11.602083333333326,57.07291666666666,21.0,33.598001344467484,155.00352055304467,21.0,43G1
11.693749999999994,57.07291666666666,37.0,29.19347672745697,158.79309058638262,21.0,43G1
11.785416666666665,57.07291666666666,71.0,24.19019504669433,163.38488060441998,21.0,43G1
11.877083333333331,57.07291666666666,49.0,19.687951362451315,167.47275276016592,21.0,43G1
11.96875,57.07291666666666,55.0,13.888239405016597,172.82049491941524,21.0,43G1
12.060416666666669,57.07291666666666,49.0,9.294559995494092,176.85992117604837,21.0,43G2
17.193749999999994,57.07291666666666,30.0,12.394465392397803,710.5544580201481,27.0,43G7
17.285416666666663,57.07291666666666,71.0,17.999312637006167,713.3309273210294,27.0,43G7
17.37708333333333,57.07291666666666,74.0,22.597996907562614,715.9733415931743,27.0,43G7
17.46875,57.07291666666666,91.0,27.891643634604403,719.0431686967129,27.0,43G7
17.56041666666667,57.07291666666666,111.0,32.50159670921736,722.1992939914447,27.0,43G7
17.652083333333337,57.07291666666666,109.0,29.395248470645857,726.3881114003719,27.0,43G7
17.743750000000006,57.07291666666666,100.0,26.60042271948635,730.4971171381012,27.0,43G7
17.835416666666674,57.07291666666666,80.0,21.67017697979991,734.5698975609724,27.0,43G7
17.927083333333343,57.07291666666666,68.0,17.130163646879225,737.9931823382158,27.0,43G7
18.01875000000001,57.07291666666666,47.0,11.08422816168576,742.8153147969078,27.0,43G8
18.660416666666663,57.07291666666666,28.0,11.145073823772965,773.0195279468046,28.0,43G8
18.75208333333333,57.07291666666666,38.0,15.517630062093712,777.0649571895301,28.0,43G8
18.84375,57.07291666666666,68.0,18.98069485149032,782.2773125728544,28.0,43G8
18.93541666666667,57.07291666666666,96.0,22.49197441377339,787.637942652655,28.0,43G8
19.027083333333337,57.07291666666666,113.0,26.131589655288067,792.0336557488911,28.0,43G9
19.11875000000001,57.07291666666666,142.0,31.015609012294647,797.1872598911012,28.0,43G9
19.210416666666674,57.07291666666666,156.0,35.357836061031826,801.7295629789706,28.0,43G9
19.302083333333343,57.07291666666666,173.0,40.77705809867729,807.0035084630865,28.0,43G9
19.39375000000001,57.07291666666666,175.0,45.41158945503422,811.4228601970171,28.0,43G9
19.48541666666665,57.07291666666666,174.0,49.701004492923055,815.8539257638475,28.0,43G9
19.57708333333332,57.07291666666666,159.0,54.00977601882679,821.5365851645748,28.0,43G9
19.66874999999999,57.07291666666666,183.0,57.83422398158828,825.9763619335613,28.0,43G9
19.760416666666657,57.07291666666666,211.0,62.321685898874016,831.2813326902449,28.0,43G9
19.85208333333333,57.07291666666666,205.0,66.98636334556885,836.9466797419175,28.0,43G9
19.943749999999994,57.07291666666666,191.0,71.02894814714395,841.3714406366753,28.0,43G9
20.035416666666663,57.07291666666666,187.0,66.8985905290939,846.7168657008716,28.0,43H0
20.12708333333333,57.07291666666666,182.0,62.27131125006835,851.1449571895303,28.0,43H0
20.21875,57.07291666666666,163.0,57.71562939711837,856.0281114003718,28.0,43H0
20.31041666666667,57.07291666666666,132.0,52.36962503007059,861.2224078873902,28.0,43H0
20.402083333333337,57.07291666666666,117.0,47.19770281036523,866.5475242697902,28.0,43H0
20.49375000000001,57.07291666666666,95.0,43.066091583745,871.1967823319993,28.0,43H0
20.585416666666674,57.07291666666666,89.0,38.40051788405351,877.0965851645749,28.0,43H0
20.677083333333343,57.07291666666666,72.0,34.84328411962883,881.5363619335627,28.0,43H0
20.76875000000001,57.07291666666666,54.0,30.7415429031742,886.8994848378711,28.0,43H0
20.86041666666665,57.07291666666666,36.0,27.49885959883916,891.9829721578164,28.0,43H0
20.95208333333332,57.07291666666666,23.0,24.66589954557489,896.5441194724843,28.0,43H0
21.04374999999999,57.07291666666666,25.0,19.939004925470307,902.3557320804284,28.0,43H1
21.135416666666657,57.07291666666666,27.0,16.439085821248778,907.2903168680784,28.0,43H1
21.22708333333333,57.07291666666666,21.0,11.240630262381854,913.2361703218044,28.0,43H1
10.685416666666669,57.12291666666667,16.0,13.629887337714004,119.700845241231,21.0,43G0
10.777083333333335,57.12291666666667,14.0,14.16124140547249,121.51200660272012,21.0,43G0
10.868750000000006,57.12291666666667,6.0,9.55891590972681,123.3249397944516,21.0,43G0
10.960416666666674,57.12291666666667,5.0,7.482938394224472,125.87974244440043,21.0,43G0
11.052083333333345,57.12291666666667,5.0,7.482938394224704,129.52187233001982,21.0,43G1
11.143750000000011,57.12291666666667,4.0,9.5589159097279,133.1820491214369,21.0,43G1
11.235416666666652,57.12291666666667,6.0,12.951865495007,135.96690153390958,21.0,43G1
11.32708333333332,57.12291666666667,8.0,17.157691960488435,139.1989159097268,21.0,43G1
11.418749999999989,57.12291666666667,40.0,21.23489855348412,142.591865495007,21.0,43G1
11.510416666666655,57.12291666666667,30.0,26.50250812344512,146.68494311142817,21.0,43G1
11.602083333333326,57.12291666666667,32.0,31.193549763621697,151.59218289496707,21.0,43G1
11.693749999999994,57.12291666666667,23.0,26.55965433709584,155.2429396276642,21.0,43G1
11.785416666666665,57.12291666666667,27.0,21.228533269956547,160.12666178879422,21.0,43G1
11.877083333333331,57.12291666666667,53.0,16.85057585295783,164.18068263422657,21.0,43G1
11.96875,57.12291666666667,58.0,11.994548664131086,169.4159095366474,21.0,43G1
12.060416666666669,57.12291666666667,33.0,7.608672053866519,173.32548061559294,21.0,43G2
17.193749999999994,57.12291666666667,46.0,10.334577379280796,715.5904240476449,27.0,43G7
17.285416666666663,57.12291666666667,71.0,15.500353005536384,718.0763153088529,27.0,43G7
17.37708333333333,57.12291666666667,73.0,20.176285927463063,720.6412392058841,27.0,43G7
17.46875,57.12291666666667,82.0,25.961441731979257,724.389399377578,27.0,43G7
17.56041666666667,57.12291666666667,103.0,29.84835354490147,727.0225443902751,27.0,43G7
17.652083333333337,57.12291666666667,110.0,25.23553502417132,730.4917245189914,27.0,43G7
17.743750000000006,57.12291666666667,99.0,21.92134066269525,733.8786457527689,27.0,43G7
17.835416666666674,57.12291666666667,87.0,18.96176636532792,738.6530984387125,27.0,43G7
17.927083333333343,57.12291666666667,73.0,14.82334197038831,742.1682046173959,27.0,43G7
18.75208333333333,57.12291666666667,36.0,11.523980044509871,780.5765757449637,28.0,43G8
18.84375,57.12291666666667,51.0,14.335796899070123,785.4540607600366,28.0,43G8
18.93541666666667,57.12291666666667,77.0,18.73341478903556,790.3471798908133,28.0,43G8
19.027083333333337,57.12291666666667,96.0,22.971139276420303,794.6696435671746,28.0,43G9
19.11875000000001,57.12291666666667,124.0,28.39726873830225,800.4651133408014,28.0,43G9
19.210416666666674,57.12291666666667,149.0,33.07906853174036,804.7952248771404,28.0,43G9
19.302083333333343,57.12291666666667,162.0,38.74584148822319,809.6916613843362,28.0,43G9
19.39375000000001,57.12291666666667,176.0,42.200404036412806,814.0875951965239,28.0,43G9
19.48541666666665,57.12291666666667,174.0,45.79826232705286,818.9851133408001,28.0,43G9
19.57708333333332,57.12291666666667,153.0,50.4152920536337,824.1729902366588,28.0,43G9
19.66874999999999,57.12291666666667,158.0,54.11306639271204,828.5966391048872,28.0,43G9
19.760416666666657,57.12291666666667,218.0,58.80739102520424,833.9281765596306,28.0,43G9
19.85208333333333,57.12291666666667,223.0,63.72342967436406,839.6517692602392,28.0,43G9
19.943749999999994,57.12291666666667,216.0,67.95484573394485,844.0330905863825,28.0,43G9
20.035416666666663,57.12291666666667,198.0,69.2090575081959,849.3316543572134,28.0,43H0
20.12708333333333,57.12291666666667,200.0,64.75332668881448,854.135983172945,28.0,43H0
20.21875,57.12291666666667,169.0,60.391283178296696,858.5691827402154,28.0,43H0
20.31041666666667,57.12291666666667,143.0,55.31169262710812,863.8999834352163,28.0,43H0
20.402083333333337,57.12291666666667,124.0,50.449205275609,869.1795814151421,28.0,43H0
20.49375000000001,57.12291666666667,94.0,46.61211866614146,873.9832068896341,28.0,43H0
20.585416666666674,57.12291666666667,92.0,42.34516463780272,879.3063987245226,28.0,43H0
20.677083333333343,57.12291666666667,81.0,38.94092092108527,883.7420620695973,28.0,43H0
20.76875000000001,57.12291666666667,57.0,34.96841985595356,889.3995706762313,28.0,43H0
20.86041666666665,57.12291666666667,41.0,32.11334579446341,894.323190448372,28.0,43H0
20.95208333333332,57.12291666666667,23.0,28.1465465430701,898.7490011662314,28.0,43H0
21.04374999999999,57.12291666666667,20.0,22.21106723366554,904.1149669469404,28.0,43H1
21.135416666666657,57.12291666666667,23.0,17.203392845510155,909.492598318558,28.0,43H1
21.22708333333333,57.12291666666667,27.0,11.220982670202718,914.7654685527788,28.0,43H1
10.59375,57.17291666666665,8.0,6.133368325149644,113.9006585642779,21.0,43G0
10.685416666666669,57.17291666666665,18.0,9.771114750189067,114.5505901004725,21.0,43G0
10.777083333333335,57.17291666666665,10.0,10.216633386384215,116.17104094228526,21.0,43G0
10.868750000000006,57.17291666666665,4.0,6.242654244888102,118.61277681340208,21.0,43G0
11.235416666666652,57.17291666666665,4.0,8.963627412546572,131.49377237618577,21.0,43G1
11.32708333333332,57.17291666666665,18.0,14.147345056074636,135.1071554697108,21.0,43G1
11.418749999999989,57.17291666666665,60.0,18.398965987096904,138.4941491527598,21.0,43G1
11.510416666666655,57.17291666666665,35.0,23.06102479916142,142.94268763200415,21.0,43G1
11.602083333333326,57.17291666666665,66.0,28.05360556325432,147.82290069304295,21.0,43G1
11.693749999999994,57.17291666666665,28.0,24.515627953321182,152.2606165626922,21.0,43G1
11.785416666666665,57.17291666666665,13.0,18.912803954838783,157.00994214717144,21.0,43G1
11.877083333333331,57.17291666666665,54.0,14.190528166568384,160.97024163814132,21.0,43G1
11.96875,57.17291666666665,55.0,8.849942147171431,165.84127998776316,21.0,43G1
17.285416666666663,57.17291666666665,56.0,13.854937148809894,723.1262640047905,27.0,43G7
17.37708333333333,57.17291666666665,77.0,18.66327008578428,725.7113864330846,27.0,43G7
17.46875,57.17291666666665,82.0,24.54639640692241,728.6069015339095,27.0,43G7
17.56041666666667,57.17291666666665,96.0,26.929329970472136,731.5417390462464,27.0,43G7
17.652083333333337,57.17291666666665,114.0,21.71267267106724,734.6719844234473,27.0,43G7
17.743750000000006,57.17291666666665,102.0,17.75849865023569,737.972095615933,27.0,43G7
17.835416666666674,57.17291666666665,85.0,13.947443104011487,742.1672053284999,27.0,43G7
17.927083333333343,57.17291666666665,71.0,12.215511345361836,746.2698201505567,27.0,43G7
18.84375,57.17291666666665,48.0,10.6122487441556,788.7823023023872,28.0,43G8
18.93541666666667,57.17291666666665,52.0,16.057681266123357,793.6431637068785,28.0,43G8
19.027083333333337,57.17291666666665,82.0,20.81882703084387,798.3698803075274,28.0,43G9
19.11875000000001,57.17291666666665,108.0,26.44798615367104,803.0017778850835,28.0,43G9
19.210416666666674,57.17291666666665,131.0,30.84659093046896,807.431684483094,28.0,43G9
19.302083333333343,57.17291666666665,150.0,34.7052814169172,812.7286045277143,28.0,43G9
19.39375000000001,57.17291666666665,165.0,38.34643368426433,817.6145771576719,28.0,43G9
19.48541666666665,57.17291666666665,165.0,42.21472704794498,821.5217778850835,28.0,43G9
19.57708333333332,57.17291666666665,146.0,46.68097043175532,826.8485650402829,28.0,43G9
19.66874999999999,57.17291666666665,141.0,50.6469417583592,831.2486045277128,28.0,43G9
19.760416666666657,57.17291666666665,212.0,55.628062389810985,836.9397333608057,28.0,43G9
19.85208333333333,57.17291666666665,227.0,60.79500951247336,842.2565258532791,28.0,43G9
19.943749999999994,57.17291666666665,228.0,65.21093036509572,846.6872535695748,28.0,43G9
20.035416666666663,57.17291666666665,230.0,70.61409033195542,851.9749770092286,28.0,43H0
20.12708333333333,57.17291666666665,229.0,67.60270178949989,856.8089123835025,28.0,43H0
20.21875,57.17291666666665,190.0,63.44269406231652,861.2035704290867,28.0,43H0
20.31041666666667,57.17291666666665,153.0,58.63484029275017,866.5158839936648,28.0,43H0
20.402083333333337,57.17291666666665,131.0,54.07843542274746,872.4498803075272,28.0,43H0
20.49375000000001,57.17291666666665,92.0,50.52273608763967,876.6863004103254,28.0,43H0
20.585416666666674,57.17291666666665,93.0,46.43207917270932,881.9315297465026,28.0,43H0
20.677083333333343,57.17291666666665,83.0,43.07671541948161,886.3548234605081,28.0,43H0
20.76875000000001,57.17291666666665,53.0,38.187588941617015,892.1144110837038,28.0,43H0
20.86041666666665,57.17291666666665,43.0,33.1629354954072,896.5264290312224,28.0,43H0
20.95208333333332,57.17291666666665,22.0,28.13826966497477,900.9522506815582,28.0,43H0
21.04374999999999,57.17291666666665,21.0,22.10865696327772,906.6702297922282,28.0,43H1
21.135416666666657,57.17291666666665,22.0,17.08397049252951,911.5821154456444,28.0,43H1
21.22708333333333,57.17291666666665,34.0,11.054338471523796,916.7635704290852,28.0,43H1
10.685416666666669,57.22291666666666,19.0,8.028641862932064,108.85847367244016,21.0,43G0
10.777083333333335,57.22291666666666,13.0,7.069042843883348,110.69709803618416,21.0,43G0
11.235416666666652,57.22291666666666,4.0,6.299074059178533,126.78047465228828,21.0,43G1
11.32708333333332,57.22291666666666,35.0,10.923650099440902,131.0060395656148,21.0,43G1
11.418749999999989,57.22291666666666,46.0,14.996269082320424,134.98831123921616,21.0,43G1
11.510416666666655,57.22291666666666,44.0,20.44297862518796,139.787257058119,21.0,43G1
11.602083333333326,57.22291666666666,65.0,24.72133677316694,144.63626908231885,21.0,43G1
11.693749999999994,57.22291666666666,52.0,20.625409414558447,148.64390807870052,21.0,43G1
11.785416666666665,57.22291666666666,28.0,16.394688009987537,153.6231586490276,21.0,43G1
11.877083333333331,57.22291666666666,68.0,13.046539613022624,157.91977442034823,21.0,43G1
11.96875,57.22291666666666,55.0,7.025061892698675,163.15626908232036,21.0,43G1
17.285416666666663,57.22291666666666,59.0,13.046539613022624,727.7458231689334,27.0,43G7
17.37708333333333,57.22291666666666,75.0,17.34555983544249,730.7137086727637,27.0,43G7
17.46875,57.22291666666666,81.0,22.490454820183285,733.336759003001,27.0,43G7
17.56041666666667,57.22291666666666,91.0,24.926083101591846,736.0039476989151,27.0,43G7
17.652083333333337,57.22291666666666,110.0,19.18083450596645,739.4369215608338,27.0,43G7
17.743750000000006,57.22291666666666,109.0,14.56158584896456,742.1662060981047,27.0,43G7
18.93541666666667,57.22291666666666,60.0,14.317964627697965,796.8775897347506,28.0,43G8
19.027083333333337,57.22291666666666,76.0,19.26329851702264,801.2444403577613,28.0,43G9
19.11875000000001,57.22291666666666,97.0,23.415279122104103,806.1311147501876,28.0,43G9
19.210416666666674,57.22291666666666,120.0,26.526323004760748,810.205727613863,28.0,43G9
19.302083333333343,57.22291666666666,137.0,30.92325477091208,815.3666536179362,28.0,43G9
19.39375000000001,57.22291666666666,151.0,34.735362137177944,820.2304376917608,28.0,43G9
19.48541666666665,57.22291666666666,150.0,38.49529910721803,824.6473240545562,28.0,43G9
19.57708333333332,57.22291666666666,139.0,43.34028345019068,829.5400209925442,28.0,43G9
19.66874999999999,57.22291666666666,146.0,47.58000747661445,833.8866536179362,28.0,43G9
19.760416666666657,57.22291666666666,203.0,52.84419354519261,839.6408310842309,28.0,43G9
19.85208333333333,57.22291666666666,221.0,58.25157466321017,844.8796356738968,28.0,43G9
19.943749999999994,57.22291666666666,226.0,62.84046957150074,849.2979880117861,28.0,43G9
20.035416666666663,57.22291666666666,238.0,68.42378977370866,855.0705122624022,28.0,43H0
20.12708333333333,57.22291666666666,234.0,70.77508121303978,859.4775787507938,28.0,43H0
20.21875,57.22291666666666,228.0,66.81840251451169,863.877144743779,28.0,43H0
20.31041666666667,57.22291666666666,167.0,62.27809478804385,869.1439057992503,28.0,43H0
20.402083333333337,57.22291666666666,140.0,58.01454770200499,874.862502468862,28.0,43H0
20.49375000000001,57.22291666666666,83.0,54.6224485377025,879.2866497586793,28.0,43H0
20.585416666666674,57.22291666666666,99.0,49.221171801097206,884.5919774679099,28.0,43H0
20.677083333333343,57.22291666666666,79.0,44.20618270350979,888.9961348893257,28.0,43H0
20.76875000000001,57.22291666666666,49.0,38.18954931317928,894.6983325304084,28.0,43H0
20.86041666666665,57.22291666666666,43.0,33.17737248427981,899.1163331900252,28.0,43H0
20.95208333333332,57.22291666666666,27.0,28.16760897732072,903.5400567984616,28.0,43H0
21.04374999999999,57.22291666666666,43.0,22.16139730422113,909.4871607658856,28.0,43H1
21.135416666666657,57.22291666666666,37.0,17.16510161583293,913.720831084232,28.0,43H1
21.22708333333333,57.22291666666666,26.0,11.19640376227416,919.13006089567,28.0,43H1
10.685416666666669,57.272916666666674,20.0,8.017757582484474,103.55373767913689,21.0,43G0
10.777083333333335,57.272916666666674,6.0,6.085006330844685,105.74522926540727,21.0,43G0
11.32708333333332,57.272916666666674,65.0,8.22750323755946,127.4312968846176,21.0,43G1
11.418749999999989,57.272916666666674,104.0,13.157151427623036,131.74724037234975,21.0,43G1
11.510416666666655,57.272916666666674,72.0,19.12789057465476,136.46353598202649,21.0,43G1
11.602083333333326,57.272916666666674,81.0,22.030245698987173,141.31031249027308,21.0,43G1
11.693749999999994,57.272916666666674,43.0,17.653763888317837,145.4986878032516,21.0,43G1
11.785416666666665,57.272916666666674,51.0,12.459777803819344,150.8899142512561,21.0,43G1
11.877083333333331,57.272916666666674,66.0,8.947021257994512,155.22209247840053,21.0,43G1
11.96875,57.272916666666674,36.0,7.257859448869781,160.50102545961823,21.0,43G1
17.285416666666663,57.272916666666674,49.0,10.136362920013005,731.8303406079242,27.0,43G7
17.37708333333333,57.272916666666674,69.0,14.769092612590272,735.2204736392905,27.0,43G7
17.46875,57.272916666666674,83.0,20.562108093956542,738.2870322944461,27.0,43G7
17.56041666666667,57.272916666666674,87.0,24.06837401505372,740.7708576242927,27.0,43G7
17.652083333333337,57.272916666666674,103.0,18.06169984883857,744.2282018851937,27.0,43G7
17.743750000000006,57.272916666666674,102.0,13.060310135259025,746.9292125236009,27.0,43G7
18.93541666666667,57.272916666666674,51.0,13.704845134964968,800.4561201866134,28.0,43G8
19.027083333333337,57.272916666666674,63.0,15.567664125180803,804.553737941525,28.0,43G9
19.11875000000001,57.272916666666674,90.0,19.03880301010716,809.4075095685774,28.0,43G9
19.210416666666674,57.272916666666674,113.0,22.75161059308442,813.5042361401995,28.0,43G9
19.302083333333343,57.272916666666674,135.0,27.26911334598132,818.4127843079784,28.0,43G9
19.39375000000001,57.272916666666674,149.0,31.122015417607944,822.8177713076551,28.0,43G9
19.48541666666665,57.272916666666674,142.0,35.263989686105155,827.2343912134868,28.0,43G9
19.57708333333332,57.272916666666674,122.0,40.49077895191309,832.555488921633,28.0,43G9
19.66874999999999,57.272916666666674,129.0,44.99396804489418,836.9327843079784,28.0,43G9
19.760416666666657,57.272916666666674,197.0,50.521199884662416,842.2367704600455,28.0,43G9
19.85208333333333,57.272916666666674,216.0,56.145469958256896,847.5380793526828,28.0,43G9
19.943749999999994,57.272916666666674,232.0,60.88709706814386,851.9372885260011,28.0,43G9
20.035416666666663,57.272916666666674,240.0,66.6268315864974,857.6523836782308,28.0,43H0
20.12708333333333,57.272916666666674,241.0,71.44253390711015,862.0654415784867,28.0,43H0
20.21875,57.272916666666674,237.0,70.47182087923507,866.4842249424462,28.0,43H0
20.31041666666667,57.272916666666674,191.0,66.18861778348064,872.4444396957033,28.0,43H0
20.402083333333337,57.272916666666674,151.0,60.64210177997485,877.5067262000862,28.0,43H0
20.49375000000001,57.272916666666674,107.0,55.66760752821669,881.9077386908831,28.0,43H0
20.585416666666674,57.272916666666674,117.0,49.70906905487215,887.2147555125799,28.0,43H0
20.677083333333343,57.272916666666674,72.0,44.75588761031524,892.1066117069103,28.0,43H0
20.76875000000001,57.272916666666674,52.0,38.83318858071202,897.3713858005134,28.0,43H0
20.86041666666665,57.272916666666674,46.0,33.92341024467167,901.7594926173016,28.0,43H0
20.95208333333332,57.272916666666674,44.0,29.049793166671748,906.1660614072698,28.0,43H0
21.04374999999999,57.272916666666674,62.0,23.05102630474674,911.8975625538446,28.0,43H1
21.135416666666657,57.272916666666674,60.0,18.03994285735669,916.3167704600456,28.0,43H1
21.22708333333333,57.272916666666674,33.0,12.026633973063674,921.6180793526828,28.0,43H1
10.685416666666669,57.32291666666666,17.0,9.007725213176768,98.2505400584898,21.0,43G0
10.777083333333335,57.32291666666666,27.0,8.843972285882254,101.02507895774326,21.0,43G0
11.32708333333332,57.32291666666666,41.0,8.006867196169036,124.1413597437811,21.0,43G1
11.418749999999989,57.32291666666666,67.0,13.011155781148496,128.22386953463226,21.0,43G1
11.510416666666655,57.32291666666666,65.0,19.01629548287235,133.16815015592198,21.0,43G1
11.602083333333326,57.32291666666666,63.0,19.80039551242738,138.4602978949394,21.0,43G1
11.693749999999994,57.32291666666666,67.0,15.066439119322096,142.86797146116382,21.0,43G1
11.785416666666665,57.32291666666666,46.0,9.744276880719244,148.12701115069916,21.0,43G1
17.37708333333333,57.32291666666666,60.0,14.044221013576262,739.3053706916862,27.0,43G7
17.46875,57.32291666666666,83.0,20.040866084258163,743.5285821200545,27.0,43G7
17.56041666666667,57.32291666666666,69.0,24.31577637656997,745.5717422882848,27.0,43G7
17.652083333333337,57.32291666666666,99.0,18.400986021428725,748.8009601160576,27.0,43G7
17.743750000000006,57.32291666666666,104.0,13.53475494031918,751.6982963221636,27.0,43G7
19.027083333333337,57.32291666666666,51.0,10.889101156586964,807.8158388246871,28.0,43G9
19.11875000000001,57.32291666666666,77.0,15.444518592717683,812.6794862407334,28.0,43G9
19.210416666666674,57.32291666666666,100.0,19.081406907041,816.9868089919387,28.0,43G9
19.302083333333343,57.32291666666666,120.0,23.82857374016902,821.7027033998784,28.0,43G9
19.39375000000001,57.32291666666666,138.0,28.150852297566537,825.7983213969704,28.0,43G9
19.48541666666665,57.32291666666666,132.0,32.66597504156745,829.8660183441216,28.0,43G9
19.57708333333332,57.32291666666666,92.0,38.24241143313926,835.4017170990533,28.0,43G9
19.66874999999999,57.32291666666666,88.0,42.975724034942566,840.0195488798586,28.0,43G9
19.760416666666657,57.32291666666666,193.0,48.72504350208575,845.0734663611604,28.0,43G9
19.85208333333333,57.32291666666666,213.0,54.52739421515686,850.1564485877142,28.0,43G9
19.943749999999994,57.32291666666666,226.0,59.39198059790638,854.9225756110776,28.0,43G9
20.035416666666663,57.32291666666666,241.0,65.25571847885081,860.323437039252,28.0,43H0
20.12708333333333,57.32291666666666,241.0,70.15914865695352,864.7065912761497,28.0,43H0
20.21875,57.32291666666666,237.0,73.13942379864501,869.1082126803049,28.0,43H0
20.31041666666667,57.32291666666666,220.0,67.13718239949414,874.8526210481198,28.0,43H0
20.402083333333337,57.32291666666666,182.0,61.13583424861599,880.1846696333945,28.0,43H0
20.49375000000001,57.32291666666666,128.0,56.13561053489212,884.564178617527,28.0,43H0
20.585416666666674,57.32291666666666,104.0,50.13680099376082,889.8323716217421,28.0,43H0
20.677083333333343,57.32291666666666,57.0,45.13945000392456,894.6864333878741,28.0,43H0
20.76875000000001,57.32291666666666,52.0,39.14549385084258,899.9946381339189,28.0,43H0
20.86041666666665,57.32291666666666,59.0,34.15404612196243,904.4113708092754,28.0,43H0
20.95208333333332,57.32291666666666,61.0,29.16755496293068,909.4817170990534,28.0,43H0
21.04374999999999,57.32291666666666,66.0,23.194823706989897,914.539775401796,28.0,43H1
21.135416666666657,57.32291666666666,57.0,18.23482609684497,918.9358388246856,28.0,43H1
21.22708333333333,57.32291666666666,49.0,12.3319684348178,924.2364485877142,28.0,43H1
10.685416666666669,57.37291666666667,17.0,9.725778363957902,93.02575316809066,21.0,43G0
10.777083333333335,57.37291666666667,40.0,12.923389687715703,96.43978819569207,21.0,43G0
10.868750000000006,57.37291666666667,11.0,8.94448215925726,100.07455859231992,21.0,43G0
10.960416666666674,57.37291666666667,10.0,7.415089504740124,103.4829728856605,21.0,43G0
11.052083333333345,57.37291666666667,10.0,6.48820331664867,107.74727046742088,21.0,43G1
11.32708333333332,57.37291666666667,41.0,9.744276880717834,120.8553288226028,21.0,43G1
11.418749999999989,57.37291666666667,29.0,14.141713427978296,125.21173357511395,21.0,43G1
11.510416666666655,57.37291666666667,66.0,19.80039551242573,130.45815704249227,21.0,43G1
11.602083333333326,57.37291666666667,58.0,18.99041633707745,135.86077306437903,21.0,43G1
11.693749999999994,57.37291666666667,46.0,13.99294412744852,140.296189203854,21.0,43G1
11.785416666666665,57.37291666666667,32.0,7.995970712284393,145.96520973024752,21.0,43G1
16.82708333333332,57.37291666666667,36.0,10.114565636183414,726.1200246173032,27.0,43G6
17.285416666666663,57.37291666666667,37.0,10.377833041769504,739.9633086409458,27.0,43G7
17.37708333333333,57.37291666666667,55.0,15.253146357419944,743.5265840368179,27.0,43G7
17.46875,57.37291666666667,73.0,21.03161026734726,747.6177081049384,27.0,43G7
17.56041666666667,57.37291666666667,83.0,25.741739118578813,750.5269953315478,27.0,43G7
17.652083333333337,57.37291666666667,86.0,20.25636217271425,753.4402038452572,27.0,43G7
17.743750000000006,57.37291666666667,102.0,15.972631567924855,756.0488013889425,27.0,43G7
17.835416666666674,57.37291666666667,101.0,11.61781534445788,759.4700296143504,27.0,43G7
19.11875000000001,57.37291666666667,60.0,11.651389054591093,815.8574843572572,28.0,43G9
19.210416666666674,57.37291666666667,91.0,15.824982701796962,820.2112894728532,28.0,43G9
19.302083333333343,57.37291666666667,107.0,21.30384013689347,825.0036492890914,28.0,43G9
19.39375000000001,57.37291666666667,126.0,26.042605612302687,828.9902752971041,28.0,43G9
19.48541666666665,57.37291666666667,125.0,30.86160922340984,833.0262954687064,28.0,43G9
19.57708333333332,57.37291666666667,72.0,36.70581324273041,838.1691714654546,28.0,43G9
19.66874999999999,57.37291666666667,86.0,41.60798239741586,842.2170023282956,28.0,43G9
19.760416666666657,57.37291666666667,180.0,47.515507688815575,847.5417134279783,28.0,43G9
19.85208333333333,57.37291666666667,198.0,53.44169458326139,853.2832087897189,28.0,43G9
19.943749999999994,57.37291666666667,212.0,58.39033246898854,857.373833736166,28.0,43G9
20.035416666666663,57.37291666666667,233.0,64.33768202077802,862.5009711466645,28.0,43H0
20.12708333333333,57.37291666666667,234.0,69.29957229413682,866.9864391193205,28.0,43H0
20.21875,57.37291666666667,232.0,73.51165679251251,871.8032087897201,28.0,43H0
20.31041666666667,57.37291666666667,225.0,67.55098279696881,877.0521344466499,28.0,43H0
20.402083333333337,57.37291666666667,200.0,61.59847155445911,882.3770578196452,28.0,43H0
20.49375000000001,57.37291666666667,155.0,56.64614820012766,887.0986421287975,28.0,43H0
20.585416666666674,57.37291666666667,92.0,50.71632456771194,892.4858326525559,28.0,43H0
20.677083333333343,57.37291666666667,62.0,45.78934980724088,896.8809231719339,28.0,43H0
20.76875000000001,57.37291666666667,53.0,39.90177562371208,902.1879714611654,28.0,43H0
20.86041666666665,57.37291666666667,59.0,35.025400730128254,906.8493922266518,28.0,43H0
20.95208333333332,57.37291666666667,53.0,30.19032492817126,911.570125699546,28.0,43H0
21.04374999999999,57.37291666666667,68.0,24.477231044355225,916.7258700746746,28.0,43H1
21.135416666666657,57.37291666666667,64.0,19.84750551110108,921.2821526445568,28.0,43H1
21.22708333333333,57.37291666666667,59.0,14.619765385441797,926.8520453473828,28.0,43H1
10.685416666666669,57.42291666666665,23.0,7.227136753056729,88.36770548413526,21.0,43G0
10.777083333333335,57.42291666666665,33.0,13.10455821611989,91.72632106799212,21.0,43G0
10.868750000000006,57.42291666666665,31.0,13.905870494610904,96.02263403741998,21.0,43G0
10.960416666666674,57.42291666666665,11.0,12.69560654547611,99.64123369571976,21.0,43G0
11.052083333333345,57.42291666666665,10.0,12.049520445200226,104.4981107069418,21.0,43G1
11.143750000000011,57.42291666666665,12.0,11.122634257108771,108.53417896282431,21.0,43G1
11.235416666666652,57.42291666666665,18.0,11.300838787637938,113.11626733464416,21.0,43G1
11.32708333333332,57.42291666666665,29.0,13.698481865499648,118.1612336957183,21.0,43G1
11.418749999999989,57.42291666666665,55.0,17.103869534632246,122.54012220056056,21.0,43G1
11.510416666666655,57.42291666666665,63.0,21.77268659665896,128.02043972503293,21.0,43G1
11.602083333333326,57.42291666666665,50.0,17.8661193758078,133.73827056213932,21.0,43G1
11.693749999999994,57.42291666666665,48.0,13.007321813435096,138.44051926673802,21.0,43G1
11.785416666666665,57.42291666666665,33.0,7.0473587037742,144.09119255028006,21.0,43G1
16.91874999999999,57.42291666666665,44.0,11.553374327318116,733.2314158828568,27.0,43G6
17.285416666666663,57.42291666666665,38.0,13.016129764788197,744.2234290389893,27.0,43G7
17.37708333333333,57.42291666666665,61.0,17.152502385303332,747.612713160895,27.0,43G7
17.46875,57.42291666666665,57.0,22.57969997057123,751.6860368354124,27.0,43G7
17.56041666666667,57.42291666666665,77.0,27.28451364348068,755.0768932693857,27.0,43G7
17.652083333333337,57.42291666666665,98.0,23.32167364744621,758.1472150766915,27.0,43G7
17.743750000000006,57.42291666666665,101.0,19.72097202015448,761.1737723761829,27.0,43G7
17.835416666666674,57.42291666666665,104.0,14.998959222555886,764.0866013218606,27.0,43G7
17.927083333333343,57.42291666666665,117.0,10.023146889892873,766.9398758416103,27.0,43G7
19.210416666666674,57.42291666666665,69.0,14.093135308877844,823.2675360383269,28.0,43G9
19.302083333333343,57.42291666666665,86.0,20.0440159883026,828.1371382911378,28.0,43G9
19.39375000000001,57.42291666666665,104.0,25.0164008132662,832.192161449515,28.0,43G9
19.48541666666665,57.42291666666665,115.0,29.994465554646823,836.5348996897992,28.0,43G9
19.57708333333332,57.42291666666665,86.0,35.97231242080146,841.3124958012334,28.0,43G9
19.66874999999999,57.42291666666665,75.0,40.95596646392953,845.3114451309452,28.0,43G9
19.760416666666657,57.42291666666665,156.0,46.93796392819712,850.1816875409661,28.0,43G9
19.85208333333333,57.42291666666665,174.0,52.921146973036926,855.4423558705809,28.0,43G9
19.943749999999994,57.42291666666665,189.0,57.90776535904792,860.119195739243,28.0,43G9
20.035416666666663,57.42291666666665,198.0,63.892255306142246,865.549583281834,28.0,43H0
20.12708333333333,57.42291666666665,217.0,68.8796732767877,869.5433531084514,28.0,43H0
20.21875,57.42291666666665,218.0,73.86732854856392,873.9623558705821,28.0,43H0
20.31041666666667,57.42291666666665,215.0,68.41581325729689,879.614481600037,28.0,43H0
20.402083333333337,57.42291666666665,197.0,62.55403878245806,884.9567017409369,28.0,43H0
20.49375000000001,57.42291666666665,171.0,57.69073011461062,889.3635328130193,28.0,43H0
20.585416666666674,57.42291666666665,97.0,51.88879999328709,895.0207776228827,28.0,43H0
20.677083333333343,57.42291666666665,53.0,47.09155582562342,899.5305414290253,28.0,43H0
20.76875000000001,57.42291666666665,57.0,41.397939910931846,904.7906014362212,28.0,43H0
20.86041666666665,57.42291666666665,56.0,36.72757048631479,909.4762673346444,28.0,43H0
20.95208333333332,57.42291666666665,46.0,32.15620071073175,913.7504499517938,28.0,43H0
21.04374999999999,57.42291666666665,65.0,26.872403305467387,919.3914451309452,28.0,43H1
21.135416666666657,57.42291666666665,70.0,22.741908421534458,923.766723815696,28.0,43H1
21.22708333333333,57.42291666666665,71.0,17.623353108451195,929.1348996897996,28.0,43H1
21.318749999999994,57.42291666666665,37.0,12.543499997848071,934.8071135341282,28.0,43H1
10.685416666666669,57.47291666666666,26.0,7.904066253545313,83.602924630729,21.0,43G0
10.777083333333335,57.47291666666666,32.0,13.483655246795776,87.6530941133022,21.0,43G0
10.868750000000006,57.47291666666666,37.0,19.19893723651429,92.16150739207542,21.0,43G0
10.960416666666674,57.47291666666666,39.0,18.058439922972607,96.68263379301376,21.0,43G0
11.052083333333345,57.47291666666666,34.0,17.415364086301167,101.39062527325768,21.0,43G1
11.143750000000011,57.47291666666666,26.0,16.68395138566599,105.78346018242593,21.0,43G1
11.235416666666652,57.47291666666666,14.0,16.803117027673576,110.17464108617332,21.0,43G1
11.32708333333332,57.47291666666666,32.0,18.49871192194848,115.9798346980336,21.0,43G1
11.418749999999989,57.47291666666666,38.0,21.14126434008625,120.50906612760444,21.0,43G1
11.510416666666655,57.47291666666666,68.0,18.43041447132291,126.13324271378085,21.0,43G1
11.602083333333326,57.47291666666666,54.0,13.602946387739763,131.83827523765527,21.0,43G1
11.693749999999994,57.47291666666666,46.0,10.521116735314788,136.67427826418785,21.0,43G1
11.785416666666665,57.47291666666666,37.0,6.803556727972321,142.15744946495047,21.0,43G1
16.91874999999999,57.47291666666666,50.0,11.065525033512564,738.2747640882625,27.0,43G6
17.010416666666657,57.47291666666666,45.0,12.693890813607757,740.7787119219486,27.0,43G7
17.102083333333326,57.47291666666666,26.0,12.213800532836714,743.5225883026136,27.0,43G7
17.193749999999994,57.47291666666666,70.0,13.929077250187609,746.2458421686467,27.0,43G7
17.285416666666663,57.47291666666666,53.0,17.117134546588545,748.796362811085,27.0,43G7
17.37708333333333,57.47291666666666,74.0,20.43562048218429,751.6799093099773,27.0,43G7
17.46875,57.47291666666666,35.0,25.1585894082285,755.744558059404,27.0,43G7
17.56041666666667,57.47291666666666,77.0,29.44887224123157,759.1530086947337,27.0,43G7
17.652083333333337,57.47291666666666,101.0,26.34163356578175,763.159315690036,27.0,43G7
17.743750000000006,57.47291666666666,109.0,21.45069615180052,765.6352543214826,27.0,43G7
17.835416666666674,57.47291666666666,100.0,15.661464345285117,768.8497749653392,27.0,43G7
17.927083333333343,57.47291666666666,104.0,10.997556158475044,771.5529062167353,27.0,43G7
19.210416666666674,57.47291666666666,62.0,14.4450422470312,826.5250811880162,28.0,43G9
19.302083333333343,57.47291666666666,76.0,20.28614905726864,831.3810388792068,28.0,43G9
19.39375000000001,57.47291666666666,82.0,25.204751393251264,835.5986875089204,28.0,43G9
19.48541666666665,57.47291666666666,99.0,30.14553110442334,839.6134778525637,28.0,43G9
19.57708333333332,57.47291666666666,103.0,36.09090796156791,844.4771296056367,28.0,43G9
19.66874999999999,57.47291666666666,77.0,41.05379185605681,848.5429580822658,28.0,43G9
19.760416666666657,57.47291666666666,142.0,47.01570827582163,853.9135401710353,28.0,43G9
19.85208333333333,57.47291666666666,154.0,52.98241171303309,858.5172985207615,28.0,43G9
19.943749999999994,57.47291666666666,164.0,57.957246729477326,862.4801098290277,28.0,43G9
20.035416666666663,57.47291666666666,178.0,63.929317805586194,867.7337437830083,28.0,43H0
20.12708333333333,57.47291666666666,189.0,68.90748981039677,872.4335401710352,28.0,43H0
20.21875,57.47291666666666,195.0,73.88668587395397,877.0372985207631,28.0,43H0
20.31041666666667,57.47291666666666,200.0,69.7148903822087,881.8601222005605,28.0,43H0
20.402083333333337,57.47291666666666,184.0,63.98045357550654,887.1414956257798,28.0,43H0
20.49375000000001,57.47291666666666,159.0,59.24111305387077,891.9503102190802,28.0,43H0
20.585416666666674,57.47291666666666,112.0,53.61534085636551,897.3395838405883,28.0,43H0
20.677083333333343,57.47291666666666,53.0,48.99408300580421,901.7078710838716,28.0,43H0
20.76875000000001,57.47291666666666,56.0,43.55781079964711,907.1173895103808,28.0,43H0
20.86041666666665,57.47291666666666,53.0,39.15234449000641,911.8777870841506,28.0,43H0
20.95208333333332,57.47291666666666,44.0,34.906200554575314,916.2772216138352,28.0,43H0
21.04374999999999,57.47291666666666,65.0,29.90019672150166,921.562461039618,28.0,43H1
21.135416666666657,57.47291666666666,68.0,25.68073354255773,925.99061908132,28.0,43H1
21.22708333333333,57.47291666666666,68.0,20.21275865087248,931.7085740245803,28.0,43H1
21.318749999999994,57.47291666666666,39.0,15.142958082266963,936.997556158475,28.0,43H1
21.410416666666663,57.47291666666666,26.0,11.545832970822298,941.3994587829573,28.0,43H1
10.59375,57.522916666666674,14.0,6.5898770574838,76.1840085050613,21.0,44G0
10.685416666666669,57.522916666666674,28.0,10.549676372903685,79.51918346404689,21.0,44G0
10.777083333333335,57.522916666666674,31.0,15.796881800807236,84.16184754525037,21.0,44G0
10.868750000000006,57.522916666666674,33.0,21.081243042071087,88.98395729261325,21.0,44G0
10.960416666666674,57.522916666666674,37.0,23.51366767677024,93.35712348507984,21.0,44G0
11.052083333333345,57.522916666666674,40.0,22.79821326276961,98.85221059782172,21.0,44G1
11.143750000000011,57.522916666666674,41.0,22.245268514221788,103.57487769563562,21.0,44G1
11.235416666666652,57.522916666666674,44.0,22.334659629410808,108.22562922095216,21.0,44G1
11.32708333333332,57.522916666666674,45.0,23.63498982405883,114.10621719642332,21.0,44G1
11.418749999999989,57.522916666666674,49.0,21.017452686372888,118.61997088035064,21.0,44G1
11.510416666666655,57.522916666666674,68.0,16.345239104986156,124.35132013769098,21.0,44G1
11.602083333333326,57.522916666666674,48.0,10.617839964015376,130.22959878854607,21.0,44G1
11.693749999999994,57.522916666666674,22.0,6.204357884690761,135.61243398823913,21.0,44G1
17.010416666666657,57.522916666666674,67.0,14.958116911551814,745.844383807404,27.0,44G7
17.102083333333326,57.522916666666674,73.0,17.72349083511088,748.4141614853738,27.0,44G7
17.193749999999994,57.522916666666674,69.0,18.944736706707523,750.8896647771392,27.0,44G7
17.285416666666663,57.522916666666674,96.0,21.8704993281113,753.4285681194773,27.0,44G7
17.37708333333333,57.522916666666674,102.0,24.553558052607155,756.0316502852606,27.0,44G7
17.46875,57.522916666666674,27.0,28.59934726002296,759.8085717687783,27.0,44G7
17.56041666666667,57.522916666666674,55.0,32.43275536995829,763.4011355840327,27.0,44G7
17.652083333333337,57.522916666666674,102.0,26.87590621465285,767.4837681922282,27.0,44G7
17.743750000000006,57.522916666666674,110.0,21.898900007297417,770.350106534589,27.0,44G7
17.835416666666674,57.522916666666674,104.0,15.92648184379136,773.6088473070896,27.0,44G7
17.927083333333343,57.522916666666674,105.0,10.949459976525905,776.1598100995899,27.0,44G7
19.11875000000001,57.522916666666674,46.0,12.897772831458944,827.1057893103768,28.0,44G9
19.210416666666674,57.522916666666674,57.0,16.74987837462564,830.4983318474029,28.0,44G9
19.302083333333343,57.522916666666674,60.0,21.98065978267089,834.7602121225846,28.0,44G9
19.39375000000001,57.522916666666674,82.0,26.58185201438788,838.8418468396038,28.0,44G9
19.48541666666665,57.522916666666674,95.0,31.300066594738333,842.9249782060105,28.0,44G9
19.57708333333332,57.522916666666674,109.0,37.05341894592275,847.7553594116182,28.0,44G9
19.66874999999999,57.522916666666674,69.0,41.896206385320994,851.8382917189521,28.0,44G9
19.760416666666657,57.522916666666674,125.0,47.74553981036512,856.777597063848,28.0,44G9
19.85208333333333,57.522916666666674,141.0,53.62349468183951,861.637429700486,28.0,44G9
19.943749999999994,57.522916666666674,147.0,58.53742738272553,865.6940960642893,28.0,44G9
20.035416666666663,57.522916666666674,162.0,63.64013787099538,870.554944475281,28.0,44H0
20.12708333333333,57.522916666666674,166.0,66.97560330257346,874.8328393131882,28.0,44H0
20.21875,57.522916666666674,175.0,70.50067002479445,879.2273265870423,28.0,44H0
20.31041666666667,57.522916666666674,182.0,71.42452372169056,884.5328476121094,28.0,44H0
20.402083333333337,57.522916666666674,173.0,65.84712380228028,889.8837929727456,28.0,44H0
20.49375000000001,57.522916666666674,138.0,61.25890555683954,894.2721186020628,28.0,44H0
20.585416666666674,57.522916666666674,128.0,55.84458083697808,899.5096763729038,28.0,44H0
20.677083333333343,57.522916666666674,53.0,51.43035265554115,903.9732427137824,28.0,44H0
20.76875000000001,57.522916666666674,53.0,46.28857371198309,909.6762135590544,28.0,44H0
20.86041666666665,57.522916666666674,48.0,42.17527275567499,914.069877057484,28.0,44H0
20.95208333333332,57.522916666666674,47.0,37.88822441940499,918.4651876969768,28.0,44H0
21.04374999999999,57.522916666666674,67.0,32.50024557194144,924.0757986201836,28.0,44H1
21.135416666666657,57.522916666666674,67.0,28.15559788988548,928.7205906644772,28.0,44H1
21.22708333333333,57.522916666666674,61.0,23.28382647978133,933.8956345476098,28.0,44H1
21.318749999999994,57.522916666666674,40.0,18.48937775250887,939.1834601824246,28.0,44H1
21.410416666666663,57.522916666666674,29.0,14.068550172393223,943.8233267973836,28.0,44H1
10.59375,57.57291666666666,16.0,9.687961895315558,71.85756590411502,21.0,44G0
10.685416666666669,57.57291666666666,24.0,13.762155009412272,76.18336310899417,21.0,44G0
10.777083333333335,57.57291666666666,27.0,18.61852851669696,81.1003637503202,21.0,44G0
10.868750000000006,57.57291666666666,28.0,23.67843485854624,86.56616383503098,21.0,44G0
10.960416666666674,57.57291666666666,31.0,27.14925852453717,91.24533963571037,21.0,44G0
11.052083333333345,57.57291666666666,37.0,28.25028554520017,96.9862398886421,21.0,44G1
11.143750000000011,57.57291666666666,44.0,27.80658564277476,101.73439937023818,21.0,44G1
11.235416666666652,57.57291666666666,50.0,26.83222960522482,106.63632765638896,21.0,44G1
11.32708333333332,57.57291666666666,52.0,21.44211205165676,113.10808129139272,21.0,44G1
11.418749999999989,57.57291666666666,52.0,17.237635660395863,118.07828373334178,21.0,44G1
11.510416666666655,57.57291666666666,76.0,12.924140976501928,124.0425230381326,,44G1
17.010416666666657,57.57291666666666,61.0,14.910601408113084,750.8875097566121,27.0,44G7
17.102083333333326,57.57291666666666,73.0,20.874830645260783,753.4246934401567,27.0,44G7
17.193749999999994,57.57291666666666,84.0,24.200069757677607,755.5295608869958,27.0,44G7
17.285416666666663,57.57291666666666,115.0,26.54986652616235,758.5221032773836,27.0,44G7
17.37708333333333,57.57291666666666,148.0,29.15469471166089,761.1737723761844,27.0,44G7
17.46875,57.57291666666666,76.0,32.6304609042403,764.0788950559055,27.0,44G7
17.56041666666667,57.57291666666666,114.0,33.02702723615594,767.4777755969711,27.0,44G7
17.652083333333337,57.57291666666666,100.0,27.106087879944948,771.5386740436752,27.0,44G7
17.743750000000006,57.57291666666666,107.0,22.19079048748424,774.92779967847,27.0,44G7
17.835416666666674,57.57291666666666,106.0,16.338148427026848,778.2599396739937,27.0,44G7
17.927083333333343,57.57291666666666,105.0,11.550646295353552,781.2586610978478,27.0,44G7
19.027083333333337,57.57291666666666,32.0,13.057738412387494,827.5046934401568,28.0,44G9
19.11875000000001,57.57291666666666,41.0,17.3281470638805,831.1621593434971,28.0,44G9
19.210416666666674,57.57291666666666,51.0,20.354704688913728,834.759213391,28.0,44G9
19.302083333333343,57.57291666666666,65.0,24.831980582758828,838.8378518308418,28.0,44G9
19.39375000000001,57.57291666666666,81.0,28.978723243223136,842.2162337505462,28.0,44G9
19.48541666666665,57.57291666666666,98.0,33.35403024688901,846.1220444607933,28.0,44G9
19.57708333333332,57.57291666666666,105.0,38.79708642635818,850.9711889297434,28.0,44G9
19.66874999999999,57.57291666666666,80.0,43.28724002762465,855.3386610978479,28.0,44G9
19.760416666666657,57.57291666666666,121.0,48.407765020135805,860.0777755969712,28.0,44G9
19.85208333333333,57.57291666666666,130.0,52.51147317132386,864.9047501275581,28.0,44G9
19.943749999999994,57.57291666666666,138.0,55.542588886685735,868.9835050825628,28.0,44G9
20.035416666666663,57.57291666666666,148.0,59.51918811363835,873.9519218124586,28.0,44H0
20.12708333333333,57.57291666666666,152.0,63.06821439301353,877.9958496111667,28.0,44H0
20.21875,57.57291666666666,159.0,66.79481338414111,882.0661575434056,28.0,44H0
20.31041666666667,57.57291666666666,166.0,71.46192393563217,887.1048338781509,28.0,44H0
20.402083333333337,57.57291666666666,158.0,68.1178654092188,892.47192181246,28.0,44H0
20.49375000000001,57.57291666666666,153.0,63.699705208374006,896.8472007022326,28.0,44H0
20.585416666666674,57.57291666666666,149.0,58.51909830030467,902.1798542246178,28.0,44H0
20.677083333333343,57.57291666666666,66.0,54.328607971825264,906.5214442811364,28.0,44H0
20.76875000000001,57.57291666666666,53.0,49.26256886708902,911.8678900004586,28.0,44H0
20.86041666666665,57.57291666666666,54.0,44.774378343606486,916.2574284734324,28.0,44H0
20.95208333333332,57.57291666666666,47.0,40.40224428122215,920.92955009831,28.0,44H0
21.04374999999999,57.57291666666666,64.0,35.369458463482225,926.3411280074414,28.0,44H1
21.135416666666657,57.57291666666666,66.0,31.429787055088287,930.8531214389265,28.0,44H1
21.22708333333333,57.57291666666666,57.0,26.32060458491308,936.3252871944196,28.0,44H1
21.318749999999994,57.57291666666666,38.0,21.057961475435068,941.7800155271824,28.0,44H1
21.410416666666663,57.57291666666666,32.0,16.57483191955742,946.5080812913928,28.0,44H1
21.50208333333333,57.57291666666666,22.0,11.88178678997855,950.7225337698438,28.0,44H1
10.685416666666669,57.62291666666667,22.0,11.51191178599255,73.31717755001986,21.0,44G0
10.777083333333335,57.62291666666667,25.0,15.60247585685894,79.12861815190384,21.0,44G0
10.868750000000006,57.62291666666667,26.0,19.73297460097509,85.03743985962674,21.0,44G0
10.960416666666674,57.62291666666667,30.0,23.69137575296244,89.98799044153508,21.0,44G0
11.052083333333345,57.62291666666667,33.0,28.85095024075158,96.57069903921234,21.0,44G1
11.143750000000011,57.62291666666667,38.0,29.943243727477675,101.53407137791332,21.0,44G1
11.235416666666652,57.62291666666667,44.0,25.219180979430927,106.4974403466533,,44G1
11.32708333333332,57.62291666666667,49.0,19.41133226053538,113.10534957951648,,44G1
11.418749999999989,57.62291666666667,66.0,14.642241886919694,118.06872274198516,,44G1
16.91874999999999,57.62291666666667,41.0,10.528803997633032,754.372184445522,27.0,44G6
17.010416666666657,57.62291666666667,65.0,15.904364959548284,756.154429246936,27.0,44G7
17.102083333333326,57.62291666666667,73.0,21.589073759500263,758.4521016397773,27.0,44G7
17.193749999999994,57.62291666666667,98.0,26.41922072683769,760.6782147435168,27.0,44G7
17.285416666666663,57.62291666666667,126.0,31.517114317599848,763.5260809790185,27.0,44G7
17.37708333333333,57.62291666666667,153.0,33.869613161499544,765.6294437876221,27.0,44G7
17.46875,57.62291666666667,106.0,37.05978367965536,768.8343652478483,27.0,44G7
17.56041666666667,57.62291666666667,130.0,34.08035881487968,771.5315604411952,27.0,44G7
17.652083333333337,57.62291666666667,100.0,28.388649959453883,775.5920643956728,27.0,44G7
17.743750000000006,57.62291666666667,105.0,23.74741040704535,779.1982147435181,27.0,44G7
17.835416666666674,57.62291666666667,103.0,18.405248925347745,783.2738571552534,27.0,44G7
17.927083333333343,57.62291666666667,103.0,14.332443743637976,785.8317740205457,27.0,44G7
19.027083333333337,57.62291666666667,32.0,12.177037195230064,832.201796717886,28.0,44G9
19.11875000000001,57.62291666666667,45.0,15.537698823705291,835.5029330287475,28.0,44G9
19.210416666666674,57.62291666666667,51.0,18.295110038907648,838.8338571552534,28.0,44G9
19.302083333333343,57.62291666666667,64.0,22.61576083119219,842.9109959655825,28.0,44G9
19.39375000000001,57.62291666666667,80.0,26.69801593070036,846.2807013069213,28.0,44G9
19.48541666666665,57.62291666666667,96.0,31.03538684615707,849.6720643956727,28.0,44G9
19.57708333333332,57.62291666666667,99.0,36.29320274379821,854.6365958782912,28.0,44G9
19.66874999999999,57.62291666666667,112.0,40.344711180612464,858.4950272041062,28.0,44G9
19.760416666666657,57.62291666666667,117.0,44.55116193093635,863.3043806160094,28.0,44G9
19.85208333333333,57.62291666666667,123.0,48.09217416195348,868.1411598411365,28.0,44G9
19.943749999999994,57.62291666666667,128.0,51.380258379721205,872.5429330287467,28.0,44G9
20.035416666666663,57.62291666666667,135.0,55.64940241586164,877.232737214284,28.0,44H0
20.12708333333333,57.62291666666667,139.0,59.424938428495615,881.3103745747125,28.0,44H0
20.21875,57.62291666666667,147.0,63.36090975148703,885.3336929294875,28.0,44H0
20.31041666666667,57.62291666666667,151.0,68.25669611026751,890.3182147435181,28.0,44H0
20.402083333333337,57.62291666666667,154.0,70.7537848058253,895.1570611932386,28.0,44H0
20.49375000000001,57.62291666666667,113.0,66.51696232310147,899.4888039976331,28.0,44H0
20.585416666666674,57.62291666666667,142.0,61.50336798307762,904.7231449998244,28.0,44H0
20.677083333333343,57.62291666666667,126.0,57.03504570408965,909.4653495795166,28.0,44H0
20.76875000000001,57.62291666666667,47.0,51.78585733294897,914.49804419903,28.0,44H0
20.86041666666665,57.62291666666667,56.0,47.54259948881892,918.8643806160096,28.0,44H0
20.95208333333332,57.62291666666667,50.0,43.45579894241634,923.2431449998228,28.0,44H0
21.04374999999999,57.62291666666667,50.0,38.574467023700855,928.7165958782914,28.0,44H1
21.135416666666657,57.62291666666667,62.0,34.18878363362824,933.1932864600587,28.0,44H1
21.22708333333333,57.62291666666667,50.0,28.707518168329308,938.7091272950128,28.0,44H1
21.318749999999994,57.62291666666667,34.0,23.08229992301176,943.95472400479,28.0,44H1
21.410416666666663,57.62291666666667,28.0,18.446873723939404,948.5978898167332,28.0,44H1
21.50208333333333,57.62291666666667,33.0,14.040721136338128,953.2875272927596,28.0,44H1
10.777083333333335,57.67291666666665,25.0,11.59461849931114,79.03654062724002,21.0,44G0
10.868750000000006,57.67291666666665,27.0,16.60368491435974,84.98438674458784,21.0,44G0
10.960416666666674,57.67291666666665,31.0,21.15033402298716,89.94092078347755,,44G0
11.052083333333345,57.67291666666665,33.0,26.79662908350753,96.5652325916325,,44G1
11.143750000000011,57.67291666666665,37.0,28.87217685181993,101.52177187125592,,44G1
11.235416666666652,57.67291666666665,43.0,23.945159468538307,106.4783077818351,,44G1
11.32708333333332,57.67291666666665,53.0,18.052816354180298,113.10261635571028,,44G1
11.418749999999989,57.67291666666665,87.0,13.179238926048184,118.05915645887728,,44G1
17.010416666666657,57.67291666666665,58.0,15.566928433580166,762.0345987431499,27.0,44G7
17.102083333333326,57.67291666666665,65.0,21.315394628299742,763.5247911817797,27.0,44G7
17.193749999999994,57.67291666666665,95.0,26.172732685815564,765.6275089249982,27.0,44G7
17.285416666666663,57.67291666666665,121.0,32.040486245750394,768.2416594043198,27.0,44G7
17.37708333333333,57.67291666666665,141.0,36.9489883094683,770.8344084818867,27.0,44G7
17.46875,57.67291666666665,126.0,40.54807658291519,773.5864099459984,27.0,44G7
17.56041666666667,57.67291666666665,134.0,35.972394067559286,776.1443166415501,27.0,44G7
17.652083333333337,57.67291666666665,95.0,30.64224245900876,779.9422881857519,27.0,44G7
17.743750000000006,57.67291666666665,99.0,26.40651572591358,783.2698628257548,27.0,44G7
17.835416666666674,57.67291666666665,102.0,21.553039509921103,787.3440057340731,27.0,44G7
17.927083333333343,57.67291666666665,105.0,17.65677586284767,790.4569500070962,27.0,44G7
18.01875000000001,57.67291666666665,90.0,13.555532360383513,793.5956703367824,27.0,44G8
18.11041666666665,57.67291666666665,102.0,10.159919128543804,796.2594704887267,27.0,44G8
19.11875000000001,57.67291666666665,42.0,10.846235425276356,840.231763714047,28.0,44G9
19.210416666666674,57.67291666666665,49.0,14.519067077685436,842.9092315355724,28.0,44G9
19.302083333333343,57.67291666666665,58.0,19.678226755403088,846.9555323603837,28.0,44G9
19.39375000000001,57.67291666666665,77.0,24.04936951404872,850.3446481867167,28.0,44G9
19.48541666666665,57.67291666666665,88.0,28.214271852605048,854.0222881857519,28.0,44G9
19.57708333333332,57.67291666666665,96.0,33.0422615023316,858.0207446251039,28.0,44G9
19.66874999999999,57.67291666666665,91.0,36.67583081928933,861.6105738711962,28.0,44G9
19.760416666666657,57.67291666666665,105.0,40.03144509015146,866.4592130177488,28.0,44G9
19.85208333333333,57.67291666666665,122.0,43.93308139727897,871.3100840688915,28.0,44G9
19.943749999999994,57.67291666666665,122.0,47.50514269013325,875.7329253616925,28.0,44G9
20.035416666666663,57.67291666666665,128.0,52.08679155842748,880.4982015885254,28.0,44H0
20.12708333333333,57.67291666666665,128.0,56.09725803701145,884.4668030379617,28.0,44H0
20.21875,57.67291666666665,136.0,60.245479851129,888.4848747275238,28.0,44H0
20.31041666666667,57.67291666666665,143.0,65.36819868656428,893.7137611055917,28.0,44H0
20.402083333333337,57.67291666666665,145.0,70.61641554915798,898.4640057340731,28.0,44H0
20.49375000000001,57.67291666666665,110.0,69.28218955664687,902.5184632525876,28.0,44H0
20.585416666666674,57.67291666666665,136.0,64.02241366437337,907.3463702294156,28.0,44H0
20.677083333333343,57.67291666666665,136.0,59.74144775085981,911.8579867892566,28.0,44H0
20.76875000000001,57.67291666666665,72.0,54.75951806176575,917.1452505525356,28.0,44H0
20.86041666666665,57.67291666666665,74.0,50.77113611020691,921.5068030379616,28.0,44H0
20.95208333333332,57.67291666666665,32.0,46.43111137318633,925.866370229414,28.0,44H0
21.04374999999999,57.67291666666665,40.0,40.83940851994732,931.292925361691,28.0,44H1
21.135416666666657,57.67291666666665,45.0,36.16664175107768,935.6652505525354,28.0,44H1
21.22708333333333,57.67291666666665,35.0,30.680489390403952,940.8782936510167,28.0,44H1
21.318749999999994,57.67291666666665,20.0,25.407451070659025,946.5026163557104,28.0,44H1
21.410416666666663,57.67291666666665,16.0,21.29079807900557,951.0875988436804,28.0,44H1
21.50208333333333,57.67291666666665,33.0,17.616747258217337,955.4680592478564,28.0,44H1
21.59375,57.67291666666665,22.0,13.55553236038364,960.7544649966228,28.0,44H1
21.68541666666667,57.67291666666665,14.0,10.621669234620152,966.5449627680764,28.0,44H1
10.868750000000006,57.72291666666666,31.0,14.960976018801931,84.96934571037586,,44G0
10.960416666666674,57.72291666666666,34.0,19.88085187007532,89.91904291702511,,44G0
11.052083333333345,57.72291666666666,37.0,25.79917617044994,96.55976312435617,,44G1
11.143750000000011,57.72291666666666,40.0,27.95248865178709,101.50946557028831,,44G1
11.235416666666652,57.72291666666666,45.0,23.05814084187024,106.4591646481089,,44G1
11.32708333333332,57.72291666666666,72.0,17.224970639459727,113.09988162205552,,44G1
11.418749999999989,57.72291666666666,71.0,12.439184642684909,118.0495848913033,,44G1
17.010416666666657,57.72291666666666,52.0,14.8797102577506,766.9953308129298,27.0,44G7
17.102083333333326,57.72291666666666,69.0,20.811777909109534,768.7984363484321,27.0,44G7
17.193749999999994,57.72291666666666,95.0,25.75806276205423,770.6564404947384,27.0,44G7
17.285416666666663,57.72291666666666,117.0,31.695227209569225,773.2112074845271,27.0,44G7
17.37708333333333,57.72291666666666,139.0,36.643625326464345,775.6509876326032,27.0,44G7
17.46875,57.72291666666666,138.0,42.55119534584022,778.2425169480196,27.0,44G7
17.56041666666667,57.72291666666666,124.0,38.57993470782044,781.2538982133007,27.0,44G7
17.652083333333337,57.72291666666666,90.0,33.6724624781703,784.1455750647331,27.0,44G7
17.743750000000006,57.72291666666666,94.0,29.61550774960917,787.3370161252112,27.0,44G7
17.835416666666674,57.72291666666666,99.0,25.080747551149848,791.3874298121581,27.0,44G7
17.927083333333343,57.72291666666666,104.0,21.671264522311493,794.7731226614497,27.0,44G7
18.01875000000001,57.72291666666666,95.0,17.60566096440698,798.4616436776336,27.0,44G8
18.11041666666665,57.72291666666666,101.0,14.012882599829592,801.1111952254861,27.0,44G8
18.20208333333332,57.72291666666666,105.0,10.047283558261464,803.8072585064522,27.0,44G8
19.210416666666674,57.72291666666666,47.0,11.8287468656268,847.6587108313784,28.0,44G9
19.302083333333343,57.72291666666666,53.0,16.996238842841745,851.0056609644083,28.0,44G9
19.39375000000001,57.72291666666666,71.0,20.984499201119785,854.6326017886081,28.0,44G9
19.48541666666665,57.72291666666666,86.0,24.979582972974235,858.0171898870566,28.0,44G9
19.57708333333332,57.72291666666666,95.0,29.40043289856909,862.0733806111957,28.0,44G9
19.66874999999999,57.72291666666666,90.0,32.016225674378624,865.4674298121581,28.0,44G9
19.760416666666657,57.72291666666666,123.0,35.80619153258429,869.7053873883717,28.0,44G9
19.85208333333333,57.72291666666666,126.0,40.115210219228246,874.8130329106295,28.0,44G9
19.943749999999994,57.72291666666666,114.0,43.99320484764011,878.7798067230831,28.0,44G9
20.035416666666663,57.72291666666666,120.0,48.89854139476194,883.6225563444774,28.0,44H0
20.12708333333333,57.72291666666666,136.0,53.144490051636446,887.6596426039009,28.0,44H0
20.21875,57.72291666666666,130.0,57.50031277216674,892.0714295723254,28.0,44H0
20.31041666666667,57.72291666666666,138.0,62.84012316584185,896.8218865183591,28.0,44H0
20.402083333333337,57.72291666666666,135.0,68.27570916005847,901.6432854129592,28.0,44H0
20.49375000000001,57.72291666666666,123.0,71.94598703225931,905.6462341934998,28.0,44H0
20.585416666666674,57.72291666666666,112.0,66.90320446690711,910.8938982133008,28.0,44H0
20.677083333333343,57.72291666666666,134.0,62.82467587453652,914.9272585064522,28.0,44H0
20.76875000000001,57.72291666666666,105.0,57.63414145822608,919.7139650276172,28.0,44H0
20.86041666666665,57.72291666666666,88.0,52.96083099998599,924.0898023687552,28.0,44H0
20.95208333333332,57.72291666666666,22.0,48.34486451720986,928.7126017886068,28.0,44H0
21.04374999999999,57.72291666666666,30.0,42.907460062235074,933.8618865183576,28.0,44H1
21.135416666666657,57.72291666666666,51.0,38.49304996977189,938.2339650276172,28.0,44H1
21.22708333333333,57.72291666666666,37.0,33.398906334323634,943.502025017756,28.0,44H1
21.318749999999994,57.72291666666666,21.0,28.638100905322275,948.8930329106298,28.0,44H1
21.410416666666663,57.72291666666666,45.0,25.063227381784195,953.2677158095096,28.0,44H1
21.50208333333333,57.72291666666666,38.0,21.671264522311493,957.644047058005,28.0,44H1
21.59375,57.72291666666666,18.0,18.110059586844883,963.1983504781564,28.0,44H1
21.68541666666667,57.72291666666666,8.0,16.035568507533632,968.7187809391414,28.0,44H1
21.777083333333337,57.72291666666666,21.0,14.760952006526626,973.0872835582616,28.0,44H1
21.86875000000001,57.72291666666666,24.0,13.90329282138738,978.6036650526852,,44H1
21.960416666666674,57.72291666666666,17.0,13.029344660539012,983.5398816220554,,44H1
22.052083333333343,57.72291666666666,26.0,10.244072870102322,988.5641241569753,,44H2
10.960416666666674,57.772916666666674,42.0,19.972786816459447,89.89715298849296,,44G0
11.052083333333345,57.772916666666674,42.0,25.86166268935646,96.55429064154858,,44G1
11.143750000000011,57.772916666666674,44.0,27.620868679826067,101.49715248438233,,44G1
11.235416666666652,57.772916666666674,51.0,22.73714175990297,106.44001096005304,,44G1
11.32708333333332,57.772916666666674,98.0,16.805723651029673,113.09714538063486,,44G1
11.418749999999989,57.772916666666674,50.0,11.86286809356516,118.04000804655234,,44G1
17.010416666666657,57.772916666666674,57.0,14.321836347826242,772.3467451889462,27.0,44G7
17.102083333333326,57.772916666666674,86.0,20.107080506422044,774.0786572123915,27.0,44G7
17.193749999999994,57.772916666666674,92.0,24.97954548230471,775.6906263757895,27.0,44G7
17.285416666666663,57.772916666666674,109.0,30.85509227204305,778.236715359569,27.0,44G7
17.37708333333333,57.772916666666674,129.0,35.764762989494386,780.5506050211532,27.0,44G7
17.46875,57.772916666666674,150.0,41.66598409082347,783.4886172462114,27.0,44G7
17.56041666666667,57.772916666666674,176.0,41.72534421809017,785.8271938850249,27.0,44G7
17.652083333333337,57.772916666666674,89.0,36.926567366991975,788.8479460536525,27.0,44G7
17.743750000000006,57.772916666666674,86.0,33.212986306795635,791.4940008056151,27.0,44G7
17.835416666666674,57.772916666666674,92.0,29.11109672856868,795.4345768484362,27.0,44G7
17.927083333333343,57.772916666666674,100.0,25.724391083538578,799.070605021153,27.0,44G7
18.01875000000001,57.772916666666674,101.0,21.253972884627736,803.137759726419,27.0,44G8
18.11041666666665,57.772916666666674,101.0,17.02738585905603,805.8589685092338,27.0,44G8
18.20208333333332,57.772916666666674,103.0,12.670360760165178,808.5342559308729,27.0,44G8
19.302083333333343,57.772916666666674,44.0,13.696469213755984,855.7571950517868,28.0,44G9
19.39375000000001,57.772916666666674,57.0,17.867603273700077,858.6977597264188,28.0,44G9
19.48541666666665,57.772916666666674,79.0,21.820283800531865,862.066843297161,28.0,44G9
19.57708333333332,57.772916666666674,92.0,24.624908330023,866.1301642656455,28.0,44G9
19.66874999999999,57.772916666666674,99.0,27.69146376938681,869.5145768484363,28.0,44G9
19.760416666666657,57.772916666666674,135.0,31.99228496973282,873.8523117350716,28.0,44G9
19.85208333333333,57.772916666666674,117.0,36.745075387651255,877.969970699306,28.0,44G9
19.943749999999994,57.772916666666674,101.0,40.9380192906136,882.0283108223219,28.0,44G9
20.035416666666663,57.772916666666674,117.0,46.16228413215697,886.8574236348212,28.0,44H0
20.12708333333333,57.772916666666674,141.0,50.63226933455057,891.143832351698,28.0,44H0
20.21875,57.772916666666674,134.0,55.18069647760129,895.1406415116925,28.0,44H0
20.31041666666667,57.772916666666674,134.0,60.71750656780116,899.9774371978795,28.0,44H0
20.402083333333337,57.772916666666674,128.0,66.31984063979473,904.8172456508464,28.0,44H0
20.49375000000001,57.772916666666674,126.0,71.02731795659408,909.4571453806352,28.0,44H0
20.585416666666674,57.772916666666674,115.0,69.73664979583073,914.0327353298964,28.0,44H0
20.677083333333343,57.772916666666674,129.0,65.1071102067972,917.9774821742496,28.0,44H0
20.76875000000001,57.772916666666674,120.0,59.62128790349438,922.8126747222904,28.0,44H0
20.86041666666665,57.772916666666674,70.0,55.1231995316788,926.8342690576436,28.0,44H0
20.95208333333332,57.772916666666674,43.0,50.71083956755949,931.2801175811214,28.0,44H0
21.04374999999999,57.772916666666674,47.0,45.56422612560531,936.497482174248,28.0,44H1
21.135416666666657,57.772916666666674,63.0,41.43983267782205,940.8474853874296,28.0,44H1
21.22708333333333,57.772916666666674,47.0,36.76326375843824,946.4971453806352,28.0,44H1
21.318749999999994,57.772916666666674,51.0,32.505373869590755,951.51716240775,28.0,44H1
21.410416666666663,57.772916666666674,65.0,29.11109672856868,955.8686148197072,28.0,44H1
21.50208333333333,57.772916666666674,46.0,25.990888627487752,960.232508273918,28.0,44H1
21.59375,57.772916666666674,28.0,23.10957625525318,965.7506050211532,28.0,44H1
21.68541666666667,57.772916666666674,17.0,21.52476595193921,970.8934443044149,28.0,44H1
21.777083333333337,57.772916666666674,21.0,20.08534879461944,975.4739609953476,28.0,44H1
21.86875000000001,57.772916666666674,14.0,17.285866232300286,980.9366544837272,28.0,44H1
21.960416666666674,57.772916666666674,16.0,15.346428695972202,985.6219133419236,,44H1
22.052083333333343,57.772916666666674,20.0,14.960911595093634,990.8844930230566,,44H2
22.14375000000001,57.772916666666674,26.0,13.026745188946206,995.5589598574262,,44H2
22.23541666666665,57.772916666666674,29.0,10.507142759856528,999.9086013701856,,44H2
11.235416666666652,57.82291666666666,59.0,21.23125391503533,106.42084673225392,,44G1
11.32708333333332,57.82291666666666,81.0,15.50815196381304,113.09440763353209,,44G1
11.418749999999989,57.82291666666666,60.0,10.90056784202273,118.03042593191763,,44G1
17.010416666666657,57.82291666666666,57.0,13.637814268209604,777.6124255272415,27.0,44G7
17.102083333333326,57.82291666666666,67.0,19.31038259035509,779.6937723761829,27.0,44G7
17.193749999999994,57.82291666666666,88.0,24.128417128037995,781.2507258412197,27.0,44G7
17.285416666666663,57.82291666666666,101.0,29.959543891479203,783.3408389105621,27.0,44G7
17.37708333333333,57.82291666666666,127.0,34.84164788151197,785.4370487837199,27.0,44G7
17.46875,57.82291666666666,143.0,40.56968722615628,788.343922468022,27.0,44G7
17.56041666666667,57.82291666666666,169.0,45.03334507055419,790.4453498757802,27.0,44G7
17.652083333333337,57.82291666666666,170.0,40.63362378100725,793.5747623867561,27.0,44G7
17.743750000000006,57.82291666666666,114.0,37.225513938228346,796.2327491399307,27.0,44G7
17.835416666666674,57.82291666666666,133.0,33.15730405454404,799.7707258412197,27.0,44G7
17.927083333333343,57.82291666666666,97.0,29.23000061717204,803.13276816862,27.0,44G7
18.01875000000001,57.82291666666666,94.0,24.00556255508256,807.1970600152025,27.0,44G8
18.11041666666665,57.82291666666666,88.0,19.33142945707409,810.5606374035814,27.0,44G8
18.20208333333332,57.82291666666666,112.0,14.584735275301565,813.1688471037801,27.0,44G8
19.302083333333343,57.82291666666666,34.0,10.995875018902584,860.322709281366,28.0,44G9
19.39375000000001,57.82291666666666,42.0,14.750637661142717,862.9235195908614,28.0,44G9
19.48541666666665,57.82291666666666,74.0,16.79511688150404,866.1206374035812,28.0,44G9
19.57708333333332,57.82291666666666,81.0,20.254460398839445,870.185332135994,28.0,44G9
19.66874999999999,57.82291666666666,88.0,23.88413582404089,873.8507258412197,28.0,44G9
19.760416666666657,57.82291666666666,148.0,28.753876826544985,877.8781662417572,28.0,44G9
19.85208333333333,57.82291666666666,136.0,33.95625220773231,881.9330778250194,28.0,44G9
19.943749999999994,57.82291666666666,114.0,38.44862330472067,885.3455728898679,28.0,44G9
20.035416666666663,57.82291666666666,131.0,43.96249801980783,890.3142210593127,28.0,44H0
20.12708333333333,57.82291666666666,143.0,48.62892127764992,894.3778820433889,28.0,44H0
20.21875,57.82291666666666,115.0,53.3421758748625,898.4430388662274,28.0,44H0
20.31041666666667,57.82291666666666,126.0,59.04409345962485,903.2466155078888,28.0,44H0
20.402083333333337,57.82291666666666,120.0,64.78367501580387,908.0683218412656,28.0,44H0
20.49375000000001,57.82291666666666,111.0,69.58870137894468,912.3107365853386,28.0,44H0
20.585416666666674,57.82291666666666,107.0,71.80702409317402,917.143710060078,28.0,44H0
20.677083333333343,57.82291666666666,108.0,67.32642757626374,921.1824412610932,28.0,44H0
20.76875000000001,57.82291666666666,99.0,62.04479557933417,926.0164333764508,28.0,44H0
20.86041666666665,57.82291666666666,85.0,57.74201134497815,930.3631206571916,28.0,44H0
20.95208333333332,57.82291666666666,60.0,53.55191923497841,934.323888745966,28.0,44H0
21.04374999999999,57.82291666666666,65.0,48.7134787154048,939.1576838655396,28.0,44H1
21.135416666666657,57.82291666666666,74.0,44.88496947443408,943.4623819683871,28.0,44H1
21.22708333333333,57.82291666666666,68.0,40.61335104081333,948.8831206571916,28.0,44H1
21.318749999999994,57.82291666666666,72.0,36.54727306441057,954.1511537855712,28.0,44H1
21.410416666666663,57.82291666666666,61.0,33.39097243374189,958.5050348463446,28.0,44H1
21.50208333333333,57.82291666666666,54.0,30.7126238033007,962.8497112985466,28.0,44H1
21.59375,57.82291666666666,34.0,27.039377139255983,968.3137100365744,28.0,44H1
21.68541666666667,57.82291666666666,28.0,21.784313643089124,973.5270381367628,28.0,44H1
21.777083333333337,57.82291666666666,22.0,17.455172954717042,977.8720764761944,28.0,44H1
21.86875000000001,57.82291666666666,11.0,12.83236191599122,983.5344076335324,28.0,44H1
21.960416666666674,57.82291666666666,7.0,10.073176487572203,987.7678382414266,,44H1
22.14375000000001,57.82291666666666,28.0,11.324998255779102,997.7155458493193,,44H2
22.23541666666665,57.82291666666666,29.0,14.183175562835832,1002.2613538534224,,44H2
22.32708333333332,57.82291666666666,30.0,12.605349875780869,1007.9250000459194,,44H2
17.010416666666657,57.87291666666667,52.0,12.815839141455545,783.4013171285559,27.0,44G7
17.102083333333326,57.87291666666667,62.0,18.312092965418344,784.9714642076829,27.0,44G7
17.193749999999994,57.87291666666667,80.0,22.90186101661972,786.4122888433443,27.0,44G7
17.285416666666663,57.87291666666667,103.0,28.55720089953134,788.3407038770858,27.0,44G7
17.37708333333333,57.87291666666667,113.0,33.33739057866894,790.4414872247503,27.0,44G7
17.46875,57.87291666666667,138.0,39.12090723766531,793.031719201343,27.0,44G7
17.56041666666667,57.87291666666667,155.0,43.96608345581105,795.5455725199631,27.0,44G7
17.652083333333337,57.87291666666667,171.0,44.65360355624751,798.4597121852578,27.0,44G7
17.743750000000006,57.87291666666667,163.0,41.26896167407535,801.103502073551,27.0,44G7
17.835416666666674,57.87291666666667,173.0,36.02107297924638,804.3441453391094,27.0,44G7
17.927083333333343,57.87291666666667,127.0,31.31867159155402,807.1904374544188,27.0,44G7
18.01875000000001,57.87291666666667,96.0,25.79096703772424,811.2317810270091,27.0,44G8
18.11041666666665,57.87291666666667,85.0,21.34691877117942,814.6128139987775,27.0,44G8
18.20208333333332,57.87291666666667,98.0,16.991602371919516,818.2891405373953,27.0,44G8
18.29374999999999,57.87291666666667,105.0,11.808521331422016,821.1797795662158,27.0,44G8
19.48541666666665,57.87291666666667,67.0,12.164180774737671,870.3038481941602,28.0,44G9
19.57708333333332,57.87291666666667,75.0,16.611942149598544,874.5001675363477,28.0,44G9
19.66874999999999,57.87291666666667,90.0,20.87924906558652,877.8736216356247,28.0,44G9
19.760416666666657,57.87291666666667,161.0,26.304386649057047,881.9255465879979,28.0,44G9
19.85208333333333,57.87291666666667,187.0,31.90156088949953,885.9846390374984,28.0,44G9
19.943749999999994,57.87291666666667,136.0,36.64051998179662,889.3639966486081,28.0,44G9
20.035416666666663,57.87291666666667,151.0,42.382798610610735,893.70350207355,28.0,44H0
20.12708333333333,57.87291666666667,138.0,47.19928688904755,897.6779760788817,28.0,44H0
20.21875,57.87291666666667,121.0,52.03576999367093,901.6045041904588,28.0,44H0
20.31041666666667,57.87291666666667,104.0,57.85887300557313,906.4267802186772,28.0,44H0
20.402083333333337,57.87291666666667,104.0,63.69758487972088,911.540167536349,28.0,44H0
20.49375000000001,57.87291666666667,101.0,68.57221727092636,915.601831132034,28.0,44H0
20.585416666666674,57.87291666666667,100.0,74.23712954318339,920.4019948175444,28.0,44H0
20.677083333333343,57.87291666666667,103.0,69.91862791137079,924.4627871503512,28.0,44H0
20.76875000000001,57.87291666666667,102.0,64.85576553593906,929.491037784478,28.0,44H0
20.86041666666665,57.87291666666667,85.0,60.758274028058565,933.5170301334372,28.0,44H0
20.95208333333332,57.87291666666667,72.0,56.7968514751777,937.569388210367,28.0,44H0
21.04374999999999,57.87291666666667,75.0,52.26627064735995,942.3895494201888,28.0,44H1
21.135416666666657,57.87291666666667,79.0,48.72286068201386,946.6988746145528,28.0,44H1
21.22708333333333,57.87291666666667,77.0,44.65360355624751,951.503235541974,28.0,44H1
21.318749999999994,57.87291666666667,71.0,40.2656701835703,956.7137576638456,28.0,44H1
21.410416666666663,57.87291666666667,61.0,35.46319797141888,961.0747251276103,28.0,44H1
21.50208333333333,57.87291666666667,61.0,30.699233649419945,965.7466120735272,28.0,44H1
21.59375,57.87291666666667,42.0,25.06424311612176,970.8765537620324,28.0,44H1
21.68541666666667,57.87291666666667,33.0,19.5265124905926,976.1194396911924,28.0,44H1
21.777083333333337,57.87291666666667,14.0,14.871100600113396,980.4825515014144,28.0,44H1
22.23541666666665,57.87291666666667,22.0,10.207620535192891,1004.9062583558592,,44H2
22.32708333333332,57.87291666666667,27.0,13.508294157119934,1010.0945126669278,,44H2
22.41874999999999,57.87291666666667,30.0,15.527024705028058,1014.4538912740418,,44H2
17.010416666666657,57.92291666666665,55.0,10.984144058612268,788.9626342571088,27.0,44G7
17.102083333333326,57.92291666666665,66.0,16.834366773757957,790.2472465820179,27.0,44G7
17.193749999999994,57.92291666666665,80.0,21.73235847593792,791.7214637678712,27.0,44G7
17.285416666666663,57.92291666666665,115.0,27.62081266502776,793.4686068440271,27.0,44G7
17.37708333333333,57.92291666666665,101.0,32.532535088442565,795.4626126253064,27.0,44G7
17.46875,57.92291666666665,115.0,38.42976702108251,798.2137723761829,27.0,44G7
17.56041666666667,57.92291666666665,147.0,43.34580042776879,800.5583523213826,27.0,44G7
17.652083333333337,57.92291666666665,138.0,48.03239519586323,803.175903363598,27.0,44G7
17.743750000000006,57.92291666666665,161.0,43.40355103715354,805.8435852358488,27.0,44G7
17.835416666666674,57.92291666666665,177.0,37.94984967447192,808.9576266261649,27.0,44G7
17.927083333333343,57.92291666666665,145.0,33.52570019065749,811.5460251330167,27.0,44G7
18.01875000000001,57.92291666666665,94.0,28.30437832604448,815.2719237683064,27.0,44G8
18.11041666666665,57.92291666666665,99.0,23.95584315116425,818.9371732593701,27.0,44G8
18.20208333333332,57.92291666666665,88.0,19.85059426733824,822.3090780679288,27.0,44G8
18.29374999999999,57.92291666666665,100.0,15.534117988786548,825.8746724248748,27.0,44G8
18.385416666666657,57.92291666666665,99.0,12.31112239168302,828.5149718526671,27.0,44G8
19.57708333333332,57.92291666666665,60.0,14.26627064311694,878.5558424207309,28.0,44G9
19.66874999999999,57.92291666666665,116.0,19.060179908288426,881.9180167307418,28.0,44G9
19.760416666666657,57.92291666666665,188.0,24.877947480972924,885.9741179887866,28.0,44G9
19.85208333333333,57.92291666666665,195.0,30.72862077638536,890.033861857241,28.0,44G9
19.943749999999994,57.92291666666665,145.0,35.617616918654534,893.700939215817,28.0,44G9
20.035416666666663,57.92291666666665,158.0,41.49406745641156,897.7374441497624,28.0,44H0
20.12708333333333,57.92291666666665,133.0,46.396430817340914,901.1289151550924,28.0,44H0
20.21875,57.92291666666665,125.0,51.30214575496312,904.773956055986,28.0,44H0
20.31041666666667,57.92291666666665,105.0,57.19220438863804,909.656394640123,28.0,44H0
20.402083333333337,57.92291666666665,105.0,63.08482048289064,914.4562704612086,28.0,44H0
20.49375000000001,57.92291666666665,99.0,67.99679964263078,918.7928255672036,28.0,44H0
20.585416666666674,57.92291666666665,94.0,73.89252609445676,923.6027209099638,28.0,44H0
20.677083333333343,57.92291666666665,99.0,72.84391419983983,927.968927630621,28.0,44H0
20.76875000000001,57.92291666666665,101.0,68.00616858476646,932.5304233018824,28.0,44H0
20.86041666666665,57.92291666666665,82.0,64.11591918330191,936.8224523665906,28.0,44H0
20.95208333333332,57.92291666666665,82.0,60.3805606207332,940.8012492803846,28.0,44H0
21.04374999999999,57.92291666666665,85.0,56.14604900527621,945.6152354866,28.0,44H1
21.135416666666657,57.92291666666665,80.0,51.249435232600014,949.780887692344,28.0,44H1
21.22708333333333,57.92291666666665,75.0,45.35464587106844,954.5235835169508,28.0,44H1
21.318749999999994,57.92291666666665,69.0,39.46277082757294,959.5465035455234,28.0,44H1
21.410416666666663,57.92291666666665,61.0,34.55618814695811,963.6681337958414,28.0,44H1
21.50208333333333,57.92291666666665,58.0,29.65422230103064,968.300887692344,28.0,44H1
21.59375,57.92291666666665,50.0,23.781991376216865,973.5061450778574,28.0,44H1
21.68541666666667,57.92291666666665,39.0,17.931081370474384,978.7018346322344,28.0,44H1
21.777083333333337,57.92291666666665,21.0,13.09226670876877,983.5289276306212,28.0,44H1
22.41874999999999,57.92291666666665,24.0,13.945951873683429,1016.7946819835032,,44H2
17.010416666666657,57.97291666666666,56.0,11.43667735469044,794.5239513856646,27.0,44G7
17.102083333333326,57.97291666666666,57.0,17.12645365841115,795.5400771434397,27.0,44G7
17.193749999999994,57.97291666666666,100.0,21.953401338103507,797.0212739872674,27.0,44G7
17.285416666666663,57.97291666666666,96.0,27.787784588692706,799.1406585642787,27.0,44G7
17.37708333333333,57.97291666666666,87.0,32.66811945993911,800.5570666063011,27.0,44G7
17.46875,57.97291666666666,114.0,38.45759629829448,803.1400411510087,27.0,44G7
17.56041666666667,57.97291666666666,139.0,42.5505962513666,805.2588911398977,27.0,44G7
17.652083333333337,57.97291666666666,136.0,47.2539359223416,808.1591381860773,27.0,44G7
17.743750000000006,57.97291666666666,157.0,45.69223081681207,810.58024892144,27.0,44G7
17.835416666666674,57.97291666666666,172.0,40.46630183754767,813.6374258217588,27.0,44G7
17.927083333333343,57.97291666666666,189.0,36.11333026661188,816.733772376183,27.0,44G7
18.01875000000001,57.97291666666666,119.0,31.086308045647147,819.6183771363,27.0,44G8
18.11041666666665,57.97291666666666,79.0,27.17050425296708,822.989854342431,27.0,44G8
18.20208333333332,57.97291666666666,109.0,23.635784763719112,826.3504882789332,27.0,44G8
18.29374999999999,57.97291666666666,87.0,19.697885427662268,830.4035986702355,27.0,44G8
18.385416666666657,57.97291666666666,106.0,17.19968829717659,833.2460557481927,27.0,44G8
18.47708333333333,57.97291666666666,97.0,12.820994774683022,836.8059717224581,27.0,44G8
19.57708333333332,57.97291666666666,64.0,13.796062461829235,883.0337680936772,28.0,44G9
19.66874999999999,57.97291666666666,137.0,18.70389595403601,885.9635986702357,28.0,44G9
19.760416666666657,57.97291666666666,185.0,24.597605250800207,890.0203498730721,28.0,44G9
19.85208333333333,57.97291666666666,197.0,30.493432383559444,894.3659048435413,28.0,44G9
19.943749999999994,57.97291666666666,175.0,35.40746903650667,897.731907330263,28.0,44G9
20.035416666666663,57.97291666666666,151.0,41.30490964350783,901.780994774682,28.0,44H0
20.12708333333333,57.97291666666666,133.0,46.21976422371853,905.1614578402404,28.0,44H0
20.21875,57.97291666666666,125.0,51.13481392191089,908.5403498730732,28.0,44H0
20.31041666666667,57.97291666666666,106.0,57.03305106311727,912.8859048435412,28.0,44H0
20.402083333333337,57.97291666666666,103.0,62.93141989356974,917.6805673935144,28.0,44H0
20.49375000000001,57.97291666666666,99.0,67.84679486654255,921.732248166934,28.0,44H0
20.585416666666674,57.97291666666666,96.0,73.74529767048567,926.6077500967016,28.0,44H0
20.677083333333343,57.97291666666666,101.0,75.86975100069596,930.8173007382342,28.0,44H0
20.76875000000001,57.97291666666666,97.0,70.9430109962472,935.6368389399452,28.0,44H0
20.86041666666665,57.97291666666666,92.0,66.84817392000394,939.6666074950462,28.0,44H0
20.95208333333332,57.97291666666666,89.0,61.933952278810445,943.8191607260968,28.0,44H0
21.04374999999999,57.97291666666666,85.0,56.03582250203996,948.8682411870768,28.0,44H1
21.135416666666657,57.97291666666666,78.0,51.12047007864511,952.820004676319,28.0,44H1
21.22708333333333,57.97291666666666,72.0,45.2220216845728,957.6403649872144,28.0,44H1
21.318749999999994,57.97291666666666,66.0,39.32354853701714,962.4633847423576,28.0,44H1
21.410416666666663,57.97291666666666,59.0,34.40813766787824,967.0805757303508,28.0,44H1
21.50208333333333,57.97291666666666,55.0,29.49271371951635,970.8596551949898,28.0,44H1
21.59375,57.97291666666666,49.0,23.594190347728045,976.0896792667828,28.0,44H1
21.68541666666667,57.97291666666666,42.0,17.69565406118595,981.3130190684068,28.0,44H1
21.777083333333337,57.97291666666666,35.0,12.780199619645884,985.908241187077,28.0,44H1
22.41874999999999,57.97291666666666,20.0,12.78019961964607,1019.2077500967014,,44H2
16.96875,58.022916666666674,33.0,10.48968994632006,800.9944309404644,27.0,45G6
17.06458333333333,58.022916666666674,47.0,14.749843548652608,800.9944309404644,27.0,45G7
17.160416666666663,58.022916666666674,60.0,19.936071600625045,802.0074216150297,27.0,45G7
17.256249999999994,58.022916666666674,74.0,24.99633732502824,803.8399147001488,27.0,45G7
17.352083333333326,58.022916666666674,95.0,29.63418430798985,805.581783602291,27.0,45G7
17.447916666666657,58.022916666666674,100.0,33.79510551214753,807.2876343992774,27.0,45G7
17.54374999999999,58.022916666666674,118.0,38.421755066220776,809.7761060722177,27.0,45G7
17.63958333333332,58.022916666666674,131.0,43.34451703195912,812.6412426802084,27.0,45G7
17.73541666666665,58.022916666666674,145.0,47.61182474116182,814.8070696400284,27.0,45G7
17.83125000000001,58.022916666666674,159.0,44.00829528400994,818.2843882226748,27.0,45G7
17.927083333333343,58.022916666666674,176.0,39.11001865227433,821.173993334428,27.0,45G7
18.022916666666674,58.022916666666674,148.0,34.528981744436386,824.3533374420417,27.0,45G8
18.11875000000001,58.022916666666674,94.0,30.36858257862072,827.6924712170178,27.0,45G8
18.214583333333337,58.022916666666674,109.0,27.101579481170592,831.0713799027798,27.0,45G8
18.31041666666667,58.022916666666674,109.0,23.856924977123043,835.4977837886167,27.0,45G8
18.40625,58.022916666666674,78.0,19.58108792395297,839.2981979383354,27.0,45G8
18.50208333333333,58.022916666666674,91.0,16.788259111104797,841.7924189671304,27.0,45G8
18.597916666666663,58.022916666666674,100.0,13.07937186550634,844.9432572139871,27.0,45G8
18.693749999999994,58.022916666666674,104.0,11.165995788193422,848.244522786954,27.0,45G8
18.78958333333333,58.022916666666674,108.0,11.507007194970488,851.6364996887953,27.0,45G8
18.885416666666657,58.022916666666674,111.0,11.1226342571116,855.3243882226748,27.0,45G8
19.55625000000001,58.022916666666674,104.0,14.326210550117429,887.2282591111049,28.0,45G9
19.652083333333337,58.022916666666674,150.0,19.763260384936096,890.8137723761857,28.0,45G9
19.74791666666667,58.022916666666674,176.0,24.4568008851222,893.6958158440691,28.0,45G9
19.84375,58.022916666666674,195.0,30.181206756640925,897.7263717059519,28.0,45G9
19.93958333333333,58.022916666666674,181.0,35.96079046894279,901.7724712170176,28.0,45G9
20.035416666666663,58.022916666666674,156.0,41.77264537660061,905.82400615207,28.0,45H0
20.131249999999994,58.022916666666674,129.0,46.63179949355064,909.5777837886168,28.0,45H0
20.22708333333333,58.022916666666674,123.0,52.47588273879708,913.5558802506664,28.0,45H0
20.322916666666657,58.022916666666674,103.0,58.330188203258494,917.5941755571926,28.0,45H0
20.41874999999999,58.022916666666674,101.0,63.214527889194656,920.9897664280928,28.0,45H0
20.51458333333332,58.022916666666674,103.0,69.08096866451697,925.7341144743464,28.0,45H0
20.61041666666665,58.022916666666674,80.0,74.95184151726075,930.735815844068,28.0,45H0
20.70625000000001,58.022916666666674,100.0,71.3415084987171,935.5856367612917,28.0,45H0
20.802083333333343,58.022916666666674,90.0,66.25889705677102,940.4451748809724,28.0,45H0
20.897916666666674,58.022916666666674,82.0,62.128724291130816,944.4707417001036,28.0,45H0
20.99375000000001,58.022916666666674,80.0,57.32990190271028,949.3328213752652,28.0,45H0
21.089583333333337,58.022916666666674,74.0,52.42190369816128,954.5017170836476,28.0,45H1
21.18541666666667,58.022916666666674,68.0,47.3769725907252,959.290409835506,28.0,45H1
21.28125,58.022916666666674,60.0,42.49185894703128,963.263308561125,28.0,45H1
21.37708333333333,58.022916666666674,54.0,36.63897484141424,968.288055746151,28.0,45H1
21.472916666666663,58.022916666666674,52.0,30.80163380529497,973.0217170836472,28.0,45H1
21.568749999999994,58.022916666666674,48.0,24.99074713187756,978.0406210804562,28.0,45H1
21.66458333333333,58.022916666666674,45.0,20.185055498409465,982.1473619187752,28.0,45H1
21.760416666666657,58.022916666666674,38.0,14.511988778712958,987.7132698232208,28.0,45H1
22.43125000000001,58.022916666666674,15.0,12.100358179551048,1022.943278446744,,45H2
17.06458333333333,58.07291666666666,54.0,12.329332837762268,806.5557480690173,27.0,45G7
17.160416666666663,58.07291666666666,69.0,16.902091446625114,807.2856610311003,27.0,45G7
17.256249999999994,58.07291666666666,77.0,21.672355702691643,809.0333936565497,27.0,45G7
17.352083333333326,58.07291666666666,74.0,26.4652407603604,810.8075841495843,27.0,45G7
17.447916666666657,58.07291666666666,89.0,30.41895207690172,812.3181431104665,27.0,45G7
17.54374999999999,58.07291666666666,113.0,35.47337743838471,814.8023912286876,27.0,45G7
17.63958333333332,58.07291666666666,134.0,40.74694162576412,817.5786287103874,27.0,45G7
17.73541666666665,58.07291666666666,137.0,45.25382762575448,820.2779222083152,27.0,45G7
17.83125000000001,58.07291666666666,161.0,47.15334779449532,822.8580601413171,27.0,45G7
17.927083333333343,58.07291666666666,175.0,42.62476374758964,825.8614163120386,27.0,45G7
18.022916666666674,58.07291666666666,156.0,38.45431819825454,829.0848803733694,27.0,45G8
18.11875000000001,58.07291666666666,95.0,34.508362590475194,832.1447753041081,27.0,45G8
18.214583333333337,58.07291666666666,127.0,31.65674042264557,835.4971416882998,27.0,45G8
18.31041666666667,58.07291666666666,101.0,27.65038488342963,839.4723318924474,27.0,45G8
18.40625,58.07291666666666,106.0,24.063862109366266,843.5076459319137,27.0,45G8
18.50208333333333,58.07291666666666,105.0,21.01092837442908,846.4743217777901,27.0,45G8
18.597916666666663,58.07291666666666,97.0,18.045637308283176,849.6729615353212,27.0,45G8
18.693749999999994,58.07291666666666,98.0,16.71284991492134,852.7614573143167,27.0,45G8
18.78958333333333,58.07291666666666,90.0,16.942263704771833,856.6532553482143,27.0,45G8
18.885416666666657,58.07291666666666,110.0,16.68395138566457,859.3354537532298,27.0,45G8
18.98124999999999,58.07291666666666,111.0,13.490765498502611,863.3754356946042,27.0,45G8
19.07708333333332,58.07291666666666,98.0,10.487846749793924,867.6906573365028,28.0,45G9
19.364583333333343,58.07291666666666,11.0,10.383037922085324,882.5800992283797,28.0,45G9
19.460416666666674,58.07291666666666,93.0,12.8693599213647,888.0203765224443,28.0,45G9
19.55625000000001,58.07291666666666,140.0,17.11165646918716,892.3628053355807,28.0,45G9
19.652083333333337,58.07291666666666,159.0,22.1217604337462,895.2520666816392,28.0,45G9
19.74791666666667,58.07291666666666,155.0,26.466054914890883,897.8513143326358,28.0,45G9
19.84375,58.07291666666666,185.0,31.82428344099159,901.7639492330632,28.0,45G9
19.93958333333333,58.07291666666666,181.0,37.343324690588126,905.8124932026732,28.0,45G9
20.035416666666663,58.07291666666666,165.0,42.96123686937693,910.1786287103862,28.0,45H0
20.131249999999994,58.07291666666666,125.0,47.69316780387775,913.5523318924476,28.0,45H0
20.22708333333333,58.07291666666666,124.0,53.41368944754481,917.5876459319136,28.0,45H0
20.322916666666657,58.07291666666666,113.0,59.167626967799805,921.6330271272552,28.0,45H0
20.41874999999999,58.07291666666666,95.0,63.981590700106565,925.0081200151706,28.0,45H0
20.51458333333332,58.07291666666666,100.0,69.77580397290617,929.4028053355806,28.0,45H0
20.61041666666665,58.07291666666666,71.0,74.16664991077785,933.8027487577206,28.0,45H0
20.70625000000001,58.07291666666666,114.0,68.80125927066369,938.5927628933848,28.0,45H0
20.802083333333343,58.07291666666666,79.0,63.523403124635735,943.3971187412848,28.0,45H0
20.897916666666674,58.07291666666666,68.0,59.208967742283725,947.9228053355816,28.0,45H0
20.99375000000001,58.07291666666666,66.0,54.15942654880645,952.6178801635224,28.0,45H0
21.089583333333337,58.07291666666666,62.0,49.28972730557432,957.4001636881856,28.0,45H1
21.18541666666667,58.07291666666666,57.0,44.54134978330856,962.3003856028243,28.0,45H1
21.28125,58.07291666666666,44.0,40.31708396542134,966.5171040844452,28.0,45H1
21.37708333333333,58.07291666666666,47.0,35.47390745891894,971.3240774792672,28.0,45H1
21.472916666666663,58.07291666666666,44.0,30.986341672247672,976.1354793602364,28.0,45H1
21.568749999999994,58.07291666666666,42.0,26.573855347164702,980.9495410906304,28.0,45H1
21.66458333333333,58.07291666666666,41.0,22.1217604337462,985.589891760198,28.0,45H1
21.760416666666657,58.07291666666666,37.0,17.11165646918716,990.2382819377322,28.0,45H1
21.85624999999999,58.07291666666666,30.0,12.14009922838135,995.4732491876885,28.0,45H1
17.160416666666663,58.12291666666667,28.0,13.880525516854313,812.5982359163243,27.0,45G7
17.256249999999994,58.12291666666667,59.0,18.40503951629423,814.4019789265882,27.0,45G7
17.352083333333326,58.12291666666667,63.0,23.349008619224644,816.7337723761858,27.0,45G7
17.447916666666657,58.12291666666667,85.0,27.74463317342413,817.8280715969202,27.0,45G7
17.54374999999999,58.12291666666667,107.0,33.201592617907245,819.9115006860222,27.0,45G7
17.63958333333332,58.12291666666667,113.0,38.77802399207514,822.4599833358097,27.0,45G7
17.73541666666665,58.12291666666667,129.0,43.48318728189207,824.9438918423008,27.0,45G7
17.83125000000001,58.12291666666667,151.0,49.17644898816265,827.4622050294156,27.0,45G7
17.927083333333343,58.12291666666667,172.0,46.53898885383536,830.5730206729171,27.0,45G7
18.022916666666674,58.12291666666667,187.0,42.543385568017975,833.7561901569356,27.0,45G8
18.11875000000001,58.12291666666667,117.0,38.98811334278008,837.2347328819716,27.0,45G8
18.214583333333337,58.12291666666667,134.0,35.727589149979586,839.690141085819,27.0,45G8
18.31041666666667,58.12291666666667,101.0,31.96546601398812,843.5011176666178,27.0,45G8
18.40625,58.12291666666667,96.0,28.40971757249953,847.5435101049613,27.0,45G8
18.50208333333333,58.12291666666667,97.0,25.64621804051976,850.9170522094439,27.0,45G8
18.597916666666663,58.12291666666667,95.0,23.282537568457915,854.616633435411,27.0,45G8
18.693749999999994,58.12291666666667,101.0,22.266920274976822,857.8163712137946,27.0,45G8
18.78958333333333,58.12291666666667,85.0,22.439382261536444,860.8075283552768,27.0,45G8
18.885416666666657,58.12291666666667,101.0,21.55875466064724,863.6904760191456,27.0,45G8
18.98124999999999,58.12291666666667,112.0,18.06165242207714,867.4120514518589,27.0,45G8
19.07708333333332,58.12291666666667,93.0,15.619974824892482,871.4598266261801,28.0,45G9
19.17291666666665,58.12291666666667,44.0,14.83017900947742,875.8339315795317,28.0,45G9
19.26875000000001,58.12291666666667,27.0,15.119259096406296,880.8643397793581,28.0,45G9
19.364583333333343,58.12291666666667,61.0,15.878724897908528,885.1795584416195,28.0,45G9
19.460416666666674,58.12291666666667,104.0,17.6030081738369,890.9179496484256,28.0,45G9
19.55625000000001,58.12291666666667,144.0,20.901582624462268,895.9083995722916,28.0,45G9
19.652083333333337,58.12291666666667,160.0,25.16275827754603,899.9370015740681,28.0,45G9
19.74791666666667,58.12291666666667,150.0,29.14889918501945,902.5696334589552,28.0,45G9
19.84375,58.12291666666667,169.0,34.248430466672055,905.8340035132876,28.0,45G9
19.93958333333333,58.12291666666667,179.0,39.46802765476243,910.1766334354108,28.0,45G9
20.035416666666663,58.12291666666667,165.0,44.81336268815393,914.2228298142336,28.0,45H0
20.131249999999994,58.12291666666667,142.0,49.36200156376927,917.5811176666176,28.0,45H0
20.22708333333333,58.12291666666667,124.0,54.90155998802262,921.6235101049614,28.0,45H0
20.322916666666657,58.12291666666667,110.0,60.50669462020961,925.6702526098928,28.0,45H0
20.41874999999999,58.12291666666667,88.0,65.21553378303,929.4012230668552,28.0,45H0
20.51458333333332,58.12291666666667,113.0,70.90133637465023,933.4109144971674,28.0,45H0
20.61041666666665,58.12291666666667,84.0,72.1489667434618,937.4479116136772,28.0,45H0
20.70625000000001,58.12291666666667,120.0,66.62934973716207,941.7562225950428,28.0,45H0
20.802083333333343,58.12291666666667,82.0,61.172370631420485,946.686467488038,28.0,45H0
20.897916666666674,58.12291666666667,56.0,56.68580497632605,950.6623195778628,28.0,45H0
20.99375000000001,58.12291666666667,53.0,51.39673871142767,955.7850713954078,28.0,45H0
21.089583333333337,58.12291666666667,52.0,46.24461926361856,960.577036787571,28.0,45H1
21.18541666666667,58.12291666666667,49.0,41.28076762096417,965.7366334354108,28.0,45H1
21.28125,58.12291666666667,40.0,37.34233995260232,969.5406432858211,28.0,45H1
21.37708333333333,58.12291666666667,39.0,32.42040855242256,974.5620857416244,28.0,45H1
21.472916666666663,58.12291666666667,39.0,27.44551355653557,979.359861664872,28.0,45H1
21.568749999999994,58.12291666666667,33.0,22.894499929664,984.2566334354108,28.0,45H1
21.66458333333333,58.12291666666667,29.0,19.57852580018476,988.3028298142344,28.0,45H1
21.760416666666657,58.12291666666667,30.0,15.676815412004352,993.2894016770316,28.0,45H1
21.85624999999999,58.12291666666667,28.0,13.303548410216264,998.1188519938952,28.0,45H1
17.160416666666663,58.17291666666665,37.0,10.403427974118236,818.5875447523701,27.0,45G7
17.256249999999994,58.17291666666665,56.0,15.67350720054574,819.9104314981694,27.0,45G7
17.352083333333326,58.17291666666665,65.0,21.25558095026085,821.6568624116072,27.0,45G7
17.447916666666657,58.17291666666665,94.0,26.00140118789374,823.2647158854306,27.0,45G7
17.54374999999999,58.17291666666665,116.0,31.65730962455262,824.941752888888,27.0,45G7
17.63958333333332,58.17291666666665,117.0,37.298706903554425,827.4583548979641,27.0,45G7
17.73541666666665,58.17291666666665,130.0,42.04527807102052,829.5554944551147,27.0,45G7
17.83125000000001,58.17291666666665,142.0,47.77724096495829,832.5691091481564,27.0,45G7
17.927083333333343,58.17291666666665,163.0,50.592142888266935,835.4958585491939,27.0,45G7
18.022916666666674,58.17291666666665,176.0,46.910930560205706,838.789941427557,27.0,45G8
18.11875000000001,58.17291666666665,141.0,43.12905238990845,841.7847158854307,27.0,45G8
18.214583333333337,58.17291666666665,133.0,39.94004319293833,844.3725888456715,27.0,45G8
18.31041666666667,58.17291666666665,92.0,36.43564146129058,847.589521418229,27.0,45G8
18.40625,58.17291666666665,86.0,32.93976845755585,851.5777464872309,27.0,45G8
18.50208333333333,58.17291666666665,66.0,30.591735839300583,855.3196414221827,27.0,45G8
18.597916666666663,58.17291666666665,95.0,28.642006872591608,859.3263763586081,27.0,45G8
18.693749999999994,58.17291666666665,100.0,27.82388579444279,862.4014286874431,27.0,45G8
18.78958333333333,58.17291666666665,81.0,27.96190167168276,865.5233050016396,27.0,45G8
18.885416666666657,58.17291666666665,103.0,25.89719152760829,868.1764078087051,27.0,45G8
18.98124999999999,58.17291666666665,119.0,23.06618491281648,871.7872361008988,27.0,45G8
19.07708333333332,58.17291666666665,79.0,20.51087784363436,875.829941427557,28.0,45G9
19.17291666666665,58.17291666666665,31.0,18.767210638569264,879.8741414246438,28.0,45G9
19.26875000000001,58.17291666666665,27.0,18.537723761851726,883.9198349796402,28.0,45G9
19.364583333333343,58.17291666666665,70.0,19.1684046313964,887.8022723799808,28.0,45G9
19.460416666666674,58.17291666666665,120.0,21.418331627852425,893.2883816171014,28.0,45G9
19.55625000000001,58.17291666666665,147.0,24.87066149890584,898.5114587238003,28.0,45G9
19.652083333333337,58.17291666666665,154.0,28.89814991806436,903.6841283580744,28.0,45G9
19.74791666666667,58.17291666666665,149.0,32.48081047738878,907.2905095270144,28.0,45G9
19.84375,58.17291666666665,158.0,37.11935073860516,910.8796414221828,28.0,45G9
19.93958333333333,58.17291666666665,177.0,42.06980559306382,914.2178420737064,28.0,45G9
20.035416666666663,58.17291666666665,161.0,47.23419544281256,918.262540047028,28.0,45H0
20.131249999999994,58.17291666666665,146.0,51.57937139635349,921.6139948360018,28.0,45H0
20.22708333333333,58.17291666666665,113.0,56.896357311981625,925.657746487231,28.0,45H0
20.322916666666657,58.17291666666665,105.0,62.31506153742025,930.042206855894,28.0,45H0
20.41874999999999,58.17291666666665,110.0,66.89052422069321,933.406376358608,28.0,45H0
20.51458333333332,58.17291666666665,131.0,72.4374921609085,937.4403890413772,28.0,45H0
20.61041666666665,58.17291666666665,81.0,70.51318306213561,941.4815394106034,28.0,45H0
20.70625000000001,58.17291666666665,119.0,64.86279166349884,945.5263232644654,28.0,45H0
20.802083333333343,58.17291666666665,81.0,59.2515821863301,949.9099414275568,28.0,45H0
20.897916666666674,58.17291666666665,54.0,54.614231260445,953.9541414246436,28.0,45H0
20.99375000000001,58.17291666666665,35.0,49.11070606704158,958.7264320047736,28.0,45H0
21.089583333333337,58.17291666666665,36.0,43.69791862168276,963.5661709915572,28.0,45H1
21.18541666666667,58.17291666666665,37.0,38.41425890427264,968.6650718149292,28.0,45H1
21.28125,58.17291666666665,38.0,34.153166606184165,972.6410005836584,28.0,45H1
21.37708333333333,58.17291666666665,33.0,29.2945849351965,977.4448559173832,28.0,45H1
21.472916666666663,58.17291666666665,32.0,24.623982109226382,982.5307345767804,28.0,45H1
21.568749999999994,58.17291666666665,18.0,19.479191878056703,987.6252380720508,28.0,45H1
21.66458333333333,58.17291666666665,20.0,15.531245285577713,991.5088974677826,28.0,45H1
21.760416666666657,58.17291666666665,18.0,11.500014026966456,996.2841283580748,28.0,45H1
17.256249999999994,58.22291666666666,45.0,14.154913443805873,825.2614829550889,27.0,45G7
17.352083333333326,58.22291666666666,66.0,19.864386017579587,827.0293010363765,27.0,45G7
17.447916666666657,58.22291666666666,121.0,24.674280489734087,828.4330623491245,27.0,45G7
17.54374999999999,58.22291666666666,122.0,30.47507926666358,830.2175269557538,27.0,45G7
17.63958333333332,58.22291666666666,108.0,36.29313346946638,832.4732228296431,27.0,45G7
17.73541666666665,58.22291666666666,126.0,41.14940633679273,834.7462387166463,27.0,45G7
17.83125000000001,58.22291666666666,135.0,46.98306878366816,837.5906485663613,27.0,45G7
17.927083333333343,58.22291666666666,149.0,52.821319454789126,840.196910664018,27.0,45G7
18.022916666666674,58.22291666666666,106.0,51.198399613054974,843.4596153224895,27.0,45G8
18.11875000000001,58.22291666666666,121.0,47.332289495850006,846.4591857285355,27.0,45G8
18.214583333333337,58.22291666666666,118.0,44.45008056628637,849.0791294798412,27.0,45G8
18.31041666666667,58.22291666666666,88.0,40.828762600795656,852.2646397582114,27.0,45G8
18.40625,58.22291666666666,84.0,37.74653595381021,855.9592146406417,27.0,45G8
18.50208333333333,58.22291666666666,70.0,35.71885380012137,859.3218393534493,27.0,45G8
18.597916666666663,58.22291666666666,93.0,34.06624476004232,863.3528680036266,27.0,45G8
18.693749999999994,58.22291666666666,100.0,33.25536727865121,867.0719171681397,27.0,45G8
18.78958333333333,58.22291666666666,105.0,28.05060755076125,870.2416312136536,27.0,45G8
18.885416666666657,58.22291666666666,114.0,23.94085228900997,873.1326436105885,27.0,45G8
18.98124999999999,58.22291666666666,120.0,19.479079675033773,876.5016926348945,27.0,45G8
19.07708333333332,58.22291666666666,71.0,15.662937875401436,879.8671592983496,28.0,45G9
19.17291666666665,58.22291666666666,65.0,13.30173206789605,883.906511016702,28.0,45G9
19.26875000000001,58.22291666666666,17.0,12.976406633295923,887.9349240855253,28.0,45G9
19.364583333333343,58.22291666666666,66.0,13.861248207793416,891.6526436105885,28.0,45G9
19.460416666666674,58.22291666666666,110.0,16.832198460088822,895.8944580420095,28.0,45G9
19.55625000000001,58.22291666666666,126.0,20.82202836955632,901.0598199728474,28.0,45G9
19.652083333333337,58.22291666666666,144.0,25.271211954024427,906.2635750766824,28.0,45G9
19.74791666666667,58.22291666666666,138.0,29.355580972330444,910.9466484367076,28.0,45G9
19.84375,58.22291666666666,149.0,34.52753522115746,915.4535068142098,28.0,45G9
19.93958333333333,58.22291666666666,166.0,39.8861932901989,918.4481781427354,28.0,45G9
20.035416666666663,58.22291666666666,147.0,45.36543216288313,922.288208796193,28.0,45H0
20.131249999999994,58.22291666666666,112.0,49.99499968368911,925.645242515226,28.0,45H0
20.22708333333333,58.22291666666666,57.0,55.60513556676997,930.0392146406406,28.0,45H0
20.322916666666657,58.22291666666666,108.0,61.25940902126975,934.0799241356468,28.0,45H0
20.41874999999999,58.22291666666666,136.0,65.99683054898377,937.4328680036264,28.0,45H0
20.51458333333332,58.22291666666666,136.0,71.70547849895695,941.4710292781812,28.0,45H0
20.61041666666665,58.22291666666666,114.0,69.28635297956117,945.5128221726194,28.0,45H0
20.70625000000001,58.22291666666666,121.0,63.535405603407774,949.9059517656184,28.0,45H0
20.802083333333343,58.22291666666666,76.0,57.8039439250048,953.9471592983508,28.0,45H0
20.897916666666674,58.22291666666666,44.0,53.04717873907634,957.2983930150664,28.0,45H0
20.99375000000001,58.22291666666666,48.0,47.370387213907065,961.8648454524698,28.0,45H0
21.089583333333337,58.22291666666666,59.0,41.74095184527989,967.0538469906508,28.0,45H1
21.18541666666667,58.22291666666666,40.0,36.18099924381396,971.6884811664424,28.0,45H1
21.28125,58.22291666666666,35.0,31.627255475867926,975.888794844942,28.0,45H1
21.37708333333333,58.22291666666666,25.0,26.314462734362348,980.6760485640074,28.0,45H1
21.472916666666663,58.22291666666666,24.0,21.28438611106011,985.5992146406404,28.0,45H1
21.568749999999994,58.22291666666666,23.0,16.79304159486827,990.6452960900758,28.0,45H1
21.66458333333333,58.22291666666666,17.0,12.5388276528883,994.618142045682,28.0,45H1
17.256249999999994,58.272916666666674,39.0,13.680936439904173,830.493517020938,27.0,45G7
17.352083333333326,58.272916666666674,56.0,19.521295426894284,832.2642775180366,27.0,45G7
17.447916666666657,58.272916666666674,87.0,24.3917012104577,833.7722186050029,27.0,45G7
17.54374999999999,58.272916666666674,85.0,30.23804748591788,836.0906490739943,27.0,45G7
17.63958333333332,58.272916666666674,98.0,36.085481734403714,837.5893670973877,27.0,45G7
17.73541666666665,58.272916666666674,121.0,40.95883105774015,839.6843707085391,27.0,45G7
17.83125000000001,58.272916666666674,128.0,46.80721893991164,842.2761802916981,27.0,45G7
17.927083333333343,58.272916666666674,144.0,52.41693415772422,845.188181723991,27.0,45G7
18.022916666666674,58.272916666666674,96.0,55.34280950779559,848.066517464526,27.0,45G8
18.11875000000001,58.272916666666674,112.0,51.79220163823516,851.1573925520803,27.0,45G8
18.214583333333337,58.272916666666674,112.0,48.77724794230416,854.0145768406597,27.0,45G8
18.31041666666667,58.272916666666674,113.0,45.47830202767557,857.3019626069745,27.0,45G8
18.40625,58.272916666666674,94.0,42.73675167783832,860.2995876124647,27.0,45G8
18.50208333333333,58.272916666666674,78.0,40.95943292063707,863.3453485263894,27.0,45G8
18.597916666666663,58.272916666666674,102.0,36.76762694776757,867.3805210905324,27.0,45G8
18.693749999999994,58.272916666666674,111.0,31.250495461806768,871.4193233965299,27.0,45G8
18.78958333333333,58.272916666666674,130.0,25.734936130052365,875.1630215107167,27.0,45G8
18.885416666666657,58.272916666666674,124.0,21.18763688725773,877.8373034976042,27.0,45G8
18.98124999999999,58.272916666666674,107.0,15.98309035406123,880.9150177475284,27.0,45G8
19.07708333333332,58.272916666666674,84.0,11.4140722933979,884.2927832129425,28.0,45G9
19.460416666666674,58.272916666666674,103.0,12.75568912560858,899.7265817332996,28.0,45G9
19.55625000000001,58.272916666666674,121.0,17.29836185577075,903.8959126850148,28.0,45G9
19.652083333333337,58.272916666666674,126.0,22.45042367529472,909.4297004982988,28.0,45G9
19.74791666666667,58.272916666666674,128.0,26.95965480718393,913.6058929312989,28.0,45G9
19.84375,58.272916666666674,137.0,32.50781122050066,918.709230389396,28.0,45G9
19.93958333333333,58.272916666666674,150.0,38.14385146951457,923.1521882541052,28.0,45G9
20.035416666666663,58.272916666666674,97.0,43.833879051812325,926.3822988816372,28.0,45H0
20.131249999999994,58.272916666666674,70.0,48.60312928189065,930.036222803686,28.0,45H0
20.22708333333333,58.272916666666674,63.0,54.34942643452337,934.0739402697792,28.0,45H0
20.322916666666657,58.272916666666674,84.0,60.1141643744614,938.1131512875004,28.0,45H0
20.41874999999999,58.272916666666674,141.0,64.92864824039665,941.4605210905324,28.0,45H0
20.51458333333332,58.272916666666674,143.0,70.71573535899498,945.4993233965298,28.0,45H0
20.61041666666665,58.272916666666674,133.0,68.49045607320451,949.9019626069746,28.0,45H0
20.70625000000001,58.272916666666674,110.0,62.67510123503394,953.9401780470164,28.0,45H0
20.802083333333343,58.272916666666674,106.0,56.8656025535271,957.978430427054,28.0,45H0
20.897916666666674,58.272916666666674,47.0,52.03025306333697,961.3264613171872,28.0,45H0
20.99375000000001,58.272916666666674,79.0,46.23744319649459,965.7306490739942,28.0,45H0
21.089583333333337,58.272916666666674,78.0,40.45938356039054,969.967485819212,28.0,45H1
21.18541666666667,58.272916666666674,50.0,34.70345851246343,974.7569320484962,28.0,45H1
21.28125,58.272916666666674,30.0,29.932989363822195,978.752913447918,28.0,45H1
21.37708333333333,58.272916666666674,14.0,24.26077927207848,984.2506490739942,28.0,45H1
21.472916666666663,58.272916666666674,27.0,18.69483969695992,988.9309720746668,28.0,45H1
21.568749999999994,58.272916666666674,19.0,13.368591575249187,993.6463869648792,28.0,45H1
17.256249999999994,58.32291666666666,42.0,14.633205659038463,836.1806585642772,27.0,45G7
17.352083333333326,58.32291666666666,58.0,20.46633755855957,838.0344309404601,27.0,45G7
17.447916666666657,58.32291666666666,84.0,25.20623089347879,839.2927254984395,27.0,45G7
17.54374999999999,58.32291666666666,81.0,30.89154629720436,841.0668966433077,27.0,45G7
17.63958333333332,58.32291666666666,103.0,36.62734803248944,842.871606954995,27.0,45G7
17.73541666666665,58.32291666666666,105.0,41.43062193884659,844.7007065122201,27.0,45G7
17.83125000000001,58.32291666666666,112.0,44.74574183455927,847.2480353058752,27.0,45G7
17.927083333333343,58.32291666666666,126.0,47.66900134371581,850.1574610416848,27.0,45G7
18.022916666666674,58.32291666666666,122.0,50.06837184161884,852.7266958893787,27.0,45G8
18.11875000000001,58.32291666666666,61.0,51.50558708871021,856.1080863520652,27.0,45G8
18.214583333333337,58.32291666666666,113.0,53.15963530480138,858.7105897871121,27.0,45G8
18.31041666666667,58.32291666666666,160.0,50.31322160346518,861.9753443802916,27.0,45G8
18.40625,58.32291666666666,113.0,46.05763463826655,864.969107055278,27.0,45G8
18.50208333333333,58.32291666666666,113.0,41.2335524894579,867.585249975617,27.0,45G8
18.597916666666663,58.32291666666666,125.0,35.45897933612054,871.4058269821716,27.0,45G8
18.693749999999994,58.32291666666666,148.0,29.70865621963149,875.8179739649096,27.0,45G8
18.78958333333333,58.32291666666666,148.0,24.00003738600485,879.8531976938774,27.0,45G8
18.885416666666657,58.32291666666666,164.0,19.3014480852164,882.5521585951327,27.0,45G8
18.98124999999999,58.32291666666666,147.0,13.815016227745872,885.5805698383333,27.0,45G8
19.55625000000001,58.32291666666666,111.0,15.058757210515935,907.7754321986894,28.0,45G9
19.652083333333337,58.32291666666666,98.0,20.76692508322417,912.2004651334776,28.0,45G9
19.74791666666667,58.32291666666666,99.0,25.568574700431245,916.1085999282004,28.0,45G9
19.84375,58.32291666666666,114.0,31.35635337420896,921.3114012143355,28.0,45G9
19.93958333333333,58.32291666666666,128.0,37.159846577658506,926.4649414869432,28.0,45G9
20.035416666666663,58.32291666666666,105.0,42.97267779513928,931.3779739649096,28.0,45H0
20.131249999999994,58.32291666666666,120.0,47.82137285863019,934.067957175454,28.0,45H0
20.22708333333333,58.32291666666666,106.0,53.64367856490343,938.104176351534,28.0,45H0
20.322916666666657,58.32291666666666,74.0,59.46902582781613,942.1309614443654,28.0,45H0
20.41874999999999,58.32291666666666,139.0,64.32520102507281,945.4858269821704,28.0,45H0
20.51458333333332,58.32291666666666,147.0,70.15417888618907,949.8979739649096,28.0,45H0
20.61041666666665,58.32291666666666,133.0,68.1405941952258,953.9331976938772,28.0,45H0
20.70625000000001,58.32291666666666,107.0,62.301231057509725,957.9699144085844,28.0,45H0
20.802083333333343,58.32291666666666,109.0,56.46195580261976,961.9928062016652,28.0,45H0
20.897916666666674,58.32291666666666,87.0,51.59599249117048,965.728654796795,28.0,45H0
20.99375000000001,58.32291666666666,102.0,45.75701209722059,969.7628825854312,28.0,45H0
21.089583333333337,58.32291666666666,92.0,39.91831739037271,973.7986040996016,28.0,45H1
21.18541666666667,58.32291666666666,72.0,34.080071398125284,977.9629709369128,28.0,45H1
21.28125,58.32291666666666,43.0,29.215415095234384,981.9890202445544,28.0,45H1
21.37708333333333,58.32291666666666,24.0,23.378966876165325,986.9379739649094,28.0,45H1
21.472916666666663,58.32291666666666,23.0,17.544951155989338,991.9425103566213,28.0,45H1
21.568749999999994,58.32291666666666,17.0,11.717024475742628,996.7284266004796,28.0,45H1
17.160416666666663,58.37291666666667,20.0,10.850070620930182,841.7419756928331,27.0,45G7
17.256249999999994,58.37291666666667,55.0,15.970808117628463,841.7419756928331,27.0,45G7
17.352083333333326,58.37291666666667,60.0,21.436356587382296,843.1178510839499,27.0,45G7
17.447916666666657,58.37291666666667,63.0,26.11420360427105,844.6917487594114,27.0,45G7
17.54374999999999,58.37291666666667,78.0,31.801613776341533,846.3956819052938,27.0,45G7
17.63958333333332,58.37291666666667,114.0,35.63429646356326,848.1312425028786,27.0,45G7
17.73541666666665,58.37291666666667,107.0,37.24098706633527,849.7221542573118,27.0,45G7
17.83125000000001,58.37291666666667,113.0,39.86500828034506,852.2473383010391,27.0,45G7
17.927083333333343,58.37291666666667,111.0,43.11598942942965,855.3133211980022,27.0,45G7
18.022916666666674,58.37291666666667,131.0,44.62329525526162,857.8118156987493,27.0,45G8
18.11875000000001,58.37291666666667,141.0,46.22786284795559,860.7886232761439,27.0,45G8
18.214583333333337,58.37291666666667,133.0,48.06132918155589,863.4232495252039,27.0,45G8
18.31041666666667,58.37291666666667,152.0,50.78401995140154,866.577550551826,27.0,45G8
18.40625,58.37291666666667,133.0,45.68829296347997,869.6622740114336,27.0,45G8
18.50208333333333,58.37291666666667,130.0,40.82788270719804,872.5332965809517,27.0,45G8
18.597916666666663,58.37291666666667,150.0,34.995369899538105,875.8139858527371,27.0,45G8
18.693749999999994,58.37291666666667,165.0,29.162837769624545,879.8462182622242,27.0,45G8
18.78958333333333,58.37291666666667,167.0,23.33028953786611,883.8799434567585,27.0,45G8
18.885416666666657,58.37291666666667,160.0,18.46982270139953,887.192338054784,27.0,45G8
18.98124999999999,58.37291666666667,170.0,12.637253313651652,890.8137723761857,27.0,45G8
19.55625000000001,58.37291666666667,95.0,14.612591835647304,912.1979096073968,28.0,45G9
19.652083333333337,58.37291666666667,101.0,20.43744977164236,916.2076574134388,28.0,45G9
19.74791666666667,58.37291666666667,108.0,25.29444614335836,919.5752025953412,28.0,45G9
19.84375,58.37291666666667,128.0,31.124494360034355,923.9591825482532,28.0,45G9
19.93958333333333,58.37291666666667,121.0,36.95553019609496,929.45618845736,28.0,45G9
20.035416666666663,58.37291666666667,117.0,42.78713963039048,934.618655153773,28.0,45H0
20.131249999999994,58.37291666666667,117.0,47.64709265229225,938.5629758535404,28.0,45H0
20.22708333333333,58.37291666666667,127.0,53.47925778573387,942.12090022365,28.0,45H0
20.322916666666657,58.37291666666667,118.0,59.31158682030683,946.613296580951,28.0,45H0
20.41874999999999,58.37291666666667,139.0,64.17194584607437,949.893985852737,28.0,45H0
20.51458333333332,58.37291666666667,143.0,70.00444460832719,953.9262182622228,28.0,45H0
20.61041666666665,58.37291666666667,125.0,68.17893690003602,957.9599434567584,28.0,45H0
20.70625000000001,58.37291666666667,97.0,62.353244383493625,961.9817511962652,28.0,45H0
20.802083333333343,58.37291666666667,104.0,56.52946518840927,966.4333211980022,28.0,45H0
20.897916666666674,58.37291666666667,92.0,51.67825481955467,969.7578973891216,28.0,45H0
20.99375000000001,58.37291666666667,97.0,45.85997911022908,973.7906275168104,28.0,45H0
21.089583333333337,58.37291666666667,98.0,40.04661019719754,977.820997160704,28.0,45H1
21.18541666666667,58.37291666666667,92.0,34.240663496272425,981.8433828128178,28.0,45H1
21.28125,58.37291666666667,83.0,29.41122760284311,985.5902403045573,28.0,45H1
21.37708333333333,58.37291666666667,75.0,23.633925185040315,990.178655153773,28.0,45H1
21.472916666666663,58.37291666666667,27.0,17.894289082489642,994.9165562051776,28.0,45H1
21.568749999999994,58.37291666666667,20.0,12.245420437244206,999.6816865387924,28.0,45H1
17.160416666666663,58.42291666666665,28.0,10.677905721401766,847.303292821386,27.0,45G7
17.256249999999994,58.42291666666665,60.0,16.502210838810054,847.303292821386,27.0,45G7
17.352083333333326,58.42291666666665,35.0,22.326506835011987,848.477948488802,27.0,45G7
17.447916666666657,58.42291666666665,51.0,26.858770041148084,849.8905185151126,27.0,45G7
17.54374999999999,58.42291666666665,66.0,28.99273066327692,851.6703265986218,27.0,45G7
17.63958333333332,58.42291666666665,91.0,30.31748731746396,853.7737723761829,27.0,45G7
17.73541666666665,58.42291666666665,83.0,32.188071462432355,855.3117427591185,27.0,45G7
17.83125000000001,58.42291666666665,99.0,35.186824900538255,857.3943621089655,27.0,45G7
17.927083333333343,58.42291666666665,107.0,38.198267540525904,859.8874500734984,27.0,45G7
18.022916666666674,58.42291666666665,143.0,39.21086009640145,862.8705559034871,27.0,45G8
18.11875000000001,58.42291666666665,109.0,41.02513232071598,865.4917006996843,27.0,45G8
18.214583333333337,58.42291666666665,160.0,43.077745869185854,868.1350748269765,27.0,45G8
18.31041666666667,58.42291666666665,146.0,46.091599626613714,871.2328159701037,27.0,45G8
18.40625,58.42291666666665,151.0,45.79544518232334,874.625527050651,27.0,45G8
18.50208333333333,58.42291666666665,154.0,40.9574540241773,877.2242740736975,27.0,45G8
18.597916666666663,58.42291666666665,170.0,35.15833265500947,880.4910790748988,27.0,45G8
18.693749999999994,58.42291666666665,186.0,29.37023037263155,883.8699738463336,27.0,45G8
18.78958333333333,58.42291666666665,176.0,23.60127320311196,887.8906988668144,27.0,45G8
18.885416666666657,58.42291666666665,155.0,18.821153722554385,891.6446670472419,27.0,45G8
18.98124999999999,58.42291666666665,150.0,13.15843387052178,895.2386100903138,27.0,45G8
19.460416666666674,58.42291666666665,80.0,10.888024436861755,912.1953549416496,28.0,45G9
19.55625000000001,58.42291666666665,97.0,15.951931193791914,916.2021320426564,28.0,45G9
19.652083333333337,58.42291666666665,111.0,21.408789840583307,920.2243418632072,28.0,45G9
19.74791666666667,58.42291666666665,104.0,26.07951580999535,923.5908415319494,28.0,45G9
19.84375,58.42291666666665,126.0,31.758465516812635,928.092657000116,28.0,45G9
19.93958333333333,58.42291666666665,107.0,37.48352429729628,932.1094651413396,28.0,45G9
20.035416666666663,58.42291666666665,112.0,43.23636957790367,937.1933684966364,28.0,45H0
20.131249999999994,58.42291666666665,70.0,48.04442630110322,941.4926692608948,28.0,45H0
20.22708333333333,58.42291666666665,115.0,53.82579880498199,946.6126570001152,28.0,45H0
20.322916666666657,58.42291666666665,120.0,59.61642086726695,950.5675209993976,28.0,45H0
20.41874999999999,58.42291666666665,132.0,64.44719819630816,953.919239775388,28.0,45H0
20.51458333333332,58.42291666666665,134.0,70.24895645874237,957.9499738463336,28.0,45H0
20.61041666666665,58.42291666666665,114.0,68.65832548779406,961.9706988668146,28.0,45H0
20.70625000000001,58.42291666666665,88.0,62.8856337369124,966.4317427591184,28.0,45H0
20.802083333333343,58.42291666666665,97.0,57.12475299207163,970.423702985549,28.0,45H0
20.897916666666674,58.42291666666665,91.0,52.33586609184846,973.7826520115884,28.0,45H0
20.99375000000001,58.42291666666665,93.0,46.60839783858369,977.8119313298548,28.0,45H0
21.089583333333337,58.42291666666665,103.0,40.91019136846069,981.8313362468638,28.0,45H1
21.18541666666667,58.42291666666665,96.0,35.25545358338555,986.2753549416489,28.0,45H1
21.28125,58.42291666666665,88.0,30.59378851617376,989.6159933813382,28.0,45H1
21.37708333333333,58.42291666666665,79.0,25.09892991377192,993.6462300489092,28.0,45H1
21.472916666666663,58.42291666666665,63.0,19.797404278315035,998.0232441428598,28.0,45H1
21.568749999999994,58.42291666666665,52.0,14.36614565769581,1003.1364330114012,28.0,45H1
17.256249999999994,58.47291666666666,25.0,14.998660632620254,852.8646099499432,27.0,45G7
17.352083333333326,58.47291666666666,33.0,20.681507146690844,854.0120177883441,27.0,45G7
17.447916666666657,58.47291666666666,47.0,23.252633029827816,855.6275447523701,27.0,45G7
17.54374999999999,58.47291666666666,89.0,23.49241387586408,857.3921623821298,27.0,45G7
17.63958333333332,58.47291666666666,70.0,25.106840488292296,859.031075995438,27.0,45G7
17.73541666666665,58.47291666666666,76.0,27.33329767170661,860.4847568389782,27.0,45G7
17.83125000000001,58.47291666666666,89.0,30.803614990659792,862.3822176001621,27.0,45G7
17.927083333333343,58.47291666666666,110.0,32.66999549014492,864.910528714752,27.0,45G7
18.022916666666674,58.47291666666666,97.0,33.846729074671366,867.564453074456,27.0,45G8
18.11875000000001,58.47291666666666,133.0,35.92998798609991,870.32506591581,27.0,45G8
18.214583333333337,58.47291666666666,251.0,38.25374890329975,873.1226735882514,27.0,45G8
18.31041666666667,58.47291666666666,159.0,41.61382683985418,875.9121623821304,27.0,45G8
18.40625,58.47291666666666,151.0,45.46604299889436,879.1566080405756,27.0,45G8
18.50208333333333,58.47291666666666,170.0,41.8009167326803,881.9318379786363,27.0,45G8
18.597916666666663,58.47291666666666,189.0,36.14607431142338,885.0885938448848,27.0,45G8
18.693749999999994,58.47291666666666,186.0,30.55439542202738,888.1671690292318,27.0,45G8
18.78958333333333,58.47291666666666,189.0,25.06819975349258,892.3501649785431,27.0,45G8
18.885416666666657,58.47291666666666,157.0,20.63778800905961,895.6679290461733,27.0,45G8
18.98124999999999,58.47291666666666,153.0,15.655157996307208,899.6946776106599,27.0,45G8
19.07708333333332,58.47291666666666,75.0,11.491837978636235,903.1035042997366,28.0,45G9
19.364583333333343,58.47291666666666,67.0,11.291813014670105,912.192801145424,28.0,45G9
19.460416666666674,58.47291666666666,83.0,14.762867909490067,916.1966080405768,28.0,45G9
19.55625000000001,58.47291666666666,82.0,18.901237152109484,920.2158335222556,28.0,45G9
19.652083333333337,58.47291666666666,116.0,23.68205008957613,924.240463176374,28.0,45G9
19.74791666666667,58.47291666666666,140.0,27.97015294937216,928.092017788345,28.0,45G9
19.84375,58.47291666666666,144.0,33.32149636061983,932.043980681756,28.0,45G9
19.93958333333333,58.47291666666666,87.0,38.80945475971803,936.0554597879416,28.0,45G9
20.035416666666663,58.47291666666666,96.0,44.38337028657333,940.1377273932604,28.0,45H0
20.131249999999994,58.47291666666666,50.0,49.07284078800421,944.0838206166208,28.0,45H0
20.22708333333333,58.47291666666666,107.0,54.738078749737376,949.2924927709722,28.0,45H0
20.322916666666657,58.47291666666666,117.0,60.43364669960729,954.403188807086,28.0,45H0
20.41874999999999,58.47291666666666,128.0,65.19738095048332,957.9400056107096,28.0,45H0
20.51458333333332,58.47291666666666,123.0,70.9299902056504,961.9596492521116,28.0,45H0
20.61041666666665,58.47291666666666,105.0,69.5802990948072,966.4301649785432,28.0,45H0
20.70625000000001,58.47291666666666,86.0,63.89939986880948,970.4191718866896,28.0,45H0
20.802083333333343,58.47291666666666,95.0,58.24731113000683,974.4352867434776,28.0,45H0
20.897916666666674,58.47291666666666,90.0,53.56583691369125,977.80286790949,28.0,45H0
20.99375000000001,58.47291666666666,95.0,47.99378343944002,981.8192925429854,28.0,45H0
21.089583333333337,58.47291666666666,100.0,42.490142571632965,986.2728011454252,28.0,45H1
21.18541666666667,58.47291666666666,99.0,37.085399899189234,990.2766080405756,28.0,45H1
21.28125,58.47291666666666,94.0,32.68988432134659,993.6372587423036,28.0,45H1
21.37708333333333,58.47291666666666,86.0,27.154083855507817,997.660785404681,28.0,45H1
21.472916666666663,58.47291666666666,72.0,21.34307079471467,1002.172017788344,28.0,45H1
21.568749999999994,58.47291666666666,74.0,15.535273290319394,1006.1839890337208,28.0,45H1
21.66458333333333,58.47291666666666,63.0,10.701692279921131,1010.1959419732818,28.0,45H1
17.256249999999994,58.522916666666674,34.0,13.846765335963417,859.3350895047402,27.0,46G7
17.352083333333326,58.522916666666674,24.0,16.77440473482129,859.3981201726915,27.0,46G7
17.447916666666657,58.522916666666674,34.0,17.716446300334706,860.7539753730449,27.0,46G7
17.54374999999999,58.522916666666674,95.0,18.02956119773561,862.522256606389,27.0,46G7
17.63958333333332,58.522916666666674,93.0,20.08515099852347,864.315544077357,27.0,46G7
17.73541666666665,58.522916666666674,63.0,22.80356921830449,865.7723902269371,27.0,46G7
17.83125000000001,58.522916666666674,72.0,26.860175630995,867.522785467318,27.0,46G7
17.927083333333343,58.522916666666674,132.0,27.15522153209273,869.9327987941335,27.0,46G7
18.022916666666674,58.522916666666674,80.0,28.55813435963197,872.5313789479225,27.0,46G8
18.11875000000001,58.522916666666674,103.0,30.995531415631326,875.462966851581,27.0,46G8
18.214583333333337,58.522916666666674,184.0,33.658025947146186,877.5493839539793,27.0,46G8
18.31041666666667,58.522916666666674,202.0,37.42782075913651,880.6081268437043,27.0,46G8
18.40625,58.522916666666674,174.0,40.93008265455773,883.8200305805593,27.0,46G8
18.50208333333333,58.522916666666674,191.0,43.19164291292608,886.5307318773118,27.0,46G8
18.597916666666663,58.522916666666674,186.0,37.93184541275899,889.7389504366811,27.0,46G8
18.693749999999994,58.522916666666674,188.0,32.65559358074469,892.9812696429536,27.0,46G8
18.78958333333333,58.522916666666674,176.0,27.59828620196865,896.3346420171325,27.0,46G8
18.885416666666657,58.522916666666674,147.0,23.652845151193176,899.6867043408071,27.0,46G8
18.98124999999999,58.522916666666674,140.0,19.464839512827268,903.7119545329588,27.0,46G8
19.07708333333332,58.522916666666674,82.0,16.310092132328894,907.7272517434138,29.0,46G9
19.17291666666665,58.522916666666674,41.0,14.861854452399529,910.8685878619964,29.0,46G9
19.26875000000001,58.522916666666674,66.0,14.956478283326732,914.1829459329942,29.0,46G9
19.364583333333343,58.522916666666674,73.0,16.3100921323282,916.8652857297828,29.0,46G9
19.460416666666674,58.522916666666674,89.0,19.02927862289593,920.2073270191628,29.0,46G9
19.55625000000001,58.522916666666674,85.0,22.786792050688828,924.2289692098,29.0,46G9
19.652083333333337,58.522916666666674,122.0,26.929519030033266,928.6806804153832,29.0,46G9
19.74791666666667,58.522916666666674,154.0,30.763191301965044,932.040441425856,29.0,46G9
19.84375,58.522916666666674,151.0,35.69173731204371,936.0489432175297,29.0,46G9
19.93958333333333,58.522916666666674,101.0,40.85570666474316,940.0674397894244,29.0,46G9
20.035416666666663,58.522916666666674,79.0,46.1761738226932,944.0902662368352,29.0,46H0
20.131249999999994,58.522916666666674,77.0,50.693942946104976,947.9085878619964,29.0,46H0
20.22708333333333,58.522916666666674,101.0,56.188548281350485,952.246576585697,29.0,46H0
20.322916666666657,58.522916666666674,99.0,61.74292170209129,956.9962172104678,29.0,46H0
20.41874999999999,58.522916666666674,115.0,66.40640041452416,961.27865106141,29.0,46H0
20.51458333333332,58.522916666666674,128.0,72.03516603723551,966.4285878619964,29.0,46H0
20.61041666666665,58.522916666666674,92.0,70.92760059963207,970.4146420171325,29.0,46H0
20.70625000000001,58.522916666666674,89.0,65.37215159720417,974.4277754599232,29.0,46H0
20.802083333333343,58.522916666666674,86.0,59.86748685970785,978.4480105866652,29.0,46H0
20.897916666666674,58.522916666666674,91.0,55.32390010492888,981.807251743414,29.0,46H0
20.99375000000001,58.522916666666674,94.0,49.52809810593169,986.2702482279208,29.0,46H0
21.089583333333337,58.522916666666674,104.0,43.73614147704743,990.2710854266356,29.0,46H1
21.18541666666667,58.522916666666674,97.0,37.94980668203705,994.2873270191632,29.0,46H1
21.28125,58.522916666666674,95.0,33.13429196294977,997.6507318773116,29.0,46H1
21.37708333333333,58.522916666666674,94.0,27.36802294052568,1002.1713789479224,29.0,46H1
21.472916666666663,58.522916666666674,82.0,21.62542068563939,1006.120441425856,29.0,46H1
21.568749999999994,58.522916666666674,75.0,15.932116855949891,1010.1289432175286,29.0,46H1
21.66458333333333,58.522916666666674,43.0,11.279376410934816,1013.490038783344,29.0,46H1
17.352083333333326,58.57291666666666,24.0,12.954378714313265,864.9324755576658,27.0,46G7
17.447916666666657,58.57291666666666,31.0,12.20313446327043,866.1235231496973,27.0,46G7
17.54374999999999,58.57291666666666,100.0,12.652791514813265,867.8478459760739,27.0,46G7
17.63958333333332,58.57291666666666,53.0,15.437927038028306,869.5872662577209,27.0,46G7
17.73541666666665,58.57291666666666,58.0,18.834881654062,871.0802530873929,27.0,46G7
17.83125000000001,58.57291666666666,49.0,21.40537474804476,873.2206585642787,27.0,46G7
17.927083333333343,58.57291666666666,70.0,21.66425619518158,875.1476961983499,27.0,46G7
18.022916666666674,58.57291666666666,75.0,23.396355627436883,877.5476930134895,27.0,46G8
18.11875000000001,58.57291666666666,83.0,26.312321735281618,880.0834201781885,27.0,46G8
18.214583333333337,58.57291666666666,164.0,29.39782994843366,882.5699899084316,27.0,46G8
18.31041666666667,58.57291666666666,196.0,33.564663353110475,885.3094850821966,27.0,46G8
18.40625,58.57291666666666,187.0,35.96378889924937,888.4474355255672,27.0,46G8
18.50208333333333,58.57291666666666,186.0,38.51452878718196,891.0507404811295,27.0,46G8
18.597916666666663,58.57291666666666,183.0,40.409986141434175,894.4277661278799,27.0,46G8
18.693749999999994,58.57291666666666,202.0,35.511414638905585,897.6655642203191,27.0,46G8
18.78958333333333,58.57291666666666,229.0,30.931737487922764,900.6935139824565,27.0,46G8
18.885416666666657,58.57291666666666,150.0,27.474573644844856,903.7009924739234,27.0,46G8
18.98124999999999,58.57291666666666,117.0,23.9694054585637,907.7152138904574,27.0,46G8
19.07708333333332,58.57291666666666,130.0,21.490284863759328,912.1876961983488,29.0,46G9
19.17291666666665,58.57291666666666,27.0,20.41451157663897,915.572753724528,29.0,46G9
19.26875000000001,58.57291666666666,74.0,20.483402728812365,918.7658932011692,29.0,46G9
19.364583333333343,58.57291666666666,70.0,21.4902848637588,921.3043337655588,29.0,46G9
19.460416666666674,58.57291666666666,100.0,23.83567861761487,924.6817105222668,29.0,46G9
19.55625000000001,58.57291666666666,96.0,26.94358562170502,928.6786875353498,29.0,46G9
19.652083333333337,58.57291666666666,142.0,30.81595703410676,932.6979635477068,29.0,46G9
19.74791666666667,58.57291666666666,144.0,34.238495791918744,936.0424282114668,29.0,46G9
19.84375,58.57291666666666,156.0,38.721235903636526,940.057939724472,29.0,46G9
19.93958333333333,58.57291666666666,113.0,43.520794555379965,944.0777785161272,29.0,46G9
20.035416666666663,58.57291666666666,94.0,48.54328034858136,948.5382802858294,29.0,46H0
20.131249999999994,58.57291666666666,83.0,52.85322453601674,951.8901133929628,29.0,46H0
20.22708333333333,58.57291666666666,97.0,58.13693916307945,955.900265893662,29.0,46H0
20.322916666666657,58.57291666666666,95.0,63.51382383161195,960.1462767776,29.0,46H0
20.41874999999999,58.57291666666666,142.0,68.04980495920496,964.1441139498728,29.0,46H0
20.51458333333332,58.57291666666666,145.0,73.54536552260502,969.133036650934,29.0,46H0
20.61041666666665,58.57291666666666,86.0,72.20840320478369,974.1974865036434,29.0,46H0
20.70625000000001,58.57291666666666,85.0,66.45445812628621,978.4375148263003,29.0,46H0
20.802083333333343,58.57291666666666,80.0,60.71041971549192,982.458381951824,29.0,46H0
20.897916666666674,58.57291666666666,83.0,55.9335012312534,986.26769619835,29.0,46H0
20.99375000000001,58.57291666666666,86.0,50.216744027763845,990.2655642203192,29.0,46H0
21.089583333333337,58.57291666666666,94.0,44.52312821003908,994.2788223835558,29.0,46H1
21.18541666666667,58.57291666666666,92.0,38.86284150635972,998.2974775499932,29.0,46H1
21.28125,58.57291666666666,90.0,34.183356489462135,1002.1707404811297,29.0,46H1
21.37708333333333,58.57291666666666,93.0,28.63785134653284,1006.11690324435,29.0,46H1
21.472916666666663,58.57291666666666,86.0,23.22020054971144,1010.122428211467,29.0,46H1
21.568749999999994,58.57291666666666,74.0,18.04594234033868,1014.137939724472,29.0,46H1
21.66458333333333,58.57291666666666,34.0,14.114832263382372,1017.4975583224071,29.0,46H1
21.760416666666657,58.57291666666666,21.0,10.455828575470942,1021.9870114152166,29.0,46H1
17.63958333333332,58.62291666666667,32.0,11.623353263944669,875.1739911833047,27.0,46G7
17.73541666666665,58.62291666666667,43.0,15.854310300220554,876.7109447666166,27.0,46G7
17.83125000000001,58.62291666666667,31.0,15.874395557505125,878.4014100517952,27.0,46G7
17.927083333333343,58.62291666666667,46.0,16.221295429962648,880.1516577025841,27.0,46G7
18.022916666666674,58.62291666666667,66.0,18.46803521445016,882.5672384107912,27.0,46G8
18.11875000000001,58.62291666666667,98.0,22.04109704102957,885.0751782002208,27.0,46G8
18.214583333333337,58.62291666666667,151.0,25.6409514295346,887.3750462280589,27.0,46G8
18.31041666666667,58.62291666666667,211.0,28.40429409409418,890.2982644821807,27.0,46G8
18.40625,58.62291666666667,193.0,31.19892471026757,893.1404173327365,27.0,46G8
18.50208333333333,58.62291666666667,191.0,34.10390135188133,895.731658503514,27.0,46G8
18.597916666666663,58.62291666666667,202.0,37.98670223982371,898.995914792665,27.0,46G8
18.693749999999994,58.62291666666667,212.0,38.77133975089521,902.3328417509704,27.0,46G8
18.78958333333333,58.62291666666667,160.0,34.83870817192643,905.3621917021146,27.0,46G8
18.885416666666657,58.62291666666667,129.0,31.81357624609017,907.972281239204,27.0,46G8
18.98124999999999,58.62291666666667,145.0,28.845124964542787,912.185145065937,27.0,46G8
19.07708333333332,58.62291666666667,143.0,26.823535460650582,916.1800444411416,29.0,46G9
19.17291666666665,58.62291666666667,59.0,25.970874917696904,920.1903196451216,29.0,46G9
19.26875000000001,58.62291666666667,95.0,26.024984660003224,923.3903072124452,29.0,46G9
19.364583333333343,58.62291666666667,74.0,26.823535460650163,925.9684757914672,29.0,46G9
19.460416666666674,58.62291666666667,129.0,28.845124964542787,929.3854356439448,29.0,46G9
19.55625000000001,58.62291666666667,94.0,31.521644999602835,932.6929819071358,29.0,46G9
19.652083333333337,58.62291666666667,150.0,34.91052854883757,936.7107613017416,29.0,46G9
19.74791666666667,58.62291666666667,103.0,38.17333247889398,940.0484417081218,29.0,46G9
19.84375,58.62291666666667,152.0,42.26847657970829,944.065293289007,29.0,46G9
19.93958333333333,58.62291666666667,160.0,46.69888814215441,948.535291377218,29.0,46G9
20.035416666666663,58.62291666666667,84.0,51.40541481483657,952.552075932932,29.0,46H0
20.131249999999994,58.62291666666667,91.0,55.4878921954823,955.8927580710048,29.0,46H0
20.22708333333333,58.62291666666667,112.0,60.535192054434994,959.907021264246,29.0,46H0
20.322916666666657,58.62291666666667,157.0,65.70904021226201,963.9249006784196,29.0,46H0
20.41874999999999,58.62291666666667,134.0,70.0970491512538,967.745145065938,29.0,46H0
20.51458333333332,58.62291666666667,132.0,75.43626741888126,972.4113357447626,29.0,46H0
20.61041666666665,58.62291666666667,103.0,73.08045571687492,977.143386065939,29.0,46H0
20.70625000000001,58.62291666666667,78.0,67.40944931534418,981.902372007204,29.0,46H0
20.802083333333343,58.62291666666667,74.0,61.76274747218862,986.9140537082664,29.0,46H0
20.897916666666674,58.62291666666667,78.0,57.08094380104318,990.2600444411428,29.0,46H0
20.99375000000001,58.62291666666667,79.0,51.50015064414482,994.2703196451216,29.0,46H0
21.089583333333337,58.62291666666667,87.0,45.97415960370379,998.2859882367608,29.0,46H1
21.18541666666667,58.62291666666667,83.0,40.52540985887549,1002.75669495489,29.0,46H1
21.28125,58.62291666666667,84.0,36.069077661739776,1006.113366149922,29.0,46H1
21.37708333333333,58.62291666666667,85.0,30.872325837020824,1010.1159147926652,29.0,46H1
21.472916666666663,58.62291666666667,81.0,25.933624371620045,1014.1284417081204,29.0,46H1
21.568749999999994,58.62291666666667,70.0,21.43212767768135,1018.1452932890072,29.0,46H1
21.66458333333333,58.62291666666667,57.0,18.25072837365236,1021.9854356439448,29.0,46H1
21.760416666666657,58.62291666666667,57.0,15.448002563162474,1025.965586030286,29.0,46H1
21.85624999999999,58.62291666666667,47.0,12.654758940590249,1029.9727580710048,29.0,46H1
21.95208333333332,58.62291666666667,38.0,12.088235679232788,1033.4453232897292,29.0,46H1
22.04791666666665,58.62291666666667,34.0,13.296601696978785,1038.206691264934,29.0,46H2
22.14375000000001,58.62291666666667,38.0,10.04256561125341,1043.2075604088875,29.0,46H2
17.73541666666665,58.67291666666665,44.0,12.0279400672332,881.9333666947908,27.0,46G7
17.83125000000001,58.67291666666665,55.0,10.37589972292785,883.7356988102733,27.0,46G7
17.927083333333343,58.67291666666665,47.0,10.89850188164638,885.5019866562196,27.0,46G7
18.022916666666674,58.67291666666665,91.0,14.02154207685867,887.5860869155883,27.0,46G8
18.11875000000001,58.67291666666665,94.0,18.46992200176194,890.297268358042,27.0,46G8
18.214583333333337,58.67291666666665,112.0,21.19149043540813,892.3438605539258,27.0,46G8
18.31041666666667,58.67291666666665,441.0,23.428137979101223,895.2290312493941,27.0,46G8
18.40625,58.67291666666665,353.0,26.74337374699098,897.8059935619843,27.0,46G8
18.50208333333333,58.67291666666665,267.0,30.026817102653013,900.4290415868064,27.0,46G8
18.597916666666663,58.67291666666665,275.0,32.49775737347018,903.5907115602351,27.0,46G8
18.693749999999994,58.67291666666665,239.0,33.33728207748587,906.955423507089,27.0,46G8
18.78958333333333,58.67291666666665,135.0,35.11365216322874,910.1547026807428,27.0,46G8
18.885416666666657,58.67291666666665,141.0,36.48576974033838,912.830069056655,27.0,46G8
18.98124999999999,58.67291666666665,133.0,33.9323810807443,916.174526108648,27.0,46G8
19.07708333333332,58.67291666666665,147.0,32.23396095137089,920.1818188335876,29.0,46G9
19.17291666666665,58.67291666666665,50.0,31.52898509305112,924.194501309968,29.0,46G9
19.26875000000001,58.67291666666665,145.0,31.573507252875984,928.0894646776068,29.0,46G9
19.364583333333343,58.67291666666665,158.0,32.23396095137054,930.7025948399212,29.0,46G9
19.460416666666674,58.67291666666665,135.0,33.9323810807443,933.9599026977176,29.0,46G9
19.55625000000001,58.67291666666665,127.0,36.37482314227061,937.2799808332932,29.0,46G9
19.652083333333337,58.67291666666665,146.0,39.34382706196484,940.7190732524882,29.0,46G9
19.74791666666667,58.67291666666665,135.0,42.270505689475705,944.0528105987116,29.0,46G9
19.84375,58.67291666666665,158.0,46.19228771653063,948.532302927236,29.0,46G9
19.93958333333333,58.67291666666665,150.0,50.29282803759266,952.5460988008184,29.0,46G9
20.035416666666663,58.67291666666665,86.0,54.68490509047293,956.5613865175582,29.0,46H0
20.131249999999994,58.67291666666665,91.0,58.53378819748477,959.896529936998,29.0,46H0
20.22708333333333,58.67291666666665,156.0,63.33222168381971,963.9114220911238,29.0,46H0
20.322916666666657,58.67291666666665,195.0,68.2876623118421,968.3900690566552,29.0,46H0
20.41874999999999,58.67291666666665,164.0,72.51393693760095,971.734526108648,29.0,46H0
20.51458333333332,58.67291666666665,132.0,77.68007532645078,975.7418188335888,29.0,46H0
20.61041666666665,58.67291666666665,116.0,74.35930613621802,980.2278989638296,29.0,46H0
20.70625000000001,58.67291666666665,90.0,68.80208573863659,984.9952565005856,29.0,46H0
20.802083333333343,58.67291666666665,82.0,63.28802061310792,989.7484493912638,29.0,46H0
20.897916666666674,58.67291666666665,79.0,58.734714424365045,993.9973324997349,29.0,46H0
20.99375000000001,58.67291666666665,79.0,53.33540014706962,998.2745013099684,29.0,46H0
21.089583333333337,58.67291666666665,72.0,48.02908793925489,1002.7547026807428,29.0,46H1
21.18541666666667,58.67291666666665,80.0,42.85035600840589,1006.7680010281356,29.0,46H1
21.28125,58.67291666666665,79.0,38.66924891091152,1010.1094029840768,29.0,46H1
21.37708333333333,58.67291666666665,77.0,33.88112451197166,1014.1189457734876,29.0,46H1
21.472916666666663,58.67291666666665,70.0,29.45817880095167,1018.1328105987116,29.0,46H1
21.568749999999994,58.67291666666665,64.0,25.590477389766807,1022.612302927235,29.0,46H1
21.66458333333333,58.67291666666665,61.0,22.9957848584387,1025.9610599452294,29.0,46H1
21.760416666666657,58.67291666666665,53.0,20.086257657050865,1029.965252018291,29.0,46H1
21.85624999999999,58.67291666666665,50.0,18.0297584551204,1033.9765299369967,29.0,46H1
21.95208333333332,58.67291666666665,47.0,17.637311642933504,1037.331147193992,29.0,46H1
22.04791666666665,58.67291666666665,44.0,17.697000616426745,1041.8225948399215,29.0,46H2
22.14375000000001,58.67291666666665,40.0,14.854940209598302,1046.1200856487983,29.0,46H2
22.239583333333343,58.67291666666665,30.0,12.392635896794012,1051.2119408296755,29.0,46H2
18.022916666666674,58.72291666666666,72.0,10.67686326775136,892.7905429416471,27.0,46G8
18.11875000000001,58.72291666666666,95.0,14.861256455397516,895.2271188713913,27.0,46G8
18.214583333333337,58.72291666666666,80.0,15.9107707775084,897.3165829307503,27.0,46G8
18.31041666666667,58.72291666666666,78.0,18.78317876610827,899.8841860151218,27.0,46G8
18.40625,58.72291666666666,386.0,22.69120250692634,902.7701438518304,27.0,46G8
18.50208333333333,58.72291666666666,298.0,25.46286878253977,905.1255763084016,27.0,46G8
18.597916666666663,58.72291666666666,286.0,26.948054304910723,908.2312633282392,27.0,46G8
18.693749999999994,58.72291666666666,221.0,27.9533259787874,911.4893149460248,27.0,46G8
18.78958333333333,58.72291666666666,154.0,30.046764855734686,914.8365351539558,27.0,46G8
18.885416666666657,58.72291666666666,139.0,32.47433450891948,917.5028928086964,27.0,46G8
18.98124999999999,58.72291666666666,130.0,36.01972767019659,920.4888917235488,27.0,46G8
19.07708333333332,58.72291666666666,158.0,37.68833898625604,924.183016809568,29.0,46G9
19.17291666666665,58.72291666666666,60.0,37.08805675597731,928.6727107196732,29.0,46G9
19.26875000000001,58.72291666666666,144.0,37.12585875684314,932.6830209275988,29.0,46G9
19.364583333333343,58.72291666666666,136.0,37.68833898625574,935.4017887783788,29.0,46G9
19.460416666666674,58.72291666666666,118.0,39.14879503641695,938.5361473394746,29.0,46G9
19.55625000000001,58.72291666666666,153.0,41.37844217588888,941.6098528618776,29.0,46G9
19.652083333333337,58.72291666666666,131.0,44.03390392573528,944.9952990267756,29.0,46G9
19.74791666666667,58.72291666666666,132.0,46.66370586507604,948.529314946026,29.0,46G9
19.84375,58.72291666666666,154.0,50.25389708916468,952.5401226011742,29.0,46G9
19.93958333333333,58.72291666666666,160.0,54.20794596919865,956.5524218632258,29.0,46G9
20.035416666666663,58.72291666666666,135.0,58.31137611481977,960.5662116302587,29.0,46H0
20.131249999999994,58.72291666666666,126.0,61.9302663097991,963.897946236642,29.0,46H0
20.22708333333333,58.72291666666666,176.0,66.47771186097233,968.3860850289416,29.0,46H0
20.322916666666657,58.72291666666666,187.0,71.20805005689917,972.3973900088464,29.0,46H0
20.41874999999999,58.72291666666666,161.0,75.26486701250668,975.733319978758,29.0,46H0
20.51458333333332,58.72291666666666,160.0,80.24719167507237,979.7430168095684,29.0,46H0
20.61041666666665,58.72291666666666,121.0,76.02442829249675,984.2327107196732,29.0,46H0
20.70625000000001,58.72291666666666,91.0,70.60647590568901,988.2430209275988,29.0,46H0
20.802083333333343,58.72291666666666,95.0,65.2530826510398,992.9686026602488,29.0,46H0
20.897916666666674,58.72291666666666,91.0,60.85354681417912,996.9509949743612,29.0,46H0
20.99375000000001,58.72291666666666,84.0,55.66794012879471,1002.0048730963612,29.0,46H0
21.089583333333337,58.72291666666666,63.0,50.61441253867803,1006.7630209275992,29.0,46H1
21.18541666666667,58.72291666666666,79.0,45.736778935547065,1010.7748231098008,29.0,46H1
21.28125,58.72291666666666,71.0,41.85091641506843,1014.1094519537636,29.0,46H1
21.37708333333333,58.72291666666666,69.0,37.4782178948149,1018.1203304885794,29.0,46H1
21.472916666666663,58.72291666666666,60.0,33.53911133632246,1022.6093149460248,29.0,46H1
21.568749999999994,58.72291666666666,59.0,30.203730625238755,1026.6201226011744,29.0,46H1
21.66458333333333,58.72291666666666,56.0,27.84772019653293,1029.9577477619232,29.0,46H1
21.760416666666657,58.72291666666666,49.0,25.102413409014165,1033.9660408811244,29.0,46H1
21.85624999999999,58.72291666666666,45.0,23.49165692005847,1037.977946236642,29.0,46H1
21.95208333333332,58.72291666666666,35.0,22.15551257695943,1041.8200455295523,29.0,46H1
22.04791666666665,58.72291666666666,34.0,19.21337893328357,1045.8090092424295,29.0,46H2
22.14375000000001,58.72291666666666,32.0,17.715244051804678,1049.813319978758,29.0,46H2
22.239583333333343,58.72291666666666,27.0,13.474105012048506,1054.0310255721442,29.0,46H2
18.214583333333337,58.772916666666674,74.0,10.912491292246852,902.3220754025406,27.0,46G8
18.31041666666667,58.772916666666674,115.0,14.677080606287891,904.854215544726,27.0,46G8
18.40625,58.772916666666674,85.0,18.363299165138752,907.7601659503682,27.0,46G8
18.50208333333333,58.772916666666674,174.0,20.52779432472858,910.150719078459,27.0,46G8
18.597916666666663,58.772916666666674,125.0,21.404380904142165,912.9389866408692,27.0,46G8
18.693749999999994,58.772916666666674,142.0,22.65521919927344,916.163493862092,27.0,46G8
18.78958333333333,58.772916666666674,114.0,25.189362712541968,919.5034586304364,27.0,46G8
18.885416666666657,58.772916666666674,123.0,28.036762605990656,922.10178623876,27.0,46G8
18.98124999999999,58.772916666666674,129.0,32.07100281638614,925.1619376249388,27.0,46G8
19.07708333333332,58.772916666666674,145.0,36.56734660287232,928.6707190784592,29.0,46G9
19.17291666666665,58.772916666666674,141.0,41.37540593591804,932.678041622456,29.0,46G9
19.26875000000001,58.772916666666674,154.0,42.68054487831908,936.6868558990708,29.0,46G9
19.364583333333343,58.772916666666674,149.0,43.17001303444153,940.0199602821842,29.0,46G9
19.460416666666674,58.772916666666674,136.0,44.44891714320195,943.1765756442488,29.0,46G9
19.55625000000001,58.772916666666674,149.0,46.42193321739371,946.6081903960944,29.0,46G9
19.652083333333337,58.772916666666674,115.0,48.90694127355888,949.8621016386718,29.0,46G9
19.74791666666667,58.772916666666674,101.0,51.28414335188546,952.534147354304,29.0,46G9
19.84375,58.772916666666674,146.0,54.566626606114994,956.5434586304376,29.0,46G9
19.93958333333333,58.772916666666674,165.0,58.24274566541548,960.55426017119,29.0,46G9
20.035416666666663,58.772916666666674,199.0,62.21923966737664,965.1281903960936,29.0,46H0
20.131249999999994,58.772916666666674,121.0,65.62291332801793,968.3821016386718,29.0,46H0
20.22708333333333,58.772916666666674,202.0,69.92465294620534,972.3904187934362,29.0,46H0
20.322916666666657,58.772916666666674,196.0,74.42998503478535,976.4002269467554,29.0,46H0
20.41874999999999,58.772916666666674,192.0,78.31464593781043,979.731534775595,29.0,46H0
20.51458333333332,58.772916666666674,154.0,83.10766179553536,984.2307190784592,29.0,46H0
20.61041666666665,58.772916666666674,154.0,78.05110423436156,988.2380416224552,29.0,46H0
20.70625000000001,58.772916666666674,118.0,72.79200622660595,992.246855899072,29.0,46H0
20.802083333333343,58.772916666666674,124.0,67.61960294414251,996.2571608072614,29.0,46H0
20.897916666666674,58.772916666666674,97.0,63.390824172550666,1000.02684780105,29.0,46H0
20.99375000000001,58.772916666666674,83.0,58.43825343361606,1004.8255957853756,29.0,46H0
21.089583333333337,58.772916666666674,87.0,53.65351578732516,1009.5734311251788,29.0,46H1
21.18541666666667,58.772916666666674,76.0,49.085727623046,1014.6187541532776,29.0,46H1
21.28125,58.772916666666674,59.0,45.49223608164564,1018.107853002018,29.0,46H1
21.37708333333333,58.772916666666674,74.0,41.51095226217591,1022.606327443744,29.0,46H1
21.472916666666663,58.772916666666674,53.0,37.0536788802034,1026.614147354304,29.0,46H1
21.568749999999994,58.772916666666674,58.0,32.108525545938825,1030.6234586304363,29.0,46H1
21.66458333333333,58.772916666666674,48.0,28.222491608353188,1033.9555541332663,29.0,46H1
21.760416666666657,58.772916666666674,50.0,23.99689916404722,1037.9644731617718,29.0,46H1
21.85624999999999,58.772916666666674,38.0,20.093295125487057,1042.4621016386718,29.0,46H1
21.95208333333332,58.772916666666674,28.0,17.525861508463272,1045.8034938620915,29.0,46H1
22.04791666666665,58.772916666666674,31.0,14.28700230743604,1049.80482311047,29.0,46H2
22.14375000000001,58.772916666666674,27.0,12.201389771183155,1053.8115347755963,29.0,46H2
22.239583333333343,58.772916666666674,20.0,11.677945388588672,1058.3107190784592,29.0,46H2
18.31041666666667,58.82291666666666,122.0,10.892647190676492,910.1487277638809,27.0,46G8
18.40625,58.82291666666666,92.0,13.350733258801425,912.4965966515172,27.0,46G8
18.50208333333333,58.82291666666666,86.0,16.00872990670495,915.020360083762,27.0,46G8
18.597916666666663,58.82291666666666,89.0,15.873056023103874,917.6197753640918,27.0,46G8
18.693749999999994,58.82291666666666,100.0,17.521014450834745,920.8384911763444,27.0,46G8
18.78958333333333,58.82291666666666,99.0,20.689521863617525,923.8558554083652,27.0,46G8
18.885416666666657,58.82291666666666,101.0,24.07060535271377,926.7374421542686,27.0,46G8
18.98124999999999,58.82291666666666,112.0,28.66241211808148,930.003340430574,27.0,46G8
19.07708333333332,58.82291666666666,83.0,33.61117185443282,933.0992550334475,29.0,46G9
19.17291666666665,58.82291666666666,140.0,38.78046375226571,936.6788899813254,29.0,46G9
19.26875000000001,58.82291666666666,142.0,43.91457374080278,940.6862072187822,29.0,46G9
19.364583333333343,58.82291666666666,142.0,47.23647163204613,944.0153781825252,29.0,46G9
19.460416666666674,58.82291666666666,135.0,49.80603109069996,947.8991394289706,29.0,46G9
19.55625000000001,58.82291666666666,159.0,51.57201386172844,951.1930631296668,29.0,46G9
19.652083333333337,58.82291666666666,139.0,53.90585193671865,954.146136730912,29.0,46G9
19.74791666666667,58.82291666666666,174.0,56.07567560061367,957.048502411472,29.0,46G9
19.84375,58.82291666666666,148.0,59.08836812576176,960.542310638018,29.0,46G9
19.93958333333333,58.82291666666666,145.0,62.49431753524892,965.1275538318124,29.0,46G9
20.035416666666663,58.82291666666666,169.0,66.23287630982192,969.0592288972044,29.0,46H0
20.131249999999994,58.82291666666666,142.0,69.55150766896148,972.3834487113646,29.0,46H0
20.22708333333333,58.82291666666666,182.0,73.63072082719192,976.3902692757658,29.0,46H0
20.322916666666657,58.82291666666666,171.0,77.91606806124895,980.3985794927524,29.0,46H0
20.41874999999999,58.82291666666666,194.0,81.62978461348108,984.2287277638808,29.0,46H0
20.51458333333332,58.82291666666666,185.0,85.58728137768787,988.233063129666,29.0,46H0
20.61041666666665,58.82291666666666,191.0,80.41200118177716,992.2388899813242,29.0,46H0
20.70625000000001,58.82291666666666,147.0,75.32550825583907,996.2462072187824,29.0,46H0
20.802083333333343,58.82291666666666,147.0,70.34707722215224,1000.2550137422623,29.0,46H0
20.897916666666674,58.82291666666666,81.0,66.29852160294323,1004.0833404305748,29.0,46H0
20.99375000000001,58.82291666666666,129.0,61.55489082096688,1008.0881730805626,29.0,46H0
21.089583333333337,58.82291666666666,94.0,55.92858307481553,1012.8033770033056,29.0,46H1
21.18541666666667,58.82291666666666,46.0,50.32994971060795,1017.5368808599424,29.0,46H1
21.28125,58.82291666666666,72.0,45.69291373126766,1021.6248646674512,29.0,46H1
21.37708333333333,58.82291666666666,53.0,40.17609277315289,1026.608173080563,29.0,46H1
21.472916666666663,58.82291666666666,60.0,34.7346151231713,1030.6144968497035,29.0,46H1
21.568749999999994,58.82291666666666,53.0,29.41034591680053,1034.6223106380182,29.0,46H1
21.66458333333333,58.82291666666666,51.0,25.116882398315592,1037.9510029134035,29.0,46H1
21.760416666666657,58.82291666666666,50.0,20.26123806391962,1042.45811889942,29.0,46H1
21.85624999999999,58.82291666666666,37.0,15.998417512481744,1046.4634487113635,29.0,46H1
21.95208333333332,58.82291666666666,28.0,12.756927554976173,1049.796328258631,29.0,46H1
22.04791666666665,58.82291666666666,24.0,10.00120431554667,1053.8000552481435,29.0,46H2
18.50208333333333,58.87291666666667,102.0,10.890698498562951,919.68940941782,27.0,46G8
18.597916666666663,58.87291666666667,60.0,10.373851150328738,922.5292564869574,27.0,46G8
18.693749999999994,58.87291666666667,66.0,12.750270763160207,925.4514402388032,27.0,46G8
18.78958333333333,58.87291666666667,98.0,16.836420092736805,928.6667367827546,27.0,46G8
18.885416666666657,58.87291666666667,94.0,20.846686922904063,931.33413682479,27.0,46G8
18.98124999999999,58.87291666666667,109.0,26.00720518951998,934.672467637708,27.0,46G8
19.07708333333332,58.87291666666667,81.0,31.37047911699325,937.7089719235984,29.0,46G9
19.17291666666665,58.87291666666667,130.0,35.91844603518078,940.8258863605408,29.0,46G9
19.26875000000001,58.87291666666667,125.0,39.90159316710583,944.68107452476,29.0,46G9
19.364583333333343,58.87291666666667,140.0,43.35020647265011,948.5203539167225,29.0,46G9
19.460416666666674,58.87291666666667,130.0,47.790351496346304,952.522199800356,29.0,46G9
19.55625000000001,58.87291666666667,117.0,52.48062496711533,955.7881787697088,29.0,46G9
19.652083333333337,58.87291666666667,150.0,57.359691865820224,958.807993948708,29.0,46G9
19.74791666666667,58.87291666666667,147.0,60.99799627239012,961.4156862538126,29.0,46G9
19.84375,58.87291666666667,143.0,63.77467913231045,965.1269176549164,29.0,46G9
19.93958333333333,58.87291666666667,152.0,66.93816366550558,969.0556974290032,29.0,46G9
20.035416666666663,58.87291666666667,154.0,70.43634573453349,973.043372312353,29.0,46H0
20.131249999999994,58.87291666666667,126.0,73.57286596457716,976.380313249324,29.0,46H0
20.22708333333333,58.87291666666667,187.0,77.55091083602392,980.38563611459,29.0,46H0
20.322916666666657,58.87291666666667,178.0,81.63246512532548,984.9375671215656,29.0,46H0
20.41874999999999,58.87291666666667,172.0,84.98342381476732,988.2280854662388,29.0,46H0
20.51458333333332,58.87291666666667,178.0,88.09037330042673,992.230925383745,29.0,46H0
20.61041666666665,58.87291666666667,166.0,82.5966853640542,996.235255436184,29.0,46H0
20.70625000000001,58.87291666666667,162.0,76.8712051644823,1000.2410745247602,29.0,46H0
20.802083333333343,58.87291666666667,132.0,71.14875762482131,1004.7724031850158,29.0,46H0
20.897916666666674,58.87291666666667,103.0,66.38294410471482,1008.082199800356,29.0,46H0
20.99375000000001,58.87291666666667,131.0,60.66837888368665,1012.0855365516136,29.0,46H0
21.089583333333337,58.87291666666667,111.0,54.96005713543554,1016.090363071502,29.0,46H1
21.18541666666667,58.87291666666667,71.0,49.26016437414732,1020.7291421830986,29.0,46H1
21.28125,58.87291666666667,62.0,44.51903929406707,1024.6601793585771,29.0,46H1
21.37708333333333,58.87291666666667,69.0,38.84462040931856,1029.3983942521302,29.0,46H1
21.472916666666663,58.87291666666667,53.0,33.19439434957739,1034.3817864748974,29.0,46H1
21.568749999999994,58.87291666666667,61.0,27.5832487804547,1039.2069176549155,29.0,46H1
21.66458333333333,58.87291666666667,62.0,22.95784791412901,1042.4541368247903,29.0,46H1
21.760416666666657,58.87291666666667,51.0,17.522577675705957,1046.456479786425,29.0,46H1
21.85624999999999,58.87291666666667,36.0,12.3703260587251,1050.460313249324,29.0,46H1
18.78958333333333,58.92291666666665,79.0,14.167927641200324,933.3384492507552,27.0,46G8
18.885416666666657,58.92291666666665,84.0,18.751826531608103,935.9968689005658,27.0,46G8
18.98124999999999,58.92291666666665,96.0,24.01922852763441,939.3303589014688,27.0,46G8
19.07708333333332,58.92291666666665,114.0,27.930804031831947,942.3627072021148,29.0,46G9
19.17291666666665,58.92291666666665,102.0,31.91247570715609,945.511033729415,29.0,46G9
19.26875000000001,58.92291666666665,109.0,36.08828884286978,949.2098576299858,29.0,46G9
19.364583333333343,58.92291666666665,119.0,39.86292156490214,952.5162275341152,29.0,46G9
19.460416666666674,58.92291666666665,132.0,44.64464559894964,956.516577766807,29.0,46G9
19.55625000000001,58.92291666666665,137.0,49.62622612158032,960.3981512890226,29.0,46G9
19.652083333333337,58.92291666666665,124.0,54.75313031455804,963.4813811079036,29.0,46G9
19.74791666666667,58.92291666666665,126.0,58.39602559056095,966.4159955242386,29.0,46G9
19.84375,58.92291666666665,124.0,60.84905323884932,969.7031086492086,29.0,46G9
19.93958333333333,58.92291666666665,125.0,63.71907067104372,973.036868900566,29.0,46G9
20.035416666666663,58.92291666666665,165.0,66.95246868623711,977.031498489742,29.0,46H0
20.131249999999994,58.92291666666665,167.0,69.88833750882381,980.3726949075204,29.0,46H0
20.22708333333333,58.92291666666665,153.0,73.66177884165806,984.9359955242386,29.0,46H0
20.322916666666657,58.92291666666665,162.0,77.67066978954773,988.8984492507552,29.0,46H0
20.41874999999999,58.92291666666665,163.0,81.16615951101085,992.2229621335844,29.0,46H0
20.51458333333332,58.92291666666665,159.0,85.52063424074146,996.2243054969122,29.0,46H0
20.61041666666665,58.92291666666665,162.0,82.2871377795829,1000.227137641382,29.0,46H0
20.70625000000001,58.92291666666665,169.0,76.5471275695233,1004.7698576299856,29.0,46H0
20.802083333333343,58.92291666666665,150.0,70.80713807361676,1008.7469568330598,29.0,46H0
20.897916666666674,58.92291666666665,155.0,66.02384357581127,1012.0765777668072,29.0,46H0
20.99375000000001,58.92291666666665,149.0,60.28394861913986,1016.0784175124818,29.0,46H0
21.089583333333337,58.92291666666665,130.0,54.54415039904898,1020.686281867681,29.0,46H1
21.18541666666667,58.92291666666665,68.0,48.8044981366888,1024.612167124354,29.0,46H1
21.28125,58.92291666666665,77.0,44.02161818159666,1027.9295120424636,29.0,46H1
21.37708333333333,58.92291666666665,92.0,38.2824554066245,1032.634730372985,29.0,46H1
21.472916666666663,58.92291666666665,51.0,32.54378748700183,1037.3396641280008,29.0,46H1
21.568749999999994,58.92291666666665,63.0,26.805949185776942,1042.2521505626728,29.0,46H1
21.66458333333333,58.92291666666665,77.0,22.025531341974688,1046.4495120424638,29.0,46H1
21.760416666666657,58.92291666666665,44.0,16.29171725278407,1050.4503589014687,29.0,46H1
21.85624999999999,58.92291666666665,14.0,10.565365140805714,1054.4526949075191,29.0,46H1
18.78958333333333,58.97291666666666,35.0,13.410880331530333,938.0202130554028,27.0,46G8
18.885416666666657,58.97291666666666,69.0,16.10523678620067,940.6039678787756,27.0,46G8
18.98124999999999,58.97291666666666,72.0,19.94950201572725,943.6518551724604,27.0,46G8
19.07708333333332,58.97291666666666,114.0,23.93297996484008,947.1827558481224,29.0,46G9
19.17291666666665,58.97291666666666,96.0,28.122965680150585,950.4009502903972,29.0,46G9
19.26875000000001,58.97291666666666,97.0,32.7787760006408,953.3434281532654,29.0,46G9
19.364583333333343,58.97291666666666,125.0,36.88794648188965,956.5076205260018,29.0,46G9
19.460416666666674,58.97291666666666,120.0,42.0027002316637,960.5064740018846,29.0,46G9
19.55625000000001,58.97291666666666,107.0,47.25636640510745,965.1256464724132,29.0,46G9
19.652083333333337,58.97291666666666,100.0,51.463576915799365,968.3661747239596,29.0,46G9
19.74791666666667,58.97291666666666,109.0,53.31344625153359,970.9908812448308,29.0,46G9
19.84375,58.97291666666666,97.0,55.985807976357016,973.9422714875489,29.0,46G9
19.93958333333333,58.97291666666666,143.0,59.08811010220205,977.316099708822,29.0,46G9
20.035416666666663,58.97291666666666,135.0,62.556413988297166,981.017970162766,29.0,46H0
20.131249999999994,58.97291666666666,131.0,65.68461609237498,984.9344246427794,29.0,46H0
20.22708333333333,58.97291666666666,137.0,69.6804200860723,988.8939311716906,29.0,46H0
20.322916666666657,58.97291666666666,157.0,73.89963562517545,992.8802543525092,29.0,46H0
20.41874999999999,58.97291666666666,148.0,77.56006202735992,996.2133574384944,29.0,46H0
20.51458333333332,58.97291666666666,145.0,82.09959627192966,1000.2132031398764,29.0,46H0
20.61041666666665,58.97291666666666,145.0,82.35281850136371,1004.7673130370396,29.0,46H0
20.70625000000001,58.97291666666666,164.0,76.626345455431,1008.7414475931056,29.0,46H0
20.802083333333343,58.97291666666666,147.0,70.90140933043666,1012.7308561016912,29.0,46H0
20.897916666666674,58.97291666666666,121.0,66.13210156529433,1016.0664740018848,29.0,46H0
20.99375000000001,58.97291666666666,138.0,60.41118586986655,1020.6856464724132,29.0,46H0
21.089583333333337,58.97291666666666,149.0,54.693471201125824,1024.6086379960705,29.0,46H1
21.18541666666667,58.97291666666666,118.0,48.98009361455893,1028.59036723757,29.0,46H1
21.28125,58.97291666666666,151.0,44.22348231688942,1031.9204062663289,29.0,46H1
21.37708333333333,58.97291666666666,123.0,38.52329168393712,1035.9197559158813,29.0,46H1
21.472916666666663,58.97291666666666,77.0,32.83571761126393,1040.5343102303268,29.0,46H1
21.568749999999994,58.97291666666666,108.0,27.168701521124884,1045.26060163907,29.0,46H1
21.66458333333333,58.97291666666666,48.0,22.473129100215875,1049.2221008471108,29.0,46H1
21.760416666666657,58.97291666666666,44.0,16.90135307640719,1054.124859078003,29.0,46H1
21.85624999999999,58.97291666666666,67.0,11.492839270778482,1059.0144246427794,29.0,46H1
18.885416666666657,59.022916666666674,55.0,11.965234381150058,945.2298455712228,27.0,47G8
18.98124999999999,59.022916666666674,59.0,15.968635708128716,948.511397473452,27.0,47G8
19.07708333333332,59.022916666666674,90.0,20.1855281685896,951.8494144839136,29.0,47G9
19.17291666666665,59.022916666666674,90.0,25.005050389607884,954.9471719502496,29.0,47G9
19.26875000000001,59.022916666666674,86.0,30.13947296744937,958.0161226803214,29.0,47G9
19.364583333333343,59.022916666666674,89.0,34.55784485621751,960.636194144789,29.0,47G9
19.460416666666674,59.022916666666674,94.0,39.40047699910261,965.1250114714062,29.0,47G9
19.55625000000001,59.022916666666674,94.0,43.9572595989996,969.0451100569888,29.0,47G9
19.652083333333337,59.022916666666674,93.0,46.29109425518141,973.0238673466102,29.0,47G9
19.74791666666667,59.022916666666674,97.0,48.33639967722228,975.5532404191208,29.0,47G9
19.84375,59.022916666666674,109.0,51.2647071497001,978.6084376196324,29.0,47G9
19.93958333333333,59.022916666666674,114.0,54.63099353333324,981.7892359157852,29.0,47G9
20.035416666666663,59.022916666666674,125.0,58.359510777578286,985.551397473452,29.0,47H0
20.131249999999994,59.022916666666674,128.0,61.696137324743326,988.8894144839146,29.0,47H0
20.22708333333333,59.022916666666674,131.0,65.9281385421185,992.8727614312456,29.0,47H0
20.322916666666657,59.022916666666674,125.0,70.36642856400151,996.8631563014457,29.0,47H0
20.41874999999999,59.022916666666674,150.0,74.19592737512164,1000.199271068068,29.0,47H0
20.51458333333332,59.022916666666674,137.0,78.92251147324757,1004.7647694155056,29.0,47H0
20.61041666666665,59.022916666666674,145.0,82.79283451250913,1008.7359399376212,29.0,47H0
20.70625000000001,59.022916666666674,149.0,77.10761583378226,1012.722369615804,29.0,47H0
20.802083333333343,59.022916666666674,135.0,71.42984558399235,1016.7141630084634,29.0,47H0
20.897916666666674,59.022916666666674,148.0,66.70544264726117,1020.685011471406,29.0,47H0
20.99375000000001,59.022916666666674,134.0,61.04689138391671,1024.605110056989,29.0,47H0
21.089583333333337,59.022916666666674,162.0,55.40344960517398,1028.5838673466103,29.0,47H1
21.18541666666667,59.022916666666674,169.0,49.78027109727844,1032.572535314535,29.0,47H1
21.28125,59.022916666666674,115.0,45.1152460082443,1035.9068191841004,29.0,47H1
21.37708333333333,59.022916666666674,145.0,39.55246345501711,1040.4928544829686,29.0,47H1
21.472916666666663,59.022916666666674,65.0,34.04594773798764,1044.4494144839136,29.0,47H1
21.568749999999994,59.022916666666674,129.0,28.6282012195139,1048.4718962787829,29.0,47H1
21.66458333333333,59.022916666666674,63.0,24.22427053234518,1052.409199964843,29.0,47H1
21.760416666666657,59.022916666666674,93.0,19.176751098851664,1057.5482554362136,29.0,47H1
21.85624999999999,59.022916666666674,83.0,14.642411298532268,1062.0062252883745,29.0,47H1
21.95208333333332,59.022916666666674,44.0,11.429237028873072,1066.2524520995555,29.0,47H1
18.98124999999999,59.07291666666666,45.0,12.31841932792652,953.1704338864316,27.0,47G8
19.07708333333332,59.07291666666666,52.0,17.435020176948694,956.212656561294,29.0,47G9
19.17291666666665,59.07291666666666,73.0,22.83550185084548,959.5758353559092,29.0,47G9
19.26875000000001,59.07291666666666,81.0,27.87705399356402,962.6912402243976,29.0,47G9
19.364583333333343,59.07291666666666,101.0,31.45399227357754,965.698776329297,29.0,47G9
19.460416666666674,59.07291666666666,87.0,36.10573443809933,969.0415833199556,29.0,47G9
19.55625000000001,59.07291666666666,87.0,39.07046254146017,973.0173692509684,29.0,47G9
19.652083333333337,59.07291666666666,78.0,41.219987857586034,977.003057233539,29.0,47G9
19.74791666666667,59.07291666666666,89.0,43.50112357627093,980.1789754228396,29.0,47G9
19.84375,59.07291666666666,97.0,46.72885396843724,983.6443768669478,29.0,47G9
19.93958333333333,59.07291666666666,97.0,50.39386931117746,986.571308553589,29.0,47G9
20.035416666666663,59.07291666666666,98.0,54.40786491450404,989.8987755484424,29.0,47H0
20.131249999999994,59.07291666666666,112.0,57.96734795145601,992.8652704924536,29.0,47H0
20.22708333333333,59.07291666666666,129.0,62.44624237610861,996.8526841750192,29.0,47H0
20.322916666666657,59.07291666666666,115.0,67.1086232575379,1000.8436957166992,29.0,47H0
20.41874999999999,59.07291666666666,111.0,71.10810573961024,1004.762226774721,29.0,47H0
20.51458333333332,59.07291666666666,115.0,76.01997243253375,1008.7304338864318,29.0,47H0
20.61041666666665,59.07291666666666,127.0,81.03344900583167,1012.7138852967188,29.0,47H0
20.70625000000001,59.07291666666666,131.0,77.98349533258889,1016.7026966179576,29.0,47H0
20.802083333333343,59.07291666666666,126.0,72.38293851113555,1021.2587763292972,29.0,47H0
20.897916666666674,59.07291666666666,128.0,67.73205728822492,1024.6015833199567,29.0,47H0
20.99375000000001,59.07291666666666,123.0,62.175470801772704,1028.5773692509683,29.0,47H0
21.089583333333337,59.07291666666666,156.0,56.65301096258557,1032.563057233539,29.0,47H1
21.18541666666667,59.07291666666666,178.0,51.17574130831684,1036.5530456195968,29.0,47H1
21.28125,59.07291666666666,162.0,46.65736779740086,1040.4912850506068,29.0,47H1
21.37708333333333,59.07291666666666,138.0,41.31109392819095,1044.44489920377,29.0,47H1
21.472916666666663,59.07291666666666,147.0,36.08219398805971,1048.4252704924536,29.0,47H1
21.568749999999994,59.07291666666666,152.0,31.03007573166856,1052.4126841750185,29.0,47H1
21.66458333333333,59.07291666666666,152.0,27.026751279128145,1055.7453414738995,29.0,47H1
21.760416666666657,59.07291666666666,116.0,22.620702723970663,1060.358693093618,29.0,47H1
21.85624999999999,59.07291666666666,92.0,18.739061416764795,1065.0796260942084,29.0,47H1
21.95208333333332,59.07291666666666,47.0,16.266065088632025,1069.043798514611,29.0,47H1
22.04791666666665,59.07291666666666,24.0,14.860869682523177,1073.8743239354778,29.0,47H2
22.14375000000001,59.07291666666666,38.0,14.830179009478831,1078.842226774721,29.0,47H2
22.239583333333343,59.07291666666666,9.0,13.329455117529404,1082.8104338864316,29.0,47H2
18.98124999999999,59.12291666666667,39.0,10.206120210215692,957.8414152664668,27.0,47G8
19.07708333333332,59.12291666666667,59.0,15.65944905479583,960.8564516339924,29.0,47G9
19.17291666666665,59.12291666666667,43.0,19.90474824858666,963.9918750385232,29.0,47G9
19.26875000000001,59.12291666666667,64.0,24.31008246759733,967.719685124034,29.0,47G9
19.364583333333343,59.12291666666667,81.0,28.335388519011502,970.129167030878,29.0,47G9
19.460416666666674,59.12291666666667,81.0,32.204374869277686,973.1514996394524,29.0,47G9
19.55625000000001,59.12291666666667,98.0,33.83535259246072,976.9935815351786,29.0,47G9
19.652083333333337,59.12291666666667,80.0,36.29277784740388,980.980587720794,29.0,47G9
19.74791666666667,59.12291666666667,89.0,38.86057394251028,984.9297163514896,29.0,47G9
19.84375,59.12291666666667,83.0,42.43768934501395,988.2032101871224,29.0,47G9
19.93958333333333,59.12291666666667,100.0,46.4369958609606,991.1654596940588,29.0,47G9
20.035416666666663,59.12291666666667,89.0,50.75878968364195,994.2892085880834,29.0,47H0
20.131249999999994,59.12291666666667,103.0,54.55152605016086,997.1146588744842,29.0,47H0
20.22708333333333,59.12291666666667,98.0,59.28239324772101,1000.8302434172028,29.0,47H0
20.322916666666657,59.12291666666667,111.0,64.1681796963921,1005.394236899166,29.0,47H0
20.41874999999999,59.12291666666667,108.0,68.33406478586974,1008.7249294593896,29.0,47H0
20.51458333333332,59.12291666666667,105.0,73.42454550229158,1012.705403174684,29.0,47H0
20.61041666666665,59.12291666666667,113.0,77.88501518553899,1016.691232976251,29.0,47H0
20.70625000000001,59.12291666666667,112.0,76.5754230351043,1021.2567871179804,29.0,47H0
20.802083333333343,59.12291666666667,111.0,73.7442247711667,1025.2432101871225,29.0,47H0
20.897916666666674,59.12291666666667,108.0,69.19177244893018,1028.5708729739677,29.0,47H0
20.99375000000001,59.12291666666667,130.0,63.77076166667816,1032.5535815351795,29.0,47H0
21.089583333333337,59.12291666666667,129.0,58.40753428238352,1036.540587720794,29.0,47H1
21.18541666666667,59.12291666666667,143.0,53.11960931992174,1041.10542919594,29.0,47H1
21.28125,59.12291666666667,133.0,48.7882161020836,1044.4403853476365,29.0,47H1
21.37708333333333,59.12291666666667,139.0,43.7112268269246,1048.4177815629291,29.0,47H1
21.472916666666663,59.12291666666667,127.0,38.81467310037041,1052.4022146150503,29.0,47H1
21.568749999999994,59.12291666666667,147.0,34.17621141800142,1056.3902434172028,29.0,47H1
21.66458333333333,59.12291666666667,147.0,30.592998172679835,1060.319685124034,29.0,47H1
21.760416666666657,59.12291666666667,119.0,26.657530078171018,1064.2849294593898,29.0,47H1
21.85624999999999,59.12291666666667,128.0,23.38461582048951,1068.3007153450835,29.0,47H1
21.95208333333332,59.12291666666667,77.0,21.456904751732026,1072.1831261822297,29.0,47H1
22.04791666666665,59.12291666666667,40.0,20.413794995851024,1077.1611230559245,29.0,47H2
22.14375000000001,59.12291666666667,49.0,20.39149613803464,1081.784795687844,29.0,47H2
22.239583333333343,59.12291666666667,29.0,17.36733647750799,1086.785403174684,29.0,47H2
22.335416666666674,59.12291666666667,30.0,13.483565759407131,1090.771232976251,29.0,47H2
22.43125000000001,59.12291666666667,32.0,10.214744704930393,1094.7637426613448,29.0,47H2
22.910416666666663,59.12291666666667,17.0,13.56865274451223,1116.3062956828887,29.0,47H2
23.006249999999994,59.12291666666667,15.0,11.960758375724389,1121.787496429724,32.0,47H3
19.07708333333332,59.17291666666665,29.0,11.938384679392094,965.6947982812412,29.0,47G9
19.17291666666665,59.17291666666665,62.0,16.498173020511288,968.9173504546764,29.0,47G9
19.26875000000001,59.17291666666665,55.0,21.60292515031061,972.2083755859252,29.0,47G9
19.364583333333343,59.17291666666665,63.0,25.10692109565657,974.7245130399592,29.0,47G9
19.460416666666674,59.17291666666665,105.0,26.78554834416425,977.8223985192844,29.0,47G9
19.55625000000001,59.17291666666665,83.0,28.723118684126327,981.0323965910194,29.0,47G9
19.652083333333337,59.17291666666665,81.0,31.57689633335584,985.5424458935294,29.0,47G9
19.74791666666667,59.17291666666665,91.0,34.49343267909832,988.8758729319028,29.0,47G9
19.84375,59.17291666666665,77.0,38.4731757250109,992.8105336127936,29.0,47G9
19.93958333333333,59.17291666666665,85.0,42.838102382787895,995.8123474469264,29.0,47G9
20.035416666666663,59.17291666666665,92.0,47.48209552011696,998.9638677274525,29.0,47H0
20.131249999999994,59.17291666666665,82.0,51.510970272616426,1002.1631088568838,29.0,47H0
20.22708333333333,59.17291666666665,86.0,56.49005521752638,1005.3902590995974,29.0,47H0
20.322916666666657,59.17291666666665,91.0,61.59056891227776,1009.3746918755252,29.0,47H0
20.41874999999999,59.17291666666665,103.0,65.91343386528519,1012.6969232799836,29.0,47H0
20.51458333333332,59.17291666666665,100.0,71.16983797914983,1016.6797721239884,29.0,47H0
20.61041666666665,59.17291666666665,102.0,72.5349079471132,1021.2547982812412,29.0,47H0
20.70625000000001,59.17291666666665,99.0,71.12895790971496,1025.2382378589464,29.0,47H0
20.802083333333343,59.17291666666665,102.0,69.87676684812162,1029.2231670517854,29.0,47H0
20.897916666666674,59.17291666666665,115.0,68.62859245062019,1032.5441082532036,29.0,47H0
20.99375000000001,59.17291666666665,119.0,65.79882650940225,1036.5281327959383,29.0,47H0
21.089583333333337,59.17291666666665,112.0,60.623192406971945,1041.1024458935294,29.0,47H1
21.18541666666667,59.17291666666665,119.0,55.55433896692472,1045.0863821310843,29.0,47H1
21.28125,59.17291666666665,121.0,51.43467317196875,1048.4102946694932,29.0,47H1
21.37708333333333,59.17291666666665,114.0,46.653959884150005,1052.3917476587417,29.0,47H1
21.472916666666663,59.17291666666665,113.0,42.1080625541764,1056.3767942750292,29.0,47H1
21.568749999999994,59.17291666666665,124.0,37.88162332831801,1060.9502590995974,29.0,47H1
21.66458333333333,59.17291666666665,155.0,34.596117723265664,1064.2794266763815,29.0,47H1
21.760416666666657,59.17291666666665,143.0,31.111561381513155,1068.2569232799835,29.0,47H1
21.85624999999999,59.17291666666665,133.0,28.361673450159856,1072.2397721239884,29.0,47H1
21.95208333333332,59.17291666666665,128.0,26.79681181099311,1076.243108856883,29.0,47H1
22.04791666666665,59.17291666666665,105.0,25.97031190587608,1080.1873246703087,29.0,47H2
22.14375000000001,59.17291666666665,73.0,25.31617067145112,1084.8986365497422,29.0,47H2
22.239583333333343,59.17291666666665,52.0,21.354297252815343,1089.6129621414905,29.0,47H2
22.335416666666674,59.17291666666665,15.0,17.013323689993218,1094.7941712801826,29.0,47H2
22.43125000000001,59.17291666666665,76.0,13.28061353782986,1098.6745335035648,29.0,47H2
22.527083333333337,59.17291666666665,62.0,10.019274931038051,1102.6443785389736,29.0,47H2
22.71875,59.17291666666665,46.0,10.587583359886812,1109.9480229935969,29.0,47H2
22.81458333333333,59.17291666666665,25.0,12.963848347357215,1114.5681483914248,29.0,47H2
22.910416666666663,59.17291666666665,22.0,16.633385840727204,1118.8163036682236,29.0,47H2
23.006249999999994,59.17291666666665,20.0,16.32989639195885,1123.8912631119822,32.0,47H3
23.10208333333333,59.17291666666665,20.0,14.193417699059626,1128.984656382432,32.0,47H3
23.197916666666657,59.17291666666665,30.0,13.90329282138738,1133.6317164889226,32.0,47H3
23.29374999999999,59.17291666666665,18.0,11.399557606004045,1139.0427673824024,32.0,47H3
19.17291666666665,59.22291666666666,46.0,14.492646996485952,973.454486528613,29.0,47G9
19.26875000000001,59.22291666666666,52.0,17.91272023413967,976.5110205937002,29.0,47G9
19.364583333333343,59.22291666666666,58.0,20.41342866970054,979.363344658248,29.0,47G9
19.460416666666674,59.22291666666666,88.0,21.43982074874857,982.492320770099,29.0,47G9
19.55625000000001,59.22291666666666,85.0,23.813030652614607,985.7251618960132,29.0,47G9
19.652083333333337,59.22291666666666,81.0,27.182556419130304,989.5204163804472,29.0,47G9
19.74791666666667,59.22291666666666,88.0,30.517303697034325,992.8428098390386,29.0,47G9
19.84375,59.22291666666666,69.0,34.94666097748772,996.8212833433664,29.0,47G9
19.93958333333333,59.22291666666666,67.0,39.694676691662245,1000.4706242277048,29.0,47G9
20.035416666666663,59.22291666666666,65.0,44.65982264918955,1003.9070823726672,29.0,47H0
20.131249999999994,59.22291666666666,70.0,48.915709343757854,1006.3280592610794,29.0,47H0
20.22708333333333,59.22291666666666,81.0,54.12675636692676,1009.6785830816236,29.0,47H0
20.322916666666657,59.22291666666666,76.0,59.42302580393861,1013.3506699806156,29.0,47H0
20.41874999999999,59.22291666666666,84.0,63.8863973248048,1016.668314101904,29.0,47H0
20.51458333333332,59.22291666666666,85.0,69.16491057134594,1021.2528098259932,29.0,47H0
20.61041666666665,59.22291666666666,96.0,67.21909277913403,1025.233266480171,29.0,47H0
20.70625000000001,59.22291666666666,86.0,65.70173724503516,1029.2152124616066,29.0,47H0
20.802083333333343,59.22291666666666,92.0,64.58160683040649,1033.198646678214,29.0,47H0
20.897916666666674,59.22291666666666,98.0,63.23099299025034,1036.515680889221,29.0,47H0
20.99375000000001,59.22291666666666,98.0,62.04381285263728,1041.0994631624906,29.0,47H0
21.089583333333337,59.22291666666666,132.0,61.355110540368734,1045.080416380447,29.0,47H1
21.18541666666667,59.22291666666666,110.0,58.41858907664101,1049.0628585615991,29.0,47H1
21.28125,59.22291666666666,108.0,54.52170844196405,1052.3812833433665,29.0,47H1
21.37708333333333,59.22291666666666,109.0,50.04366441432134,1056.363348337805,29.0,47H1
21.472916666666663,59.22291666666666,104.0,45.84162928522804,1060.946282060702,29.0,47H1
21.568749999999994,59.22291666666666,103.0,41.90631903401362,1064.9277317210729,29.0,47H1
21.66458333333333,59.22291666666666,130.0,38.932228830323176,1068.2484456429777,29.0,47H1
21.760416666666657,59.22291666666666,127.0,35.8760496607021,1072.228314101904,29.0,47H1
21.85624999999999,59.22291666666666,124.0,33.52290581447583,1076.812809825993,29.0,47H1
21.95208333333332,59.22291666666666,123.0,32.21173634864252,1080.151010450007,29.0,47H1
22.04791666666665,59.22291666666666,122.0,31.52852154460729,1084.1178859693914,29.0,47H2
22.14375000000001,59.22291666666666,118.0,29.27244851128922,1088.1261173867354,29.0,47H2
22.239583333333343,59.22291666666666,112.0,24.865469081133377,1092.77682870207,29.0,47H2
22.335416666666674,59.22291666666666,119.0,20.571290189871384,1097.7733554020688,29.0,47H2
22.43125000000001,59.22291666666666,82.0,17.614336004083793,1101.5757832720783,29.0,47H2
22.527083333333337,59.22291666666666,64.0,15.309706578162343,1106.6146374214334,29.0,47H2
22.62291666666667,59.22291666666666,52.0,14.951502807163504,1110.5956808892208,29.0,47H2
22.71875,59.22291666666666,47.0,16.013020930713754,1114.5665811762303,29.0,47H2
22.81458333333333,59.22291666666666,17.0,17.929603939757012,1118.5113619730043,29.0,47H2
22.910416666666663,59.22291666666666,32.0,20.76263784489754,1122.4828098390376,29.0,47H2
23.006249999999994,59.22291666666666,52.0,21.263295851017425,1126.638518550684,32.0,47H3
23.10208333333333,59.22291666666666,32.0,16.87838911838925,1131.8316740018836,32.0,47H3
23.197916666666657,59.22291666666666,32.0,12.792405195631792,1136.0562700020382,32.0,47H3
19.17291666666665,59.272916666666674,41.0,10.5832864017804,978.0733553808608,29.0,47G9
19.26875000000001,59.272916666666674,63.0,13.282593980444757,981.176012373578,29.0,47G9
19.364583333333343,59.272916666666674,67.0,14.860277668158345,984.2108217591584,29.0,47G9
19.460416666666674,59.272916666666674,54.0,16.239541300293137,987.4355547660024,29.0,47G9
19.55625000000001,59.272916666666674,72.0,19.260314919968938,990.3609300286738,29.0,47G9
19.652083333333337,59.272916666666674,59.0,23.292460114309662,993.53790822058,29.0,47G9
19.74791666666667,59.272916666666674,62.0,27.104814848855955,996.8108217062723,29.0,47G9
19.84375,59.272916666666674,61.0,32.003266493731715,1000.7899056532598,29.0,47G9
19.93958333333333,59.272916666666674,58.0,37.122602417997,1005.38230579632,29.0,47G9
20.035416666666663,59.272916666666674,62.0,42.38284820982509,1008.4086346973152,29.0,47H0
20.131249999999994,59.272916666666674,67.0,46.83981939476284,1010.956049511284,29.0,47H0
20.22708333333333,59.272916666666674,71.0,52.25074543159441,1014.1012690059003,29.0,47H0
20.322916666666657,59.272916666666674,60.0,57.71177293954211,1017.4655039492472,29.0,47H0
20.41874999999999,59.272916666666674,70.0,62.29139112150999,1021.2508217591584,29.0,47H0
20.51458333333332,59.272916666666674,78.0,64.04955124833046,1025.2282960680986,29.0,47H0
20.61041666666665,59.272916666666674,77.0,61.94639844183479,1029.207259411221,29.0,47H0
20.70625000000001,59.272916666666674,82.0,60.29895757048665,1033.1877106974678,29.0,47H0
20.802083333333343,59.272916666666674,93.0,59.14532511890573,1037.16964883605,29.0,47H0
20.897916666666674,59.272916666666674,83.0,57.864407159580665,1041.0964810132011,29.0,47H0
20.99375000000001,59.272916666666674,103.0,56.56663524896612,1045.0744517881158,29.0,47H0
21.089583333333337,59.272916666666674,117.0,55.811503131023294,1049.0539112334964,29.0,47H1
21.18541666666667,59.272916666666674,131.0,55.62111813869949,1053.034858258372,29.0,47H1
21.28125,59.272916666666674,90.0,55.8985461965387,1056.3499056532598,29.0,47H1
21.37708333333333,59.272916666666674,100.0,53.79591505064616,1060.94230579632,29.0,47H1
21.472916666666663,59.272916666666674,92.0,49.84318905962009,1064.9207729159602,29.0,47H1
21.568749999999994,59.272916666666674,137.0,46.22197413140263,1068.9007283423775,29.0,47H1
21.66458333333333,59.272916666666674,100.0,43.54769512580841,1072.216858950807,29.0,47H1
21.760416666666657,59.272916666666674,113.0,40.84248979742189,1076.810821759159,29.0,47H1
21.85624999999999,59.272916666666674,102.0,38.79487514001956,1080.7882960680984,29.0,47H1
21.95208333333332,59.272916666666674,114.0,37.669341215459895,1084.1113952886726,29.0,47H1
22.04791666666665,59.272916666666674,108.0,37.08766286830904,1088.0851690737395,29.0,47H2
22.14375000000001,59.272916666666674,113.0,32.76212157754832,1092.0632320449015,29.0,47H2
22.239583333333343,59.272916666666674,111.0,28.523445377416888,1096.6564810132015,29.0,47H2
22.335416666666674,59.272916666666674,117.0,24.8748702507441,1100.7727379510395,29.0,47H2
22.43125000000001,59.272916666666674,81.0,22.49469760093566,1104.716394197801,29.0,47H2
22.527083333333337,59.272916666666674,111.0,20.74234436888769,1109.4212370649836,29.0,47H2
22.62291666666667,59.272916666666674,110.0,20.47977169709544,1114.5933516998034,29.0,47H2
22.71875,59.272916666666674,106.0,21.44785061773632,1118.506852487386,29.0,47H2
22.81458333333333,59.272916666666674,53.0,22.96849621233131,1122.4753270984925,29.0,47H2
22.910416666666663,59.272916666666674,70.0,25.4432929188934,1126.4508217062723,29.0,47H2
23.006249999999994,59.272916666666674,109.0,20.91522991824369,1130.4299056532586,32.0,47H3
23.10208333333333,59.272916666666674,74.0,15.264204827617885,1135.02230579632,32.0,47H3
23.197916666666657,59.272916666666674,68.0,10.580135628013098,1138.606293746187,32.0,47H3
19.460416666666674,59.32291666666666,54.0,11.38577901656388,991.9681558981824,29.0,47G9
19.55625000000001,59.32291666666666,50.0,15.385559879466625,995.0184873691428,29.0,47G9
19.652083333333337,59.32291666666666,52.0,20.20005832022232,998.203191686049,29.0,47G9
19.74791666666667,59.32291666666666,57.0,24.492700691211184,1000.8395586234903,29.0,47G9
19.84375,59.32291666666666,57.0,29.81618870259001,1005.378330320322,29.0,47G9
19.93958333333333,59.32291666666666,50.0,35.24718107376334,1009.3538154844452,29.0,47G9
20.035416666666663,59.32291666666666,55.0,40.74269977484497,1013.0288828808442,29.0,47H0
20.131249999999994,59.32291666666666,59.0,45.35467163833716,1015.6071421080004,29.0,47H0
20.22708333333333,59.32291666666666,57.0,50.91591370622394,1018.7682485154684,29.0,47H0
20.322916666666657,59.32291666666666,61.0,56.49828669376028,1022.4263937547804,29.0,47H0
20.41874999999999,59.32291666666666,65.0,61.16222443671718,1025.2233266400565,29.0,47H0
20.51458333333332,59.32291666666666,61.0,59.01492460506277,1029.1993079283516,29.0,47H0
20.61041666666665,59.32291666666666,69.0,56.728849878100725,1033.1767768625198,29.0,47H0
20.70625000000001,59.32291666666666,74.0,54.92783151134026,1037.155732352796,29.0,47H0
20.802083333333343,59.32291666666666,84.0,53.66073592144419,1041.789528609714,29.0,47H0
20.897916666666674,59.32291666666666,72.0,52.53833958115109,1045.0684883748886,29.0,47H0
20.99375000000001,59.32291666666666,87.0,51.10763324974763,1049.044965666243,29.0,47H0
21.089583333333337,59.32291666666666,85.0,50.27180779942126,1053.0229302401851,29.0,47H1
21.18541666666667,59.32291666666666,114.0,50.06067085905732,1057.7212098733726,29.0,47H1
21.28125,59.32291666666666,90.0,50.3682830929605,1060.938330320322,29.0,47H1
21.37708333333333,59.32291666666666,76.0,50.978740345086585,1064.9138154844452,29.0,47H1
21.472916666666663,59.32291666666666,83.0,51.28937398849744,1068.8907886577513,29.0,47H1
21.568749999999994,59.32291666666666,97.0,50.78049149086669,1072.8692487503945,29.0,47H1
21.66458333333333,59.32291666666666,88.0,48.362602170912425,1076.8088340876689,29.0,47H1
21.760416666666657,59.32291666666666,93.0,45.94543886373162,1080.7833266400553,29.0,47H1
21.85624999999999,59.32291666666666,93.0,44.13791895347448,1084.7593079283515,29.0,47H1
21.95208333333332,59.32291666666666,101.0,43.15343613514824,1088.0757032440697,29.0,47H1
22.04791666666665,59.32291666666666,91.0,40.6738438144979,1092.0507863073356,29.0,47H2
22.14375000000001,59.32291666666666,102.0,36.47090731172097,1096.6534994560675,29.0,47H2
22.239583333333343,59.32291666666666,107.0,32.72214255129656,1100.6284883748872,29.0,47H2
22.335416666666674,59.32291666666666,118.0,29.60062081657247,1104.6049656662428,29.0,47H2
22.43125000000001,59.32291666666666,117.0,27.633574828807216,1107.948002984125,29.0,47H2
22.527083333333337,59.32291666666666,104.0,26.228973928994325,1113.0915854602815,29.0,47H2
22.62291666666667,59.32291666666666,104.0,26.022128197068856,1117.5212815962402,29.0,47H2
22.71875,59.32291666666666,99.0,26.789565868680445,1121.3730636720109,29.0,47H2
22.81458333333333,59.32291666666666,101.0,28.204421606789776,1126.387293080124,29.0,47H2
22.910416666666663,59.32291666666666,112.0,26.63741220202812,1130.4164662692062,29.0,47H2
23.006249999999994,59.32291666666666,112.0,20.999975302040976,1135.018330320322,32.0,47H3
23.10208333333333,59.32291666666666,94.0,15.39150085212003,1138.993815484444,32.0,47H3
23.197916666666657,59.32291666666666,62.0,10.772603781774135,1142.3114972637172,32.0,47H3
23.58125000000001,59.32291666666666,44.0,10.012954747017895,1160.8863058851107,32.0,47H3
19.55625000000001,59.37291666666667,37.0,12.819032523055396,999.6784225512702,29.0,47G9
19.652083333333337,59.37291666666667,44.0,18.313993212030795,1003.0167690847636,29.0,47G9
19.74791666666667,59.37291666666667,46.0,22.955827635106445,1005.5127569723604,29.0,47G9
19.84375,59.37291666666667,49.0,28.5597136000136,1009.3468594508404,29.0,47G9
19.93958333333333,59.37291666666667,45.0,34.18326853509168,1013.3208509614568,29.0,47G9
20.035416666666663,59.37291666666667,46.0,39.818149715377686,1017.2963290896348,29.0,47H0
20.131249999999994,59.37291666666667,45.0,44.51942605275094,1020.6805776964918,29.0,47H0
20.22708333333333,59.37291666666667,47.0,50.16547982381213,1023.6049880101008,29.0,47H0
20.322916666666657,59.37291666666667,49.0,55.815042651714926,1026.626982575089,29.0,47H0
20.41874999999999,59.37291666666667,60.0,57.03202392288601,1029.4673277035206,29.0,47H0
20.51458333333332,59.37291666666667,110.0,54.08358149595831,1033.1658452115491,29.0,47H0
20.61041666666665,59.37291666666667,64.0,51.58318349794935,1037.1418186369967,29.0,47H0
20.70625000000001,59.37291666666667,70.0,49.5986436141978,1041.786992050211,29.0,47H0
20.802083333333343,59.37291666666667,79.0,48.19373536152924,1045.7374323836627,29.0,47H0
20.897916666666674,59.37291666666667,66.0,47.26648923473251,1049.0360218910932,29.0,47H0
20.99375000000001,59.37291666666667,94.0,45.6733245154783,1053.0110046010466,29.0,47H0
21.089583333333337,59.37291666666667,83.0,44.73747782847757,1057.7205776964918,29.0,47H1
21.18541666666667,59.37291666666667,115.0,44.500440971801765,1061.62044886313,29.0,47H1
21.28125,59.37291666666667,109.0,44.845700987591634,1064.9068594508403,29.0,47H1
21.37708333333333,59.37291666666667,147.0,45.41742321653079,1068.8808509614566,29.0,47H1
21.472916666666663,59.37291666666667,166.0,45.7653081900358,1072.8563290896343,29.0,47H1
21.568749999999994,59.37291666666667,59.0,46.7934468507693,1077.5218840580435,29.0,47H1
21.66458333333333,59.37291666666667,74.0,48.13929738107102,1080.7783582134186,29.0,47H1
21.760416666666657,59.37291666666667,59.0,49.160792603726776,1084.751358040777,29.0,47H1
21.85624999999999,59.37291666666667,77.0,49.20553671661597,1088.725845211548,29.0,47H1
21.95208333333332,59.37291666666667,76.0,48.590321116813314,1092.0383437209675,29.0,47H1
22.04791666666665,59.37291666666667,80.0,44.41296576188984,1096.6505185015142,29.0,47H2
22.14375000000001,59.37291666666667,81.0,40.60484836569986,1100.6225261616112,29.0,47H2
22.239583333333343,59.37291666666667,94.0,37.279305029348535,1104.5960218910934,29.0,47H2
22.335416666666674,59.37291666666667,87.0,34.5758691616183,1108.5710046010454,29.0,47H2
22.43125000000001,59.37291666666667,111.0,32.91008881559194,1111.8830302335605,29.0,47H2
22.527083333333337,59.37291666666667,99.0,31.741609692337324,1116.4943556466071,29.0,47H2
22.62291666666667,59.37291666666667,92.0,31.57115388470113,1120.5858151640214,29.0,47H2
22.71875,59.37291666666667,93.0,32.20571155235299,1124.5321465842835,29.0,47H2
22.81458333333333,59.37291666666667,97.0,33.20978847006122,1129.2272058027736,29.0,47H2
22.910416666666663,59.37291666666667,95.0,27.755642766032462,1134.4117875731015,29.0,47H2
23.006249999999994,59.37291666666667,103.0,22.4102216737196,1138.9868594508391,32.0,47H3
23.10208333333333,59.37291666666667,101.0,17.274769027144362,1142.960850961457,32.0,47H3
23.197916666666657,59.37291666666667,104.0,13.332146584283464,1146.273957425186,32.0,47H3
23.58125000000001,59.37291666666667,94.0,13.24085096145686,1163.4102983534303,32.0,47H3
23.677083333333343,59.37291666666667,74.0,11.929150212800328,1168.8641786289063,32.0,47H3
19.55625000000001,59.42291666666665,26.0,12.259106870473314,1004.7444565371694,29.0,47G9
19.652083333333337,59.42291666666665,36.0,17.9171472052341,1007.5866329006484,29.0,47G9
19.74791666666667,59.42291666666665,38.0,22.63217322722576,1010.163303420842,29.0,47G9
19.84375,59.42291666666665,59.0,28.290192580188087,1013.3532329984104,29.0,47G9
19.93958333333333,59.42291666666665,33.0,33.94819596388575,1017.2834120476064,29.0,47G9
20.035416666666663,59.42291666666665,49.0,39.60618018443046,1021.960319880546,29.0,47H0
20.131249999999994,59.42291666666665,51.0,44.32115009211908,1025.2133908055964,29.0,47H0
20.22708333333333,59.42291666666665,53.0,49.319014997678416,1028.1848540620322,29.0,47H0
20.322916666666657,59.42291666666665,54.0,51.5140463297077,1031.2893772326383,29.0,47H0
20.41874999999999,59.42291666666665,54.0,52.50044440921711,1033.9101890316624,29.0,47H0
20.51458333333332,59.42291666666665,61.0,49.28653364744917,1037.2679518656355,29.0,47H0
20.61041666666665,59.42291666666665,57.0,46.53325170014843,1041.7844565371684,29.0,47H0
20.70625000000001,59.42291666666665,73.0,44.32652259740885,1045.731938120343,29.0,47H0
20.802083333333343,59.42291666666665,67.0,42.75107166867628,1049.6945582808444,29.0,47H0
20.897916666666674,59.42291666666665,62.0,41.97259834675256,1052.999081382681,29.0,47H0
20.99375000000001,59.42291666666665,61.0,40.27370620028449,1057.7199459322485,29.0,47H0
21.089583333333337,59.42291666666665,89.0,39.21078513418885,1061.616930902005,29.0,47H1
21.18541666666667,59.42291666666665,101.0,38.94052159996746,1065.5719348147804,29.0,47H1
21.28125,59.42291666666665,90.0,39.33403529889591,1068.8709152882727,29.0,47H1
21.37708333333333,59.42291666666665,92.0,39.85610608797781,1072.8434120476063,29.0,47H1
21.472916666666663,59.42291666666665,112.0,40.25150262815469,1077.520319880546,29.0,47H1
21.568749999999994,59.42291666666665,84.0,41.41504806259228,1081.4533330351435,29.0,47H1
21.66458333333333,59.42291666666665,63.0,42.92764687834303,1084.7434097763353,29.0,47H1
21.760416666666657,59.42291666666665,51.0,43.60398522150272,1088.714915782807,29.0,47H1
21.85624999999999,59.42291666666665,70.0,43.65435078902286,1092.6879077373126,29.0,47H1
21.95208333333332,59.42291666666665,73.0,43.46386390563562,1096.647538159991,29.0,47H1
22.04791666666665,59.42291666666665,68.0,42.72945522263298,1100.6165651691624,29.0,47H2
22.14375000000001,59.42291666666665,73.0,41.96376839983451,1104.587079939353,29.0,47H2
22.239583333333343,59.42291666666665,73.0,40.55636817960322,1108.559081382681,29.0,47H2
22.335416666666674,59.42291666666665,71.0,39.70694015729787,1113.279945932249,29.0,47H2
22.43125000000001,59.42291666666665,79.0,38.26734749430194,1116.490381789106,29.0,47H2
22.527083333333337,59.42291666666665,81.0,37.26871325113916,1120.459904839507,29.0,47H2
22.62291666666667,59.42291666666665,83.0,37.12385828392841,1124.4309152882715,29.0,47H2
22.71875,59.42291666666665,87.0,37.66419184853592,1127.7663052160524,29.0,47H2
22.81458333333333,59.42291666666665,87.0,35.00114396967983,1132.697326867205,29.0,47H2
22.910416666666663,59.42291666666665,97.0,29.88403958185648,1137.293821719114,29.0,47H2
23.006249999999994,59.42291666666665,96.0,25.005867002059144,1141.962678814902,32.0,47H3
23.10208333333333,59.42291666666665,104.0,20.53760870642637,1146.923412047605,32.0,47H3
23.197916666666657,59.42291666666665,99.0,17.3579870442047,1150.8848599585644,32.0,47H3
23.29374999999999,59.42291666666665,105.0,14.683842565545804,1154.8533908055954,32.0,47H3
23.38958333333332,59.42291666666665,102.0,13.903292821385964,1158.8234097763366,32.0,47H3
23.48541666666665,59.42291666666665,102.0,14.683842565545342,1162.1367792748802,32.0,47H3
23.58125000000001,59.42291666666665,98.0,17.357987044203842,1166.2507820930775,32.0,47H3
23.677083333333343,59.42291666666665,89.0,14.638341099334207,1171.4473032494548,32.0,47H3
23.772916666666674,59.42291666666665,85.0,10.64232381062399,1176.434556813238,32.0,47H3
19.55625000000001,59.47291666666666,40.0,12.206412337225371,1008.8659701368944,29.0,47G9
19.652083333333337,59.47291666666666,38.0,17.561162314261118,1012.2256350985411,29.0,47G9
19.74791666666667,59.47291666666666,45.0,22.13437542902308,1014.8190273298968,29.0,47G9
19.84375,59.47291666666666,54.0,27.68066109448809,1017.9798290921964,29.0,47G9
19.93958333333333,59.47291666666666,39.0,33.26056297853499,1021.9587564770676,29.0,47G9
20.035416666666663,59.47291666666666,54.0,38.85959289254507,1025.8888296077123,29.0,47H0
20.131249999999994,59.47291666666666,48.0,42.30296842671098,1029.1754631629262,29.0,47H0
20.22708333333333,59.47291666666666,42.0,44.12937476896799,1032.8168122281602,29.0,47H0
20.322916666666657,59.47291666666666,42.0,46.56614679993708,1035.9488225487275,29.0,47H0
20.41874999999999,59.47291666666666,84.0,47.6853671324793,1038.973772376183,29.0,47H0
20.51458333333332,59.47291666666666,47.0,44.667070206092056,1042.1228873932182,29.0,47H0
20.61041666666665,59.47291666666666,62.0,41.61392183526311,1045.7264456211046,29.0,47H0
20.70625000000001,59.47291666666666,53.0,39.13453904378345,1049.686092389531,29.0,47H0
20.802083333333343,59.47291666666666,22.0,37.34338739054389,1053.6510678751624,29.0,47H0
20.897916666666674,59.47291666666666,55.0,36.45093989280111,1056.9613540208154,29.0,47H0
20.99375000000001,59.47291666666666,69.0,34.92487212320764,1061.5873727152702,29.0,47H0
21.089583333333337,59.47291666666666,70.0,33.69548789644599,1065.5654519248144,29.0,47H1
21.18541666666667,59.47291666666666,63.0,33.38106790138021,1069.5273212035706,29.0,47H1
21.28125,59.47291666666666,68.0,33.83862067536364,1072.8304976696104,29.0,47H1
21.37708333333333,59.47291666666666,92.0,34.294788959422014,1076.8028735148969,29.0,47H1
21.472916666666663,59.47291666666666,105.0,34.75284124237477,1081.4488296077122,29.0,47H1
21.568749999999994,59.47291666666666,87.0,36.09213455372908,1085.405417575718,29.0,47H1
21.66458333333333,59.47291666666666,70.0,37.815739439595305,1088.7039886146454,29.0,47H1
21.760416666666657,59.47291666666666,45.0,38.04849562875732,1092.6739997025202,29.0,47H1
21.85624999999999,59.47291666666666,50.0,38.10611938377667,1096.878774190632,29.0,47H1
21.95208333333332,59.47291666666666,55.0,38.02232554050632,1100.610605418484,29.0,47H1
22.04791666666665,59.47291666666666,49.0,37.18184703296877,1104.5781398424074,29.0,47H2
22.14375000000001,59.47291666666666,61.0,36.71956102098944,1108.5471606269075,29.0,47H2
22.239583333333343,59.47291666666666,62.0,35.104972214956405,1112.5213540208154,29.0,47H2
22.335416666666674,59.47291666666666,61.0,34.345985335342554,1117.1473727152702,29.0,47H2
22.43125000000001,59.47291666666666,62.0,34.40987368551951,1120.452951674867,29.0,47H2
22.527083333333337,59.47291666666666,62.0,35.31705308230185,1124.4209816730654,29.0,47H2
22.62291666666667,59.47291666666666,75.0,37.06485879809389,1128.3904976696103,29.0,47H2
22.71875,59.47291666666666,81.0,35.856010646606485,1131.7993145829537,29.0,47H2
22.81458333333333,59.47291666666666,83.0,34.200255628510085,1136.3284244340316,29.0,47H2
22.910416666666663,59.47291666666666,84.0,32.82669763993195,1140.3988830988897,29.0,47H2
23.006249999999994,59.47291666666666,89.0,28.46445168740207,1145.0863029301825,32.0,47H3
23.10208333333333,59.47291666666666,94.0,24.637887039924472,1150.1232309966588,32.0,47H3
23.197916666666657,59.47291666666666,91.0,22.06149898091752,1154.1873727152704,32.0,47H3
23.29374999999999,59.47291666666666,91.0,20.02877365566401,1158.815463162926,32.0,47H3
23.38958333333332,59.47291666666666,90.0,19.464609949941764,1162.7839886146453,32.0,47H3
23.48541666666665,59.47291666666666,91.0,20.02877365566368,1166.0934681799988,32.0,47H3
23.58125000000001,59.47291666666666,90.0,22.061498980916834,1170.1393735659478,32.0,47H3
23.677083333333343,59.47291666666666,84.0,18.539085087395165,1174.6906054184851,32.0,47H3
23.772916666666674,59.47291666666666,95.0,15.3918015701508,1178.9896900121196,32.0,47H3
23.86875000000001,59.47291666666666,89.0,13.22098167306409,1183.9957698432036,32.0,47H3
23.964583333333337,59.47291666666666,84.0,10.398675311671006,1188.2533556220978,32.0,47H3
19.55625000000001,59.522916666666674,20.0,11.32205357542282,1013.5134574891258,29.0,48G9
19.652083333333337,59.522916666666674,50.0,16.951426224684237,1016.6849102001136,29.0,48G9
19.74791666666667,59.522916666666674,40.0,21.64759262337156,1019.473761747503,29.0,48G9
19.84375,59.522916666666674,55.0,27.285484845712297,1022.757577460764,29.0,48G9
19.93958333333333,59.522916666666674,27.0,32.92476793147073,1025.8843277362255,29.0,48G9
20.035416666666663,59.522916666666674,46.0,35.82563280796491,1029.8379456903942,29.0,48H0
20.131249999999994,59.522916666666674,31.0,36.96847195454353,1033.1330637454764,29.0,48H0
20.22708333333333,59.522916666666674,51.0,39.04221495220198,1037.1000945814903,29.0,48H0
20.322916666666657,59.522916666666674,96.0,41.77285397312259,1040.9450200872127,29.0,48H0
20.41874999999999,59.522916666666674,33.0,42.29851973653952,1043.356681370963,29.0,48H0
20.51458333333332,59.522916666666674,33.0,40.286326127807634,1046.4404644294834,29.0,48H0
20.61041666666665,59.522916666666674,49.0,36.87749652498481,1049.796122934136,29.0,48H0
20.70625000000001,59.522916666666674,88.0,34.059360976702244,1053.639627693859,29.0,48H0
20.802083333333343,59.522916666666674,59.0,31.988427392375662,1057.7186836509093,29.0,48H0
20.897916666666674,59.522916666666674,44.0,30.94348900059808,1060.9224365786076,29.0,48H0
20.99375000000001,59.522916666666674,56.0,29.65431532582227,1064.8859999813844,29.0,48H0
21.089583333333337,59.522916666666674,53.0,28.198273416537035,1069.1504959027095,29.0,48H1
21.18541666666667,59.522916666666674,70.0,27.822359029422007,1073.481035314711,29.0,48H1
21.28125,59.522916666666674,65.0,28.368902798976684,1076.8008874944803,29.0,48H1
21.37708333333333,59.522916666666674,54.0,28.7334718308648,1080.763459116214,29.0,48H1
21.472916666666663,59.522916666666674,108.0,29.27785793922229,1084.7275182285086,29.0,48H1
21.568749999999994,59.522916666666674,83.0,30.85343708615257,1089.2792974517276,29.0,48H1
21.66458333333333,59.522916666666674,47.0,32.45452078519587,1092.6600945814905,29.0,48H1
21.760416666666657,59.522916666666674,36.0,32.49499971796347,1096.6415793579529,29.0,48H1
21.85624999999999,59.522916666666674,56.0,32.5623527806144,1100.6046469305466,29.0,48H1
21.95208333333332,59.522916666666674,46.0,32.62121202641935,1103.937460695279,29.0,48H1
22.04791666666665,59.522916666666674,45.0,31.63905255187276,1108.5352423756365,29.0,48H2
22.14375000000001,59.522916666666674,58.0,31.58402879017827,1112.520361028419,29.0,48H2
22.239583333333343,59.522916666666674,46.0,29.69437011673486,1116.482436578607,29.0,48H2
22.335416666666674,59.522916666666674,50.0,28.7944674440092,1120.4459999813846,29.0,48H2
22.43125000000001,59.522916666666674,39.0,28.87053073790066,1123.9342432610665,29.0,48H2
22.527083333333337,59.522916666666674,42.0,29.944426047025445,1128.3775860010403,29.0,48H2
22.62291666666667,59.522916666666674,58.0,31.984226118445868,1132.3608874944805,29.0,48H2
22.71875,59.522916666666674,63.0,30.74390300914484,1135.6898989095316,29.0,48H2
22.81458333333333,59.522916666666674,78.0,28.79867054457378,1139.6389710415729,29.0,48H2
22.910416666666663,59.522916666666674,78.0,27.86962562479612,1144.0265568185134,29.0,48H2
23.006249999999994,59.522916666666674,80.0,28.05789574529566,1148.286994639402,32.0,48H3
23.10208333333333,59.522916666666674,82.0,29.225228214376543,1152.9183346648003,32.0,48H3
23.197916666666657,59.522916666666674,89.0,27.09199515944669,1156.8602830689272,32.0,48H3
23.29374999999999,59.522916666666674,87.0,25.46654277377128,1161.676831777013,32.0,48H3
23.38958333333332,59.522916666666674,85.0,25.02592707849898,1166.73244881396,32.0,48H3
23.48541666666665,59.522916666666674,92.0,25.46654277377101,1170.1171938534492,32.0,48H3
23.58125000000001,59.522916666666674,82.0,26.45100699540544,1174.044327736225,32.0,48H3
23.677083333333343,59.522916666666674,83.0,23.00097068318116,1178.0174606952792,32.0,48H3
23.772916666666674,59.522916666666674,82.0,20.55267693630115,1182.6152423756375,32.0,48H3
23.86875000000001,59.522916666666674,81.0,17.569440622841725,1187.3586836509094,32.0,48H3
23.964583333333337,59.522916666666674,82.0,15.56026917323037,1190.743411284177,32.0,48H3
24.06041666666667,59.522916666666674,89.0,14.860071340888048,1195.7675547206925,32.0,48H4
24.15625,59.522916666666674,88.0,12.586313964275885,1200.8152616337825,32.0,48H4
27.03125,59.522916666666674,20.0,10.195748069017318,1363.2426556893558,32.0,48H7
27.510416666666657,59.522916666666674,37.0,10.004549669191308,1391.8206649195135,32.0,48H7
27.60624999999999,59.522916666666674,34.0,11.475745327736748,1397.4619931630612,32.0,48H7
27.70208333333332,59.522916666666674,35.0,12.049520445204472,1402.163096511792,32.0,48H7
27.79791666666665,59.522916666666674,33.0,12.376293704421276,1407.8044135426462,32.0,48H7
19.55625000000001,59.57291666666666,34.0,13.009140015050502,1018.1632924215594,29.0,48G9
19.652083333333337,59.57291666666666,34.0,18.115287223690185,1021.5349809382888,29.0,48G9
19.74791666666667,59.57291666666666,25.0,22.56462310818505,1024.4701849104472,29.0,48G9
19.84375,59.57291666666666,32.0,28.01129212801657,1027.378502182166,29.0,48G9
19.93958333333333,59.57291666666666,26.0,29.675094663624552,1030.535694197325,29.0,48G9
20.035416666666663,59.57291666666666,46.0,30.37404641510924,1033.7881102278432,29.0,48H0
20.131249999999994,59.57291666666666,35.0,31.712002973420645,1037.0861924232,29.0,48H0
20.22708333333333,59.57291666666666,24.0,34.10342699735667,1041.078600918442,29.0,48H0
20.322916666666657,59.57291666666666,34.0,37.193989743779824,1045.0386897263677,29.0,48H0
20.41874999999999,59.57291666666666,37.0,36.96338375237714,1047.9699131401176,29.0,48H0
20.51458333333332,59.57291666666666,45.0,35.66507749338287,1051.09562683689,29.0,48H0
20.61041666666665,59.57291666666666,134.0,32.404278916636784,1054.3173239190544,29.0,48H0
20.70625000000001,59.57291666666666,51.0,29.162036580031643,1057.7180531384076,29.0,48H0
20.802083333333343,59.57291666666666,46.0,26.717912428407136,1061.6063849042569,29.0,48H0
20.897916666666674,59.57291666666666,35.0,25.459467578149845,1064.8790497835782,29.0,48H0
20.99375000000001,59.57291666666666,45.0,24.5125801369429,1068.8411207563852,29.0,48H0
21.089583333333337,59.57291666666666,53.0,22.7322640342454,1072.8046770873766,29.0,48H1
21.18541666666667,59.57291666666666,28.0,22.26495285542748,1077.5156320155422,29.0,48H1
21.28125,59.57291666666666,45.0,22.94326749430264,1080.7584948696544,29.0,48H1
21.37708333333333,59.57291666666666,63.0,23.172154702313243,1084.719575001099,29.0,48H1
21.472916666666663,59.57291666666666,41.0,23.842869732888808,1088.6821412138077,29.0,48H1
21.568749999999994,59.57291666666666,75.0,25.750406136243647,1092.6461924232,29.0,48H1
21.66458333333333,59.57291666666666,42.0,26.895971895209485,1096.6386009184432,29.0,48H1
21.760416666666657,59.57291666666666,29.0,26.944730252390794,1100.5986897263674,29.0,48H1
21.85624999999999,59.57291666666666,57.0,27.02579869619285,1104.5602653387584,29.0,48H1
21.95208333333332,59.57291666666666,21.0,27.284540848276464,1107.868110227843,29.0,48H1
22.04791666666665,59.57291666666666,32.0,26.10413830055799,1111.847376641186,29.0,48H2
22.14375000000001,59.57291666666666,71.0,26.10413830055801,1116.4784652536182,29.0,48H2
22.239583333333343,59.57291666666666,49.0,24.351768460839345,1120.4390497835782,29.0,48H2
22.335416666666674,59.57291666666666,51.0,23.247634218428647,1124.4011207563842,29.0,48H2
22.43125000000001,59.57291666666666,39.0,23.34164037839152,1127.708190630034,29.0,48H2
22.527083333333337,59.57291666666666,49.0,24.65561852325194,1132.3589019043177,29.0,48H2
22.62291666666667,59.57291666666666,46.0,27.09306331957704,1136.3184948696546,29.0,48H2
22.71875,59.57291666666666,62.0,25.81817295481463,1139.63249218875,29.0,48H2
22.81458333333333,59.57291666666666,67.0,23.47180933213633,1143.5884130584932,29.0,48H2
22.910416666666663,59.57291666666666,60.0,22.323901736769088,1147.548605779234,29.0,48H2
23.006249999999994,59.57291666666666,70.0,22.5581568466585,1152.1986009184418,32.0,48H3
23.10208333333333,59.57291666666666,65.0,24.13436065362512,1156.2848633383674,32.0,48H3
23.197916666666657,59.57291666666666,74.0,26.305635818473966,1160.1202653387595,32.0,48H3
23.29374999999999,59.57291666666666,68.0,27.94780474060593,1164.6212200338866,32.0,48H3
23.38958333333332,59.57291666666666,75.0,29.052855981502294,1169.3989019043186,32.0,48H3
23.48541666666665,59.57291666666666,82.0,28.19711460253892,1173.5059303496937,32.0,48H3
23.58125000000001,59.57291666666666,84.0,27.80658564277476,1177.990476057587,32.0,48H3
23.677083333333343,59.57291666666666,78.0,27.86122841208015,1181.9481102278432,32.0,48H3
23.772916666666674,59.57291666666666,74.0,25.351109771881887,1185.927376641186,32.0,48H3
23.86875000000001,59.57291666666666,71.0,22.45957662939349,1190.558465253617,32.0,48H3
23.964583333333337,59.57291666666666,68.0,20.927684782330555,1194.109333534882,32.0,48H3
24.06041666666667,59.57291666666666,67.0,20.008392433257693,1198.564392166639,32.0,48H4
24.15625,59.57291666666666,84.0,15.843326670858714,1203.3044076335652,32.0,48H4
24.25208333333333,59.57291666666666,89.0,12.92399695795703,1207.6684557813346,32.0,48H4
26.93541666666667,59.57291666666666,49.0,12.471467941432564,1358.5317888544166,32.0,48H6
27.03125,59.57291666666666,43.0,15.18811022784326,1363.2259209448491,32.0,48H7
27.12708333333333,59.57291666666666,44.0,14.949038673198247,1368.8588734435186,32.0,48H7
27.222916666666663,59.57291666666666,43.0,14.83017900947742,1375.174135191336,32.0,48H7
27.318749999999994,59.57291666666666,23.0,13.935071588223584,1380.807094822086,32.0,48H7
27.41458333333333,59.57291666666666,34.0,13.935071588223572,1385.50122351629,32.0,48H7
27.510416666666657,59.57291666666666,37.0,15.300078423398787,1391.8164812329303,32.0,48H7
27.60624999999999,59.57291666666666,39.0,16.92105614735363,1397.4494421040415,32.0,48H7
27.70208333333332,59.57291666666666,37.0,17.610837573756026,1402.143572644022,32.0,48H7
27.79791666666665,59.57291666666666,31.0,15.554965215640385,1407.7765223075771,32.0,48H7
27.893749999999983,59.57291666666666,22.0,11.219275891540926,1414.091788854415,32.0,48H7
19.460416666666674,59.62291666666667,19.0,10.35204591001164,1020.4537723761872,29.0,48G9
19.55625000000001,59.62291666666667,19.0,13.226486895889394,1023.2543251385566,29.0,48G9
19.652083333333337,59.62291666666667,13.0,17.35333809947687,1026.0954421360736,29.0,48G9
19.74791666666667,59.62291666666667,26.0,21.31910369177152,1028.6645519744975,29.0,48G9
19.84375,59.62291666666667,64.0,24.547736983232262,1032.0209612074093,29.0,48G9
19.93958333333333,59.62291666666667,35.0,24.11714901711993,1035.1857916192012,29.0,48G9
20.035416666666663,59.62291666666667,33.0,24.970901064869786,1038.2255198533328,29.0,48H0
20.131249999999994,59.62291666666667,33.0,26.57989427194736,1041.0756231339858,29.0,48H0
20.22708333333333,59.62291666666667,43.0,29.387910290969607,1045.0327338270265,29.0,48H0
20.322916666666657,59.62291666666667,34.0,32.91915338819003,1048.9913309951555,29.0,48H0
20.41874999999999,59.62291666666667,56.0,31.70607415193444,1052.297668390344,29.0,48H0
20.51458333333332,59.62291666666667,48.0,30.18478806831129,1055.7474090985845,29.0,48H0
20.61041666666665,59.62291666666667,38.0,28.3192711237804,1058.9940709692107,29.0,48H0
20.70625000000001,59.62291666666667,33.0,24.54923763033208,1062.2335317119216,29.0,48H0
20.802083333333343,59.62291666666667,30.0,21.59376424535484,1065.5460153900897,29.0,48H0
20.897916666666674,59.62291666666667,37.0,20.01814058713218,1068.8311935250165,29.0,48H0
20.99375000000001,59.62291666666667,65.0,19.464609949938936,1072.7917709742187,29.0,48H0
21.089583333333337,59.62291666666667,74.0,17.327016994439774,1076.7969167514482,29.0,48H1
21.18541666666667,59.62291666666667,40.0,16.710149170879184,1080.7535317119216,29.0,48H1
21.28125,59.62291666666667,56.0,17.602524850220657,1084.270154563931,29.0,48H1
21.37708333333333,59.62291666666667,32.0,17.610837573756026,1088.6712210582298,29.0,48H1
21.472916666666663,59.62291666666667,93.0,18.483192072470395,1092.632293276745,29.0,48H1
21.568749999999994,59.62291666666667,37.0,20.882736532864577,1096.6356231339846,29.0,48H1
21.66458333333333,59.62291666666667,28.0,21.338865596521632,1099.955328727559,29.0,48H1
21.760416666666657,59.62291666666667,26.0,21.400197772961647,1104.4025700443813,29.0,48H1
21.85624999999999,59.62291666666667,47.0,21.502029303390024,1108.5114135546708,29.0,48H1
21.95208333333332,59.62291666666667,33.0,22.05913246693264,1111.8159019648535,29.0,48H1
22.04791666666665,59.62291666666667,56.0,20.58346226673074,1115.854325138556,29.0,48H2
22.14375000000001,59.62291666666667,48.0,20.583462266730766,1119.8053748412926,29.0,48H2
22.239583333333343,59.62291666666667,47.0,19.134212966161822,1124.3911935250164,29.0,48H2
22.335416666666674,59.62291666666667,40.0,17.709887994118688,1128.3517709742189,29.0,48H2
22.43125000000001,59.62291666666667,39.0,17.8329273662824,1131.797423047767,29.0,48H2
22.527083333333337,59.62291666666667,37.0,19.518884672354723,1135.6828722437144,29.0,48H2
22.62291666666667,59.62291666666667,43.0,22.5151912417048,1139.830154563931,29.0,48H2
22.71875,59.62291666666667,41.0,21.209076994444608,1143.578963053319,29.0,48H2
22.81458333333333,59.62291666666667,52.0,18.28509528612661,1147.5361796184495,29.0,48H2
22.910416666666663,59.62291666666667,53.0,16.788497243032378,1151.5940709692106,29.0,48H2
23.006249999999994,59.62291666666667,52.0,17.09829980777829,1155.515328727558,32.0,48H3
23.10208333333333,59.62291666666667,51.0,19.126926979959343,1159.96257004438,32.0,48H3
23.197916666666657,59.62291666666667,57.0,21.50202930339005,1163.433503942776,32.0,48H3
23.29374999999999,59.62291666666667,58.0,22.421281081631385,1168.0783756933995,32.0,48H3
23.38958333333332,59.62291666666667,60.0,23.78253163826764,1172.7228722437155,32.0,48H3
23.48541666666665,59.62291666666667,65.0,22.730827273125666,1176.390538435531,32.0,48H3
23.58125000000001,59.62291666666667,69.0,22.245268514217543,1181.0355634943676,32.0,48H3
23.677083333333343,59.62291666666667,76.0,22.941217559056565,1185.8959019648546,32.0,48H3
23.772916666666674,59.62291666666667,76.0,24.912684863640887,1189.9343251385567,32.0,48H3
23.86875000000001,59.62291666666667,72.0,27.605006287192168,1193.8853748412926,32.0,48H3
23.964583333333337,59.62291666666667,63.0,26.375566137119268,1197.8207094845109,32.0,48H3
24.06041666666667,59.62291666666667,61.0,23.75603051437559,1201.9132091033755,32.0,48H4
24.15625,59.62291666666667,74.0,19.32419784858854,1206.761433072517,32.0,48H4
24.25208333333333,59.62291666666667,80.0,14.813781930432704,1210.3935317119217,32.0,48H4
26.74375000000001,59.62291666666667,33.0,10.06455197449859,1346.564038766879,32.0,48H6
26.839583333333337,59.62291666666667,28.0,13.241167779344254,1352.1886167734508,32.0,48H6
26.93541666666667,59.62291666666667,48.0,16.496756725057065,1358.5220219146713,32.0,48H6
27.03125,59.62291666666667,52.0,19.625519853332687,1363.209177620871,32.0,48H7
27.12708333333333,59.62291666666667,53.0,20.47797365319896,1368.833758461244,32.0,48H7
27.222916666666663,59.62291666666667,40.0,20.39149613803464,1375.167158805667,32.0,48H7
27.318749999999994,59.62291666666667,34.0,19.48728804323925,1380.7917467748175,32.0,48H7
27.41458333333333,59.62291666666667,35.0,19.487288043239243,1385.4788990863617,32.0,48H7
27.510416666666657,59.62291666666667,40.0,20.546420945744103,1391.812295401474,32.0,48H7
27.60624999999999,59.62291666666667,40.0,22.310964581386298,1397.4368846104117,32.0,48H7
27.70208333333332,59.62291666666667,34.0,18.39355104880279,1402.1240387668772,32.0,48H7
27.79791666666665,59.62291666666667,25.0,13.031005016459844,1407.7486167734492,32.0,48H7
19.652083333333337,59.67291666666665,63.0,14.777324071373464,1030.724464392179,29.0,48G9
19.74791666666667,59.67291666666665,49.0,19.274509242613973,1033.3101808777778,29.0,48G9
19.84375,59.67291666666665,40.0,19.116545066660947,1036.486846283591,29.0,48G9
19.93958333333333,59.67291666666665,19.0,18.561223184408583,1040.0540890553234,29.0,48G9
20.035416666666663,59.67291666666665,41.0,19.65618424783199,1043.079360940986,29.0,48H0
20.131249999999994,59.67291666666665,30.0,21.66072158123196,1045.7044936679767,29.0,48H0
20.22708333333333,59.67291666666665,16.0,25.0222133971617,1048.982398632539,29.0,48H0
20.322916666666657,59.67291666666665,34.0,28.850242157739768,1052.9395030692474,29.0,48H0
20.41874999999999,59.67291666666665,23.0,26.572823918635063,1056.242487031021,29.0,48H0
20.51458333333332,59.67291666666665,32.0,24.740686923579258,1060.2917949996306,29.0,48H0
20.61041666666665,59.67291666666665,70.0,24.09904089040469,1063.642435287441,29.0,48H0
20.70625000000001,59.67291666666665,32.0,20.414753056265813,1066.855543658694,29.0,48H0
20.802083333333343,59.67291666666665,32.0,16.750848226095858,1070.1403033174076,29.0,48H0
20.897916666666674,59.67291666666665,61.0,14.667102683919628,1072.8153749557066,29.0,48H0
20.99375000000001,59.67291666666665,33.0,13.90329282138738,1076.794932042902,29.0,48H0
21.089583333333337,59.67291666666665,55.0,12.064480638764254,1080.7485696606063,29.0,48H1
21.18541666666667,59.67291666666665,27.0,11.161834120716014,1084.7036937796863,29.0,48H1
21.28125,59.67291666666665,30.0,12.4563525713106,1088.0095158055456,29.0,48H1
21.37708333333333,59.67291666666665,58.0,12.049520445204472,1092.0886757977007,29.0,48H1
21.472916666666663,59.67291666666665,54.0,13.290252886034972,1096.6326460151363,29.0,48H1
21.568749999999994,59.67291666666665,32.0,16.19396279648923,1100.5867792536192,29.0,48H1
21.66458333333333,59.67291666666665,41.0,15.78472558116882,1103.8955436586928,29.0,48H1
21.760416666666657,59.67291666666665,43.0,15.86741742421566,1107.84722953245,29.0,48H1
21.85624999999999,59.67291666666665,41.0,16.004287725476967,1112.113963677579,29.0,48H1
21.95208333333332,59.67291666666665,27.0,17.047608094699562,1115.8517949996306,29.0,48H1
22.04791666666665,59.67291666666665,26.0,15.09265694947412,1119.784493667977,29.0,48H2
22.14375000000001,59.67291666666665,31.0,15.092656949474152,1123.7322535418175,29.0,48H2
22.239583333333343,59.67291666666665,28.0,14.1804108763631,1127.6992741522045,29.0,48H2
22.335416666666674,59.67291666666665,30.0,12.193615682630622,1132.3549320429022,29.0,48H2
22.43125000000001,59.67291666666665,32.0,12.371374773216454,1135.6793609409867,29.0,48H2
22.527083333333337,59.67291666666665,30.0,14.694579053242668,1139.619540669367,29.0,48H2
22.62291666666667,59.67291666666665,38.0,18.48485840444413,1143.5695158055444,29.0,48H2
22.71875,59.67291666666665,30.0,17.059763668412636,1146.9232834331538,29.0,48H2
22.81458333333333,59.67291666666665,35.0,13.402240634726148,1151.592510720311,29.0,48H2
22.910416666666663,59.67291666666665,26.0,11.278616282411958,1155.5108316236829,29.0,48H2
23.006249999999994,59.67291666666665,26.0,11.734128073658132,1159.455543658693,32.0,48H3
23.10208333333333,59.67291666666665,49.0,14.528171234733849,1163.4072295324493,32.0,48H3
23.197916666666657,59.67291666666665,55.0,16.004287725477,1166.9129593497553,32.0,48H3
23.29374999999999,59.67291666666665,53.0,16.917576460749554,1171.4248821509004,32.0,48H3
23.38958333333332,59.67291666666665,32.0,18.68169270351552,1175.9851539733468,32.0,48H3
23.48541666666665,59.67291666666665,48.0,17.32513291493964,1179.7401274123545,32.0,48H3
23.58125000000001,59.67291666666665,50.0,16.68395138566599,1184.1274615318237,32.0,48H3
23.677083333333343,59.67291666666665,62.0,17.59985418242477,1189.13761732074,32.0,48H3
23.772916666666674,59.67291666666665,68.0,20.098673988077262,1193.6391905448,32.0,48H3
23.86875000000001,59.67291666666665,71.0,23.684583725023018,1197.812253541818,32.0,48H3
23.964583333333337,59.67291666666665,71.0,26.5493997233063,1201.0995030692488,32.0,48H3
24.06041666666667,59.67291666666665,60.0,26.36236205533755,1205.8767933812774,32.0,48H4
24.15625,59.67291666666665,58.0,21.02709997869879,1210.0687679375171,32.0,48H4
24.25208333333333,59.67291666666665,70.0,16.725042016386148,1213.7130607130232,32.0,48H4
24.347916666666663,59.67291666666665,87.0,11.9488093712548,1218.3003033174075,32.0,48H4
25.210416666666674,59.67291666666665,99.0,10.612095952393815,1260.677383357818,32.0,48H5
25.30625000000001,59.67291666666665,90.0,11.297140734687172,1265.9782906827209,32.0,48H5
26.26458333333332,59.67291666666665,52.0,10.195748069013073,1318.6641431689332,32.0,48H6
26.36041666666665,59.67291666666665,20.0,11.221285116826015,1324.2803558569888,32.0,48H6
26.456249999999983,59.67291666666665,42.0,14.143505258202838,1329.89656323416,32.0,48H6
26.552083333333343,59.67291666666665,30.0,14.029229068960598,1336.2481074283344,32.0,48H6
26.647916666666674,59.67291666666665,49.0,13.903292821385964,1340.928285393709,32.0,48H6
26.74375000000001,59.67291666666665,29.0,14.998699906697162,1346.5444948952352,32.0,48H6
26.839583333333337,59.67291666666665,30.0,15.29369234507266,1352.160696961515,32.0,48H6
26.93541666666667,59.67291666666665,66.0,14.947404915126482,1358.5122499776644,32.0,48H6
27.03125,59.67291666666665,60.0,16.20787852598289,1363.192425730172,32.0,48H7
27.12708333333333,59.67291666666665,51.0,18.91021053454821,1368.8086306289267,32.0,48H7
27.222916666666663,59.67291666666665,33.0,18.561223184408583,1375.1601788505238,32.0,48H7
27.318749999999994,59.67291666666665,34.0,19.65618424783193,1380.776390874719,32.0,48H7
27.41458333333333,59.67291666666665,39.0,21.66072158123187,1385.4565632341598,32.0,48H7
27.510416666666657,59.67291666666665,45.0,25.0222133971617,1391.8081074283327,32.0,48H7
27.60624999999999,59.67291666666665,36.0,21.603123994598228,1397.4243206917342,32.0,48H7
27.70208333333332,59.67291666666665,21.0,16.946139939498625,1402.1044948952335,32.0,48H7
27.79791666666665,59.67291666666665,12.0,11.381613188398564,1407.7206969615136,32.0,48H7
19.652083333333337,59.72291666666666,65.0,14.051927511853496,1035.3625425653595,29.0,48G9
19.74791666666667,59.72291666666666,65.0,16.544420395732093,1037.9548117935244,29.0,48G9
19.84375,59.72291666666666,70.0,13.789477327719132,1041.2725378758976,29.0,48G9
19.93958333333333,59.72291666666666,75.0,13.009905128669091,1044.386336142372,29.0,48G9
20.035416666666663,59.72291666666666,74.0,14.52727549151555,1047.7260577036575,29.0,48H0
20.131249999999994,59.72291666666666,25.0,17.138826456941246,1050.345152768621,29.0,48H0
20.22708333333333,59.72291666666666,13.0,21.22332229018231,1053.378025610972,29.0,48H0
20.322916666666657,59.72291666666666,14.0,24.072513964742534,1056.956391248223,29.0,48H0
20.41874999999999,59.72291666666666,93.0,21.652049258061727,1060.2892659639804,29.0,48H0
20.51458333333332,59.72291666666666,16.0,19.36332173914217,1064.2190102917175,29.0,48H0
20.61041666666665,59.72291666666666,24.0,18.53772376184748,1068.1638001634344,29.0,48H0
20.70625000000001,59.72291666666666,24.0,17.10893333461612,1071.4329598984389,29.0,48H0
20.802083333333343,59.72291666666666,43.0,12.519889398909893,1074.4663661000857,29.0,48H0
21.568749999999994,59.72291666666666,30.0,10.85779758804154,1104.533468282633,29.0,48H1
21.66458333333333,59.72291666666666,34.0,10.238380456236849,1107.83679369215,29.0,48H1
21.760416666666657,59.72291666666666,31.0,10.36522558128758,1111.7890757836008,29.0,48H1
21.85624999999999,59.72291666666666,31.0,10.573253022355829,1115.8492659639792,29.0,48H1
21.95208333333332,59.72291666666666,13.0,12.509716982061995,1119.220923525775,29.0,48H1
22.527083333333337,59.72291666666666,31.0,10.61748128615202,1143.5600713496387,29.0,48H2
22.62291666666667,59.72291666666666,27.0,15.145943422228145,1147.5113376008496,29.0,48H2
22.71875,59.72291666666666,18.0,12.109496117137324,1150.872947785747,29.0,48H2
23.10208333333333,59.72291666666666,23.0,10.365225581287836,1167.3490757836007,32.0,48H3
23.197916666666657,59.72291666666666,14.0,10.573253022355876,1170.709669572492,32.0,48H3
23.29374999999999,59.72291666666666,22.0,11.469587338259426,1174.780923525774,32.0,48H3
23.38958333333332,59.72291666666666,18.0,13.789477327718648,1179.295523702397,32.0,48H3
23.48541666666665,59.72291666666666,40.0,12.061775901883191,1183.087207971395,32.0,48H3
23.58125000000001,59.72291666666666,45.0,11.122634257108771,1187.9129477857473,32.0,48H3
23.677083333333343,59.72291666666666,50.0,12.452580131490633,1192.0049555593046,32.0,48H3
23.772916666666674,59.72291666666666,42.0,15.783787820711986,1196.6643784696987,32.0,48H3
23.86875000000001,59.72291666666666,53.0,20.14687065084324,1201.3284860861695,32.0,48H3
23.964583333333337,59.72291666666666,60.0,21.14446626573315,1205.1163912482243,32.0,48H3
24.06041666666667,59.72291666666666,58.0,21.500937182574727,1209.0665565683817,32.0,48H4
24.15625,59.72291666666666,58.0,22.90906525478618,1213.4085180770696,32.0,48H4
24.25208333333333,59.72291666666666,63.0,19.819065592895488,1217.0485852063557,32.0,48H4
24.347916666666663,59.72291666666666,52.0,16.001458262086132,1221.6033965258027,32.0,48H4
24.443749999999994,59.72291666666666,81.0,13.506023148399828,1226.2696695724917,32.0,48H4
24.53958333333333,59.72291666666666,90.0,13.110816617464216,1230.6691792385627,32.0,48H4
24.635416666666657,59.72291666666666,87.0,14.537548415928187,1234.4847273925925,32.0,48H4
24.73124999999999,59.72291666666666,33.0,14.947987564713303,1239.4582149762728,32.0,48H4
24.82708333333332,59.72291666666666,85.0,12.52380016343551,1244.6921946350833,32.0,48H4
25.114583333333343,59.72291666666666,85.0,11.349993831908058,1258.1905134181077,32.0,48H5
25.210416666666674,59.72291666666666,89.0,15.156793692149954,1263.2121946350846,32.0,48H5
25.30625000000001,59.72291666666666,93.0,13.987911766885706,1268.160839756781,32.0,48H5
25.402083333333337,59.72291666666666,89.0,10.055190482125536,1273.143470180108,32.0,48H5
25.881249999999994,59.72291666666666,76.0,11.208080947299496,1298.269278235707,32.0,48H5
25.97708333333333,59.72291666666666,62.0,10.195748069017318,1303.5111183191586,32.0,48H5
26.072916666666657,59.72291666666666,22.0,11.279079588642007,1308.8688514929952,32.0,48H6
26.16874999999999,59.72291666666666,72.0,12.909100129345186,1313.2452128902205,32.0,48H6
26.26458333333332,59.72291666666666,25.0,15.757065197570288,1318.7721946350832,32.0,48H6
26.36041666666665,59.72291666666666,71.0,16.438257332741376,1324.313394689416,32.0,48H6
26.456249999999983,59.72291666666666,45.0,18.826366100085625,1329.9047723948163,32.0,48H6
26.552083333333343,59.72291666666666,52.0,19.55462889487996,1336.2439173166977,32.0,48H6
26.647916666666674,59.72291666666666,70.0,17.57791512602239,1340.9171117631895,32.0,48H6
26.74375000000001,59.72291666666666,73.0,13.154812751413145,1346.524941043975,32.0,48H6
27.03125,59.72291666666666,70.0,11.340594694631683,1363.1756652855092,32.0,48H7
27.12708333333333,59.72291666666666,59.0,13.50241332215863,1368.783489965702,32.0,48H7
27.222916666666663,59.72291666666666,37.0,13.009905128669091,1375.1531953312222,32.0,48H7
27.318749999999994,59.72291666666666,13.0,14.52727549151547,1380.7610271334838,32.0,48H7
27.41458333333333,59.72291666666666,59.0,17.13882645694113,1385.4342159766943,32.0,48H7
27.510416666666657,59.72291666666666,39.0,21.090599855930925,1391.8039173166958,32.0,48H7
27.60624999999999,59.72291666666666,16.0,21.68373179952301,1397.4117503575776,32.0,48H7
27.70208333333332,59.72291666666666,21.0,17.05794212309484,1402.084941043974,32.0,48H7
27.79791666666665,59.72291666666666,13.0,11.559291310204186,1407.6927628930323,32.0,48H7
19.55625000000001,59.772916666666674,74.0,10.42499894838125,1037.4179644129144,29.0,48G9
19.652083333333337,59.772916666666674,74.0,15.440220965350466,1040.4693926383195,29.0,48G9
19.74791666666667,59.772916666666674,149.0,12.655304674726674,1042.9866195932889,29.0,48G9
20.131249999999994,59.772916666666674,177.0,13.421934220253329,1054.9842226377052,29.0,48H0
20.22708333333333,59.772916666666674,177.0,17.63543044940634,1058.2709639870525,29.0,48H0
20.322916666666657,59.772916666666674,176.0,18.778049327461098,1061.5066195932886,29.0,48H0
20.41874999999999,59.772916666666674,19.0,17.12787016288742,1064.2135288008064,29.0,48H0
20.51458333333332,59.772916666666674,18.0,14.129095820263537,1068.1553493803272,29.0,48H0
20.61041666666665,59.772916666666674,46.0,12.97640663329168,1072.1024743779649,29.0,48H0
20.70625000000001,59.772916666666674,42.0,14.129095820264167,1076.2355353300024,29.0,48H0
22.62291666666667,59.772916666666674,16.0,10.8253105440274,1151.5893926383194,29.0,48H2
23.772916666666674,59.772916666666674,36.0,12.4962255415855,1199.827854148193,32.0,48H3
23.86875000000001,59.772916666666674,43.0,14.859396670585252,1204.4841692654477,32.0,48H3
23.964583333333337,59.772916666666674,54.0,15.784560367293883,1208.4559142118924,32.0,48H3
24.06041666666667,59.772916666666674,56.0,16.002821140213705,1213.0112644413998,32.0,48H4
24.15625,59.772916666666674,33.0,17.84745651972696,1216.9614251609314,32.0,48H4
24.25208333333333,59.772916666666674,40.0,19.121120133656987,1220.3869210586936,32.0,48H4
24.347916666666663,59.772916666666674,47.0,17.709004160056637,1224.9509639870523,32.0,48H4
24.443749999999994,59.772916666666674,68.0,17.70900416005662,1229.5818423003318,32.0,48H4
24.53958333333333,59.772916666666674,63.0,18.63191738715226,1234.0020265786534,32.0,48H4
24.635416666666657,59.772916666666674,75.0,19.660523821912903,1237.5996552247557,32.0,48H4
24.73124999999999,59.772916666666674,76.0,20.4126876956992,1242.7064834044008,32.0,48H4
24.82708333333332,59.772916666666674,73.0,17.05174367901219,1247.0937490929475,32.0,48H4
24.92291666666665,59.772916666666674,66.0,15.09317603322764,1252.1091236806496,32.0,48H4
25.018749999999983,59.772916666666674,72.0,14.859630766786792,1256.2802209653505,32.0,48H5
25.114583333333343,59.772916666666674,82.0,16.210510021827076,1261.4441660008083,32.0,48H5
25.210416666666674,59.772916666666674,89.0,19.17578066469714,1266.077963155523,32.0,48H5
25.30625000000001,59.772916666666674,86.0,17.865783929356756,1270.7329021099138,32.0,48H5
25.402083333333337,59.772916666666674,83.0,14.992422758859728,1275.6525340718754,32.0,48H5
25.49791666666667,59.772916666666674,87.0,13.934695946803396,1279.9641660008083,32.0,48H5
25.59375,59.772916666666674,92.0,13.290842364004346,1284.982117439156,32.0,48H5
25.68958333333333,59.772916666666674,83.0,12.049520445204472,1290.0064067757226,32.0,48H5
25.785416666666663,59.772916666666674,73.0,12.92420499022884,1295.3160033441666,32.0,48H5
25.881249999999994,59.772916666666674,78.0,15.250161808316076,1300.132966690894,32.0,48H5
25.97708333333333,59.772916666666674,69.0,15.757065197573118,1305.2504805282324,32.0,48H5
26.072916666666657,59.772916666666674,75.0,16.726384304228283,1310.6087283262336,32.0,48H6
26.16874999999999,59.772916666666674,82.0,17.922665684568447,1314.9959095870938,32.0,48H6
26.26458333333332,59.772916666666674,77.0,20.64470882227137,1320.5963352563313,32.0,48H6
26.36041666666665,59.772916666666674,22.0,21.82594451172612,1325.8394682379824,32.0,48H6
26.456249999999983,59.772916666666674,35.0,23.674073731877765,1331.212534071875,32.0,48H6
26.552083333333343,59.772916666666674,73.0,19.93604835372252,1336.798399267933,32.0,48H6
26.647916666666674,59.772916666666674,81.0,15.378023245022607,1341.1344425442253,32.0,48H6
26.74375000000001,59.772916666666674,81.0,10.037573305408126,1346.639461120572,32.0,48H6
27.41458333333333,59.772916666666674,53.0,13.218752713772496,1385.4118573309836,32.0,48H7
27.510416666666657,59.772916666666674,33.0,17.908775405572587,1391.7997250697545,32.0,48H7
27.60624999999999,59.772916666666674,18.0,23.00606954052385,1397.3991736175144,32.0,48H7
27.70208333333332,59.772916666666674,12.0,18.772492434429207,1402.0653772279898,32.0,48H7
27.79791666666665,59.772916666666674,20.0,13.362783024554924,1407.6648145892786,32.0,48H7
19.460416666666674,59.82291666666666,60.0,10.857477209231186,1040.052754003066,29.0,48G9
19.55625000000001,59.82291666666666,40.0,13.82119095153539,1042.533198162892,29.0,48G9
19.652083333333337,59.82291666666666,48.0,15.020588348375757,1045.4208834037713,29.0,48G9
19.74791666666667,59.82291666666666,69.0,10.414032346268032,1047.4966272303627,29.0,48G9
20.131249999999994,59.82291666666666,105.0,11.331976751416816,1059.58371875824,29.0,48H0
20.22708333333333,59.82291666666666,28.0,12.08538170113339,1062.897350114313,29.0,48H0
20.322916666666657,59.82291666666666,49.0,13.69674484882832,1066.0166272303618,29.0,48H0
20.41874999999999,59.82291666666666,22.0,13.407947969039077,1068.539183687417,29.0,48H0
23.964583333333337,59.82291666666666,26.0,10.23812586717521,1211.6889237008604,32.0,48H3
24.06041666666667,59.82291666666666,33.0,10.57103408495485,1216.2962255415855,32.0,48H4
24.15625,59.82291666666666,21.0,13.194491217753615,1220.899171287423,32.0,48H4
24.25208333333333,59.82291666666666,66.0,14.162747979262267,1224.3949069498194,32.0,48H4
24.347916666666663,59.82291666666666,35.0,12.192332611747238,1228.2761660415838,32.0,48H4
24.443749999999994,59.82291666666666,57.0,12.192332611747212,1232.839885454071,32.0,48H4
24.53958333333333,59.82291666666666,47.0,14.162747979262267,1237.3372242436271,32.0,48H4
24.635416666666657,59.82291666666666,55.0,17.072247915409527,1240.9391514148444,32.0,48H4
24.73124999999999,59.82291666666666,59.0,20.439032605055527,1245.4914304052395,32.0,48H4
24.82708333333332,59.82291666666666,74.0,22.05753419496257,1250.1451005321833,32.0,48H4
24.92291666666665,59.82291666666666,54.0,20.583271955439955,1254.8010082466094,32.0,48H4
25.018749999999983,59.82291666666666,74.0,20.412893536254355,1258.7592923435257,32.0,48H5
25.114583333333343,59.82291666666666,70.0,21.414840296392587,1264.0114304052397,32.0,48H5
25.210416666666674,59.82291666666666,72.0,23.73537862204573,1268.9464905629468,32.0,48H5
25.30625000000001,59.82291666666666,78.0,22.46257392822914,1273.894932149241,32.0,48H5
25.402083333333337,59.82291666666666,76.0,20.255742521565622,1278.5421414420573,32.0,48H5
25.49791666666667,59.82291666666666,76.0,19.48701956039614,1282.5314304052397,32.0,48H5
25.59375,59.82291666666666,76.0,18.481072595799706,1287.4664905629468,32.0,48H5
25.68958333333333,59.82291666666666,79.0,17.610837573757443,1292.4603875752,32.0,48H5
25.785416666666663,59.82291666666666,82.0,18.21957795680253,1297.469830717538,32.0,48H5
25.881249999999994,59.82291666666666,85.0,19.93457421472693,1301.8273989248364,32.0,48H5
25.97708333333333,59.82291666666666,76.0,21.318382326126088,1307.024455681949,32.0,48H5
26.072916666666657,59.82291666666666,73.0,22.0434368507006,1312.323398315447,32.0,48H6
26.16874999999999,59.82291666666666,71.0,23.18739957130329,1317.0016619701066,32.0,48H6
26.26458333333332,59.82291666666666,77.0,25.34719651737145,1322.4257799942038,32.0,48H6
26.36041666666665,59.82291666666666,7.0,27.28339950863015,1327.594413250023,32.0,48H6
26.456249999999983,59.82291666666666,63.0,25.17994013747101,1332.9180143502865,32.0,48H6
26.552083333333343,59.82291666666666,71.0,19.593075981179098,1338.455539848203,32.0,48H6
26.647916666666674,59.82291666666666,72.0,14.940131528903391,1342.9433209710062,32.0,48H6
27.41458333333333,59.82291666666666,49.0,10.6170323316944,1385.3894873140548,32.0,48H7
27.510416666666657,59.82291666666666,34.0,16.077668984239168,1391.7955306907006,32.0,48H7
27.60624999999999,59.82291666666666,27.0,21.35864865564201,1397.3865904811223,32.0,48H7
27.70208333333332,59.82291666666666,22.0,19.116762528677388,1402.04580346218,32.0,48H7
27.79791666666665,59.82291666666666,15.0,15.49724426260788,1407.6368520715366,32.0,48H7
27.893749999999983,59.82291666666666,25.0,10.412479676360508,1414.042904257508,32.0,48H7
19.364583333333343,59.87291666666667,52.0,11.893576606453784,1042.5310312610834,29.0,48G9
19.460416666666674,59.87291666666667,58.0,16.000604965006655,1045.0440594267936,29.0,48G9
19.55625000000001,59.87291666666667,44.0,18.30919134328389,1047.493486049112,29.0,48G9
19.652083333333337,59.87291666666667,62.0,15.349070719723498,1050.014229955197,29.0,48G9
19.74791666666667,59.87291666666667,84.0,10.89053929461552,1052.4784372956317,29.0,48G9
20.41874999999999,59.87291666666667,22.0,10.36825557661637,1073.1572462386755,29.0,48H0
24.635416666666657,59.87291666666667,42.0,12.617726250115782,1244.6759128386,32.0,48H4
24.73124999999999,59.87291666666667,52.0,16.527786616104436,1248.8369829020005,32.0,48H4
24.82708333333332,59.87291666666667,73.0,21.19642711702784,1253.3442587508928,32.0,48H4
24.92291666666665,59.87291666666667,75.0,25.85402056028642,1257.919644980035,32.0,48H4
25.018749999999983,59.87291666666667,59.0,25.094550889459253,1261.9869977934036,32.0,48H5
25.114583333333343,59.87291666666667,63.0,25.29930548626562,1266.6183181499237,32.0,48H5
25.210416666666674,59.87291666666667,61.0,26.68863873699796,1271.4554044147658,32.0,48H5
25.30625000000001,59.87291666666667,66.0,27.419056362507146,1276.4396449800352,32.0,48H5
25.402083333333337,59.87291666666667,70.0,25.64515452070325,1281.7159128386,32.0,48H5
25.49791666666667,59.87291666666667,71.0,25.043334592821093,1285.762974643252,32.0,48H5
25.59375,59.87291666666667,73.0,23.839254984683457,1290.3611995096649,32.0,48H5
25.68958333333333,59.87291666666667,75.0,23.172154702313243,1294.9596449800335,32.0,48H5
25.785416666666663,59.87291666666667,71.0,23.637416366878867,1300.2359128386,32.0,48H5
25.881249999999994,59.87291666666667,56.0,24.981263278091024,1304.3486008392208,32.0,48H5
25.97708333333333,59.87291666666667,75.0,26.87969945468189,1309.3220783427655,32.0,48H5
26.072916666666657,59.87291666666667,73.0,27.457435511062883,1314.2982575093445,32.0,48H6
26.16874999999999,59.87291666666667,77.0,28.564760231184145,1318.7559128386,32.0,48H6
26.26458333333332,59.87291666666667,79.0,30.341607756233728,1324.0818815290654,32.0,48H6
26.36041666666665,59.87291666666667,84.0,31.408951483401577,1329.3674768533033,32.0,48H6
26.456249999999983,59.87291666666667,54.0,25.967608139543096,1335.300889479693,32.0,48H6
26.552083333333343,59.87291666666667,54.0,20.604644394225183,1340.213357210561,32.0,48H6
26.647916666666674,59.87291666666667,63.0,16.251506198272274,1344.6810922906266,32.0,48H6
26.74375000000001,59.87291666666667,48.0,11.349948661989824,1349.9320067232427,32.0,48H6
27.41458333333333,59.87291666666667,55.0,10.609607481088869,1385.8290707197236,32.0,48H7
27.510416666666657,59.87291666666667,41.0,16.065958191206075,1391.7913341827289,32.0,48H7
27.60624999999999,59.87291666666667,40.0,17.059363215328737,1397.374000957984,32.0,48H7
27.70208333333332,59.87291666666667,41.0,14.156867168764942,1402.0262197614506,32.0,48H7
27.79791666666665,59.87291666666667,41.0,12.191905741929553,1407.6088753611004,32.0,48H7
27.893749999999983,59.87291666666667,16.0,12.609418413534538,1414.0331124059096,32.0,48H7
27.989583333333343,59.87291666666667,20.0,10.373486049111431,1419.6157763541369,32.0,48H7
19.26875000000001,59.92291666666665,112.0,11.181997887809343,1045.4158598303138,29.0,48G9
19.364583333333343,59.92291666666665,93.0,14.983179948864825,1047.490347038609,29.0,48G9
19.460416666666674,59.92291666666665,67.0,19.74299853702193,1050.009279240209,29.0,48G9
19.55625000000001,59.92291666666665,72.0,22.41662490352876,1052.4742801059122,29.0,48G9
19.652083333333337,59.92291666666665,84.0,17.533575027690585,1054.966471253661,29.0,48G9
19.74791666666667,59.92291666666665,164.0,13.700667751696551,1057.7136514919089,29.0,48G9
24.73124999999999,59.92291666666665,64.0,13.799920933139294,1252.1784716424363,32.0,48H4
24.82708333333332,59.92291666666665,58.0,18.35659079802529,1256.6584736079217,32.0,48H4
24.92291666666665,59.92291666666665,55.0,20.51684613096669,1261.433651491909,32.0,48H4
25.018749999999983,59.92291666666665,67.0,19.55262953418596,1265.2357613819097,32.0,48H5
25.114583333333343,59.92291666666665,62.0,19.81434239187364,1269.7474332427353,32.0,48H5
25.210416666666674,59.92291666666665,59.0,21.55755150402388,1274.3431799488662,32.0,48H5
25.30625000000001,59.92291666666665,57.0,24.46762645164984,1278.965550145861,32.0,48H5
25.402083333333337,59.92291666666665,56.0,26.895633038852708,1284.111208884558,32.0,48H5
25.49791666666667,59.92291666666665,62.0,27.02276348797183,1288.2674332427366,32.0,48H5
25.59375,59.92291666666665,55.0,28.14110428002455,1293.263140348814,32.0,48H5
25.68958333333333,59.92291666666665,54.0,28.73347183086621,1298.4736514919082,32.0,48H5
25.785416666666663,59.92291666666665,44.0,29.10942062908097,1302.9637766188378,32.0,48H5
25.881249999999994,59.92291666666665,70.0,30.20920774730813,1306.787433242735,32.0,48H5
25.97708333333333,59.92291666666665,76.0,31.265344934158502,1311.7831403488135,32.0,48H5
26.072916666666657,59.92291666666665,73.0,32.84379965679093,1316.9966523365206,32.0,48H6
26.16874999999999,59.92291666666665,76.0,34.00135335244399,1321.151208884558,32.0,48H6
26.26458333333332,59.92291666666665,72.0,35.504962641644404,1326.1470712930984,32.0,48H6
26.36041666666665,59.92291666666665,71.0,32.9878192109922,1331.1509840040874,32.0,48H6
26.456249999999983,59.92291666666665,75.0,27.86503426383638,1336.7879095088083,32.0,48H6
26.552083333333343,59.92291666666665,66.0,22.95801421550727,1342.006485857248,32.0,48H6
26.647916666666674,59.92291666666665,57.0,19.15389675286718,1346.3833025712704,32.0,48H6
26.74375000000001,59.92291666666665,44.0,15.224489603512106,1351.7007961981342,32.0,48H6
26.839583333333337,59.92291666666665,45.0,12.611344560132986,1357.3753891616063,32.0,48H6
26.93541666666667,59.92291666666665,52.0,10.568819103380022,1362.5547532888568,32.0,48H6
27.03125,59.92291666666665,43.0,10.237871778963534,1366.9741173373825,32.0,48H7
27.41458333333333,59.92291666666665,44.0,13.20085638962359,1387.5673621871586,32.0,48H7
27.510416666666657,59.92291666666665,46.0,17.877218867365507,1393.153722032536,32.0,48H7
27.60624999999999,59.92291666666665,46.0,13.379973529604356,1398.4758786192656,32.0,48H7
19.17291666666665,59.97291666666666,120.0,11.170803369200948,1049.1695204452003,29.0,48G9
19.26875000000001,59.97291666666666,114.0,15.106677569859654,1050.3967145217591,29.0,48G9
19.364583333333343,59.97291666666666,95.0,18.375087728080093,1052.4701259320004,29.0,48G9
19.460416666666674,59.97291666666666,81.0,20.006759210085765,1054.9605619520278,29.0,48G9
19.55625000000001,59.97291666666666,89.0,17.79744780057666,1057.7130244187936,29.0,48G9
19.652083333333337,59.97291666666666,216.0,14.97208963876074,1060.276637668131,29.0,48G9
19.74791666666667,59.97291666666666,222.0,11.86856135799187,1062.327109563837,29.0,48G9
24.73124999999999,59.97291666666666,44.0,10.485525665869917,1255.514687755286,32.0,48H4
24.82708333333332,59.97291666666666,36.0,14.388118717487943,1259.9764960517275,32.0,48H4
24.92291666666665,59.97291666666666,41.0,15.339753790540223,1264.6067272404894,32.0,48H4
25.018749999999983,59.97291666666666,52.0,14.026070502204329,1268.4988483146992,32.0,48H5
25.114583333333343,59.97291666666666,75.0,14.388118717487988,1272.7446361054965,32.0,48H5
25.210416666666674,59.97291666666666,47.0,16.704163226953924,1277.3837904156385,32.0,48H5
25.30625000000001,59.97291666666666,61.0,20.31658966827029,1282.516637668131,32.0,48H5
25.402083333333337,59.97291666666666,57.0,21.33843870654477,1287.018848314699,32.0,48H5
25.49791666666667,59.97291666666666,63.0,21.498216148029687,1290.7730424789183,32.0,48H5
25.59375,59.97291666666666,29.0,22.88607112371781,1295.7361764683344,32.0,48H5
25.68958333333333,59.97291666666666,50.0,25.435605328330816,1301.0379798048857,32.0,48H5
25.785416666666663,59.97291666666666,45.0,25.04299702867542,1305.9534363563014,32.0,48H5
25.881249999999994,59.97291666666666,55.0,25.04299702867542,1309.7846361054967,32.0,48H5
25.97708333333333,59.97291666666666,52.0,25.84910140515966,1314.4237904156366,32.0,48H5
26.072916666666657,59.97291666666666,74.0,27.54984914407221,1319.5579798048857,32.0,48H6
26.16874999999999,59.97291666666666,62.0,29.0238189901086,1323.673332283489,32.0,48H6
26.26458333333332,59.97291666666666,61.0,31.07026287824312,1328.6233399390676,32.0,48H6
26.36041666666665,59.97291666666666,70.0,33.90913790197033,1333.6023316286814,32.0,48H6
26.456249999999983,59.97291666666666,62.0,29.455055362511672,1338.8493832938757,32.0,48H6
26.552083333333343,59.97291666666666,62.0,24.0619131750926,1343.814906138567,32.0,48H6
26.647916666666674,59.97291666666666,55.0,19.639238185548148,1348.1144491687387,32.0,48H6
26.74375000000001,59.97291666666666,54.0,14.507321672202094,1353.815289886394,32.0,48H6
27.222916666666663,59.97291666666666,58.0,12.19197685829054,1379.282680606078,32.0,48H7
27.318749999999994,59.97291666666666,55.0,14.15784706500849,1384.6166763235542,32.0,48H7
27.41458333333333,59.97291666666666,56.0,17.06151044600754,1388.9744908786608,32.0,48H7
27.510416666666657,59.97291666666666,52.0,16.796006005304104,1394.5658691884776,32.0,48H7
27.60624999999999,59.97291666666666,46.0,11.282270711802246,1399.8615911021095,32.0,48H7
19.09375,60.022916666666674,109.0,12.048867659742214,1054.7308375737562,29.0,49G9
19.193749999999994,60.022916666666674,126.0,16.219013848937585,1054.7552951773685,29.0,49G9
19.29374999999999,60.022916666666674,120.0,17.635062109425416,1055.8918233152754,29.0,49G9
19.39375000000001,60.022916666666674,138.0,16.202800316513596,1058.5709791721447,29.0,49G9
19.49375000000001,60.022916666666674,195.0,14.177224202222014,1061.0445383263057,29.0,49G9
19.59375,60.022916666666674,233.0,12.457389952410304,1063.559625964745,29.0,49G9
24.893749999999983,60.022916666666674,26.0,11.15218779975391,1266.598942135448,32.0,49H4
25.193749999999994,60.022916666666674,27.0,11.78655803311836,1279.9516406450534,32.0,49H5
25.29374999999999,60.022916666666674,35.0,15.865122065495356,1284.562995990776,32.0,49H5
25.393749999999983,60.022916666666674,36.0,15.86512206549556,1289.195517184404,32.0,49H5
25.49375000000001,60.022916666666674,32.0,15.999166887376573,1293.8327233437212,32.0,49H5
25.59375,60.022916666666674,56.0,17.817946410580483,1299.021052119061,32.0,49H5
25.693749999999994,60.022916666666674,30.0,20.317201857430373,1303.4570756929052,32.0,49H5
25.79374999999999,60.022916666666674,33.0,19.486519004719348,1308.448867659742,32.0,49H5
25.893749999999983,60.022916666666674,42.0,19.552098867412784,1313.4210487995667,32.0,49H5
25.99375000000001,60.022916666666674,48.0,20.82036255735084,1318.739610577039,32.0,49H5
26.09375,60.022916666666674,60.0,22.562405849573384,1323.2090669405866,32.0,49H6
26.193749999999994,60.022916666666674,49.0,24.454704108520268,1327.7985218476308,32.0,49H6
26.29374999999999,60.022916666666674,60.0,27.22666566250973,1332.7551303631649,32.0,49H6
26.393749999999983,60.022916666666674,65.0,30.756239468129568,1338.0734965915929,32.0,49H6
26.49375000000001,60.022916666666674,55.0,26.060481842005185,1342.9824149487413,32.0,49H6
26.59375,60.022916666666674,52.0,20.79820958844394,1347.9502455057511,32.0,49H6
26.693749999999994,60.022916666666674,52.0,15.518707059743187,1352.9336558345135,32.0,49H6
26.79374999999999,60.022916666666674,57.0,10.229474853994924,1358.1761743187358,32.0,49H6
27.29374999999999,60.022916666666674,56.0,14.819893875000991,1384.258375129436,32.0,49H7
19.09375,60.07291666666666,183.0,14.36628463377486,1061.201317128553,29.0,49G9
19.193749999999994,60.07291666666666,144.0,13.67349828243321,1061.201317128553,29.0,49G9
19.29374999999999,60.07291666666666,165.0,12.084844470523716,1061.2778079040584,29.0,49G9
19.39375000000001,60.07291666666666,217.0,11.777646081526482,1063.558150559141,29.0,49G9
25.29374999999999,60.07291666666666,48.0,10.36171319419402,1287.7255520109711,32.0,49H5
25.393749999999983,60.07291666666666,15.0,10.361713194194335,1292.3503425881918,32.0,49H5
25.49375000000001,60.07291666666666,33.0,10.56550411268183,1296.951951068137,32.0,49H5
25.59375,60.07291666666666,49.0,13.154567211835143,1301.7973696669308,32.0,49H5
25.693749999999994,60.07291666666666,26.0,15.282807121073814,1306.4157490621851,32.0,49H5
25.79374999999999,60.07291666666666,42.0,13.933902599135044,1311.0447389672315,32.0,49H5
25.893749999999983,60.07291666666666,38.0,14.025331107781144,1315.869598300815,32.0,49H5
25.99375000000001,60.07291666666666,42.0,15.531614806893076,1321.1286547597424,32.0,49H5
26.09375,60.07291666666666,23.0,17.310120371538847,1326.104987445541,32.0,49H6
26.193749999999994,60.07291666666666,44.0,19.528916590994665,1330.8567629189406,32.0,49H6
26.29374999999999,60.07291666666666,51.0,22.90022785496962,1336.0590712204926,32.0,49H6
26.393749999999983,60.07291666666666,66.0,26.97966390749992,1340.4880600005256,32.0,49H6
26.49375000000001,60.07291666666666,58.0,25.03311737592273,1345.4733466722794,32.0,49H6
26.59375,60.07291666666666,55.0,19.505049996619626,1350.441511152497,32.0,49H6
26.693749999999994,60.07291666666666,52.0,13.99246188975334,1355.7741719742726,32.0,49H6
27.193749999999994,60.07291666666666,54.0,10.349844299835588,1381.6337226580938,32.0,49H7
27.29374999999999,60.07291666666666,60.0,15.515139893407577,1386.2223705252125,32.0,49H7
19.09375,60.12291666666667,192.0,13.636513432812167,1066.7626342571089,29.0,49G9
25.99375000000001,60.12291666666667,45.0,10.352600872682617,1323.644818246519,32.0,49H5
26.09375,60.12291666666667,40.0,12.04021328996783,1328.5752293715743,32.0,49H6
26.193749999999994,60.12291666666667,40.0,15.05260966551736,1333.5346624085284,32.0,49H6
26.29374999999999,60.12291666666667,37.0,19.219935498635696,1338.8313619401792,32.0,49H6
26.393749999999983,60.12291666666667,31.0,21.68142954484425,1343.4452572688251,32.0,49H6
26.49375000000001,60.12291666666667,45.0,24.116610376366847,1348.0697642816922,32.0,49H6
26.59375,60.12291666666667,57.0,19.753094283084906,1352.8855353478846,32.0,49H6
26.693749999999994,60.12291666666667,21.0,14.345966105429566,1358.161133706603,32.0,49H6
27.193749999999994,60.12291666666667,50.0,12.406023005512324,1384.364317392501,32.0,49H7
27.29374999999999,60.12291666666667,55.0,17.53954364140705,1389.4782496167174,32.0,49H7
19.09375,60.17291666666665,226.0,12.020741784395783,1072.3239513856618,29.0,49G9
26.193749999999994,60.17291666666665,34.0,11.560275801585137,1336.3576063564915,32.0,49H6
26.29374999999999,60.17291666666665,23.0,14.62279204971932,1341.3256311196517,32.0,49H6
26.393749999999983,60.17291666666665,36.0,16.556659646907313,1346.2749496157844,32.0,49H6
26.49375000000001,60.17291666666665,31.0,18.5605236601282,1351.2045455739824,32.0,49H6
26.59375,60.17291666666665,44.0,19.09955775036244,1355.882913775198,32.0,49H6
26.693749999999994,60.17291666666665,51.0,16.66375996172111,1360.6753121341017,32.0,49H6
26.79374999999999,60.17291666666665,45.0,12.441775141264184,1365.5991873490195,32.0,49H6
27.09375,60.17291666666665,57.0,11.141026137766532,1380.8047724808475,32.0,49H7
27.193749999999994,60.17291666666665,60.0,11.274007510430309,1385.767915843326,32.0,49H7
27.29374999999999,60.17291666666665,55.0,12.08463033307312,1391.0641193507254,32.0,49H7
19.09375,60.22291666666666,230.0,12.841276844355654,1078.7944309404616,29.0,49G9
26.393749999999983,60.22291666666666,17.0,11.832921838158086,1348.7088577934364,32.0,49H6
26.49375000000001,60.22291666666666,37.0,13.008907602570815,1354.021611274056,32.0,49H6
26.59375,60.22291666666666,32.0,13.765929823559397,1358.9809985642444,32.0,49H6
26.693749999999994,60.22291666666666,24.0,12.05685729792858,1363.520275801585,32.0,49H6
26.79374999999999,60.22291666666666,24.0,10.237112550732842,1368.1070338651637,32.0,49H6
26.893749999999983,60.22291666666666,23.0,11.184057547598709,1373.3936136741536,32.0,49H6
26.99375000000001,60.22291666666666,38.0,10.749671950356452,1378.3551246067686,32.0,49H6
18.99375000000001,60.272916666666674,189.0,10.49060788121047,1084.3557480690174,29.0,49G8
19.09375,60.272916666666674,144.0,15.721163202577811,1084.3557480690174,29.0,49G9
19.193749999999994,60.272916666666674,51.0,11.379905338296044,1084.3557480690174,29.0,49G9
18.99375000000001,60.32291666666666,154.0,13.105455497874177,1089.9170651975703,29.0,49G8
19.09375,60.32291666666666,92.0,17.708778776409783,1089.9170651975703,29.0,49G9
19.193749999999994,60.32291666666666,43.0,13.826519058975787,1089.9170651975703,29.0,49G9
18.89375000000001,60.37291666666667,66.0,13.746255671955284,1096.3875447523687,29.0,49G8
18.99375000000001,60.37291666666667,124.0,17.184572101670057,1096.3875447523687,29.0,49G8
19.09375,60.37291666666667,53.0,20.903114526033647,1096.3875447523687,29.0,49G9
19.193749999999994,60.37291666666667,28.0,17.739770224195915,1096.3875447523687,29.0,49G9
19.29374999999999,60.37291666666667,30.0,14.347730349426836,1096.3875447523687,29.0,49G9
19.39375000000001,60.37291666666667,13.0,10.460799284054708,1096.3875447523687,29.0,49G9
18.89375000000001,60.42291666666665,51.0,14.81883230275106,1101.9488618809216,29.0,49G8
18.99375000000001,60.42291666666665,52.0,20.01799505273775,1101.9488618809216,29.0,49G8
19.09375,60.42291666666665,43.0,24.942652630897708,1101.9488618809216,29.0,49G9
19.193749999999994,60.42291666666665,36.0,22.1653381216859,1101.9488618809216,29.0,49G9
19.29374999999999,60.42291666666665,30.0,17.666634268251958,1101.9488618809216,29.0,49G9
19.39375000000001,60.42291666666665,21.0,13.081618952340452,1101.9488618809216,29.0,49G9
18.79374999999999,60.47291666666666,26.0,11.492565155763366,1107.5101790094775,29.0,49G8
18.89375000000001,60.47291666666666,48.0,16.50816844175209,1107.5101790094775,29.0,49G8
18.99375000000001,60.47291666666666,43.0,21.7519786751646,1107.5101790094775,29.0,49G8
19.09375,60.47291666666666,46.0,27.091796624186543,1107.5101790094775,29.0,49G9
19.193749999999994,60.47291666666666,59.0,25.229778693075364,1107.5101790094775,29.0,49G9
19.29374999999999,60.47291666666666,35.0,20.867440881006832,1107.5101790094775,29.0,49G9
19.39375000000001,60.47291666666666,31.0,16.93284017764586,1107.5101790094775,29.0,49G9
19.49375000000001,60.47291666666666,18.0,13.61188722603812,1107.5384087002826,29.0,49G9
18.79374999999999,60.522916666666674,50.0,14.779708512836605,1113.9806585642773,30.0,50G8
18.89375000000001,60.522916666666674,48.0,19.10319718303491,1113.9806585642773,30.0,50G8
18.99375000000001,60.522916666666674,52.0,23.77502845619196,1113.9806585642773,30.0,50G8
19.09375,60.522916666666674,55.0,28.73442181046697,1113.9806585642773,30.0,50G9
19.193749999999994,60.522916666666674,67.0,28.66057355522221,1113.9806585642773,30.0,50G9
19.29374999999999,60.522916666666674,26.0,24.738580159965696,1113.9806585642773,30.0,50G9
19.39375000000001,60.522916666666674,35.0,20.922113338978107,1113.9806585642773,30.0,50G9
19.49375000000001,60.522916666666674,33.0,16.355623353684226,1113.9806585642773,30.0,50G9
19.59375,60.522916666666674,43.0,12.54425853343153,1114.126568892223,30.0,50G9
19.693749999999994,60.522916666666674,24.0,10.358141784258295,1116.5829818700338,30.0,50G9
19.79374999999999,60.522916666666674,39.0,10.358141784258295,1119.1049272562632,30.0,50G9
19.89375000000001,60.522916666666674,41.0,11.1226342571116,1121.532852434142,30.0,50G9
20.59375,60.522916666666674,6.0,11.71088255998007,1139.6829145373367,30.0,50H0
18.193749999999994,60.57291666666666,31.0,10.018655199089546,1127.730070700057,30.0,50G8
18.59375,60.57291666666666,31.0,11.454339052863856,1119.5419756928304,30.0,50G8
18.693749999999994,60.57291666666666,41.0,13.824361821411117,1119.5419756928304,30.0,50G8
18.79374999999999,60.57291666666666,29.0,17.63335007088163,1119.5419756928304,30.0,50G8
18.89375000000001,60.57291666666666,69.0,22.15102190368664,1119.5419756928304,30.0,50G8
18.99375000000001,60.57291666666666,73.0,26.81812169879912,1119.5419756928304,30.0,50G8
19.09375,60.57291666666666,66.0,31.292566020882266,1119.5419756928304,30.0,50G9
19.193749999999994,60.57291666666666,66.0,32.53836066888243,1119.5419756928304,30.0,50G9
19.29374999999999,60.57291666666666,63.0,28.48691497237016,1119.5419756928304,30.0,50G9
19.39375000000001,60.57291666666666,47.0,24.115376966309363,1119.5419756928304,30.0,50G9
19.49375000000001,60.57291666666666,42.0,20.28757673699526,1119.5419756928304,30.0,50G9
19.59375,60.57291666666666,39.0,17.366859467369572,1119.591663490403,30.0,50G9
19.693749999999994,60.57291666666666,33.0,15.862464301490087,1121.5297426944524,30.0,50G9
19.79374999999999,60.57291666666666,27.0,15.862464301490087,1124.025202977055,30.0,50G9
19.89375000000001,60.57291666666666,10.0,16.14772235352101,1126.5005165794598,30.0,50G9
19.99375000000001,60.57291666666666,27.0,14.087545481499175,1128.9699646851795,30.0,50G9
20.09375,60.57291666666666,28.0,12.186886136235326,1131.7855345460807,30.0,50H0
20.193749999999994,60.57291666666666,12.0,12.589993846640697,1134.326450422796,30.0,50H0
20.29374999999999,60.57291666666666,32.0,13.479894318191333,1136.910177516917,30.0,50H0
20.39375000000001,60.57291666666666,37.0,14.170258014698586,1139.2265765501088,30.0,50H0
20.49375000000001,60.57291666666666,21.0,14.170258014698923,1141.7414584868632,30.0,50H0
20.59375,60.57291666666666,19.0,14.418115091392496,1144.301091957408,30.0,50H0
18.193749999999994,60.62291666666667,35.0,10.67297258084838,1133.0430253451743,30.0,50G8
18.29374999999999,60.62291666666667,40.0,11.567571143111412,1130.2114539044658,30.0,50G8
18.39375000000001,60.62291666666667,22.0,10.195748069015902,1127.87892808277,30.0,50G8
18.49375000000001,60.62291666666667,47.0,11.567571143110758,1126.1394685205903,30.0,50G8
18.59375,60.62291666666667,44.0,14.945731950824758,1125.1032928213858,30.0,50G8
18.693749999999994,60.62291666666667,32.0,18.591663957553656,1125.1032928213858,30.0,50G8
18.79374999999999,60.62291666666667,45.0,21.57050501920024,1125.1032928213858,30.0,50G8
18.89375000000001,60.62291666666667,58.0,25.391758869416456,1125.1032928213858,30.0,50G8
18.99375000000001,60.62291666666667,96.0,29.73236871351437,1125.1032928213858,30.0,50G8
19.09375,60.62291666666667,69.0,34.39626617278353,1125.1032928213858,30.0,50G9
19.193749999999994,60.62291666666667,66.0,36.14295029205658,1125.1032928213858,30.0,50G9
19.29374999999999,60.62291666666667,55.0,31.88764016252152,1125.1032928213858,30.0,50G9
19.39375000000001,60.62291666666667,47.0,28.057517929352183,1125.1032928213858,30.0,50G9
19.49375000000001,60.62291666666667,54.0,24.849980635205323,1125.1032928213858,30.0,50G9
19.59375,60.62291666666667,57.0,22.532502359561665,1125.133116046924,30.0,50G9
19.693749999999994,60.62291666666667,30.0,21.39628334357852,1126.4964029865723,30.0,50G9
19.79374999999999,60.62291666666667,37.0,21.39628334357852,1128.964108441996,30.0,50G9
19.89375000000001,60.62291666666667,20.0,21.36737509671323,1131.7849133772174,30.0,50G9
19.99375000000001,60.62291666666667,47.0,19.06114382337852,1134.323942884406,30.0,50G9
20.09375,60.62291666666667,40.0,17.70496261937251,1136.7593857195077,30.0,50H0
20.193749999999994,60.62291666666667,32.0,17.984382236063755,1139.2232002802266,30.0,50H0
20.29374999999999,60.62291666666667,31.0,18.893041616573893,1141.7387880045685,30.0,50H0
20.39375000000001,60.62291666666667,26.0,19.655892497817643,1144.1787365008863,30.0,50H0
20.49375000000001,60.62291666666667,39.0,19.121855055028146,1146.6668393464383,30.0,50H0
20.59375,60.62291666666667,29.0,13.67387117857566,1149.1481914688136,30.0,50H0
18.193749999999994,60.67291666666665,48.0,13.635357408441129,1137.9784109247917,30.0,50G8
18.29374999999999,60.67291666666665,49.0,16.676158194459795,1135.5707257049974,30.0,50G8
18.39375000000001,60.67291666666665,45.0,15.757065197568872,1133.4275447523687,30.0,50G8
18.49375000000001,60.67291666666665,46.0,16.676158194459337,1131.573772376183,30.0,50G8
18.59375,60.67291666666665,37.0,19.17085362368932,1130.664609949939,30.0,50G8
18.693749999999994,60.67291666666665,45.0,22.728110930528587,1130.664609949939,30.0,50G8
18.79374999999999,60.67291666666665,69.0,26.105454217602816,1130.664609949939,30.0,50G8
18.89375000000001,60.67291666666665,57.0,29.337201214830703,1130.664609949939,30.0,50G8
18.99375000000001,60.67291666666665,97.0,33.15980867433068,1130.664609949939,30.0,50G8
19.09375,60.67291666666665,68.0,37.39249652579727,1130.664609949939,30.0,50G9
19.193749999999994,60.67291666666665,73.0,39.661540294629326,1130.664609949939,30.0,50G9
19.29374999999999,60.67291666666665,72.0,35.83287701036341,1130.664609949939,30.0,50G9
19.39375000000001,60.67291666666665,69.0,32.476969454594084,1130.664609949939,30.0,50G9
19.49375000000001,60.67291666666665,67.0,29.754221858738426,1130.664609949939,30.0,50G9
19.59375,60.67291666666665,64.0,27.850960246034024,1130.6858904185428,30.0,50G9
19.693749999999994,60.67291666666665,52.0,26.94142911633546,1131.7842926787164,30.0,50G9
19.79374999999999,60.67291666666665,56.0,26.94142911633546,1134.3214366321,30.0,50G9
19.89375000000001,60.67291666666665,44.0,26.44952069635076,1136.757746385901,30.0,50G9
19.99375000000001,60.67291666666665,41.0,24.2909847328544,1139.219826375071,30.0,50G9
20.09375,60.67291666666665,41.0,23.243659430517454,1141.736119744942,30.0,50H0
20.193749999999994,60.67291666666665,33.0,23.45686580496626,1144.1743883150411,30.0,50H0
20.29374999999999,60.67291666666665,30.0,24.37299698114788,1146.6607055632098,30.0,50H0
20.39375000000001,60.67291666666665,32.0,25.17475918767185,1149.1769229077247,30.0,50H0
20.49375000000001,60.67291666666665,29.0,20.15731736205737,1152.057217196454,30.0,50H0
20.59375,60.67291666666665,39.0,15.097147582322034,1154.4334981968632,30.0,50H0
20.693749999999994,60.67291666666665,32.0,10.440047112168678,1156.936916795153,30.0,50H0
17.79374999999999,60.72291666666666,41.0,12.973413648767345,1154.0898501314052,30.0,50G7
17.89375000000001,60.72291666666666,41.0,11.700574472837625,1150.833368437083,30.0,50G7
17.993750000000006,60.72291666666666,48.0,11.269898206007792,1147.9087849576883,30.0,50G7
18.09375,60.72291666666666,55.0,13.284381052630508,1145.4077099538108,30.0,50G8
18.193749999999994,60.72291666666666,51.0,16.890703111417157,1142.944111418773,30.0,50G8
18.29374999999999,60.72291666666666,40.0,21.294918843435543,1140.4705799263509,30.0,50G8
18.39375000000001,60.72291666666666,43.0,21.318382326126088,1138.8177349197524,30.0,50G8
18.49375000000001,60.72291666666666,49.0,22.005369419999308,1137.1350895047403,30.0,50G8
18.59375,60.72291666666666,50.0,23.94837759395654,1137.1350895047403,30.0,50G8
18.693749999999994,60.72291666666666,62.0,26.876360182613617,1137.1350895047403,30.0,50G8
18.79374999999999,60.72291666666666,58.0,30.507011995659937,1137.1350895047403,30.0,50G8
18.89375000000001,60.72291666666666,55.0,33.7410379402906,1137.1350895047403,30.0,50G8
18.99375000000001,60.72291666666666,90.0,37.10779245403097,1137.1350895047403,30.0,50G8
19.09375,60.72291666666666,83.0,40.928602482584026,1137.1350895047403,30.0,50G9
19.193749999999994,60.72291666666666,73.0,43.607553963062486,1137.1350895047403,30.0,50G9
19.29374999999999,60.72291666666666,76.0,40.16247955192485,1137.1350895047403,30.0,50G9
19.39375000000001,60.72291666666666,76.0,37.20401999815711,1137.1350895047403,30.0,50G9
19.49375000000001,60.72291666666666,69.0,34.85630950640729,1137.1350895047403,30.0,50G9
19.59375,60.72291666666666,63.0,33.248981636844235,1137.1350895047403,30.0,50G9
19.693749999999994,60.72291666666666,61.0,32.492103032150844,1137.190415196752,30.0,50G9
19.79374999999999,60.72291666666666,63.0,32.492103032150844,1139.2164548474527,30.0,50G9
19.89375000000001,60.72291666666666,65.0,31.432281283422736,1141.7334537175952,30.0,50G9
19.99375000000001,60.72291666666666,50.0,29.64174664223234,1144.1700434217807,30.0,50G9
20.09375,60.72291666666666,54.0,28.791078493231,1146.6545760450556,30.0,50H0
20.193749999999994,60.72291666666666,35.0,28.9632110097758,1149.1374925203006,30.0,50H0
20.29374999999999,60.72291666666666,39.0,29.88302916008128,1152.0568817639733,30.0,50H0
20.39375000000001,60.72291666666666,35.0,27.319111486519592,1154.4316370456995,30.0,50H0
20.49375000000001,60.72291666666666,38.0,22.557611949972493,1156.9332342041337,30.0,50H0
20.59375,60.72291666666666,28.0,18.1859665437685,1159.400556855201,30.0,50H0
20.693749999999994,60.72291666666666,41.0,14.559698881795525,1161.863403737456,30.0,50H0
20.79374999999999,60.72291666666666,18.0,11.785235620093973,1164.3685446539405,30.0,50H0
17.693749999999994,60.772916666666674,58.0,13.86418046242738,1161.518213421689,30.0,50G7
17.79374999999999,60.772916666666674,48.0,17.384005008824676,1158.60952355853,30.0,50G7
17.89375000000001,60.772916666666674,62.0,17.074078482946014,1155.671638180237,30.0,50G7
17.993750000000006,60.772916666666674,55.0,16.782333407537983,1153.2158781171904,30.0,50G7
18.09375,60.772916666666674,57.0,18.19433728086861,1150.8313953163297,30.0,50G8
18.193749999999994,60.772916666666674,40.0,20.968682006723427,1147.9017436707743,30.0,50G8
18.29374999999999,60.772916666666674,44.0,24.64957628302507,1145.5171899738189,30.0,50G8
18.39375000000001,60.772916666666674,53.0,26.87969945468189,1143.7908496155137,30.0,50G8
18.49375000000001,60.772916666666674,55.0,27.42689912663765,1142.696406633296,30.0,50G8
18.59375,60.772916666666674,54.0,29.00662658274848,1142.696406633296,30.0,50G8
18.693749999999994,60.772916666666674,45.0,31.463737960785668,1142.696406633296,30.0,50G8
18.79374999999999,60.772916666666674,61.0,34.61187244393225,1142.696406633296,30.0,50G8
18.89375000000001,60.772916666666674,66.0,38.2809172708258,1142.696406633296,30.0,50G8
18.99375000000001,60.772916666666674,72.0,41.42776602467186,1142.696406633296,30.0,50G8
19.09375,60.772916666666674,93.0,44.87714608644746,1142.696406633296,30.0,50G9
19.193749999999994,60.772916666666674,86.0,47.87541966509622,1142.696406633296,30.0,50G9
19.29374999999999,60.772916666666674,85.0,44.7650607269787,1142.696406633296,30.0,50G9
19.39375000000001,60.772916666666674,78.0,42.13527013751057,1142.696406633296,30.0,50G9
19.49375000000001,60.772916666666674,78.0,40.080759966994336,1142.696406633296,30.0,50G9
19.59375,60.772916666666674,82.0,38.69328161795516,1142.696406633296,30.0,50G9
19.693749999999994,60.772916666666674,78.0,38.045885595981794,1142.728051281805,30.0,50G9
19.79374999999999,60.772916666666674,71.0,38.045885595981794,1144.165701837307,30.0,50G9
19.89375000000001,60.772916666666674,66.0,36.58217983667135,1146.6484508152876,30.0,50G9
19.99375000000001,60.772916666666674,63.0,35.05810630919443,1149.1321493332466,30.0,50G9
20.09375,60.772916666666674,66.0,34.34299335523396,1152.056546659397,30.0,50H0
20.193749999999994,60.772916666666674,57.0,34.487202267310494,1154.429777317215,30.0,50H0
20.29374999999999,60.772916666666674,41.0,34.738249380925446,1156.9295539729085,30.0,50H0
20.39375000000001,60.772916666666674,36.0,30.17199015291749,1159.397689705925,30.0,50H0
20.49375000000001,60.772916666666674,41.0,25.94668729718282,1161.858799037239,30.0,50H0
20.59375,60.772916666666674,64.0,22.25738742606811,1164.3621137648342,30.0,50H0
20.693749999999994,60.772916666666674,24.0,18.087345187388603,1166.814900854395,30.0,50H0
20.79374999999999,60.772916666666674,18.0,13.023202466850032,1169.6843784685957,30.0,50H0
17.59375,60.82291666666666,20.0,11.65757486512305,1169.349422806094,30.0,50G7
17.693749999999994,60.82291666666666,27.0,15.9306067254205,1166.3797467953848,30.0,50G7
17.79374999999999,60.82291666666666,41.0,20.75118447352643,1163.1009773234948,30.0,50G7
17.89375000000001,60.82291666666666,31.0,22.53888548221064,1160.6176934039006,30.0,50G7
17.993750000000006,60.82291666666666,47.0,22.319034888609472,1158.1905565874222,30.0,50G7
18.09375,60.82291666666666,58.0,23.39763893573058,1155.6688862495037,30.0,50G8
18.193749999999994,60.82291666666666,40.0,25.611165782108,1153.2148508600376,30.0,50G8
18.29374999999999,60.82291666666666,47.0,28.698187778797145,1151.0206585642786,30.0,50G8
18.39375000000001,60.82291666666666,57.0,32.41005440296188,1149.0384554709296,30.0,50G8
18.49375000000001,60.82291666666666,52.0,32.89513321606715,1148.2577237618489,30.0,50G8
18.59375,60.82291666666666,60.0,34.22134447454537,1148.2577237618489,30.0,50G8
18.693749999999994,60.82291666666666,68.0,36.324251346285614,1148.2577237618489,30.0,50G8
18.79374999999999,60.82291666666666,70.0,39.07866298183656,1148.2577237618489,30.0,50G8
18.89375000000001,60.82291666666666,72.0,42.35766672579226,1148.2577237618489,30.0,50G8
18.99375000000001,60.82291666666666,80.0,46.01507929220136,1148.2577237618489,30.0,50G8
19.09375,60.82291666666666,86.0,49.13880356185886,1148.2577237618489,30.0,50G9
19.193749999999994,60.82291666666666,96.0,52.38653371758515,1148.2577237618489,30.0,50G9
19.29374999999999,60.82291666666666,95.0,49.56463224147316,1148.2577237618489,30.0,50G9
19.39375000000001,60.82291666666666,92.0,47.20677071741893,1148.2577237618489,30.0,50G9
19.49375000000001,60.82291666666666,83.0,45.38533617584656,1148.2577237618489,30.0,50G9
19.59375,60.82291666666666,83.0,44.1667496434075,1148.2577237618489,30.0,50G9
19.693749999999994,60.82291666666666,82.0,43.601588925430654,1148.279854231053,30.0,50G9
19.79374999999999,60.82291666666666,82.0,43.601588925430654,1149.3127421630045,30.0,50G9
19.89375000000001,60.82291666666666,74.0,41.83754139326676,1152.0562118838336,30.0,50G9
19.99375000000001,60.82291666666666,75.0,40.51376261525174,1154.4279190183656,30.0,50G9
20.09375,60.82291666666666,68.0,39.89752723044978,1156.9258761156989,30.0,50H0
20.193749999999994,60.82291666666666,65.0,40.02153342990218,1159.394824880271,30.0,50H0
20.29374999999999,60.82291666666666,53.0,37.84382595872959,1161.8541976923086,30.0,50H0
20.39375000000001,60.82291666666666,43.0,33.54040952808082,1164.355687166739,30.0,50H0
20.49375000000001,60.82291666666666,50.0,28.14242583013388,1166.8093216616696,30.0,50H0
20.59375,60.82291666666666,52.0,22.75500518145932,1169.6839415854183,30.0,50H0
20.693749999999994,60.82291666666666,31.0,17.387987113050908,1172.1301144823929,30.0,50H0
20.79374999999999,60.82291666666666,24.0,12.068642721905348,1174.6561683080236,30.0,50H0
17.59375,60.87291666666667,37.0,14.437120453585562,1174.1861362524317,30.0,50G7
17.693749999999994,60.87291666666667,45.0,19.421878489471304,1170.8838353718518,30.0,50G7
17.79374999999999,60.87291666666667,20.0,23.53211520247568,1168.6137723761872,30.0,50G7
17.89375000000001,60.87291666666667,34.0,28.041666341532583,1165.5785086850562,30.0,50G7
17.993750000000006,60.87291666666667,31.0,27.865541746852845,1163.095475067018,30.0,50G7
18.09375,60.87291666666667,58.0,28.73537151285994,1160.6139782392377,30.0,50G8
18.193749999999994,60.87291666666667,56.0,30.561976612396663,1158.188264376368,30.0,50G8
18.29374999999999,60.87291666666667,48.0,33.187748961200406,1156.4884949322518,30.0,50G8
18.39375000000001,60.87291666666667,56.0,36.44033462791291,1154.728203316649,30.0,50G8
18.49375000000001,60.87291666666667,54.0,38.39011935525947,1154.728203316649,30.0,50G8
18.59375,60.87291666666667,65.0,39.530657535466254,1154.728203316649,30.0,50G8
18.693749999999994,60.87291666666667,71.0,41.36172173489531,1154.728203316649,30.0,50G8
18.79374999999999,60.87291666666667,75.0,43.796784585419786,1154.728203316649,30.0,50G8
18.89375000000001,60.87291666666667,79.0,46.74153773903306,1154.728203316649,30.0,50G8
18.99375000000001,60.87291666666667,85.0,50.106191611007134,1154.728203316649,30.0,50G8
19.09375,60.87291666666667,92.0,53.63899537701828,1154.728203316649,30.0,50G9
19.193749999999994,60.87291666666667,100.0,56.86180424768728,1154.728203316649,30.0,50G9
19.29374999999999,60.87291666666667,104.0,54.50918349952723,1154.728203316649,30.0,50G9
19.39375000000001,60.87291666666667,102.0,52.37779815953405,1154.728203316649,30.0,50G9
19.49375000000001,60.87291666666667,95.0,50.74491672271145,1154.728203316649,30.0,50G9
19.59375,60.87291666666667,87.0,49.65974199468515,1154.728203316649,30.0,50G9
19.693749999999994,60.87291666666667,92.0,49.15856179315529,1154.728203316649,30.0,50G9
19.79374999999999,60.87291666666667,94.0,48.91394996428245,1154.7907596642724,30.0,50G9
19.89375000000001,60.87291666666667,91.0,47.16312406290032,1156.9222006467296,30.0,50G9
19.99375000000001,60.87291666666667,80.0,45.9947341961792,1159.391962388761,30.0,50G9
20.09375,60.87291666666667,79.0,45.453719983344776,1161.849599720105,30.0,50H0
20.193749999999994,60.87291666666667,58.0,44.31805227060719,1164.3492648843794,30.0,50H0
20.29374999999999,60.87291666666667,75.0,38.914256605264505,1166.8037467578547,30.0,50H0
20.39375000000001,60.87291666666667,93.0,33.51436272667336,1169.683505106285,30.0,50H0
20.49375000000001,60.87291666666667,61.0,28.12063462070843,1172.1279749287874,30.0,50H0
20.59375,60.87291666666667,60.0,22.73747759098179,1174.654712980818,30.0,50H0
20.693749999999994,60.87291666666667,52.0,17.37473834039724,1177.0711336450445,30.0,50H0
20.79374999999999,60.87291666666667,36.0,12.059706752702985,1179.5558136909497,30.0,50H0
17.493750000000006,60.92291666666665,64.0,10.136439579620824,1181.6099766866364,30.0,50G7
17.59375,60.92291666666665,56.0,15.150167849367564,1178.507006778198,30.0,50G7
17.693749999999994,60.92291666666665,46.0,20.3671625380302,1175.8487435247882,30.0,50G7
17.79374999999999,60.92291666666665,29.0,25.66375164228076,1173.388330321764,30.0,50G7
17.89375000000001,60.92291666666665,39.0,30.99915376808764,1170.882598586994,30.0,50G7
17.993750000000006,60.92291666666665,21.0,33.41697188647368,1168.6137723761844,30.0,50G7
18.09375,60.92291666666665,36.0,34.1445473499862,1165.5737966854051,30.0,50G8
18.193749999999994,60.92291666666665,51.0,35.69304456491154,1163.1609566974596,30.0,50G8
18.29374999999999,60.92291666666665,42.0,37.96213519950636,1161.4501880071127,30.0,50G8
18.39375000000001,60.92291666666665,23.0,40.83185719237527,1160.2895204452018,30.0,50G8
18.49375000000001,60.92291666666665,19.0,43.90181340362935,1160.2895204452018,30.0,50G8
18.59375,60.92291666666665,48.0,44.90102213015682,1160.2895204452018,30.0,50G8
18.693749999999994,60.92291666666665,74.0,46.51869703124107,1160.2895204452018,30.0,50G8
18.79374999999999,60.92291666666665,76.0,48.69323395293032,1160.2895204452018,30.0,50G8
18.89375000000001,60.92291666666665,81.0,51.35393739882504,1160.2895204452018,30.0,50G8
18.99375000000001,60.92291666666665,93.0,54.42955187369065,1160.2895204452018,30.0,50G8
19.09375,60.92291666666665,104.0,57.85393652197717,1160.2895204452018,30.0,50G9
19.193749999999994,60.92291666666665,95.0,61.29505300174511,1160.2895204452018,30.0,50G9
19.29374999999999,60.92291666666665,113.0,59.562619246857054,1160.2895204452018,30.0,50G9
19.39375000000001,60.92291666666665,115.0,57.62156371516992,1160.2895204452018,30.0,50G9
19.49375000000001,60.92291666666665,100.0,56.143751386345855,1160.2895204452018,30.0,50G9
19.59375,60.92291666666665,97.0,55.166426793036905,1160.2895204452018,30.0,50G9
19.693749999999994,60.92291666666665,94.0,54.71641739943956,1160.2895204452018,30.0,50G9
19.79374999999999,60.92291666666665,97.0,54.11236620620382,1160.3232667541622,30.0,50G9
19.89375000000001,60.92291666666665,103.0,52.53757784880595,1161.8450051380491,30.0,50G9
19.99375000000001,60.92291666666665,93.0,51.49293791951269,1164.3428469424946,30.0,50G9
20.09375,60.92291666666665,88.0,50.30426049220347,1166.7981761638073,30.0,50H0
20.193749999999994,60.92291666666665,84.0,44.97646150149715,1169.683069032705,30.0,50H0
20.29374999999999,60.92291666666665,83.0,39.67135186376954,1172.125836828879,30.0,50H0
20.39375000000001,60.92291666666665,77.0,34.3994458718563,1174.6532589523504,30.0,50H0
20.49375000000001,60.92291666666665,61.0,29.178761966474703,1177.0680404763568,30.0,50H0
20.59375,60.92291666666665,65.0,24.042706820398767,1179.5509272344657,30.0,50H0
20.693749999999994,60.92291666666665,58.0,19.05983514894713,1182.0317897358404,30.0,50H0
20.79374999999999,60.92291666666665,42.0,14.294548114799724,1184.489060695691,30.0,50H0
17.493750000000006,60.97291666666666,39.0,13.12099930826307,1186.2325433520652,30.0,50G7
17.59375,60.97291666666666,50.0,17.654359337121843,1183.250386708734,30.0,50G7
17.693749999999994,60.97291666666666,48.0,22.28630362865718,1180.8009723257128,30.0,50G7
17.79374999999999,60.97291666666666,51.0,27.20484404523513,1178.299687073035,30.0,50G7
17.89375000000001,60.97291666666666,24.0,32.27922656236833,1175.846500334539,30.0,50G7
17.993750000000006,60.97291666666666,15.0,37.44614013316581,1173.3852549667097,30.0,50G7
18.09375,60.97291666666666,10.0,39.59589778028997,1170.8813627699049,30.0,50G8
18.193749999999994,60.97291666666666,36.0,40.936644467847294,1168.6137723761829,30.0,50G8
18.29374999999999,60.97291666666666,33.0,42.92641453893755,1166.6631843788375,30.0,50G8
18.39375000000001,60.97291666666666,13.0,45.48009837670893,1165.8508375737576,30.0,50G8
18.49375000000001,60.97291666666666,17.0,48.50871247341459,1165.8508375737576,30.0,50G8
18.59375,60.97291666666666,19.0,50.31289225521864,1165.8508375737576,30.0,50G8
18.693749999999994,60.97291666666666,46.0,51.75946948816651,1165.8508375737576,30.0,50G8
18.79374999999999,60.97291666666666,68.0,53.7192700878071,1165.8508375737576,30.0,50G8
18.89375000000001,60.97291666666666,87.0,56.1385655223842,1165.8508375737576,30.0,50G8
18.99375000000001,60.97291666666666,95.0,58.960815341858,1165.8508375737576,30.0,50G8
19.09375,60.97291666666666,103.0,62.13112622546286,1165.8508375737576,30.0,50G9
19.193749999999994,60.97291666666666,108.0,65.59904686371469,1165.8508375737576,30.0,50G9
19.29374999999999,60.97291666666666,115.0,64.6994308051797,1165.8508375737576,30.0,50G9
19.39375000000001,60.97291666666666,119.0,62.91988395084719,1165.8508375737576,30.0,50G9
19.49375000000001,60.97291666666666,114.0,61.57151516249533,1165.8508375737576,30.0,50G9
19.59375,60.97291666666666,115.0,60.683076590284095,1165.8508375737576,30.0,50G9
19.693749999999994,60.97291666666666,108.0,60.27491155694458,1165.8508375737576,30.0,50G9
19.79374999999999,60.97291666666666,97.0,59.37657937752494,1165.8739080954658,30.0,50G9
19.89375000000001,60.97291666666666,101.0,57.94730635994974,1166.9478648858678,30.0,50G9
19.99375000000001,60.97291666666666,97.0,56.70703047047869,1169.6826333661957,30.0,50G9
20.09375,60.97291666666666,99.0,51.481742957705286,1172.123700190927,30.0,50H0
20.193749999999994,60.97291666666666,97.0,46.29827128265571,1174.651806227769,30.0,50H0
20.29374999999999,60.97291666666666,88.0,41.17242622435614,1177.0649497213003,30.0,50H0
20.39375000000001,60.97291666666666,78.0,36.12875825790744,1179.5460441874195,30.0,50H0
20.49375000000001,60.97291666666666,72.0,31.20715153420486,1182.0276990530422,30.0,50H0
20.59375,60.97291666666666,55.0,26.37187567406459,1184.483234562493,30.0,50H0
20.693749999999994,60.97291666666666,51.0,21.489263866391656,1187.3405784951842,30.0,50H0
20.79374999999999,60.97291666666666,33.0,16.92697438797654,1189.8664266725457,30.0,50H0
20.89375000000001,60.97291666666666,45.0,13.026059866036077,1192.3079390787898,30.0,50H0
20.99375000000001,60.97291666666666,42.0,10.06402948911417,1194.7596333208785,30.0,50H0
17.51458333333332,61.022916666666674,51.0,13.101996584314994,1190.6415650231902,30.0,51G7
17.618750000000006,61.022916666666674,38.0,19.21086613318952,1187.861539018853,30.0,51G7
17.722916666666663,61.022916666666674,56.0,24.51727188863561,1184.9066094029072,30.0,51G7
17.82708333333332,61.022916666666674,47.0,29.852046167103897,1182.416424924157,30.0,51G7
17.931250000000006,61.022916666666674,44.0,35.20228429660067,1179.9632432739193,30.0,51G7
18.035416666666663,61.022916666666674,31.0,41.4557724167788,1177.061861391462,30.0,51G8
18.13958333333332,61.022916666666674,29.0,45.58759030586956,1174.6503548122205,30.0,51G8
18.24375000000001,61.022916666666674,40.0,47.06839179051284,1172.9405002583817,30.0,51G8
18.347916666666663,61.022916666666674,34.0,49.10641897159756,1172.3213171285558,30.0,51G8
18.45208333333332,61.022916666666674,16.0,51.63572958841142,1172.3213171285558,30.0,51G8
18.55625000000001,61.022916666666674,25.0,55.11662461672738,1172.3213171285558,30.0,51G8
18.660416666666663,61.022916666666674,35.0,56.57083351739213,1172.3213171285558,30.0,51G8
18.76458333333332,61.022916666666674,45.0,58.19789990148452,1172.3213171285558,30.0,51G8
18.86875000000001,61.022916666666674,88.0,60.657929757586366,1172.3213171285558,30.0,51G8
18.972916666666663,61.022916666666674,78.0,63.19719555322081,1172.3213171285558,30.0,51G8
19.07708333333332,61.022916666666674,83.0,66.08595824624267,1172.3213171285558,30.0,51G9
19.18125000000001,61.022916666666674,77.0,69.28050685835358,1172.3213171285558,30.0,51G9
19.285416666666663,61.022916666666674,114.0,69.9012395504369,1172.3213171285558,30.0,51G9
19.38958333333332,61.022916666666674,116.0,68.26005650641973,1172.3213171285558,30.0,51G9
19.49375000000001,61.022916666666674,115.0,67.02117987781818,1172.3213171285558,30.0,51G9
19.597916666666663,61.022916666666674,128.0,66.20720046211439,1172.3213171285558,30.0,51G9
19.70208333333332,61.022916666666674,121.0,65.83388252317017,1172.3213171285558,30.0,51G9
19.80625000000001,61.022916666666674,121.0,64.44266367084708,1172.3213171285558,30.0,51G9
19.910416666666663,61.022916666666674,107.0,62.54167679082995,1172.6046136226405,30.0,51G9
20.01458333333332,61.022916666666674,110.0,57.43151611266643,1175.0010780987488,30.0,51H0
20.11875000000001,61.022916666666674,102.0,51.54520311788929,1177.9033890243,30.0,51H0
20.222916666666663,61.022916666666674,96.0,46.58676866375452,1180.3558262141644,30.0,51H0
20.32708333333332,61.022916666666674,90.0,41.73886889315895,1182.850024179177,30.0,51H0
20.43125000000001,61.022916666666674,88.0,36.84241693352313,1185.3070479884589,30.0,51H0
20.535416666666663,61.022916666666674,79.0,31.26357181858824,1188.5907070136298,30.0,51H0
20.63958333333332,61.022916666666674,65.0,26.738108435552284,1191.1246136226407,30.0,51H0
20.74375000000001,61.022916666666674,33.0,22.600248081184343,1193.5210780987488,30.0,51H0
20.847916666666663,61.022916666666674,38.0,18.34943598867973,1196.0049068680862,30.0,51H0
20.95208333333332,61.022916666666674,52.0,13.114665821904389,1198.4832432739192,30.0,51H0
17.51458333333332,61.07291666666666,27.0,12.589088971890728,1195.5787754984322,30.0,51G7
17.618750000000006,61.07291666666666,39.0,18.85516496212552,1192.6951558114376,30.0,51G7
17.722916666666663,61.07291666666666,58.0,23.78480492777622,1190.2497280093733,30.0,51G7
17.82708333333332,61.07291666666666,64.0,28.730780430931286,1187.859569672717,30.0,51G7
17.931250000000006,61.07291666666666,60.0,33.80706264420815,1184.899597171849,30.0,51G7
18.035416666666663,61.07291666666666,64.0,39.82758484153102,1182.0195277027797,30.0,51G8
18.13958333333332,61.07291666666666,50.0,45.04166114206323,1180.0132944476354,30.0,51G8
18.24375000000001,61.07291666666666,50.0,50.288985811087095,1178.2042942706078,30.0,51G8
18.347916666666663,61.07291666666666,44.0,54.18985667275721,1177.8826342571087,30.0,51G8
18.45208333333332,61.07291666666666,31.0,56.48847380372031,1177.8826342571087,30.0,51G8
18.55625000000001,61.07291666666666,37.0,59.68212886460939,1177.8826342571087,30.0,51G8
18.660416666666663,61.07291666666666,39.0,61.960576741037634,1177.8826342571087,30.0,51G8
18.76458333333332,61.07291666666666,56.0,63.44726608693933,1177.8826342571087,30.0,51G8
18.86875000000001,61.07291666666666,62.0,65.7075670389328,1177.8826342571087,30.0,51G8
18.972916666666663,61.07291666666666,56.0,68.05505533250322,1177.8826342571087,30.0,51G8
19.07708333333332,61.07291666666666,70.0,70.74158058746421,1177.8826342571087,30.0,51G9
19.18125000000001,61.07291666666666,72.0,73.73008547193857,1177.8826342571087,30.0,51G9
19.285416666666663,61.07291666666666,108.0,75.1545503882743,1177.8826342571087,30.0,51G9
19.38958333333332,61.07291666666666,113.0,73.63297602701131,1177.8826342571087,30.0,51G9
19.49375000000001,61.07291666666666,110.0,72.48780613426814,1177.8826342571087,30.0,51G9
19.597916666666663,61.07291666666666,123.0,71.73707180263114,1177.8826342571087,30.0,51G9
19.70208333333332,61.07291666666666,131.0,71.39321891931,1177.8826342571087,30.0,51G9
19.80625000000001,61.07291666666666,120.0,69.45308104052287,1177.8826342571087,30.0,51G9
19.910416666666663,61.07291666666666,109.0,64.4462784819565,1178.0267280584103,30.0,51G9
20.01458333333332,61.07291666666666,108.0,59.50803513841288,1179.9597751953652,30.0,51H0
20.11875000000001,61.07291666666666,109.0,53.85857045684674,1182.8436194072974,30.0,51H0
20.222916666666663,61.07291666666666,105.0,48.95445919426161,1185.3014904488828,30.0,51H0
20.32708333333332,61.07291666666666,96.0,44.15942100787576,1188.201763260406,30.0,51H0
20.43125000000001,61.07291666666666,91.0,39.51967630682376,1190.6394313339283,30.0,51H0
20.535416666666663,61.07291666666666,88.0,34.38677963662213,1193.5186097105409,30.0,51H0
20.63958333333332,61.07291666666666,73.0,30.1889591558144,1196.0006382539457,30.0,51H0
20.74375000000001,61.07291666666666,60.0,25.116655078033084,1198.4797751953654,30.0,51H0
20.847916666666663,61.07291666666666,53.0,20.207888735239944,1200.9312243842326,30.0,51H0
20.95208333333332,61.07291666666666,48.0,15.617649892008403,1203.419597171849,30.0,51H0
21.05625000000001,61.07291666666666,37.0,11.19873335703798,1206.7217632604063,30.0,51H1
17.51458333333332,61.12291666666667,28.0,10.87783905383298,1200.5354470655843,30.0,51G7
17.618750000000006,61.12291666666667,50.0,16.757387316343138,1197.635445896021,30.0,51G7
17.722916666666663,61.12291666666667,52.0,21.9661587396002,1195.205210049224,30.0,51G7
17.82708333333332,61.12291666666667,64.0,27.236787500885946,1192.69241564073,30.0,51G7
17.931250000000006,61.12291666666667,70.0,32.5392196353999,1190.2487061519994,30.0,51G7
18.035416666666663,61.12291666666667,71.0,38.7481546996146,1187.3387279410856,30.0,51G8
18.13958333333332,61.12291666666667,70.0,44.08214076678895,1185.2959373025296,30.0,51G8
18.24375000000001,61.12291666666667,69.0,49.42343297214609,1183.659753015133,30.0,51G8
18.347916666666663,61.12291666666667,57.0,54.76988316651025,1183.4439513856646,30.0,51G8
18.45208333333332,61.12291666666667,46.0,60.1201044478974,1183.4439513856646,30.0,51G8
18.55625000000001,61.12291666666667,41.0,64.40439934328326,1183.4439513856646,30.0,51G8
18.660416666666663,61.12291666666667,38.0,67.29734046779808,1183.4439513856646,30.0,51G8
18.76458333333332,61.12291666666667,62.0,68.74570449789327,1183.4439513856646,30.0,51G8
18.86875000000001,61.12291666666667,64.0,70.83389323746522,1183.4439513856646,30.0,51G8
18.972916666666663,61.12291666666667,58.0,73.0133656667828,1183.4439513856646,30.0,51G8
19.07708333333332,61.12291666666667,67.0,75.51982757745732,1183.4439513856646,30.0,51G9
19.18125000000001,61.12291666666667,72.0,78.32188672743048,1183.4439513856646,30.0,51G9
19.285416666666663,61.12291666666667,90.0,80.44927474279149,1183.4439513856646,30.0,51G9
19.38958333333332,61.12291666666667,88.0,79.03196397276231,1183.4439513856646,30.0,51G9
19.49375000000001,61.12291666666667,81.0,77.96782629545781,1183.4439513856646,30.0,51G9
19.597916666666663,61.12291666666667,108.0,77.27145668239093,1183.4439513856646,30.0,51G9
19.70208333333332,61.12291666666667,119.0,76.90779082628949,1183.4439513856646,30.0,51G9
19.80625000000001,61.12291666666667,122.0,71.59880302227336,1183.4439513856646,30.0,51G9
19.910416666666663,61.12291666666667,111.0,66.75870679405855,1183.5402058584534,30.0,51G9
20.01458333333332,61.12291666666667,114.0,61.86140062030399,1184.9229131515287,30.0,51H0
20.11875000000001,61.12291666666667,112.0,56.26224785182855,1188.201328824145,30.0,51H0
20.222916666666663,61.12291666666667,111.0,51.58990819196543,1190.637299131418,30.0,51H0
20.32708333333332,61.12291666666667,104.0,47.07163401214908,1193.1648215921855,30.0,51H0
20.43125000000001,61.12291666666667,95.0,42.75630802724106,1195.5756920538154,30.0,51H0
20.535416666666663,61.12291666666667,87.0,37.17691915347798,1198.4763099926167,30.0,51H0
20.63958333333332,61.12291666666667,79.0,32.31241779506766,1200.926027791766,30.0,51H0
20.74375000000001,61.12291666666667,69.0,27.64070142392609,1203.4125898780983,30.0,51H0
20.847916666666663,61.12291666666667,55.0,23.278145661608534,1206.377600981816,30.0,51H0
20.95208333333332,61.12291666666667,39.0,19.434092020490407,1208.7687061519994,30.0,51H0
21.05625000000001,61.12291666666667,24.0,14.21426520743132,1211.6848215921868,30.0,51H1
17.618750000000006,61.17291666666665,49.0,16.11771476184054,1202.590294008339,30.0,51G7
17.722916666666663,61.17291666666665,56.0,21.474719480090755,1200.102543663873,30.0,51G7
17.82708333333332,61.17291666666665,59.0,26.834372989439,1197.6317482207814,30.0,51G7
17.931250000000006,61.17291666666665,68.0,32.195343060778185,1195.200607867929,30.0,51G7
18.035416666666663,61.17291666666665,71.0,38.45072453155413,1192.3014286375144,30.0,51G8
18.13958333333332,61.17291666666665,79.0,43.81294960159515,1190.6351684239326,30.0,51G8
18.24375000000001,61.17291666666665,72.0,49.17544741484422,1189.9144309404617,30.0,51G8
18.347916666666663,61.17291666666665,67.0,54.53812683071873,1189.9144309404617,30.0,51G8
18.45208333333332,61.17291666666665,55.0,59.90092822125795,1189.9144309404617,30.0,51G8
18.55625000000001,61.17291666666665,42.0,66.15762991031288,1189.9144309404617,30.0,51G8
18.660416666666663,61.17291666666665,48.0,71.52056984236552,1189.9144309404617,30.0,51G8
18.76458333333332,61.17291666666665,61.0,74.08268685702105,1189.9144309404617,30.0,51G8
18.86875000000001,61.17291666666665,64.0,76.02139591901373,1189.9144309404617,30.0,51G8
18.972916666666663,61.17291666666665,65.0,78.0529855600127,1189.9144309404617,30.0,51G8
19.07708333333332,61.17291666666665,68.0,80.39883878058878,1189.9144309404617,30.0,51G9
19.18125000000001,61.17291666666665,68.0,83.03231865411504,1189.9144309404617,30.0,51G9
19.285416666666663,61.17291666666665,69.0,85.77774407395464,1189.9144309404617,30.0,51G9
19.38958333333332,61.17291666666665,77.0,84.45202085592817,1189.9144309404617,30.0,51G9
19.49375000000001,61.17291666666665,74.0,83.45860200992864,1189.9144309404617,30.0,51G9
19.597916666666663,61.17291666666665,91.0,82.80945014935091,1189.9144309404617,30.0,51G9
19.70208333333332,61.17291666666665,104.0,79.63954090334722,1189.9144309404617,30.0,51G9
19.80625000000001,61.17291666666665,115.0,73.94364701521904,1189.9144309404617,30.0,51G9
19.910416666666663,61.17291666666665,111.0,69.14275884439468,1189.9144309404617,30.0,51G9
20.01458333333332,61.17291666666665,116.0,64.43465799175675,1190.2476852074549,30.0,51H0
20.11875000000001,61.17291666666665,119.0,59.08873584885366,1193.1607992456843,30.0,51H0
20.222916666666663,61.17291666666665,117.0,54.66583653440095,1195.5726110691985,30.0,51H0
20.32708333333332,61.17291666666665,106.0,50.05874160977186,1198.0465464695924,30.0,51H0
20.43125000000001,61.17291666666665,104.0,45.19990068512672,1200.5313698071934,30.0,51H0
20.535416666666663,61.17291666666665,97.0,39.70092881185301,1203.405587548726,30.0,51H0
20.63958333333332,61.17291666666665,81.0,35.19470853470877,1206.3756329536443,30.0,51H0
20.74375000000001,61.17291666666665,71.0,30.96815472588767,1208.7676852074549,30.0,51H0
20.847916666666663,61.17291666666665,63.0,26.827290967389683,1211.209677466938,30.0,51H0
20.95208333333332,61.17291666666665,42.0,21.469055761150468,1213.720607867929,30.0,51H0
21.05625000000001,61.17291666666665,28.0,15.221327558069644,1216.566546469593,30.0,51H1
17.51458333333332,61.22291666666666,32.0,11.77453102519006,1210.8198045520355,30.0,51G7
17.618750000000006,61.22291666666666,51.0,17.338044686162835,1207.915198363311,30.0,51G7
17.722916666666663,61.22291666666666,62.0,22.3980196976925,1205.653772376183,30.0,51G7
17.82708333333332,61.22291666666666,59.0,27.57137438130694,1202.5856050592845,30.0,51G7
17.931250000000006,61.22291666666666,75.0,32.80450252009191,1200.0970689828175,30.0,51G7
18.035416666666663,61.22291666666666,81.0,38.95321151635741,1197.6243589941705,30.0,51G8
18.13958333333332,61.22291666666666,80.0,44.24668906328935,1195.8223783366548,30.0,51G8
18.24375000000001,61.22291666666666,66.0,49.55430151865393,1195.4757480690173,30.0,51G8
18.347916666666663,61.22291666666666,69.0,54.871936732448845,1195.4757480690173,30.0,51G8
18.45208333333332,61.22291666666666,69.0,60.19692782461855,1195.4757480690173,30.0,51G8
18.55625000000001,61.22291666666666,66.0,66.41633947860046,1195.4757480690173,30.0,51G8
18.660416666666663,61.22291666666666,56.0,71.75178845159553,1195.4757480690173,30.0,51G8
18.76458333333332,61.22291666666666,54.0,77.0904869606159,1195.4757480690173,30.0,51G8
18.86875000000001,61.22291666666666,60.0,81.25835947808946,1195.4757480690173,30.0,51G8
18.972916666666663,61.22291666666666,68.0,83.1591337306228,1195.4757480690173,30.0,51G8
19.07708333333332,61.22291666666666,66.0,85.3613377579265,1195.4757480690173,30.0,51G9
19.18125000000001,61.22291666666666,71.0,87.8422990665392,1195.4757480690173,30.0,51G9
19.285416666666663,61.22291666666666,69.0,91.05853018381156,1195.4757480690173,30.0,51G9
19.38958333333332,61.22291666666666,79.0,89.88933557640875,1195.4757480690173,30.0,51G9
19.49375000000001,61.22291666666666,82.0,88.9581417004558,1195.4757480690173,30.0,51G9
19.597916666666663,61.22291666666666,78.0,86.8173220204249,1195.4757480690173,30.0,51G9
19.70208333333332,61.22291666666666,90.0,82.0111749454442,1195.4757480690173,30.0,51G9
19.80625000000001,61.22291666666666,109.0,76.50114573843796,1195.4757480690173,30.0,51G9
19.910416666666663,61.22291666666666,101.0,71.87886931926641,1195.4757480690173,30.0,51G9
20.01458333333332,61.22291666666666,118.0,67.3696691599774,1195.631239100198,30.0,51H0
20.11875000000001,61.22291666666666,124.0,62.11124921649163,1198.0416807518018,30.0,51H0
20.222916666666663,61.22291666666666,123.0,57.27280428369048,1200.527295942742,30.0,51H0
20.32708333333332,61.22291666666666,118.0,52.53856121493041,1202.9741701824948,30.0,51H0
20.43125000000001,61.22291666666666,121.0,47.939413901526045,1205.8574967022173,30.0,51H0
20.535416666666663,61.22291666666666,94.0,42.80257098816075,1208.7666651794136,30.0,51H0
20.63958333333332,61.22291666666666,78.0,37.68378993766977,1211.2069413006318,30.0,51H0
20.74375000000001,61.22291666666666,76.0,32.35683497964088,1213.716008623528,30.0,51H0
20.847916666666663,61.22291666666666,62.0,27.04182943498839,1216.1480535091462,30.0,51H0
20.95208333333332,61.22291666666666,44.0,21.7475532079258,1218.6170689828175,30.0,51H0
21.05625000000001,61.22291666666666,30.0,15.625254471916396,1221.4941701824955,30.0,51H1
21.160416666666663,61.22291666666666,23.0,10.498197640342656,1224.3774967022168,30.0,51H1
17.51458333333332,61.272916666666674,41.0,13.0195734797696,1215.756855331226,30.0,51G7
17.618750000000006,61.272916666666674,56.0,19.0843675565395,1212.8730809574618,30.0,51G7
17.722916666666663,61.272916666666674,68.0,24.353412848481927,1210.406843425628,30.0,51G7
17.82708333333332,61.272916666666674,44.0,29.362117225804163,1207.913968450238,30.0,51G7
17.931250000000006,61.272916666666674,52.0,34.31598209069897,1205.653772376186,30.0,51G7
18.035416666666663,61.272916666666674,78.0,40.2256498261354,1202.968370718287,30.0,51G8
18.13958333333332,61.272916666666674,77.0,45.36320045364015,1201.2631832213176,30.0,51G8
18.24375000000001,61.272916666666674,63.0,50.54590229095199,1201.0370651975732,30.0,51G8
18.347916666666663,61.272916666666674,57.0,55.59433874705046,1201.0370651975732,30.0,51G8
18.45208333333332,61.272916666666674,59.0,60.16360038624838,1201.0370651975732,30.0,51G8
18.55625000000001,61.272916666666674,66.0,65.63811207853574,1201.0370651975732,30.0,51G8
18.660416666666663,61.272916666666674,58.0,70.42773233986664,1201.0370651975732,30.0,51G8
18.76458333333332,61.272916666666674,56.0,75.28899283666027,1201.0370651975732,30.0,51G8
18.86875000000001,61.272916666666674,64.0,81.03378534774873,1201.0370651975732,30.0,51G8
18.972916666666663,61.272916666666674,68.0,86.0093354482945,1201.0370651975732,30.0,51G8
19.07708333333332,61.272916666666674,63.0,90.39357541877564,1201.0370651975732,30.0,51G9
19.18125000000001,61.272916666666674,76.0,92.73633933462632,1201.0370651975732,30.0,51G9
19.285416666666663,61.272916666666674,68.0,95.78362434616338,1201.0370651975732,30.0,51G9
19.38958333333332,61.272916666666674,77.0,95.34095552565157,1201.0370651975732,30.0,51G9
19.49375000000001,61.272916666666674,82.0,94.0700397001368,1201.0370651975732,30.0,51G9
19.597916666666663,61.272916666666674,81.0,89.337503108208,1201.0370651975732,30.0,51G9
19.70208333333332,61.272916666666674,86.0,84.68212882704204,1201.0370651975732,30.0,51G9
19.80625000000001,61.272916666666674,110.0,79.36650363309761,1201.0370651975732,30.0,51G9
19.910416666666663,61.272916666666674,107.0,74.92848053186356,1201.0370651975732,30.0,51G9
20.01458333333332,61.272916666666674,128.0,70.12889389420425,1201.137960155094,30.0,51H0
20.11875000000001,61.272916666666674,120.0,64.59367391337521,1202.968370718287,30.0,51H0
20.222916666666663,61.272916666666674,121.0,59.96354561527804,1205.8568818289086,30.0,51H0
20.32708333333332,61.272916666666674,115.0,55.20577230322614,1208.371465477733,30.0,51H0
20.43125000000001,61.272916666666674,112.0,49.9104424471915,1210.8181818883536,30.0,51H0
20.535416666666663,61.272916666666674,101.0,43.67402940391273,1213.7114123341298,30.0,51H0
20.63958333333332,61.272916666666674,90.0,38.32882306741634,1216.1443617750415,30.0,51H0
20.74375000000001,61.272916666666674,79.0,32.98403909256916,1218.6115983255231,30.0,51H0
20.847916666666663,61.272916666666674,66.0,27.639938649230743,1221.1009200130618,30.0,51H0
20.95208333333332,61.272916666666674,58.0,22.29703024205616,1224.173772376186,30.0,51H0
21.05625000000001,61.272916666666674,46.0,16.0667560193403,1226.8914654777338,30.0,51H1
21.160416666666663,61.272916666666674,30.0,10.733432661789356,1229.3381818883536,30.0,51H1
17.51458333333332,61.32291666666666,52.0,14.133881521264389,1220.6613629997655,30.0,51G7
17.618750000000006,61.32291666666666,53.0,20.12451543947431,1217.8004247241342,30.0,51G7
17.722916666666663,61.32291666666666,37.0,25.35178466006296,1215.3119470986735,30.0,51G7
17.82708333333332,61.32291666666666,49.0,30.61830860508588,1212.8708510987374,30.0,51G7
17.931250000000006,61.32291666666666,57.0,34.59597882896108,1210.403781712875,30.0,51G7
18.035416666666663,61.32291666666666,66.0,39.28671283617024,1208.3689768355523,30.0,51G8
18.13958333333332,61.32291666666666,59.0,43.60958615419887,1207.50754475237,30.0,51G8
18.24375000000001,61.32291666666666,52.0,48.13237572916678,1207.50754475237,30.0,51G8
18.347916666666663,61.32291666666666,48.0,52.80372711211663,1207.50754475237,30.0,51G8
18.45208333333332,61.32291666666666,55.0,57.58748915753,1207.50754475237,30.0,51G8
18.55625000000001,61.32291666666666,52.0,63.276569149088175,1207.50754475237,30.0,51G8
18.660416666666663,61.32291666666666,65.0,68.22455016225203,1207.50754475237,30.0,51G8
18.76458333333332,61.32291666666666,55.0,73.22449868766279,1207.50754475237,30.0,51G8
18.86875000000001,61.32291666666666,66.0,79.11028901381248,1207.50754475237,30.0,51G8
18.972916666666663,61.32291666666666,71.0,84.19171322901896,1207.50754475237,30.0,51G8
19.07708333333332,61.32291666666666,65.0,89.30071964037336,1207.50754475237,30.0,51G9
19.18125000000001,61.32291666666666,77.0,94.43282056909786,1207.50754475237,30.0,51G9
19.285416666666663,61.32291666666666,78.0,100.44472235492096,1207.50754475237,30.0,51G9
19.38958333333332,61.32291666666666,80.0,100.80455980349304,1207.50754475237,30.0,51G9
19.49375000000001,61.32291666666666,74.0,96.71394568379226,1207.50754475237,30.0,51G9
19.597916666666663,61.32291666666666,83.0,92.12483318945128,1207.50754475237,30.0,51G9
19.70208333333332,61.32291666666666,92.0,87.6250355522109,1207.50754475237,30.0,51G9
19.80625000000001,61.32291666666666,108.0,82.17006748895906,1207.50754475237,30.0,51G9
19.910416666666663,61.32291666666666,120.0,77.41968201723802,1207.50754475237,30.0,51G9
20.01458333333332,61.32291666666666,131.0,72.41253742786027,1207.50754475237,30.0,51H0
20.11875000000001,61.32291666666666,124.0,66.2074519237816,1208.3689768355523,30.0,51H0
20.222916666666663,61.32291666666666,118.0,60.89322381668007,1210.403781712875,30.0,51H0
20.32708333333332,61.32291666666666,120.0,55.584322007349726,1213.2561866315132,30.0,51H0
20.43125000000001,61.32291666666666,110.0,50.28244801190306,1215.7516719570774,30.0,51H0
20.535416666666663,61.32291666666666,103.0,44.10921137305127,1218.6061317131262,30.0,51H0
20.63958333333332,61.32291666666666,86.0,38.832954319063134,1221.0962388871142,30.0,51H0
20.74375000000001,61.32291666666666,79.0,33.57757346261076,1223.6047845825365,30.0,51H0
20.847916666666663,61.32291666666666,72.0,28.35469476485397,1226.1328824669347,30.0,51H0
20.95208333333332,61.32291666666666,54.0,23.1863090179562,1228.489416189794,30.0,51H0
21.05625000000001,61.32291666666666,46.0,17.290709162353938,1231.776186631514,30.0,51H1
21.160416666666663,61.32291666666666,38.0,12.500486248310342,1234.2716719570774,30.0,51H1
17.51458333333332,61.37291666666667,58.0,15.129054090132986,1225.6199789739887,30.0,51G7
17.618750000000006,61.37291666666667,62.0,20.545278837960016,1222.7106923251024,30.0,51G7
17.722916666666663,61.37291666666667,44.0,23.33469325343169,1220.2509504675745,30.0,51G7
17.82708333333332,61.37291666666667,45.0,26.89607787829327,1217.7946482264624,30.0,51G7
17.931250000000006,61.37291666666667,65.0,30.964194645170625,1215.4779469206533,30.0,51G7
18.035416666666663,61.37291666666667,64.0,36.12190473541223,1213.4452105233906,30.0,51G8
18.13958333333332,61.37291666666667,66.0,40.774624178295184,1213.068861880926,30.0,51G8
18.24375000000001,61.37291666666667,58.0,45.57232705410564,1213.068861880926,30.0,51G8
18.347916666666663,61.37291666666667,48.0,50.473677066617,1213.068861880926,30.0,51G8
18.45208333333332,61.37291666666667,44.0,55.451186829132894,1213.068861880926,30.0,51G8
18.55625000000001,61.37291666666667,56.0,61.32977596521934,1213.068861880926,30.0,51G8
18.660416666666663,61.37291666666667,56.0,66.41511461828121,1213.068861880926,30.0,51G8
18.76458333333332,61.37291666666667,53.0,71.53374070922696,1213.068861880926,30.0,51G8
18.86875000000001,61.37291666666667,62.0,77.53873175414542,1213.068861880926,30.0,51G8
18.972916666666663,61.37291666666667,74.0,82.70874551381105,1213.068861880926,30.0,51G8
19.07708333333332,61.37291666666667,73.0,87.89593343955714,1213.068861880926,30.0,51G9
19.18125000000001,61.37291666666667,77.0,93.09741367967094,1213.068861880926,30.0,51G9
19.285416666666663,61.37291666666667,82.0,99.18085602803568,1213.068861880926,30.0,51G9
19.38958333333332,61.37291666666667,79.0,104.12851131909792,1213.068861880926,30.0,51G9
19.49375000000001,61.37291666666667,77.0,99.05058913706608,1213.068861880926,30.0,51G9
19.597916666666663,61.37291666666667,88.0,93.76624510531408,1213.068861880926,30.0,51G9
19.70208333333332,61.37291666666667,89.0,88.48610729100912,1213.068861880926,30.0,51G9
19.80625000000001,61.37291666666667,106.0,82.33236058006716,1213.068861880926,30.0,51G9
19.910416666666663,61.37291666666667,125.0,77.06442562705325,1213.068861880926,30.0,51G9
20.01458333333332,61.37291666666667,125.0,71.80413253168462,1213.068861880926,30.0,51H0
20.11875000000001,61.37291666666667,130.0,65.67925048787627,1213.4452105233906,30.0,51H0
20.222916666666663,61.37291666666667,119.0,60.44262081658879,1215.3079963111377,30.0,51H0
20.32708333333332,61.37291666666667,126.0,55.22193314435309,1218.042437585964,30.0,51H0
20.43125000000001,61.37291666666667,122.0,50.006677956142006,1220.6552910529574,30.0,51H0
20.535416666666663,61.37291666666667,107.0,43.83868357416768,1223.60380196067,30.0,51H0
20.63958333333332,61.37291666666667,93.0,38.56304239497415,1226.1325513833642,30.0,51H0
20.74375000000001,61.37291666666667,79.0,33.30295844396219,1228.4875740760097,30.0,51H0
20.847916666666663,61.37291666666667,73.0,28.067195660387824,1230.965580447509,30.0,51H0
20.95208333333332,61.37291666666667,58.0,22.872478803103,1233.4434681660716,30.0,51H0
21.05625000000001,61.37291666666667,49.0,16.91438944723386,1236.5624375859643,30.0,51H1
21.160416666666663,61.37291666666667,37.0,12.014012749469355,1239.1752910529574,30.0,51H1
17.410416666666663,61.42291666666665,56.0,10.640812071678504,1233.0108419472056,30.0,51G7
17.51458333333332,61.42291666666665,79.0,13.24527652593602,1230.5413864003674,30.0,51G7
17.618750000000006,61.42291666666665,59.0,15.707414831973104,1227.6645376018228,30.0,51G7
17.722916666666663,61.42291666666665,58.0,19.207459042679886,1225.2387309343655,30.0,51G7
17.82708333333332,61.42291666666665,62.0,23.399388330022184,1222.7040146894906,30.0,51G7
17.931250000000006,61.42291666666665,60.0,27.97386520827325,1220.740735800274,30.0,51G7
18.035416666666663,61.42291666666665,63.0,33.58562503522833,1218.867883578736,30.0,51G8
18.13958333333332,61.42291666666665,65.0,38.5382897856947,1218.630179009479,30.0,51G8
18.24375000000001,61.42291666666665,53.0,43.57526837685888,1218.630179009479,30.0,51G8
18.347916666666663,61.42291666666665,57.0,48.67038051841647,1218.630179009479,30.0,51G8
18.45208333333332,61.42291666666665,43.0,53.80710409706147,1218.630179009479,30.0,51G8
18.55625000000001,61.42291666666665,44.0,59.83822697266993,1218.630179009479,30.0,51G8
18.660416666666663,61.42291666666665,47.0,65.03230041521236,1218.630179009479,30.0,51G8
18.76458333333332,61.42291666666665,52.0,70.24371144629886,1218.630179009479,30.0,51G8
18.86875000000001,61.42291666666665,57.0,76.3408517791709,1218.630179009479,30.0,51G8
18.972916666666663,61.42291666666665,75.0,81.57868476727532,1218.630179009479,30.0,51G8
19.07708333333332,61.42291666666665,80.0,86.82525249728496,1218.630179009479,30.0,51G9
19.18125000000001,61.42291666666665,85.0,92.07905060797248,1218.630179009479,30.0,51G9
19.285416666666663,61.42291666666665,88.0,98.21605703383408,1218.630179009479,30.0,51G9
19.38958333333332,61.42291666666665,81.0,103.4772409239672,1218.630179009479,30.0,51G9
19.49375000000001,61.42291666666665,78.0,98.5024816972751,1218.630179009479,30.0,51G9
19.597916666666663,61.42291666666665,85.0,93.1958060480938,1218.630179009479,30.0,51G9
19.70208333333332,61.42291666666665,89.0,87.89015898571476,1218.630179009479,30.0,51G9
19.80625000000001,61.42291666666665,98.0,81.70182316052191,1218.630179009479,30.0,51G9
19.910416666666663,61.42291666666665,116.0,76.39920917978071,1218.630179009479,30.0,51G9
20.01458333333332,61.42291666666665,121.0,71.09851989797339,1218.630179009479,30.0,51H0
20.11875000000001,61.42291666666665,129.0,64.91746281945034,1218.867883578736,30.0,51H0
20.222916666666663,61.42291666666665,118.0,59.62281346508527,1220.4349113503467,30.0,51H0
20.32708333333332,61.42291666666665,128.0,54.33228569186862,1222.70401468949,30.0,51H0
20.43125000000001,61.42291666666665,120.0,49.04722769897532,1225.6184503731797,30.0,51H0
20.535416666666663,61.42291666666665,106.0,42.890957280184416,1228.485733475351,30.0,51H0
20.63958333333332,61.42291666666665,93.0,37.6260923229426,1230.9619321910602,30.0,51H0
20.74375000000001,61.42291666666665,83.0,32.37793901434801,1233.4406320444764,30.0,51H0
20.847916666666663,61.42291666666665,69.0,27.15620396649457,1235.8792496153194,30.0,51H0
20.95208333333332,61.42291666666665,59.0,21.979740473937287,1238.3589117028182,30.0,51H0
21.05625000000001,61.42291666666665,49.0,15.961210295891515,1241.22401468949,30.0,51H1
21.160416666666663,61.42291666666665,26.0,10.640812071678337,1244.1384503731797,30.0,51H1
17.618750000000006,61.47291666666666,45.0,11.540959044400552,1232.5941774713024,30.0,51G7
17.722916666666663,61.47291666666666,52.0,15.975025868444268,1230.176715763251,30.0,51G7
17.82708333333332,61.47291666666666,56.0,20.82114424912912,1227.9514551114714,30.0,51G7
17.931250000000006,61.47291666666666,65.0,25.84858033111615,1226.131890244033,30.0,51G7
18.035416666666663,61.47291666666666,71.0,31.82848452802377,1225.1006585642772,30.0,51G8
18.13958333333332,61.47291666666666,69.0,37.00926117495964,1225.1006585642772,30.0,51G8
18.24375000000001,61.47291666666666,61.0,42.22116360667673,1225.1006585642772,30.0,51G8
18.347916666666663,61.47291666666666,59.0,47.453926986916485,1225.1006585642772,30.0,51G8
18.45208333333332,61.47291666666666,52.0,52.701327299497095,1225.1006585642772,30.0,51G8
18.55625000000001,61.47291666666666,48.0,58.83655466755788,1225.1006585642772,30.0,51G8
18.660416666666663,61.47291666666666,42.0,64.10372210293357,1225.1006585642772,30.0,51G8
18.76458333333332,61.47291666666666,53.0,69.37676860269316,1225.1006585642772,30.0,51G8
18.86875000000001,61.47291666666666,57.0,75.53442932092638,1225.1006585642772,30.0,51G8
18.972916666666663,61.47291666666666,78.0,80.76660566076617,1225.1006585642772,30.0,51G8
19.07708333333332,61.47291666666666,81.0,85.75269949518506,1225.1006585642772,30.0,51G9
19.18125000000001,61.47291666666666,84.0,90.7731770182797,1225.1006585642772,30.0,51G9
19.285416666666663,61.47291666666666,88.0,96.66669459655976,1225.1006585642772,30.0,51G9
19.38958333333332,61.47291666666666,81.0,101.74448655838906,1225.1006585642772,30.0,51G9
19.49375000000001,61.47291666666666,75.0,98.26652628180054,1225.1006585642772,30.0,51G9
19.597916666666663,61.47291666666666,78.0,92.95515004057684,1225.1006585642772,30.0,51G9
19.70208333333332,61.47291666666666,88.0,87.64371915151456,1225.1006585642772,30.0,51G9
19.80625000000001,61.47291666666666,91.0,81.44698487850948,1225.1006585642772,30.0,51G9
19.910416666666663,61.47291666666666,112.0,76.13544629925599,1225.1006585642772,30.0,51G9
20.01458333333332,61.47291666666666,117.0,70.8238629614234,1225.1006585642772,30.0,51H0
20.11875000000001,61.47291666666666,120.0,64.62696333028185,1225.1006585642772,30.0,51H0
20.222916666666663,61.47291666666666,123.0,59.31529372857796,1226.02754475237,30.0,51H0
20.32708333333332,61.47291666666666,128.0,54.00358925719424,1227.6624160385195,30.0,51H0
20.43125000000001,61.47291666666666,124.0,48.691853038877625,1230.538933954202,30.0,51H0
20.535416666666663,61.47291666666666,112.0,42.49479149228898,1233.4377983832644,30.0,51H0
20.63958333333332,61.47291666666666,95.0,37.18299720159831,1235.8746934771682,30.0,51H0
20.74375000000001,61.47291666666666,81.0,31.871181052524825,1238.3525431431094,30.0,51H0
20.847916666666663,61.47291666666666,69.0,26.55934616772617,1240.8171900420948,30.0,51H0
20.95208333333332,61.47291666666666,53.0,21.247495669846018,1243.403839124412,30.0,51H0
21.05625000000001,61.47291666666666,43.0,15.050321188368786,1246.1824160385204,30.0,51H1
17.722916666666663,61.522916666666674,41.0,14.259481585797008,1235.0525610740196,30.0,52G7
17.82708333333332,61.522916666666674,52.0,19.52856948440231,1233.113070841502,30.0,52G7
17.931250000000006,61.522916666666674,66.0,24.811635604188645,1231.3819511198417,30.0,52G7
18.035416666666663,61.522916666666674,60.0,30.98332869053821,1230.661975692833,30.0,52G8
18.13958333333332,61.522916666666674,62.0,36.27708472593492,1230.661975692833,30.0,52G8
18.24375000000001,61.522916666666674,65.0,41.572886833691705,1230.661975692833,30.0,52G8
18.347916666666663,61.522916666666674,62.0,46.87003111416687,1230.661975692833,30.0,52G8
18.45208333333332,61.522916666666674,52.0,52.16679194341817,1230.661975692833,30.0,52G8
18.55625000000001,61.522916666666674,47.0,58.14135244638798,1230.661975692833,30.0,52G8
18.660416666666663,61.522916666666674,41.0,63.081558500568775,1230.661975692833,30.0,52G8
18.76458333333332,61.522916666666674,51.0,68.05354520264932,1230.661975692833,30.0,52G8
18.86875000000001,61.522916666666674,54.0,73.90926113939788,1230.661975692833,30.0,52G8
18.972916666666663,61.522916666666674,75.0,78.96613305945249,1230.661975692833,30.0,52G8
19.07708333333332,61.522916666666674,81.0,84.05115579174921,1230.661975692833,30.0,52G9
19.18125000000001,61.522916666666674,82.0,89.15950193883984,1230.661975692833,30.0,52G9
19.285416666666663,61.522916666666674,90.0,95.14368991128872,1230.661975692833,30.0,52G9
19.38958333333332,61.522916666666674,79.0,100.2905447891702,1230.661975692833,30.0,52G9
19.49375000000001,61.522916666666674,75.0,98.3449697204261,1230.661975692833,30.0,52G9
19.597916666666663,61.522916666666674,72.0,93.04683596710068,1230.661975692833,30.0,52G9
19.70208333333332,61.522916666666674,82.0,87.7497325582462,1230.661975692833,30.0,52G9
19.80625000000001,61.522916666666674,90.0,81.57136699129492,1230.661975692833,30.0,52G9
19.910416666666663,61.522916666666674,105.0,76.27730171487363,1230.661975692833,30.0,52G9
20.01458333333332,61.522916666666674,117.0,70.985164280409,1230.661975692833,30.0,52H0
20.11875000000001,61.522916666666674,123.0,64.8140893308445,1230.661975692833,30.0,52H0
20.222916666666663,61.522916666666674,122.0,59.52800152049471,1231.07425088315,30.0,52H0
20.32708333333332,61.522916666666674,126.0,54.2460418157005,1232.8559099002366,30.0,52H0
20.43125000000001,61.522916666666674,123.0,48.96956046906735,1235.0525610740196,30.0,52H0
20.535416666666663,61.522916666666674,110.0,42.82331107207252,1238.346179221877,30.0,52H0
20.63958333333332,61.522916666666674,94.0,37.567053821045626,1240.811672793237,30.0,52H0
20.74375000000001,61.522916666666674,79.0,32.327533300027554,1243.4018759468995,30.0,52H0
20.847916666666663,61.522916666666674,66.0,27.11446960812549,1245.8005644633567,30.0,52H0
20.95208333333332,61.522916666666674,49.0,21.9467405412972,1248.2305670518151,30.0,52H0
21.05625000000001,61.522916666666674,31.0,16.033611793388125,1251.1111140315977,30.0,52H1
21.160416666666663,61.522916666666674,32.0,11.207735263971266,1253.5725610740196,30.0,52H1
17.722916666666663,61.57291666666666,41.0,14.347992744141628,1240.1159988974175,30.0,52G7
17.82708333333332,61.57291666666666,56.0,19.33400303578765,1238.3903784920872,30.0,52G7
17.931250000000006,61.57291666666666,67.0,24.38750077056148,1236.6661421229137,30.0,52G7
18.035416666666663,61.57291666666666,67.0,30.258785155391774,1236.223292821386,30.0,52G8
18.13958333333332,61.57291666666666,64.0,35.37226016465597,1236.223292821386,30.0,52G8
18.24375000000001,61.57291666666666,69.0,40.530621562599066,1236.223292821386,30.0,52G8
18.347916666666663,61.57291666666666,60.0,45.430127109907865,1236.223292821386,30.0,52G8
18.45208333333332,61.57291666666666,59.0,50.38028927348186,1236.223292821386,30.0,52G8
18.55625000000001,61.57291666666666,57.0,56.23178456435672,1236.223292821386,30.0,52G8
18.660416666666663,61.57291666666666,47.0,61.29580032049084,1236.223292821386,30.0,52G8
18.76458333333332,61.57291666666666,45.0,66.39372979788818,1236.223292821386,30.0,52G8
18.86875000000001,61.57291666666666,51.0,72.37460033936301,1236.223292821386,30.0,52G8
18.972916666666663,61.57291666666666,62.0,77.52360512568636,1236.223292821386,30.0,52G8
19.07708333333332,61.57291666666666,67.0,82.68930578993951,1236.223292821386,30.0,52G9
19.18125000000001,61.57291666666666,92.0,87.86874667731738,1236.223292821386,30.0,52G9
19.285416666666663,61.57291666666666,92.0,93.9257461836488,1236.223292821386,30.0,52G9
19.38958333333332,61.57291666666666,76.0,99.1276847126262,1236.223292821386,30.0,52G9
19.49375000000001,61.57291666666666,74.0,98.7370626764864,1236.223292821386,30.0,52G9
19.597916666666663,61.57291666666666,76.0,93.46988583613604,1236.223292821386,30.0,52G9
19.70208333333332,61.57291666666666,83.0,88.20692840438312,1236.223292821386,30.0,52G9
19.80625000000001,61.57291666666666,88.0,82.07324538994158,1236.223292821386,30.0,52G9
19.910416666666663,61.57291666666666,93.0,76.82252849548834,1236.223292821386,30.0,52G9
20.01458333333332,61.57291666666666,121.0,71.57947667520632,1236.223292821386,30.0,52H0
20.11875000000001,61.57291666666666,122.0,65.47474580625291,1236.223292821386,30.0,52H0
20.222916666666663,61.57291666666666,127.0,60.25542772432601,1236.4741005708834,30.0,52H0
20.32708333333332,61.57291666666666,121.0,55.05209776689108,1238.070865966616,30.0,52H0
20.43125000000001,61.57291666666666,118.0,49.86977486891948,1239.973669672259,30.0,52H0
20.535416666666663,61.57291666666666,108.0,43.860235042888334,1243.3999134927406,30.0,52H0
20.63958333333332,61.57291666666666,96.0,38.75367826661297,1245.7995509536252,30.0,52H0
20.74375000000001,61.57291666666666,79.0,33.707901411410184,1248.227845233945,30.0,52H0
20.847916666666663,61.57291666666666,64.0,28.75493337999998,1250.7238976687356,30.0,52H0
20.95208333333332,61.57291666666666,48.0,23.95243277293945,1253.162274678274,30.0,52H0
21.05625000000001,61.57291666666666,46.0,18.69485565119363,1256.0588751933178,30.0,52H1
21.160416666666663,61.57291666666666,39.0,13.94435506908495,1258.4936696722589,30.0,52H1
17.722916666666663,61.62291666666667,54.0,12.639331067771195,1245.5575457983798,30.0,52G7
17.82708333333332,61.62291666666667,65.0,17.831934714414526,1243.7570074303349,30.0,52G7
17.931250000000006,61.62291666666667,69.0,23.06613818454984,1242.693772376186,30.0,52G7
18.035416666666663,61.62291666666667,71.0,28.636875204090742,1241.7846099499418,30.0,52G8
18.13958333333332,61.62291666666667,71.0,33.56286353190896,1241.7846099499418,30.0,52G8
18.24375000000001,61.62291666666667,59.0,38.58195824361185,1241.7846099499418,30.0,52G8
18.347916666666663,61.62291666666667,54.0,43.66205271306524,1241.7846099499418,30.0,52G8
18.45208333333332,61.62291666666667,61.0,48.78408406340024,1241.7846099499418,30.0,52G8
18.55625000000001,61.62291666666667,56.0,54.79708520211992,1241.7846099499418,30.0,52G8
18.660416666666663,61.62291666666667,50.0,59.974344430671685,1241.7846099499418,30.0,52G8
18.76458333333332,61.62291666666667,51.0,65.16766152282581,1241.7846099499418,30.0,52G8
18.86875000000001,61.62291666666667,55.0,71.24212698392833,1241.7846099499418,30.0,52G8
18.972916666666663,61.62291666666667,43.0,76.45928415783452,1241.7846099499418,30.0,52G8
19.07708333333332,61.62291666666667,49.0,81.68414152697194,1241.7846099499418,30.0,52G9
19.18125000000001,61.62291666666667,90.0,86.91529920550204,1241.7846099499418,30.0,52G9
19.285416666666663,61.62291666666667,89.0,93.02484637393056,1241.7846099499418,30.0,52G9
19.38958333333332,61.62291666666667,70.0,98.26624065350634,1241.7846099499418,30.0,52G9
19.49375000000001,61.62291666666667,71.0,99.43909501546553,1241.7846099499418,30.0,52G9
19.597916666666663,61.62291666666667,76.0,94.21983625149272,1241.7846099499418,30.0,52G9
19.70208333333332,61.62291666666667,82.0,89.00989534980509,1241.7846099499418,30.0,52G9
19.80625000000001,61.62291666666667,86.0,82.9457680284211,1241.7846099499418,30.0,52G9
19.910416666666663,61.62291666666667,97.0,77.7626424821027,1241.7846099499418,30.0,52G9
20.01458333333332,61.62291666666667,118.0,72.59616631968731,1241.7846099499418,30.0,52H0
20.11875000000001,61.62291666666667,129.0,66.59484121996323,1241.7846099499418,30.0,52H0
20.222916666666663,61.62291666666667,123.0,61.47930453216267,1242.693772376186,30.0,52H0
20.32708333333332,61.62291666666667,118.0,56.38638717052306,1243.6206585642772,30.0,52H0
20.43125000000001,61.62291666666667,121.0,51.10176770269181,1245.3940752249298,30.0,52H0
20.535416666666663,61.62291666666667,110.0,44.936574743546814,1247.936877813604,30.0,52H0
20.63958333333332,61.62291666666667,93.0,39.65238030528264,1250.7193225726642,30.0,52H0
20.74375000000001,61.62291666666667,76.0,34.36855441919399,1253.1586041768026,30.0,52H0
20.847916666666663,61.62291666666667,63.0,29.08531380308275,1255.6134181663344,30.0,52H0
20.95208333333332,61.62291666666667,53.0,23.80306478070988,1258.0995703047397,30.0,52H0
21.05625000000001,61.62291666666667,32.0,17.642907131544067,1261.213772376186,30.0,52H1
21.160416666666663,61.62291666666667,34.0,12.367767942311234,1263.4653873255436,30.0,52H1
17.722916666666663,61.67291666666665,58.0,11.15341847042546,1250.755895356344,30.0,52G7
17.82708333333332,61.67291666666665,58.0,15.942890430398974,1249.049144607783,30.0,52G7
17.931250000000006,61.67291666666665,63.0,20.96595031945578,1248.2550895047389,30.0,52G7
18.035416666666663,61.67291666666665,64.0,26.94736308592792,1248.2550895047389,30.0,52G8
18.13958333333332,61.67291666666665,63.0,32.12569605434209,1248.2550895047389,30.0,52G8
18.24375000000001,61.67291666666665,72.0,37.33064137621785,1248.2550895047389,30.0,52G8
18.347916666666663,61.67291666666665,71.0,42.55242459989728,1248.2550895047389,30.0,52G8
18.45208333333332,61.67291666666665,66.0,47.785515831068125,1248.2550895047389,30.0,52G8
18.55625000000001,61.67291666666665,58.0,53.90067288596026,1248.2550895047389,30.0,52G8
18.660416666666663,61.67291666666665,55.0,59.148318503079054,1248.2550895047389,30.0,52G8
18.76458333333332,61.67291666666665,49.0,64.40011855803013,1248.2550895047389,30.0,52G8
18.86875000000001,61.67291666666665,47.0,70.53121671225314,1248.2550895047389,30.0,52G8
18.972916666666663,61.67291666666665,41.0,75.78910553043498,1248.2550895047389,30.0,52G8
19.07708333333332,61.67291666666665,52.0,81.04893487803045,1248.2550895047389,30.0,52G9
19.18125000000001,61.67291666666665,79.0,86.3103386970902,1248.2550895047389,30.0,52G9
19.285416666666663,61.67291666666665,75.0,92.45025943802035,1248.2550895047389,30.0,52G9
19.38958333333332,61.67291666666665,65.0,97.71418474908228,1248.2550895047389,30.0,52G9
19.49375000000001,61.67291666666665,75.0,99.28442224453708,1248.2550895047389,30.0,52G9
19.597916666666663,61.67291666666665,75.0,94.12994181998756,1248.2550895047389,30.0,52G9
19.70208333333332,61.67291666666665,80.0,88.98802474869373,1248.2550895047389,30.0,52G9
19.80625000000001,61.67291666666665,90.0,83.00813250611061,1248.2550895047389,30.0,52G9
19.910416666666663,61.67291666666665,104.0,77.90221624430414,1248.2550895047389,30.0,52G9
20.01458333333332,61.67291666666665,116.0,72.81854355266718,1248.2550895047389,30.0,52H0
20.11875000000001,61.67291666666665,122.0,66.92248531137136,1248.2550895047389,30.0,52H0
20.222916666666663,61.67291666666665,118.0,61.78835148252647,1248.2550895047389,30.0,52H0
20.32708333333332,61.67291666666665,127.0,56.52351308805228,1248.7116078707515,30.0,52H0
20.43125000000001,61.67291666666665,124.0,51.261987632317776,1250.47816448651,30.0,52H0
20.535416666666663,61.67291666666665,105.0,45.12929402473739,1252.7554882356803,30.0,52H0
20.63958333333332,61.67291666666665,91.0,39.87970581688935,1255.5925626871772,30.0,52H0
20.74375000000001,61.67291666666665,60.0,34.63970510867815,1258.0922961769193,30.0,52H0
20.847916666666663,61.67291666666665,58.0,29.414431872957945,1260.6379137247557,30.0,52H0
20.95208333333332,61.67291666666665,52.0,24.213438890791448,1263.170572107286,30.0,52H0
21.05625000000001,61.67291666666665,44.0,18.204104992331064,1265.9424063238316,30.0,52H1
21.160416666666663,61.67291666666665,34.0,13.16566552305338,1268.4152967944922,30.0,52H1
17.82708333333332,61.72291666666666,69.0,14.929366451522377,1254.2852054033815,30.0,52G7
17.931250000000006,61.72291666666666,79.0,20.198541355369464,1253.8164066332945,30.0,52G7
18.035416666666663,61.72291666666666,71.0,26.3458967798321,1253.8164066332945,30.0,52G8
18.13958333333332,61.72291666666666,81.0,31.615041901940693,1253.8164066332945,30.0,52G8
18.24375000000001,61.72291666666666,80.0,36.88416835098951,1253.8164066332945,30.0,52G8
18.347916666666663,61.72291666666666,79.0,42.15327301476722,1253.8164066332945,30.0,52G8
18.45208333333332,61.72291666666666,74.0,47.42235278104391,1253.8164066332945,30.0,52G8
18.55625000000001,61.72291666666666,51.0,53.56957688862428,1253.8164066332945,30.0,52G8
18.660416666666663,61.72291666666666,52.0,58.83793806820592,1253.8164066332945,30.0,52G8
18.76458333333332,61.72291666666666,37.0,64.10560605345006,1253.8164066332945,30.0,52G8
18.86875000000001,61.72291666666666,33.0,70.25128436758456,1253.8164066332945,30.0,52G8
18.972916666666663,61.72291666666666,48.0,75.51903982725645,1253.8164066332945,30.0,52G8
19.07708333333332,61.72291666666666,52.0,80.78680631537821,1253.8164066332945,30.0,52G9
19.18125000000001,61.72291666666666,63.0,86.05457050238688,1253.8164066332945,30.0,52G9
19.285416666666663,61.72291666666666,58.0,92.2002779407829,1253.8164066332945,30.0,52G9
19.38958333333332,61.72291666666666,61.0,97.46800176308756,1253.8164066332945,30.0,52G9
19.49375000000001,61.72291666666666,75.0,98.26734605208888,1253.8164066332945,30.0,52G9
19.597916666666663,61.72291666666666,72.0,93.06522383394451,1253.8164066332945,30.0,52G9
19.70208333333332,61.72291666666666,79.0,87.86969849948952,1253.8164066332945,30.0,52G9
19.80625000000001,61.72291666666666,88.0,81.8182846169958,1253.8164066332945,30.0,52G9
19.910416666666663,61.72291666666666,103.0,76.64181603774313,1253.8164066332945,30.0,52G9
20.01458333333332,61.72291666666666,119.0,71.47722900707672,1253.8164066332945,30.0,52H0
20.11875000000001,61.72291666666666,122.0,65.47066378363293,1253.8164066332945,30.0,52H0
20.222916666666663,61.72291666666666,129.0,60.342648450555,1253.8164066332945,30.0,52H0
20.32708333333332,61.72291666666666,118.0,55.23909794930261,1254.08214824694,30.0,52H0
20.43125000000001,61.72291666666666,115.0,50.16749318274567,1255.712070894596,30.0,52H0
20.535416666666663,61.72291666666666,96.0,44.30564994794933,1257.7588987227568,30.0,52H0
20.63958333333332,61.72291666666666,88.0,39.34747448696281,1260.1306017810027,30.0,52H0
20.74375000000001,61.72291666666666,68.0,34.4783576308974,1263.1702434423803,30.0,52H0
20.847916666666663,61.72291666666666,62.0,29.74208561680061,1265.5147220372812,30.0,52H0
20.95208333333332,61.72291666666666,61.0,25.213647171594964,1267.9800969097455,30.0,52H0
21.05625000000001,61.72291666666666,52.0,19.41427550197167,1270.8404273851752,30.0,52H1
21.160416666666663,61.72291666666666,44.0,14.176692160342224,1273.3143280278466,30.0,52H1
17.722916666666663,61.772916666666674,68.0,10.706095134766398,1261.4107610068522,30.0,52G7
17.82708333333332,61.772916666666674,75.0,15.618646500170772,1259.7083208469437,30.0,52G7
17.931250000000006,61.772916666666674,75.0,20.704755827004124,1259.377723761852,30.0,52G7
18.035416666666663,61.772916666666674,78.0,26.72584183681285,1259.377723761852,30.0,52G8
18.13958333333332,61.772916666666674,87.0,31.92330239427669,1259.377723761852,30.0,52G8
18.24375000000001,61.772916666666674,74.0,37.13953644265535,1259.377723761852,30.0,52G8
18.347916666666663,61.772916666666674,74.0,42.36760041076993,1259.377723761852,30.0,52G8
18.45208333333332,61.772916666666674,79.0,47.60358647563245,1259.377723761852,30.0,52G8
18.55625000000001,61.772916666666674,46.0,53.71914509050155,1259.377723761852,30.0,52G8
18.660416666666663,61.772916666666674,49.0,58.96529472768606,1259.377723761852,30.0,52G8
18.76458333333332,61.772916666666674,26.0,64.214335805522,1259.377723761852,30.0,52G8
18.86875000000001,61.772916666666674,36.0,70.34099339308018,1259.377723761852,30.0,52G8
18.972916666666663,61.772916666666674,47.0,75.59425776420791,1259.377723761852,30.0,52G8
19.07708333333332,61.772916666666674,35.0,80.84886196048211,1259.377723761852,30.0,52G9
19.18125000000001,61.772916666666674,60.0,86.10454940567048,1259.377723761852,30.0,52G9
19.285416666666663,61.772916666666674,57.0,92.23729178476496,1259.377723761852,30.0,52G9
19.38958333333332,61.772916666666674,64.0,97.49470198287204,1259.377723761852,30.0,52G9
19.49375000000001,61.772916666666674,75.0,97.38315137638718,1259.377723761852,30.0,52G9
19.597916666666663,61.772916666666674,72.0,92.31370473358707,1259.377723761852,30.0,52G9
19.70208333333332,61.772916666666674,74.0,87.09277794837341,1259.377723761852,30.0,52G9
19.80625000000001,61.772916666666674,89.0,80.99362038401257,1259.377723761852,30.0,52G9
19.910416666666663,61.772916666666674,103.0,75.76961303671433,1259.377723761852,30.0,52G9
20.01458333333332,61.772916666666674,117.0,70.54999829218332,1259.377723761852,30.0,52H0
20.11875000000001,61.772916666666674,127.0,64.46744154410224,1259.377723761852,30.0,52H0
20.222916666666663,61.772916666666674,113.0,59.26150231567913,1259.377723761852,30.0,52H0
20.32708333333332,61.772916666666674,112.0,54.0648300833091,1259.564402868319,30.0,52H0
20.43125000000001,61.772916666666674,110.0,48.88039482861214,1261.213772376187,30.0,52H0
20.535416666666663,61.772916666666674,97.0,42.853297811252695,1263.1699151273724,30.0,52H0
20.63958333333332,61.772916666666674,85.0,37.71354531175317,1265.1732885599902,30.0,52H0
20.74375000000001,61.772916666666674,73.0,32.61024945406052,1267.7160524115327,30.0,52H0
20.847916666666663,61.772916666666674,58.0,27.563682464447748,1270.4608486728353,30.0,52H0
20.95208333333332,61.772916666666674,63.0,22.61187482798444,1272.8874328566894,30.0,52H0
21.05625000000001,61.772916666666674,51.0,17.064873981276286,1275.771771478317,30.0,52H1
21.160416666666663,61.772916666666674,46.0,12.74277097500218,1278.2174160749057,30.0,52H1
17.618750000000006,61.82291666666666,61.0,11.0980325287048,1268.4086604231102,30.0,52G7
17.722916666666663,61.82291666666666,57.0,14.033687286363168,1266.7342677386343,30.0,52G7
17.82708333333332,61.82291666666666,73.0,18.057014834402214,1265.8482033166472,30.0,52G7
17.931250000000006,61.82291666666666,79.0,22.59425232891068,1265.8482033166472,30.0,52G7
18.035416666666663,61.82291666666666,82.0,28.206730918237373,1265.8482033166472,30.0,52G8
18.13958333333332,61.82291666666666,80.0,33.16550499656373,1265.8482033166472,30.0,52G8
18.24375000000001,61.82291666666666,75.0,38.20488177874595,1265.8482033166472,30.0,52G8
18.347916666666663,61.82291666666666,75.0,43.29671614170739,1265.8482033166472,30.0,52G8
18.45208333333332,61.82291666666666,81.0,48.42445302747002,1265.8482033166472,30.0,52G8
18.55625000000001,61.82291666666666,53.0,54.43863868014477,1265.8482033166472,30.0,52G8
18.660416666666663,61.82291666666666,51.0,59.61345274661984,1265.8482033166472,30.0,52G8
18.76458333333332,61.82291666666666,27.0,64.80190992243371,1265.8482033166472,30.0,52G8
18.86875000000001,61.82291666666666,35.0,70.86834088588712,1265.8482033166472,30.0,52G8
18.972916666666663,61.82291666666666,41.0,76.07701255905948,1265.8482033166472,30.0,52G8
19.07708333333332,61.82291666666666,25.0,81.29220178255899,1265.8482033166472,30.0,52G9
19.18125000000001,61.82291666666666,68.0,86.51271866656323,1265.8482033166472,30.0,52G9
19.285416666666663,61.82291666666666,55.0,92.21362708521552,1265.8482033166472,30.0,52G9
19.38958333333332,61.82291666666666,65.0,96.87107752075624,1265.8482033166472,30.0,52G9
19.49375000000001,61.82291666666666,67.0,96.08265427243715,1265.8482033166472,30.0,52G9
19.597916666666663,61.82291666666666,74.0,90.949343327704,1265.8482033166472,30.0,52G9
19.70208333333332,61.82291666666666,75.0,85.82854985084339,1265.8482033166472,30.0,52G9
19.80625000000001,61.82291666666666,84.0,79.87334100815444,1265.8482033166472,30.0,52G9
19.910416666666663,61.82291666666666,93.0,74.78874959868658,1265.8482033166472,30.0,52G9
20.01458333333332,61.82291666666666,111.0,69.72675381414423,1265.8482033166472,30.0,52H0
20.11875000000001,61.82291666666666,116.0,63.85683641413416,1265.8482033166472,30.0,52H0
20.222916666666663,61.82291666666666,115.0,58.68961445200863,1265.8482033166472,30.0,52H0
20.32708333333332,61.82291666666666,122.0,53.44631711331851,1265.8482033166472,30.0,52H0
20.43125000000001,61.82291666666666,96.0,48.20439758561726,1266.3604281222397,30.0,52H0
20.535416666666663,61.82291666666666,71.0,42.09127285925466,1268.4086604231102,30.0,52H0
20.63958333333332,61.82291666666666,62.0,36.85451210898906,1270.1419121485171,30.0,52H0
20.74375000000001,61.82291666666666,59.0,31.62207436379126,1272.5081062952197,30.0,52H0
20.847916666666663,61.82291666666666,44.0,26.396546593020915,1275.348094499234,30.0,52H0
20.95208333333332,61.82291666666666,41.0,21.18306010668584,1277.8186662367416,30.0,52H0
21.05625000000001,61.82291666666666,20.0,15.13251480667197,1280.7952907763806,30.0,52H1
21.160416666666663,61.82291666666666,24.0,10.018523432953035,1283.2076090474384,30.0,52H1
17.722916666666663,61.87291666666667,65.0,13.390202911339829,1271.9080666182103,30.0,52G7
17.82708333333332,61.87291666666667,64.0,17.788578065574693,1271.4095204452044,30.0,52G7
17.931250000000006,61.87291666666667,79.0,22.54824650033983,1271.4095204452044,30.0,52G7
18.035416666666663,61.87291666666667,78.0,28.31501922780813,1271.4095204452044,30.0,52G8
18.13958333333332,61.87291666666667,79.0,33.35533963436135,1271.4095204452044,30.0,52G8
18.24375000000001,61.87291666666667,81.0,38.44826521299766,1271.4095204452044,30.0,52G8
18.347916666666663,61.87291666666667,79.0,43.57534502631942,1271.4095204452044,30.0,52G8
18.45208333333332,61.87291666666667,81.0,48.72578859177506,1271.4095204452044,30.0,52G8
18.55625000000001,61.87291666666667,61.0,54.75535812523225,1271.4095204452044,30.0,52G8
18.660416666666663,61.87291666666667,48.0,59.93645841395291,1271.4095204452044,30.0,52G8
18.76458333333332,61.87291666666667,31.0,65.12645406548056,1271.4095204452044,30.0,52G8
18.86875000000001,61.87291666666667,35.0,70.50561723610461,1271.4095204452044,30.0,52G8
18.972916666666663,61.87291666666667,31.0,74.99124181749434,1271.4095204452044,30.0,52G8
19.07708333333332,61.87291666666667,30.0,79.56576310939349,1271.4095204452044,30.0,52G9
19.18125000000001,61.87291666666667,70.0,84.2146858393505,1271.4095204452044,30.0,52G9
19.285416666666663,61.87291666666667,50.0,89.71701157332672,1271.4095204452044,30.0,52G9
19.38958333333332,61.87291666666667,61.0,94.48998982953869,1271.4095204452044,30.0,52G9
19.49375000000001,61.87291666666667,67.0,95.09009801908996,1271.4095204452044,30.0,52G9
19.597916666666663,61.87291666666667,68.0,89.90883446952769,1271.4095204452044,30.0,52G9
19.70208333333332,61.87291666666667,79.0,84.73388450758635,1271.4095204452044,30.0,52G9
19.80625000000001,61.87291666666667,86.0,78.7061020567016,1271.4095204452044,30.0,52G9
19.910416666666663,61.87291666666667,98.0,73.54956799891121,1271.4095204452044,30.0,52G9
20.01458333333332,61.87291666666667,101.0,68.4046390320981,1271.4095204452044,30.0,52H0
20.11875000000001,61.87291666666667,139.0,62.42073600079177,1271.4095204452044,30.0,52H0
20.222916666666663,61.87291666666667,112.0,57.31205881987472,1271.4095204452044,30.0,52H0
20.32708333333332,61.87291666666667,120.0,52.22804003415545,1271.4095204452044,30.0,52H0
20.43125000000001,61.87291666666667,96.0,47.176666294648776,1271.6924328186997,30.0,52H0
20.535416666666663,61.87291666666667,97.0,41.34063926634035,1273.6977553668842,30.0,52H0
20.63958333333332,61.87291666666667,80.0,36.408765036606425,1275.4074379451758,30.0,52H0
20.74375000000001,61.87291666666667,61.0,31.57411615460636,1277.3880913986288,30.0,52H0
20.847916666666663,61.87291666666667,51.0,26.375270613721607,1279.929543052891,30.0,52H0
20.95208333333332,61.87291666666667,47.0,21.16609223344678,1282.8334898865355,30.0,52H0
21.05625000000001,61.87291666666667,31.0,15.120597505353045,1285.7047438506945,30.0,52H1
21.160416666666663,61.87291666666667,17.0,10.010987006618,1288.129742083688,30.0,52H1
17.722916666666663,61.92291666666665,80.0,10.828751928575672,1277.3150721855884,30.0,52G7
17.82708333333332,61.92291666666665,72.0,15.942831700151642,1276.9708375737562,30.0,52G7
17.931250000000006,61.92291666666665,74.0,21.115166302378608,1276.9708375737562,30.0,52G7
18.035416666666663,61.92291666666665,66.0,27.17881740039964,1276.9708375737562,30.0,52G8
18.13958333333332,61.92291666666665,87.0,32.388560351407726,1276.9708375737562,30.0,52G8
18.24375000000001,61.92291666666665,70.0,37.6046810080919,1276.9708375737562,30.0,52G8
18.347916666666663,61.92291666666665,84.0,42.82483888520352,1276.9708375737562,30.0,52G8
18.45208333333332,61.92291666666665,82.0,48.04770776236214,1276.9708375737562,30.0,52G8
18.55625000000001,61.92291666666665,67.0,53.65234374738115,1276.9708375737562,30.0,52G8
18.660416666666663,61.92291666666665,34.0,57.95015109702025,1276.9708375737562,30.0,52G8
18.76458333333332,61.92291666666665,33.0,62.387191271162216,1276.9708375737562,30.0,52G8
18.86875000000001,61.92291666666665,37.0,67.7031419673831,1276.9708375737562,30.0,52G8
18.972916666666663,61.92291666666665,33.0,72.3553245712454,1276.9708375737562,30.0,52G8
19.07708333333332,61.92291666666665,40.0,77.07893157099096,1276.9708375737562,30.0,52G9
19.18125000000001,61.92291666666665,67.0,81.86158958144483,1276.9708375737562,30.0,52G9
19.285416666666663,61.92291666666665,63.0,87.50305398221828,1276.9708375737562,30.0,52G9
19.38958333333332,61.92291666666665,46.0,92.38270075985224,1276.9708375737562,30.0,52G9
19.49375000000001,61.92291666666665,61.0,94.41519496212176,1276.9708375737562,30.0,52G9
19.597916666666663,61.92291666666665,64.0,89.20351155326097,1276.9708375737562,30.0,52G9
19.70208333333332,61.92291666666665,76.0,83.99390066415972,1276.9708375737562,30.0,52G9
19.80625000000001,61.92291666666665,88.0,77.91921359357183,1276.9708375737562,30.0,52G9
19.910416666666663,61.92291666666665,99.0,72.71571140429775,1276.9708375737562,30.0,52G9
20.01458333333332,61.92291666666665,134.0,67.5160965991668,1276.9708375737562,30.0,52H0
20.11875000000001,61.92291666666665,142.0,61.45612760360613,1276.9708375737562,30.0,52H0
20.222916666666663,61.92291666666665,121.0,56.26880587343496,1276.9708375737562,30.0,52H0
20.32708333333332,61.92291666666665,102.0,51.08996202588892,1276.9708375737562,30.0,52H0
20.43125000000001,61.92291666666665,92.0,45.922478760684456,1277.1652884687378,30.0,52H0
20.535416666666663,61.92291666666665,102.0,39.91401309973131,1278.883104147496,30.0,52H0
20.63958333333332,61.92291666666665,83.0,34.78943040062089,1280.7944350481418,30.0,52H0
20.74375000000001,61.92291666666665,63.0,29.701312186501777,1282.5959553401603,30.0,52H0
20.847916666666663,61.92291666666665,50.0,24.67224461530579,1284.87721934159,30.0,52H0
20.95208333333332,61.92291666666665,40.0,19.747411038702168,1287.4907226604068,30.0,52H0
21.05625000000001,61.92291666666665,35.0,14.210149907667944,1290.5739391360569,30.0,52H1
17.722916666666663,61.97291666666666,72.0,10.618719510598536,1283.441317128557,30.0,52G7
17.82708333333332,61.97291666666666,63.0,15.792652590513953,1283.441317128557,30.0,52G7
17.931250000000006,61.97291666666666,74.0,20.99329327046332,1283.441317128557,30.0,52G7
18.035416666666663,61.97291666666666,75.0,27.073921944398567,1283.441317128557,30.0,52G8
18.13958333333332,61.97291666666666,79.0,32.29141687560128,1283.441317128557,30.0,52G8
18.24375000000001,61.97291666666666,71.0,37.37818116669578,1283.441317128557,30.0,52G8
18.347916666666663,61.97291666666666,90.0,41.28350242143465,1283.441317128557,30.0,52G8
18.45208333333332,61.97291666666666,84.0,45.450374735984845,1283.441317128557,30.0,52G8
18.55625000000001,61.97291666666666,71.0,50.55585481127488,1283.441317128557,30.0,52G8
18.660416666666663,61.97291666666666,53.0,55.08861037899157,1283.441317128557,30.0,52G8
18.76458333333332,61.97291666666666,32.0,59.73124988714311,1283.441317128557,30.0,52G8
18.86875000000001,61.97291666666666,38.0,65.25521813003253,1283.441317128557,30.0,52G8
18.972916666666663,61.97291666666666,36.0,70.06250067717555,1283.441317128557,30.0,52G8
19.07708333333332,61.97291666666666,62.0,74.92307210027857,1283.441317128557,30.0,52G9
19.18125000000001,61.97291666666666,70.0,79.82718842717463,1283.441317128557,30.0,52G9
19.285416666666663,61.97291666666666,71.0,85.59369072497714,1283.441317128557,30.0,52G9
19.38958333333332,61.97291666666666,48.0,90.56832407161188,1283.441317128557,30.0,52G9
19.49375000000001,61.97291666666666,60.0,94.06478271599876,1283.441317128557,30.0,52G9
19.597916666666663,61.97291666666666,58.0,88.84135818996015,1283.441317128557,30.0,52G9
19.70208333333332,61.97291666666666,71.0,83.61801519176393,1283.441317128557,30.0,52G9
19.80625000000001,61.97291666666666,93.0,77.52425841019432,1283.441317128557,30.0,52G9
19.910416666666663,61.97291666666666,103.0,72.30120512936097,1283.441317128557,30.0,52G9
20.01458333333332,61.97291666666666,131.0,67.07835846299383,1283.441317128557,30.0,52H0
20.11875000000001,61.97291666666666,133.0,60.98538815383564,1283.441317128557,30.0,52H0
20.222916666666663,61.97291666666666,124.0,55.7632483189809,1283.441317128557,30.0,52H0
20.32708333333332,61.97291666666666,102.0,50.54162122295644,1283.441317128557,30.0,52H0
20.43125000000001,61.97291666666666,104.0,45.32069863041927,1283.441317128557,30.0,52H0
20.535416666666663,61.97291666666666,100.0,39.23090804108494,1284.4265251054858,30.0,52H0
20.63958333333332,61.97291666666666,83.0,34.012742830574304,1286.0745229249471,30.0,52H0
20.74375000000001,61.97291666666666,69.0,28.79699910805419,1287.7837914535617,30.0,52H0
20.847916666666663,61.97291666666666,50.0,23.585299908143,1289.7646164805303,30.0,52H0
20.95208333333332,61.97291666666666,40.0,18.381103485387783,1292.222538648633,30.0,52H0
21.05625000000001,61.97291666666666,38.0,12.331729726835675,1295.487663112591,30.0,52H1
17.722916666666663,62.022916666666674,63.0,12.811129860946371,1289.0026342571132,30.0,53G7
17.82708333333332,62.022916666666674,82.0,17.336426255450025,1289.0026342571132,30.0,53G7
17.931250000000006,62.022916666666674,71.0,22.159966344979185,1289.0026342571132,30.0,53G7
18.035416666666663,62.022916666666674,62.0,25.987204418387297,1289.0026342571132,30.0,53G8
18.13958333333332,62.022916666666674,83.0,29.75957503700843,1289.0026342571132,30.0,53G8
18.24375000000001,62.022916666666674,87.0,33.73730526677057,1289.0026342571132,30.0,53G8
18.347916666666663,62.022916666666674,94.0,38.01185149728162,1289.0026342571132,30.0,53G8
18.45208333333332,62.022916666666674,87.0,42.4937270577168,1289.0026342571132,30.0,53G8
18.55625000000001,62.022916666666674,77.0,47.906893761876844,1289.0026342571132,30.0,53G8
18.660416666666663,62.022916666666674,68.0,52.660661614501485,1289.0026342571132,30.0,53G8
18.76458333333332,62.022916666666674,50.0,57.4920675379508,1289.0026342571132,30.0,53G8
18.86875000000001,62.022916666666674,55.0,63.20305565934171,1289.0026342571132,30.0,53G8
18.972916666666663,62.022916666666674,56.0,68.14740913141247,1289.0026342571132,30.0,53G8
19.07708333333332,62.022916666666674,80.0,73.12746256805818,1289.0026342571132,30.0,53G9
19.18125000000001,62.022916666666674,80.0,78.13637949886385,1289.0026342571132,30.0,53G9
19.285416666666663,62.022916666666674,70.0,84.00969273116014,1289.0026342571132,30.0,53G9
19.38958333333332,62.022916666666674,63.0,89.06476269753118,1289.0026342571132,30.0,53G9
19.49375000000001,62.022916666666674,62.0,93.96196396404557,1289.0026342571132,30.0,53G9
19.597916666666663,62.022916666666674,58.0,88.74425373076899,1289.0026342571132,30.0,53G9
19.70208333333332,62.022916666666674,84.0,83.52662519715788,1289.0026342571132,30.0,53G9
19.80625000000001,62.022916666666674,102.0,77.43953554567214,1289.0026342571132,30.0,53G9
19.910416666666663,62.022916666666674,125.0,72.2221972084997,1289.0026342571132,30.0,53G9
20.01458333333332,62.022916666666674,136.0,67.0050657787728,1289.0026342571132,30.0,53H0
20.11875000000001,62.022916666666674,135.0,60.9187637073041,1289.0026342571132,30.0,53H0
20.222916666666663,62.022916666666674,128.0,55.70234000981387,1289.0026342571132,30.0,53H0
20.32708333333332,62.022916666666674,98.0,50.48642966235093,1289.0026342571132,30.0,53H0
20.43125000000001,62.022916666666674,106.0,45.27122463332911,1289.0026342571132,30.0,53H0
20.535416666666663,62.022916666666674,93.0,39.18810598769775,1289.535602941473,30.0,53H0
20.63958333333332,62.022916666666674,82.0,33.975661425373055,1291.3162881053167,30.0,53H0
20.74375000000001,62.022916666666674,69.0,28.765641008673203,1293.0625880381117,30.0,53H0
20.847916666666663,62.022916666666674,52.0,23.559669510537702,1294.777183436835,30.0,53H0
20.95208333333332,62.022916666666674,33.0,18.36120885974975,1297.1235393510178,30.0,53H0
21.05625000000001,62.022916666666674,31.0,12.318550246051544,1300.213672123892,30.0,53H1
17.722916666666663,62.07291666666666,37.0,13.09162689698304,1294.563951385666,30.0,53G7
17.82708333333332,62.07291666666666,76.0,14.712041475557044,1294.563951385666,30.0,53G7
17.931250000000006,62.07291666666666,63.0,17.764056196722958,1294.563951385666,30.0,53G7
18.035416666666663,62.07291666666666,74.0,22.155271087058523,1294.563951385666,30.0,53G8
18.13958333333332,62.07291666666666,72.0,26.24844780638108,1294.563951385666,30.0,53G8
18.24375000000001,62.07291666666666,86.0,30.67799272874525,1294.563951385666,30.0,53G8
18.347916666666663,62.07291666666666,93.0,35.31756097789062,1294.563951385666,30.0,53G8
18.45208333333332,62.07291666666666,88.0,40.09430021715102,1294.563951385666,30.0,53G8
18.55625000000001,62.07291666666666,83.0,45.78320688012936,1294.563951385666,30.0,53G8
18.660416666666663,62.07291666666666,79.0,50.72860018506935,1294.563951385666,30.0,53G8
18.76458333333332,62.07291666666666,68.0,55.71991102677959,1294.563951385666,30.0,53G8
18.86875000000001,62.07291666666666,81.0,61.58622968407367,1294.563951385666,30.0,53G8
18.972916666666663,62.07291666666666,74.0,66.64262228011827,1294.563951385666,30.0,53G8
19.07708333333332,62.07291666666666,89.0,71.71916646357262,1294.563951385666,30.0,53G9
19.18125000000001,62.07291666666666,80.0,76.8118559586796,1294.563951385666,30.0,53G9
19.285416666666663,62.07291666666666,66.0,82.76974204868938,1294.563951385666,30.0,53G9
19.38958333333332,62.07291666666666,70.0,87.8879700947495,1294.563951385666,30.0,53G9
19.49375000000001,62.07291666666666,60.0,92.71874186710988,1294.563951385666,30.0,53G9
19.597916666666663,62.07291666666666,70.0,88.07165972477138,1294.563951385666,30.0,53G9
19.70208333333332,62.07291666666666,95.0,83.25560698318479,1294.563951385666,30.0,53G9
19.80625000000001,62.07291666666666,94.0,77.2639350351579,1294.563951385666,30.0,53G9
19.910416666666663,62.07291666666666,120.0,72.05611178564041,1294.563951385666,30.0,53G9
20.01458333333332,62.07291666666666,145.0,66.84830831862557,1294.563951385666,30.0,53H0
20.11875000000001,62.07291666666666,140.0,60.7725882198062,1294.563951385666,30.0,53H0
20.222916666666663,62.07291666666666,114.0,55.56479312630303,1294.563951385666,30.0,53H0
20.32708333333332,62.07291666666666,107.0,50.3556952236745,1294.563951385666,30.0,53H0
20.43125000000001,62.07291666666666,98.0,45.14656738398725,1294.563951385666,30.0,53H0
20.535416666666663,62.07291666666666,88.0,39.069217865626136,1294.9233089493664,30.0,53H0
20.63958333333332,62.07291666666666,77.0,33.86003578671138,1296.515172808553,30.0,53H0
20.74375000000001,62.07291666666666,60.0,28.650833577835147,1298.4471135041188,30.0,53H0
20.847916666666663,62.07291666666666,57.0,23.441614335938898,1300.2079526461653,30.0,53H0
20.95208333333332,62.07291666666666,37.0,18.232381157952464,1302.19267656893,30.0,53H0
21.05625000000001,62.07291666666666,22.0,12.154928968246631,1304.9947430284028,30.0,53H1
17.82708333333332,62.12291666666667,58.0,10.14699122772235,1301.0344309404616,30.0,53G7
17.931250000000006,62.12291666666667,72.0,13.92129509296916,1301.0344309404616,30.0,53G7
18.035416666666663,62.12291666666667,78.0,18.878224462332625,1301.0344309404616,30.0,53G8
18.13958333333332,62.12291666666667,70.0,23.541154972279827,1301.0344309404616,30.0,53G8
18.24375000000001,62.12291666666667,83.0,28.388885869929474,1301.0344309404616,30.0,53G8
18.347916666666663,62.12291666666667,89.0,33.34089605436997,1301.0344309404616,30.0,53G8
18.45208333333332,62.12291666666667,84.0,38.35680872523844,1301.0344309404616,30.0,53G8
18.55625000000001,62.12291666666667,85.0,44.26046929994386,1301.0344309404616,30.0,53G8
18.660416666666663,62.12291666666667,84.0,49.35070190655079,1301.0344309404616,30.0,53G8
18.76458333333332,62.12291666666667,85.0,54.46039091132951,1301.0344309404616,30.0,53G8
18.86875000000001,62.12291666666667,85.0,60.43968745175975,1301.0344309404616,30.0,53G8
18.972916666666663,62.12291666666667,81.0,65.57639209565033,1301.0344309404616,30.0,53G8
19.07708333333332,62.12291666666667,83.0,70.7213256571807,1301.0344309404616,30.0,53G9
19.18125000000001,62.12291666666667,76.0,75.87280313836216,1301.0344309404616,30.0,53G9
19.285416666666663,62.12291666666667,70.0,81.88946861469775,1301.0344309404616,30.0,53G9
19.38958333333332,62.12291666666667,56.0,87.05119944131843,1301.0344309404616,30.0,53G9
19.49375000000001,62.12291666666667,67.0,90.4037395489564,1301.0344309404616,30.0,53G9
19.597916666666663,62.12291666666667,83.0,85.63920355179904,1301.0344309404616,30.0,53G9
19.70208333333332,62.12291666666667,99.0,80.92489622463694,1301.0344309404616,30.0,53G9
19.80625000000001,62.12291666666667,111.0,75.50091890666688,1301.0344309404616,30.0,53G9
19.910416666666663,62.12291666666667,127.0,70.73369262804295,1301.0344309404616,30.0,53G9
20.01458333333332,62.12291666666667,142.0,65.8855595586904,1301.0344309404616,30.0,53H0
20.11875000000001,62.12291666666667,137.0,60.29955148577094,1301.0344309404616,30.0,53H0
20.222916666666663,62.12291666666667,127.0,55.4732953934604,1301.0344309404616,30.0,53H0
20.32708333333332,62.12291666666667,101.0,50.27277532987087,1301.0344309404616,30.0,53H0
20.43125000000001,62.12291666666667,100.0,45.07222535088691,1301.0344309404616,30.0,53H0
20.535416666666663,62.12291666666667,94.0,39.004883361070426,1301.0344309404616,30.0,53H0
20.63958333333332,62.12291666666667,74.0,33.80427918210864,1302.0285695430473,30.0,53H0
20.74375000000001,62.12291666666667,66.0,28.60365488775181,1303.758045652398,30.0,53H0
20.847916666666663,62.12291666666667,55.0,23.40301357270023,1305.4354424288374,30.0,53H0
20.95208333333332,62.12291666666667,37.0,18.20235833164264,1307.1708192499052,30.0,53H0
21.05625000000001,62.12291666666667,19.0,12.134913744776014,1309.8957976385195,30.0,53H1
17.931250000000006,62.17291666666665,64.0,11.020820142318923,1306.5957480690145,30.0,53G7
18.035416666666663,62.17291666666665,69.0,16.845623770797545,1306.5957480690145,30.0,53G8
18.13958333333332,62.17291666666665,70.0,21.937347194625392,1306.5957480690145,30.0,53G8
18.24375000000001,62.17291666666665,82.0,27.06611490178621,1306.5957480690145,30.0,53G8
18.347916666666663,62.17291666666665,86.0,32.21422920226505,1306.5957480690145,30.0,53G8
18.45208333333332,62.17291666666665,82.0,37.37368641572951,1306.5957480690145,30.0,53G8
18.55625000000001,62.17291666666665,87.0,43.40197923114589,1306.5957480690145,30.0,53G8
18.660416666666663,62.17291666666665,86.0,48.57414937471001,1306.5957480690145,30.0,53G8
18.76458333333332,62.17291666666665,88.0,53.74955729992757,1306.5957480690145,30.0,53G8
18.86875000000001,62.17291666666665,88.0,59.79048956465616,1306.5957480690145,30.0,53G8
18.972916666666663,62.17291666666665,86.0,64.97031367527086,1306.5957480690145,30.0,53G8
19.07708333333332,62.17291666666665,80.0,70.15145739815014,1306.5957480690145,30.0,53G9
19.18125000000001,62.17291666666665,75.0,75.1554830677488,1306.5957480690145,30.0,53G9
19.285416666666663,62.17291666666665,62.0,79.92081248215165,1306.5957480690145,30.0,53G9
19.38958333333332,62.17291666666665,62.0,84.13282445022769,1306.5957480690145,30.0,53G9
19.49375000000001,62.17291666666665,59.0,88.37850494513832,1306.5957480690145,30.0,53G9
19.597916666666663,62.17291666666665,88.0,83.5067813148717,1306.5957480690145,30.0,53G9
19.70208333333332,62.17291666666665,115.0,78.67302640888595,1306.5957480690145,30.0,53G9
19.80625000000001,62.17291666666665,111.0,73.09169809241935,1306.5957480690145,30.0,53G9
19.910416666666663,62.17291666666665,126.0,68.3685028011009,1306.5957480690145,30.0,53G9
20.01458333333332,62.17291666666665,134.0,63.7146268986908,1306.5957480690145,30.0,53H0
20.11875000000001,62.17291666666665,130.0,58.25697104249769,1306.5957480690145,30.0,53H0
20.222916666666663,62.17291666666665,124.0,53.37392427276726,1306.5957480690145,30.0,53H0
20.32708333333332,62.17291666666665,115.0,48.55192492789378,1306.5957480690145,30.0,53H0
20.43125000000001,62.17291666666665,102.0,43.8111482796011,1306.5957480690145,30.0,53H0
20.535416666666663,62.17291666666665,86.0,38.42301845902536,1306.5957480690145,30.0,53H0
20.63958333333332,62.17291666666665,65.0,33.765870085371986,1307.1689769300356,30.0,53H0
20.74375000000001,62.17291666666665,62.0,28.5754247414416,1308.9385456519142,30.0,53H0
20.847916666666663,62.17291666666665,61.0,23.385989080060515,1310.7255467498585,30.0,53H0
20.95208333333332,62.17291666666665,44.0,18.198444529358817,1312.424624031524,30.0,53H0
21.05625000000001,62.17291666666665,37.0,12.15195872773783,1314.8203730565006,30.0,53H1
17.931250000000006,62.22291666666666,64.0,10.367020564447932,1312.1570651975703,30.0,53G7
18.035416666666663,62.22291666666666,67.0,16.414439396312414,1312.1570651975703,30.0,53G8
18.13958333333332,62.22291666666666,75.0,21.59793083729338,1312.1570651975703,30.0,53G8
18.24375000000001,62.22291666666666,83.0,26.7814094026913,1312.1570651975703,30.0,53G8
18.347916666666663,62.22291666666666,87.0,31.96487200235025,1312.1570651975703,30.0,53G8
18.45208333333332,62.22291666666666,81.0,37.14831554610102,1312.1570651975703,30.0,53G8
18.55625000000001,62.22291666666666,87.0,43.19563813996439,1312.1570651975703,30.0,53G8
18.660416666666663,62.22291666666666,89.0,48.37902979484787,1312.1570651975703,30.0,53G8
18.76458333333332,62.22291666666666,90.0,53.56239260818528,1312.1570651975703,30.0,53G8
18.86875000000001,62.22291666666666,89.0,59.60960864852872,1312.1570651975703,30.0,53G8
18.972916666666663,62.22291666666666,82.0,63.64847341679259,1312.1570651975703,30.0,53G8
19.07708333333332,62.22291666666666,84.0,67.62362156334372,1312.1570651975703,30.0,53G9
19.18125000000001,62.22291666666666,81.0,71.74846711540465,1312.1570651975703,30.0,53G9
19.285416666666663,62.22291666666666,78.0,76.71772040970646,1312.1570651975703,30.0,53G9
19.38958333333332,62.22291666666666,65.0,81.08921275646424,1312.1570651975703,30.0,53G9
19.49375000000001,62.22291666666666,76.0,85.54747073541145,1312.1570651975703,30.0,53G9
19.597916666666663,62.22291666666666,95.0,81.69789023246896,1312.1570651975703,30.0,53G9
19.70208333333332,62.22291666666666,88.0,76.75874631914931,1312.1570651975703,30.0,53G9
19.80625000000001,62.22291666666666,106.0,71.0370194151265,1312.1570651975703,30.0,53G9
19.910416666666663,62.22291666666666,125.0,66.17567266539027,1312.1570651975703,30.0,53G9
20.01458333333332,62.22291666666666,112.0,61.36398284847904,1312.1570651975703,30.0,53H0
20.11875000000001,62.22291666666666,126.0,55.83024679079711,1312.1570651975703,30.0,53H0
20.222916666666663,62.22291666666666,120.0,51.175651923134346,1312.1570651975703,30.0,53H0
20.32708333333332,62.22291666666666,114.0,46.62874286844367,1312.1570651975703,30.0,53H0
20.43125000000001,62.22291666666666,102.0,41.73187921169248,1312.1570651975703,30.0,53H0
20.535416666666663,62.22291666666666,79.0,36.044339472893405,1312.1570651975703,30.0,53H0
20.63958333333332,62.22291666666666,65.0,31.27331624363198,1312.5332830942812,30.0,53H0
20.74375000000001,62.22291666666666,63.0,26.65284327970936,1314.1512628634234,30.0,53H0
20.847916666666663,62.22291666666666,57.0,22.2768104765525,1315.9043707610608,30.0,53H0
20.95208333333332,62.22291666666666,39.0,18.321231136400908,1317.8318784018954,30.0,53H0
21.05625000000001,62.22291666666666,29.0,13.73553847426667,1319.8664627332992,30.0,53H1
17.931250000000006,62.272916666666674,64.0,11.756924581700613,1318.62754475237,30.0,53G7
18.035416666666663,62.272916666666674,68.0,17.318071851207552,1318.62754475237,30.0,53G8
18.13958333333332,62.272916666666674,82.0,22.28510522500564,1318.62754475237,30.0,53G8
18.24375000000001,62.272916666666674,85.0,27.33100166167484,1318.62754475237,30.0,53G8
18.347916666666663,62.272916666666674,81.0,32.41894856697222,1318.62754475237,30.0,53G8
18.45208333333332,62.272916666666674,79.0,37.53183865328294,1318.62754475237,30.0,53G8
18.55625000000001,62.272916666666674,93.0,43.51665918462182,1318.62754475237,30.0,53G8
18.660416666666663,62.272916666666674,81.0,47.86183743154947,1318.62754475237,30.0,53G8
18.76458333333332,62.272916666666674,89.0,51.62898850771923,1318.62754475237,30.0,53G8
18.86875000000001,62.272916666666674,83.0,56.09200848358805,1318.62754475237,30.0,53G8
18.972916666666663,62.272916666666674,87.0,60.11903386482244,1318.62754475237,30.0,53G8
19.07708333333332,62.272916666666674,89.0,64.30597626295092,1318.62754475237,30.0,53G9
19.18125000000001,62.272916666666674,86.0,68.62356169299309,1318.62754475237,30.0,53G9
19.285416666666663,62.272916666666674,90.0,73.79522613171417,1318.62754475237,30.0,53G9
19.38958333333332,62.272916666666674,78.0,78.3226836430786,1318.62754475237,30.0,53G9
19.49375000000001,62.272916666666674,88.0,82.92237120473472,1318.62754475237,30.0,53G9
19.597916666666663,62.272916666666674,126.0,80.23441539386951,1318.62754475237,30.0,53G9
19.70208333333332,62.272916666666674,99.0,75.20783859039649,1318.62754475237,30.0,53G9
19.80625000000001,62.272916666666674,113.0,69.36839444453763,1318.62754475237,30.0,53G9
19.910416666666663,62.272916666666674,119.0,64.38976385654156,1318.62754475237,30.0,53G9
20.01458333333332,62.272916666666674,100.0,59.44222379685291,1318.62754475237,30.0,53H0
20.11875000000001,62.272916666666674,112.0,53.720865072054345,1318.62754475237,30.0,53H0
20.222916666666663,62.272916666666674,110.0,48.874206685797326,1318.62754475237,30.0,53H0
20.32708333333332,62.272916666666674,107.0,44.09895411034784,1318.62754475237,30.0,53H0
20.43125000000001,62.272916666666674,94.0,39.42107848212,1318.62754475237,30.0,53H0
20.535416666666663,62.272916666666674,69.0,34.1400454869144,1318.62754475237,30.0,53H0
20.63958333333332,62.272916666666674,69.0,29.38153631845644,1318.62754475237,30.0,53H0
20.74375000000001,62.272916666666674,75.0,24.41458735942516,1319.6341131925474,30.0,53H0
20.847916666666663,62.272916666666674,53.0,19.55272947060911,1321.465388215085,30.0,53H0
20.95208333333332,62.272916666666674,36.0,14.899216369033084,1323.0999778309274,30.0,53H0
21.05625000000001,62.272916666666674,23.0,10.123571381673262,1325.145475282275,30.0,53H1
17.82708333333332,62.32291666666666,99.0,10.607955291425776,1324.1888618809232,30.0,53G7
17.931250000000006,62.32291666666666,76.0,13.870089996864923,1324.1888618809232,30.0,53G7
18.035416666666663,62.32291666666666,77.0,18.783498827921484,1324.1888618809232,30.0,53G8
18.13958333333332,62.32291666666666,87.0,23.409602970701243,1324.1888618809232,30.0,53G8
18.24375000000001,62.32291666666666,80.0,28.221125407871213,1324.1888618809232,30.0,53G8
18.347916666666663,62.32291666666666,76.0,32.12524109441286,1324.1888618809232,30.0,53G8
18.45208333333332,62.32291666666666,78.0,36.04313446800975,1324.1888618809232,30.0,53G8
18.55625000000001,62.32291666666666,88.0,40.28822990007894,1324.1888618809232,30.0,53G8
18.660416666666663,62.32291666666666,82.0,44.05478742949648,1324.1888618809232,30.0,53G8
18.76458333333332,62.32291666666666,86.0,47.89454369160814,1324.1888618809232,30.0,53G8
18.86875000000001,62.32291666666666,85.0,52.65089455178353,1324.1888618809232,30.0,53G8
18.972916666666663,62.32291666666666,103.0,56.9150563116731,1324.1888618809232,30.0,53G8
19.07708333333332,62.32291666666666,87.0,61.31409339528085,1324.1888618809232,30.0,53G9
19.18125000000001,62.32291666666666,101.0,65.82095937632192,1324.1888618809232,30.0,53G9
19.285416666666663,62.32291666666666,96.0,71.18789639203598,1324.1888618809232,30.0,53G9
19.38958333333332,62.32291666666666,89.0,75.83677879370144,1324.1888618809232,30.0,53G9
19.49375000000001,62.32291666666666,119.0,80.51358508802521,1324.1888618809232,30.0,53G9
19.597916666666663,62.32291666666666,122.0,79.13552275088267,1324.1888618809232,30.0,53G9
19.70208333333332,62.32291666666666,106.0,74.04314033855157,1324.1888618809232,30.0,53G9
19.80625000000001,62.32291666666666,110.0,68.11420109876062,1324.1888618809232,30.0,53G9
19.910416666666663,62.32291666666666,121.0,63.04536688466153,1324.1888618809232,30.0,53G9
20.01458333333332,62.32291666666666,132.0,57.992003047862674,1324.1888618809232,30.0,53H0
20.11875000000001,62.32291666666666,112.0,52.1219860241097,1324.1888618809232,30.0,53H0
20.222916666666663,62.32291666666666,105.0,47.11989235248251,1324.1888618809232,30.0,53H0
20.32708333333332,62.32291666666666,104.0,42.15508885883143,1324.1888618809232,30.0,53H0
20.43125000000001,62.32291666666666,93.0,37.24250624217966,1324.1888618809232,30.0,53H0
20.535416666666663,62.32291666666666,87.0,31.60966533464793,1324.1888618809232,30.0,53H0
20.63958333333332,62.32291666666666,67.0,26.91397336552156,1324.1888618809232,30.0,53H0
20.74375000000001,62.32291666666666,59.0,22.42188646291113,1324.809758944053,30.0,53H0
20.847916666666663,62.32291666666666,50.0,18.083147826857672,1326.5653896265774,30.0,53H0
20.95208333333332,62.32291666666666,29.0,13.044623347536902,1328.3474275464168,30.0,53H0
17.931250000000006,62.37291666666667,87.0,10.956106583227273,1329.7501790094789,30.0,53G7
18.035416666666663,62.37291666666667,84.0,16.739463970902626,1329.7501790094789,30.0,53G8
18.13958333333332,62.37291666666667,82.0,20.777932302365617,1329.7501790094789,30.0,53G8
18.24375000000001,62.37291666666667,68.0,24.581405516100347,1329.7501790094789,30.0,53G8
18.347916666666663,62.37291666666667,64.0,28.45763324399335,1329.7501790094789,30.0,53G8
18.45208333333332,62.37291666666667,70.0,32.09282212984131,1329.7501790094789,30.0,53G8
18.55625000000001,62.37291666666667,77.0,36.48413610419319,1329.7501790094789,30.0,53G8
18.660416666666663,62.37291666666667,92.0,40.377173807445615,1329.7501790094789,30.0,53G8
18.76458333333332,62.37291666666667,98.0,44.52350659533079,1329.7501790094789,30.0,53G8
18.86875000000001,62.37291666666667,99.0,49.59612435526862,1329.7501790094789,30.0,53G8
18.972916666666663,62.37291666666667,107.0,54.09440243366966,1329.7501790094789,30.0,53G8
19.07708333333332,62.37291666666667,93.0,58.69780737480104,1329.7501790094789,30.0,53G9
19.18125000000001,62.37291666666667,107.0,63.34690032404425,1329.7501790094789,30.0,53G9
19.285416666666663,62.37291666666667,109.0,68.8204273360146,1329.7501790094789,30.0,53G9
19.38958333333332,62.37291666666667,111.0,73.57642041127394,1329.7501790094789,30.0,53G9
19.49375000000001,62.37291666666667,94.0,77.30897150765375,1329.7501790094789,30.0,53G9
19.597916666666663,62.37291666666667,114.0,77.67888651286539,1329.7501790094789,30.0,53G9
19.70208333333332,62.37291666666667,113.0,72.69478657783118,1329.7501790094789,30.0,53G9
19.80625000000001,62.37291666666667,121.0,66.91036791389759,1329.7501790094789,30.0,53G9
19.910416666666663,62.37291666666667,138.0,61.98492970668933,1329.7501790094789,30.0,53G9
20.01458333333332,62.37291666666667,110.0,57.04929214105547,1329.7501790094789,30.0,53H0
20.11875000000001,62.37291666666667,109.0,51.08156913942801,1329.7501790094789,30.0,53H0
20.222916666666663,62.37291666666667,110.0,45.97538339361494,1329.7501790094789,30.0,53H0
20.32708333333332,62.37291666666667,76.0,40.88081396817896,1329.7501790094789,30.0,53H0
20.43125000000001,62.37291666666667,84.0,35.80283483104441,1329.7501790094789,30.0,53H0
20.535416666666663,62.37291666666667,75.0,29.91078808232892,1329.7501790094789,30.0,53H0
20.63958333333332,62.37291666666667,58.0,24.90589713337041,1329.7501790094789,30.0,53H0
20.74375000000001,62.37291666666667,53.0,19.976277265302173,1330.1453062728767,30.0,53H0
20.847916666666663,62.37291666666667,41.0,15.195380782479097,1331.792006677647,30.0,53H0
20.95208333333332,62.37291666666667,27.0,10.763268348577316,1333.5356174018727,30.0,53H0
18.035416666666663,62.42291666666665,93.0,13.22037990846599,1336.2206585642746,30.0,53G8
18.13958333333332,62.42291666666665,86.0,17.08554901235567,1336.2206585642746,30.0,53G8
18.24375000000001,62.42291666666665,51.0,20.878998011345804,1336.2206585642746,30.0,53G8
18.347916666666663,62.42291666666665,49.0,24.52581159301145,1336.2206585642746,30.0,53G8
18.45208333333332,62.42291666666665,56.0,28.29494771387919,1336.2206585642746,30.0,53G8
18.55625000000001,62.42291666666665,57.0,32.90121713183962,1336.2206585642746,30.0,53G8
18.660416666666663,62.42291666666665,81.0,37.164697511052985,1336.2206585642746,30.0,53G8
18.76458333333332,62.42291666666665,109.0,41.625157979276125,1336.2206585642746,30.0,53G8
18.86875000000001,62.42291666666665,109.0,47.003084766925625,1336.2206585642746,30.0,53G8
18.972916666666663,62.42291666666665,104.0,51.65299296676169,1336.2206585642746,30.0,53G8
19.07708333333332,62.42291666666665,93.0,56.367743459220506,1336.2206585642746,30.0,53G9
19.18125000000001,62.42291666666665,99.0,61.14976708094075,1336.2206585642746,30.0,53G9
19.285416666666663,62.42291666666665,124.0,66.27154413234832,1336.2206585642746,30.0,53G9
19.38958333333332,62.42291666666665,93.0,69.72775137185786,1336.2206585642746,30.0,53G9
19.49375000000001,62.42291666666665,97.0,73.37727132810936,1336.2206585642746,30.0,53G9
19.597916666666663,62.42291666666665,127.0,76.48042392435583,1336.2206585642746,30.0,53G9
19.70208333333332,62.42291666666665,113.0,71.4214835235429,1336.2206585642746,30.0,53G9
19.80625000000001,62.42291666666665,121.0,65.53503634848572,1336.2206585642746,30.0,53G9
19.910416666666663,62.42291666666665,125.0,60.50648240134531,1336.2206585642746,30.0,53G9
20.01458333333332,62.42291666666665,99.0,55.49810550358874,1336.2206585642746,30.0,53H0
20.11875000000001,62.42291666666665,103.0,49.68865829613053,1336.2206585642746,30.0,53H0
20.222916666666663,62.42291666666665,94.0,44.74816653929526,1336.2206585642746,30.0,53H0
20.32708333333332,62.42291666666665,74.0,39.85787132457148,1336.2206585642746,30.0,53H0
20.43125000000001,62.42291666666665,74.0,35.03881060015847,1336.2206585642746,30.0,53H0
20.535416666666663,62.42291666666665,64.0,29.18896382644944,1336.2206585642746,30.0,53H0
20.63958333333332,62.42291666666665,59.0,24.04374482368032,1336.2206585642746,30.0,53H0
20.74375000000001,62.42291666666665,44.0,18.90022829869997,1336.2206585642746,30.0,53H0
20.847916666666663,62.42291666666665,38.0,13.76034271891081,1337.245679367907,30.0,53H0
18.13958333333332,62.47291666666666,50.0,13.30904137747696,1341.7819756928304,30.0,53G8
18.24375000000001,62.47291666666666,21.0,16.979861439158626,1341.7819756928304,30.0,53G8
18.347916666666663,62.47291666666666,39.0,20.73957724040748,1341.7819756928304,30.0,53G8
18.45208333333332,62.47291666666666,44.0,24.785669842246133,1341.7819756928304,30.0,53G8
18.55625000000001,62.47291666666666,49.0,29.92898480608842,1341.7819756928304,30.0,53G8
18.660416666666663,62.47291666666666,83.0,34.553860971104456,1341.7819756928304,30.0,53G8
18.76458333333332,62.47291666666666,109.0,39.20396913400664,1341.7819756928304,30.0,53G8
18.86875000000001,62.47291666666666,112.0,44.74702936022382,1341.7819756928304,30.0,53G8
18.972916666666663,62.47291666666666,107.0,49.57965348672772,1341.7819756928304,30.0,53G8
19.07708333333332,62.47291666666666,98.0,54.29788554368401,1341.7819756928304,30.0,53G9
19.18125000000001,62.47291666666666,100.0,58.1498981454523,1341.7819756928304,30.0,53G9
19.285416666666663,62.47291666666666,165.0,62.1528764228508,1341.7819756928304,30.0,53G9
19.38958333333332,62.47291666666666,101.0,65.81971752689881,1341.7819756928304,30.0,53G9
19.49375000000001,62.47291666666666,100.0,69.66796879753427,1341.7819756928304,30.0,53G9
19.597916666666663,62.47291666666666,124.0,73.66919829349902,1341.7819756928304,30.0,53G9
19.70208333333332,62.47291666666666,120.0,70.56471231404488,1341.7819756928304,30.0,53G9
19.80625000000001,62.47291666666666,122.0,64.61067290934551,1341.7819756928304,30.0,53G9
19.910416666666663,62.47291666666666,115.0,59.51295694785216,1341.7819756928304,30.0,53G9
20.01458333333332,62.47291666666666,122.0,54.42213357894099,1341.7819756928304,30.0,53H0
20.11875000000001,62.47291666666666,75.0,48.4944660370729,1341.7819756928304,30.0,53H0
20.222916666666663,62.47291666666666,84.0,43.4272823920984,1341.7819756928304,30.0,53H0
20.32708333333332,62.47291666666666,75.0,38.37801496447083,1341.7819756928304,30.0,53H0
20.43125000000001,62.47291666666666,70.0,33.354816088149974,1341.7819756928304,30.0,53H0
20.535416666666663,62.47291666666666,57.0,27.546414234131777,1341.7819756928304,30.0,53H0
20.63958333333332,62.47291666666666,49.0,22.64342377786673,1341.7819756928304,30.0,53H0
20.74375000000001,62.47291666666666,38.0,17.87107137496389,1341.7819756928304,30.0,53H0
20.847916666666663,62.47291666666666,37.0,13.370005823767492,1342.46011568755,30.0,53H0
18.24375000000001,62.522916666666674,33.0,13.216256659418804,1347.3432928213858,30.0,54G8
18.347916666666663,62.522916666666674,40.0,17.493436076335847,1347.3432928213858,30.0,54G8
18.45208333333332,62.522916666666674,39.0,22.13057104742521,1347.3432928213858,30.0,54G8
18.55625000000001,62.522916666666674,60.0,27.574219330423333,1347.3432928213858,30.0,54G8
18.660416666666663,62.522916666666674,89.0,32.390501407626324,1347.3432928213858,30.0,54G8
18.76458333333332,62.522916666666674,115.0,37.218237457940326,1347.3432928213858,30.0,54G8
18.86875000000001,62.522916666666674,119.0,42.62359630451955,1347.3432928213858,30.0,54G8
18.972916666666663,62.522916666666674,154.0,47.25944944040902,1347.3432928213858,30.0,54G8
19.07708333333332,62.522916666666674,120.0,50.59093131891738,1347.3432928213858,30.0,54G9
19.18125000000001,62.522916666666674,144.0,53.99200085587285,1347.3432928213858,30.0,54G9
19.285416666666663,62.522916666666674,151.0,58.27433471580905,1347.3432928213858,30.0,54G9
19.38958333333332,62.522916666666674,105.0,62.16402848296121,1347.3432928213858,30.0,54G9
19.49375000000001,62.522916666666674,103.0,66.2184480490501,1347.3432928213858,30.0,54G9
19.597916666666663,62.522916666666674,112.0,70.27838675482364,1347.3432928213858,30.0,54G9
19.70208333333332,62.522916666666674,119.0,70.13973867487779,1347.3432928213858,30.0,54G9
19.80625000000001,62.522916666666674,117.0,64.15677304992036,1347.3432928213858,30.0,54G9
19.910416666666663,62.522916666666674,104.0,59.02884385639943,1347.3432928213858,30.0,54G9
20.01458333333332,62.522916666666674,101.0,53.901322396696926,1347.3432928213858,30.0,54H0
20.11875000000001,62.522916666666674,106.0,47.91992322824564,1347.3432928213858,30.0,54H0
20.222916666666663,62.522916666666674,90.0,42.79386489036393,1347.3432928213858,30.0,54H0
20.32708333333332,62.522916666666674,65.0,37.668951895186666,1347.3432928213858,30.0,54H0
20.43125000000001,62.522916666666674,59.0,32.54574050433694,1347.3432928213858,30.0,54H0
20.535416666666663,62.522916666666674,53.0,26.5721457887436,1347.3432928213858,30.0,54H0
20.63958333333332,62.522916666666674,49.0,21.45718593808876,1347.3432928213858,30.0,54H0
20.74375000000001,62.522916666666674,36.0,16.351918757972538,1347.3432928213858,30.0,54H0
20.847916666666663,62.522916666666674,30.0,11.269545277558157,1347.759768384349,30.0,54H0
18.24375000000001,62.57291666666666,61.0,10.467922893420884,1352.904609949939,30.0,54G8
18.347916666666663,62.57291666666666,54.0,15.228168768530589,1352.904609949939,30.0,54G8
18.45208333333332,62.57291666666666,51.0,20.1630910817294,1352.904609949939,30.0,54G8
18.55625000000001,62.57291666666666,81.0,25.61122038131555,1352.904609949939,30.0,54G8
18.660416666666663,62.57291666666666,89.0,30.200467170746432,1352.904609949939,30.0,54G8
18.76458333333332,62.57291666666666,121.0,34.83690696202459,1352.904609949939,30.0,54G8
18.86875000000001,62.57291666666666,154.0,39.82094260353174,1352.904609949939,30.0,54G8
18.972916666666663,62.57291666666666,201.0,43.040547536122695,1352.904609949939,30.0,54G8
19.07708333333332,62.57291666666666,174.0,46.42866798200141,1352.904609949939,30.0,54G9
19.18125000000001,62.57291666666666,168.0,50.10705990877116,1352.904609949939,30.0,54G9
19.285416666666663,62.57291666666666,114.0,54.6870339157124,1352.904609949939,30.0,54G9
19.38958333333332,62.57291666666666,134.0,58.80776289836426,1352.904609949939,30.0,54G9
19.49375000000001,62.57291666666666,123.0,62.71421530582972,1352.904609949939,30.0,54G9
19.597916666666663,62.57291666666666,132.0,66.32517655093088,1352.904609949939,30.0,54G9
19.70208333333332,62.57291666666666,106.0,70.0171405484507,1352.904609949939,30.0,54G9
19.80625000000001,62.57291666666666,94.0,64.04026307001398,1352.904609949939,30.0,54G9
19.910416666666663,62.57291666666666,121.0,58.91718342108323,1352.904609949939,30.0,54G9
20.01458333333332,62.57291666666666,82.0,53.794068422796585,1352.904609949939,30.0,54H0
20.11875000000001,62.57291666666666,79.0,47.81706034809232,1352.904609949939,30.0,54H0
20.222916666666663,62.57291666666666,81.0,42.69387930482304,1352.904609949939,30.0,54H0
20.32708333333332,62.57291666666666,64.0,37.57067264626406,1352.904609949939,30.0,54H0
20.43125000000001,62.57291666666666,60.0,32.44744344628941,1352.904609949939,30.0,54H0
20.535416666666663,62.57291666666666,35.0,26.470318323996104,1352.904609949939,30.0,54H0
20.63958333333332,62.57291666666666,41.0,21.347050829320107,1352.904609949939,30.0,54H0
20.74375000000001,62.57291666666666,35.0,16.22377052707757,1352.904609949939,30.0,54H0
20.847916666666663,62.57291666666666,29.0,11.10048049109186,1353.813772376183,30.0,54H0
18.347916666666663,62.62291666666667,79.0,13.306461632889786,1359.3750895047388,30.0,54G8
18.45208333333332,62.62291666666667,65.0,17.796630421597037,1359.3750895047388,30.0,54G8
18.55625000000001,62.62291666666667,96.0,23.212083379528128,1359.3750895047388,30.0,54G8
18.660416666666663,62.62291666666667,105.0,27.69646788134622,1359.3750895047388,30.0,54G8
18.76458333333332,62.62291666666667,131.0,31.74563534875635,1359.3750895047388,30.0,54G8
18.86875000000001,62.62291666666667,202.0,35.500544978388064,1359.3750895047388,30.0,54G8
18.972916666666663,62.62291666666667,201.0,38.8720191067296,1359.3750895047388,30.0,54G8
19.07708333333332,62.62291666666667,171.0,42.587041011210594,1359.3750895047388,30.0,54G9
19.18125000000001,62.62291666666667,179.0,46.56344642711372,1359.3750895047388,30.0,54G9
19.285416666666663,62.62291666666667,126.0,51.45192730522257,1359.3750895047388,30.0,54G9
19.38958333333332,62.62291666666667,121.0,55.156155350660136,1359.3750895047388,30.0,54G9
19.49375000000001,62.62291666666667,129.0,58.78511858193735,1359.3750895047388,30.0,54G9
19.597916666666663,62.62291666666667,119.0,62.6167850565139,1359.3750895047388,30.0,54G9
19.70208333333332,62.62291666666667,104.0,66.61617794814326,1359.3750895047388,30.0,54G9
19.80625000000001,62.62291666666667,119.0,63.93254802466733,1359.3750895047388,30.0,54G9
19.910416666666663,62.62291666666667,118.0,58.81808546930319,1359.3750895047388,30.0,54G9
20.01458333333332,62.62291666666667,127.0,53.70358759209993,1359.3750895047388,30.0,54H0
20.11875000000001,62.62291666666667,95.0,47.736632856911335,1359.3750895047388,30.0,54H0
20.222916666666663,62.62291666666667,83.0,42.62206898613459,1359.3750895047388,30.0,54H0
20.32708333333332,62.62291666666667,60.0,37.50747952000637,1359.3750895047388,30.0,54H0
20.43125000000001,62.62291666666667,51.0,32.39286753000782,1359.3750895047388,30.0,54H0
20.535416666666663,62.62291666666667,37.0,26.42579583833637,1359.3750895047388,30.0,54H0
20.63958333333332,62.62291666666667,36.0,21.311145583442872,1359.3750895047388,30.0,54H0
20.74375000000001,62.62291666666667,31.0,16.196482530951336,1359.3750895047388,30.0,54H0
20.847916666666663,62.62291666666667,26.0,11.081809752292632,1359.3750895047388,30.0,54H0
18.347916666666663,62.67291666666665,112.0,10.858908000694829,1364.9364066332917,30.0,54G8
18.45208333333332,62.67291666666665,93.0,15.674576007414936,1364.9364066332917,30.0,54G8
18.55625000000001,62.67291666666665,100.0,20.30815399847608,1364.9364066332917,30.0,54G8
18.660416666666663,62.67291666666665,107.0,24.22668274398746,1364.9364066332917,30.0,54G8
18.76458333333332,62.67291666666665,115.0,27.4686597408434,1364.9364066332917,30.0,54G8
18.86875000000001,62.67291666666665,195.0,31.32272165199064,1364.9364066332917,30.0,54G8
18.972916666666663,62.67291666666665,193.0,35.09181003652684,1364.9364066332917,30.0,54G8
19.07708333333332,62.67291666666665,191.0,39.160527144566814,1364.9364066332917,30.0,54G9
19.18125000000001,62.67291666666665,180.0,43.44476295057682,1364.9364066332917,30.0,54G9
19.285416666666663,62.67291666666665,152.0,47.60438783674706,1364.9364066332917,30.0,54G9
19.38958333333332,62.67291666666665,144.0,51.25789759648822,1364.9364066332917,30.0,54G9
19.49375000000001,62.67291666666665,143.0,55.13767397981657,1364.9364066332917,30.0,54G9
19.597916666666663,62.67291666666665,108.0,59.19923837154579,1364.9364066332917,30.0,54G9
19.70208333333332,62.67291666666665,103.0,63.40765838598111,1364.9364066332917,30.0,54G9
19.80625000000001,62.67291666666665,92.0,60.99681493869599,1364.9364066332917,30.0,54G9
19.910416666666663,62.67291666666665,112.0,56.75864625067101,1364.9364066332917,30.0,54G9
20.01458333333332,62.67291666666665,112.0,52.66973318044124,1364.9364066332917,30.0,54H0
20.11875000000001,62.67291666666665,93.0,47.7734141667235,1364.9364066332917,30.0,54H0
20.222916666666663,62.67291666666665,95.0,42.687574581058485,1364.9364066332917,30.0,54H0
20.32708333333332,62.67291666666665,60.0,37.60637745793716,1364.9364066332917,30.0,54H0
20.43125000000001,62.67291666666665,37.0,32.53201327980398,1364.9364066332917,30.0,54H0
20.535416666666663,62.67291666666665,40.0,26.62579128344492,1364.9364066332917,30.0,54H0
20.63958333333332,62.67291666666665,29.0,21.58405409785908,1364.9364066332917,30.0,54H0
20.74375000000001,62.67291666666665,8.0,16.579926494072744,1364.9364066332917,30.0,54H0
20.847916666666663,62.67291666666665,4.0,11.661943856312435,1364.9364066332917,30.0,54H0
18.45208333333332,62.72291666666666,85.0,12.35724472299053,1370.4977237618475,30.0,54G8
18.55625000000001,62.72291666666666,105.0,16.741162214179642,1370.4977237618475,30.0,54G8
18.660416666666663,62.72291666666666,106.0,19.992857569309283,1370.4977237618475,30.0,54G8
18.76458333333332,62.72291666666666,96.0,23.186001426165944,1370.4977237618475,30.0,54G8
18.86875000000001,62.72291666666666,246.0,27.6368113359818,1370.4977237618475,30.0,54G8
18.972916666666663,62.72291666666666,182.0,31.83853826461224,1370.4977237618475,30.0,54G8
19.07708333333332,62.72291666666666,199.0,36.18370034120158,1370.4977237618475,30.0,54G9
19.18125000000001,62.72291666666666,181.0,39.47451308286286,1370.4977237618475,30.0,54G9
19.285416666666663,62.72291666666666,166.0,43.74716842277004,1370.4977237618475,30.0,54G9
19.38958333333332,62.72291666666666,154.0,47.690653447821234,1370.4977237618475,30.0,54G9
19.49375000000001,62.72291666666666,141.0,51.83137637633887,1370.4977237618475,30.0,54G9
19.597916666666663,62.72291666666666,118.0,56.12569111724894,1370.4977237618475,30.0,54G9
19.70208333333332,62.72291666666666,107.0,60.5409133316136,1370.4977237618475,30.0,54G9
19.80625000000001,62.72291666666666,96.0,58.1910597615094,1370.4977237618475,30.0,54G9
19.910416666666663,62.72291666666666,100.0,53.73988857941077,1370.4977237618475,30.0,54G9
20.01458333333332,62.72291666666666,103.0,49.40940108479028,1370.4977237618475,30.0,54H0
20.11875000000001,62.72291666666666,83.0,44.55662715533502,1370.4977237618475,30.0,54H0
20.222916666666663,62.72291666666666,68.0,40.62355925714167,1370.4977237618475,30.0,54H0
20.32708333333332,62.72291666666666,55.0,36.90105361585916,1370.4977237618475,30.0,54H0
20.43125000000001,62.72291666666666,69.0,32.28364173491514,1370.4977237618475,30.0,54H0
20.535416666666663,62.72291666666666,58.0,26.336690528639988,1370.4977237618475,30.0,54H0
20.63958333333332,62.72291666666666,21.0,21.239286431413085,1370.4977237618475,30.0,54H0
20.74375000000001,62.72291666666666,17.0,16.141869556714113,1370.4977237618475,30.0,54H0
20.847916666666663,62.72291666666666,15.0,11.04444297114358,1370.4977237618475,30.0,54H0
18.55625000000001,62.772916666666674,117.0,12.506248888555389,1376.9682033166473,30.0,54G8
18.660416666666663,62.772916666666674,107.0,15.64824583387889,1376.9682033166473,30.0,54G8
18.76458333333332,62.772916666666674,108.0,19.55787365167356,1376.9682033166473,30.0,54G8
18.86875000000001,62.772916666666674,162.0,24.66434757217272,1376.9682033166473,30.0,54G8
18.972916666666663,62.772916666666674,196.0,28.68181509639418,1376.9682033166473,30.0,54G8
19.07708333333332,62.772916666666674,191.0,31.93395105206488,1376.9682033166473,30.0,54G9
19.18125000000001,62.772916666666674,155.0,35.61365579798186,1376.9682033166473,30.0,54G9
19.285416666666663,62.772916666666674,176.0,40.29029284441791,1376.9682033166473,30.0,54G9
19.38958333333332,62.772916666666674,156.0,44.53403814918709,1376.9682033166473,30.0,54G9
19.49375000000001,62.772916666666674,145.0,48.93542297946748,1376.9682033166473,30.0,54G9
19.597916666666663,62.772916666666674,124.0,53.45551337019581,1376.9682033166473,30.0,54G9
19.70208333333332,62.772916666666674,112.0,57.292493013504966,1376.9682033166473,30.0,54G9
19.80625000000001,62.772916666666674,102.0,55.80002325165358,1376.9682033166473,30.0,54G9
19.910416666666663,62.772916666666674,105.0,51.149415743594645,1376.9682033166473,30.0,54G9
20.01458333333332,62.772916666666674,92.0,46.58682934893918,1376.9682033166473,30.0,54H0
20.11875000000001,62.772916666666674,71.0,41.41387679292722,1376.9682033166473,30.0,54H0
20.222916666666663,62.772916666666674,52.0,37.157196139366135,1376.9682033166473,30.0,54H0
20.32708333333332,62.772916666666674,55.0,33.13092274439911,1376.9682033166473,30.0,54H0
20.43125000000001,62.772916666666674,67.0,29.370001920601048,1376.9682033166473,30.0,54H0
20.535416666666663,62.772916666666674,16.0,25.4445726400318,1376.9682033166473,30.0,54H0
20.63958333333332,62.772916666666674,26.0,21.53684033699752,1376.9682033166473,30.0,54H0
20.74375000000001,62.772916666666674,20.0,16.544425818732112,1376.9682033166473,30.0,54H0
20.847916666666663,62.772916666666674,8.0,11.638317156269588,1376.9682033166473,30.0,54H0
18.660416666666663,62.82291666666666,109.0,12.323849912924109,1382.5295204452002,30.0,54G8
18.76458333333332,62.82291666666666,128.0,16.938295745844986,1382.5295204452002,30.0,54G8
18.86875000000001,62.82291666666666,177.0,21.2107530963103,1382.5295204452002,30.0,54G8
18.972916666666663,62.82291666666666,190.0,24.39988589664497,1382.5295204452002,30.0,54G8
19.07708333333332,62.82291666666666,187.0,28.145169074356154,1382.5295204452002,30.0,54G9
19.18125000000001,62.82291666666666,143.0,32.25343242485763,1382.5295204452002,30.0,54G9
19.285416666666663,62.82291666666666,153.0,37.345101402316914,1382.5295204452002,30.0,54G9
19.38958333333332,62.82291666666666,146.0,41.881003435847454,1382.5295204452002,30.0,54G9
19.49375000000001,62.82291666666666,135.0,46.5265002686471,1382.5295204452002,30.0,54G9
19.597916666666663,62.82291666666666,117.0,49.81601926230761,1382.5295204452002,30.0,54G9
19.70208333333332,62.82291666666666,110.0,52.876839121228976,1382.5295204452002,30.0,54G9
19.80625000000001,62.82291666666666,91.0,53.87894680505347,1382.5295204452002,30.0,54G9
19.910416666666663,62.82291666666666,87.0,49.0551245372247,1382.5295204452002,30.0,54G9
20.01458333333332,62.82291666666666,84.0,44.28579967653054,1382.5295204452002,30.0,54H0
20.11875000000001,62.82291666666666,86.0,38.81727990405691,1382.5295204452002,30.0,54H0
20.222916666666663,62.82291666666666,74.0,34.24758257771491,1382.5295204452002,30.0,54H0
20.32708333333332,62.82291666666666,64.0,29.839203377840448,1382.5295204452002,30.0,54H0
20.43125000000001,62.82291666666666,66.0,25.67538390190225,1382.5295204452002,30.0,54H0
20.535416666666663,62.82291666666666,39.0,21.240392416667664,1382.5295204452002,30.0,54H0
20.63958333333332,62.82291666666666,24.0,17.963818752142224,1382.5295204452002,30.0,54H0
20.74375000000001,62.82291666666666,10.0,15.67243977917421,1382.5295204452002,30.0,54H0
20.847916666666663,62.82291666666666,9.0,13.576882936756029,1382.5295204452002,30.0,54H0
18.76458333333332,62.87291666666667,124.0,13.419022374341282,1388.090837573756,30.0,54G8
18.86875000000001,62.87291666666667,182.0,16.873283687356107,1388.090837573756,30.0,54G8
18.972916666666663,62.87291666666667,169.0,20.73448091230356,1388.090837573756,30.0,54G8
19.07708333333332,62.87291666666667,187.0,25.027586932571868,1388.090837573756,30.0,54G9
19.18125000000001,62.87291666666667,176.0,29.565037709986065,1388.090837573756,30.0,54G9
19.285416666666663,62.87291666666667,134.0,35.04085399633332,1388.090837573756,30.0,54G9
19.38958333333332,62.87291666666667,136.0,39.78227607196422,1388.090837573756,30.0,54G9
19.49375000000001,62.87291666666667,139.0,42.36332298583076,1388.090837573756,30.0,54G9
19.597916666666663,62.87291666666667,102.0,45.36030185682076,1388.090837573756,30.0,54G9
19.70208333333332,62.87291666666667,119.0,48.69647218976149,1388.090837573756,30.0,54G9
19.80625000000001,62.87291666666667,95.0,51.79576488979862,1388.090837573756,30.0,54G9
19.910416666666663,62.87291666666667,82.0,47.33031401216864,1388.090837573756,30.0,54G9
20.01458333333332,62.87291666666667,70.0,42.59092706395436,1388.090837573756,30.0,54H0
20.11875000000001,62.87291666666667,66.0,36.88236852279237,1388.090837573756,30.0,54H0
20.222916666666663,62.87291666666667,72.0,32.04672571657634,1388.090837573756,30.0,54H0
20.32708333333332,62.87291666666667,71.0,27.293849976664166,1388.090837573756,30.0,54H0
20.43125000000001,62.87291666666667,65.0,22.6758603170905,1388.090837573756,30.0,54H0
20.535416666666663,62.87291666666667,33.0,17.600753242695845,1388.090837573756,30.0,54H0
20.63958333333332,62.87291666666667,22.0,13.729588902040556,1388.090837573756,30.0,54H0
20.74375000000001,62.87291666666667,13.0,10.562162125388449,1388.090837573756,30.0,54H0
18.86875000000001,62.92291666666665,149.0,13.467582697491215,1394.561317128553,30.0,54G8
18.972916666666663,62.92291666666665,165.0,18.06486418505012,1394.561317128553,30.0,54G8
19.07708333333332,62.92291666666665,180.0,22.857513559577843,1394.561317128553,30.0,54G9
19.18125000000001,62.92291666666665,191.0,27.74446132333481,1394.561317128553,30.0,54G9
19.285416666666663,62.92291666666665,154.0,32.563084671596364,1394.561317128553,30.0,54G9
19.38958333333332,62.92291666666665,132.0,34.94591016962004,1394.561317128553,30.0,54G9
19.49375000000001,62.92291666666665,135.0,37.85335837965242,1394.561317128553,30.0,54G9
19.597916666666663,62.92291666666665,116.0,41.17443721598271,1394.561317128553,30.0,54G9
19.70208333333332,62.92291666666665,107.0,44.81728037858802,1394.561317128553,30.0,54G9
19.80625000000001,62.92291666666665,117.0,49.164511078464805,1394.561317128553,30.0,54G9
19.910416666666663,62.92291666666665,100.0,44.83802032962733,1394.561317128553,30.0,54G9
20.01458333333332,62.92291666666665,68.0,40.24356475517655,1394.561317128553,30.0,54H0
20.11875000000001,62.92291666666665,70.0,35.04183728241299,1394.561317128553,30.0,54H0
20.222916666666663,62.92291666666665,57.0,30.707399355014832,1394.561317128553,30.0,54H0
20.32708333333332,62.92291666666665,78.0,25.717437797524305,1394.561317128553,30.0,54H0
20.43125000000001,62.92291666666665,61.0,20.76102676925528,1394.561317128553,30.0,54H0
20.535416666666663,62.92291666666665,63.0,15.06520600715652,1394.561317128553,30.0,54H0
20.63958333333332,62.92291666666665,35.0,10.368726478673269,1394.561317128553,30.0,54H0
18.86875000000001,62.97291666666666,171.0,11.82794533602106,1400.12263425711,30.0,54G8
18.972916666666663,62.97291666666666,143.0,16.870574671131102,1400.12263425711,30.0,54G8
19.07708333333332,62.97291666666666,153.0,21.45266634287486,1400.12263425711,30.0,54G9
19.18125000000001,62.97291666666666,175.0,25.169434143725024,1400.12263425711,30.0,54G9
19.285416666666663,62.97291666666666,155.0,27.58754808675621,1400.12263425711,30.0,54G9
19.38958333333332,62.97291666666666,143.0,30.358855550261257,1400.12263425711,30.0,54G9
19.49375000000001,62.97291666666666,128.0,33.65944986149369,1400.12263425711,30.0,54G9
19.597916666666663,62.97291666666666,116.0,37.34121935164009,1400.12263425711,30.0,54G9
19.70208333333332,62.97291666666666,100.0,41.05984574472207,1400.12263425711,30.0,54G9
19.80625000000001,62.97291666666666,111.0,45.660878715177496,1400.12263425711,30.0,54G9
19.910416666666663,62.97291666666666,108.0,42.92543706871459,1400.12263425711,30.0,54G9
20.01458333333332,62.97291666666666,85.0,38.10980558462716,1400.12263425711,30.0,54H0
20.11875000000001,62.97291666666666,81.0,32.579319319418694,1400.12263425711,30.0,54H0
20.222916666666663,62.97291666666666,76.0,27.954552579648787,1400.12263425711,30.0,54H0
20.32708333333332,62.97291666666666,61.0,23.50323307030887,1400.12263425711,30.0,54H0
20.43125000000001,62.97291666666666,63.0,19.345476629072785,1400.12263425711,30.0,54H0
20.535416666666663,62.97291666666666,75.0,14.320375525818465,1400.12263425711,30.0,54H0
18.91874999999999,63.022916666666674,157.0,11.537807103376013,1405.683951385666,30.0,55G8
19.027083333333337,63.022916666666674,185.0,16.23931535538959,1405.683951385666,30.0,55G9
19.135416666666657,63.022916666666674,164.0,19.20832582893544,1405.683951385666,30.0,55G9
19.24375000000001,63.022916666666674,181.0,21.50524607925454,1405.683951385666,30.0,55G9
19.35208333333333,63.022916666666674,146.0,24.997950006654737,1405.683951385666,30.0,55G9
19.460416666666674,63.022916666666674,132.0,28.61746804537304,1405.683951385666,30.0,55G9
19.568749999999994,63.022916666666674,134.0,32.965719878114555,1405.683951385666,30.0,55G9
19.677083333333343,63.022916666666674,121.0,36.945004801847325,1405.683951385666,30.0,55G9
19.785416666666663,63.022916666666674,105.0,41.87386254941036,1405.683951385666,30.0,55G9
19.89375000000001,63.022916666666674,101.0,42.5024914540428,1405.683951385666,30.0,55G9
20.00208333333333,63.022916666666674,95.0,37.52899351516422,1405.683951385666,30.0,55H0
20.11041666666665,63.022916666666674,82.0,31.75325460143081,1405.683951385666,30.0,55H0
20.21875,63.022916666666674,86.0,26.83886241826548,1405.683951385666,30.0,55H0
20.32708333333332,63.022916666666674,60.0,21.180435787508845,1405.683951385666,30.0,55H0
20.43541666666667,63.022916666666674,61.0,15.68629665717991,1405.683951385666,30.0,55H0
20.54374999999999,63.022916666666674,71.0,11.29128807926841,1405.683951385666,30.0,55H0
19.027083333333337,63.07291666666666,136.0,11.827154804306923,1412.1544309404617,30.0,55G9
19.135416666666657,63.07291666666666,184.0,13.916044136521338,1412.1544309404617,30.0,55G9
19.24375000000001,63.07291666666666,174.0,16.94141925242532,1412.1544309404617,30.0,55G9
19.35208333333333,63.07291666666666,169.0,21.147703746052176,1412.1544309404617,30.0,55G9
19.460416666666674,63.07291666666666,157.0,24.88533237270216,1412.1544309404617,30.0,55G9
19.568749999999994,63.07291666666666,141.0,29.65578589164244,1412.1544309404617,30.0,55G9
19.677083333333343,63.07291666666666,126.0,34.01739336654805,1412.1544309404617,30.0,55G9
19.785416666666663,63.07291666666666,114.0,38.80078723607493,1412.1544309404617,30.0,55G9
19.89375000000001,63.07291666666666,108.0,40.07634094861295,1412.1544309404617,30.0,55G9
20.00208333333333,63.07291666666666,94.0,35.63259416760117,1412.1544309404617,30.0,55H0
20.11041666666665,63.07291666666666,81.0,30.6750479073396,1412.1544309404617,30.0,55H0
20.21875,63.07291666666666,78.0,26.036968845652595,1412.1544309404617,30.0,55H0
20.32708333333332,63.07291666666666,82.0,20.16621050118995,1412.1544309404617,30.0,55H0
20.43541666666667,63.07291666666666,59.0,14.299386450072944,1412.1544309404617,30.0,55H0
19.24375000000001,63.12291666666667,142.0,13.06328474618116,1417.7157480690175,30.0,55G9
19.35208333333333,63.12291666666667,184.0,17.500989522076885,1417.7157480690175,30.0,55G9
19.460416666666674,63.12291666666667,158.0,21.778663283173564,1417.7157480690175,30.0,55G9
19.568749999999994,63.12291666666667,141.0,26.740209873294088,1417.7157480690175,30.0,55G9
19.677083333333343,63.12291666666667,118.0,30.81881231314861,1417.7157480690175,30.0,55G9
19.785416666666663,63.12291666666667,98.0,34.556194909230584,1417.7157480690175,30.0,55G9
19.89375000000001,63.12291666666667,107.0,36.22603472693294,1417.7157480690175,30.0,55G9
20.00208333333333,63.12291666666667,108.0,33.21267084579083,1417.7157480690175,30.0,55H0
20.11041666666665,63.12291666666667,93.0,27.83744656024285,1417.7157480690175,30.0,55H0
20.21875,63.12291666666667,77.0,23.41410832375828,1417.7157480690175,30.0,55H0
20.32708333333332,63.12291666666667,70.0,18.63882334592596,1417.7157480690175,30.0,55H0
20.43541666666667,63.12291666666667,68.0,14.668385519505524,1417.7157480690175,30.0,55H0
20.54374999999999,63.12291666666667,65.0,10.323827330337265,1417.7157480690175,30.0,55H0
19.35208333333333,63.17291666666665,126.0,14.948604668357692,1423.2770651975702,30.0,55G9
19.460416666666674,63.17291666666665,162.0,18.700284898125435,1423.2770651975702,30.0,55G9
19.568749999999994,63.17291666666665,138.0,23.65682240306105,1423.2770651975702,30.0,55G9
19.677083333333343,63.17291666666665,135.0,27.25757701554584,1423.2770651975702,30.0,55G9
19.785416666666663,63.17291666666665,101.0,29.49588075645012,1423.2770651975702,30.0,55G9
19.89375000000001,63.17291666666665,99.0,31.00920344054137,1423.2770651975702,30.0,55G9
20.00208333333333,63.17291666666665,78.0,31.59647534497624,1423.2770651975702,30.0,55H0
20.11041666666665,63.17291666666665,61.0,25.89873502248679,1423.2770651975702,30.0,55H0
20.21875,63.17291666666665,84.0,21.08155683207245,1423.2770651975702,30.0,55H0
20.32708333333332,63.17291666666665,73.0,15.619322474635348,1423.2770651975702,30.0,55H0
20.43541666666667,63.17291666666665,52.0,10.580493369254343,1423.2770651975702,30.0,55H0
19.35208333333333,63.22291666666666,49.0,11.453991502050949,1429.74754475237,30.0,55G9
19.460416666666674,63.22291666666666,86.0,16.016422335039138,1429.74754475237,30.0,55G9
19.568749999999994,63.22291666666666,116.0,20.570443739814188,1429.74754475237,30.0,55G9
19.677083333333343,63.22291666666666,123.0,22.025444449961952,1429.74754475237,30.0,55G9
19.785416666666663,63.22291666666666,119.0,24.10947235008298,1429.74754475237,30.0,55G9
19.89375000000001,63.22291666666666,97.0,25.93592550875879,1429.74754475237,30.0,55G9
20.00208333333333,63.22291666666666,96.0,28.37353722523556,1429.74754475237,30.0,55H0
20.11041666666665,63.22291666666666,75.0,25.06834055994977,1429.74754475237,30.0,55H0
20.21875,63.22291666666666,70.0,20.06240017767085,1429.74754475237,30.0,55H0
20.32708333333332,63.22291666666666,62.0,14.225931517528467,1429.74754475237,30.0,55H0
20.86875000000001,63.22291666666666,22.0,10.1891099268053,1429.74754475237,30.0,55H0
19.460416666666674,63.272916666666674,26.0,12.622542139108694,1435.308861880926,30.0,55G9
19.568749999999994,63.272916666666674,42.0,15.198820983127908,1435.308861880926,30.0,55G9
19.677083333333343,63.272916666666674,23.0,17.00356912896213,1435.308861880926,30.0,55G9
19.785416666666663,63.272916666666674,97.0,18.82505794070916,1435.308861880926,30.0,55G9
19.89375000000001,63.272916666666674,99.0,21.05138792029824,1435.308861880926,30.0,55G9
20.00208333333333,63.272916666666674,95.0,23.70213119182298,1435.308861880926,30.0,55H0
20.11041666666665,63.272916666666674,92.0,25.299058948351338,1435.308861880926,30.0,55H0
20.21875,63.272916666666674,88.0,20.36114868012495,1435.308861880926,30.0,55H0
20.32708333333332,63.272916666666674,67.0,14.658012916985223,1435.308861880926,30.0,55H0
20.86875000000001,63.272916666666674,16.0,10.388022975208566,1435.308861880926,30.0,55H0
19.677083333333343,63.32291666666666,27.0,12.078121265933166,1440.870179009479,30.0,55G9
19.785416666666663,63.32291666666666,84.0,13.76064787768973,1440.870179009479,30.0,55G9
19.89375000000001,63.32291666666666,68.0,16.362404703288338,1440.870179009479,30.0,55G9
20.00208333333333,63.32291666666666,61.0,18.30138748495872,1440.870179009479,30.0,55H0
20.11041666666665,63.32291666666666,58.0,20.65332669307208,1440.870179009479,30.0,55H0
20.21875,63.32291666666666,93.0,22.046487033010123,1440.870179009479,30.0,55H0
20.32708333333332,63.32291666666666,96.0,16.931470694599103,1440.870179009479,30.0,55H0
20.43541666666667,63.32291666666666,74.0,12.465151651045709,1440.870179009479,30.0,55H0
20.86875000000001,63.32291666666666,8.0,10.647812379582687,1440.870179009479,30.0,55H0
19.89375000000001,63.37291666666667,60.0,11.733230390694043,1447.3406585642788,30.0,55G9
20.00208333333333,63.37291666666667,56.0,13.036373291765807,1447.3406585642788,30.0,55H0
20.11041666666665,63.37291666666667,29.0,16.168083513253816,1447.3406585642788,30.0,55H0
20.21875,63.37291666666667,49.0,19.835297158635395,1447.3406585642788,30.0,55H0
20.32708333333332,63.37291666666667,85.0,20.502401110050407,1447.3406585642788,30.0,55H0
20.43541666666667,63.37291666666667,65.0,17.008285385161688,1447.3406585642788,30.0,55H0
20.54374999999999,63.37291666666667,50.0,14.77360751901109,1447.3406585642788,30.0,55H0
20.652083333333337,63.37291666666667,25.0,13.928202582795508,1447.3406585642788,30.0,55H0
20.760416666666657,63.37291666666667,13.0,14.513216276539898,1447.3406585642788,30.0,55H0
20.86875000000001,63.37291666666667,17.0,10.143638881745282,1447.3406585642788,30.0,55H0
20.11041666666665,63.42291666666665,72.0,12.574195128177507,1452.9019756928317,30.0,55H0
20.21875,63.42291666666665,78.0,17.026818514614472,1452.9019756928317,30.0,55H0
20.32708333333332,63.42291666666665,71.0,22.497774513255287,1452.9019756928317,30.0,55H0
20.43541666666667,63.42291666666665,42.0,21.87530481076064,1452.9019756928317,30.0,55H0
20.54374999999999,63.42291666666665,31.0,20.09441553444216,1452.9019756928317,30.0,55H0
20.652083333333337,63.42291666666665,26.0,19.482379473512133,1452.9019756928317,30.0,55H0
20.760416666666657,63.42291666666665,13.0,14.928833309341956,1452.9019756928317,30.0,55H0
20.11041666666665,63.47291666666666,20.0,10.801401732206688,1458.4632928213873,30.0,55H0
20.21875,63.47291666666666,39.0,15.755711819474644,1458.4632928213873,30.0,55H0
20.32708333333332,63.47291666666666,27.0,20.45818719918396,1458.4632928213873,30.0,55H0
20.43541666666667,63.47291666666666,25.0,20.96843053164876,1458.4632928213873,30.0,55H0
20.54374999999999,63.47291666666666,25.0,17.568152324045098,1458.4632928213873,30.0,55H0
20.652083333333337,63.47291666666666,35.0,14.76044381628331,1458.4632928213873,30.0,55H0
20.760416666666657,63.47291666666666,19.0,13.90329282138738,1458.4632928213873,30.0,55H0
20.86875000000001,63.47291666666666,20.0,10.224529852646556,1458.4632928213873,30.0,55H0
20.21875,63.522916666666674,37.0,12.94964104860342,1464.0246099499432,,56H0
20.32708333333332,63.522916666666674,26.0,14.921586787483552,1464.0246099499432,,56H0
20.43541666666667,63.522916666666674,20.0,16.583272512783815,1464.0246099499432,,56H0
20.54374999999999,63.522916666666674,31.0,13.5913665026198,1464.0246099499432,,56H0
20.97708333333333,63.522916666666674,28.0,10.515436611506296,1464.0246099499432,,56H0
21.193749999999994,63.522916666666674,25.0,10.930706561140063,1464.095099193073,,56H1
21.302083333333343,63.522916666666674,21.0,14.838661346797226,1465.8606585642772,,56H1
20.43541666666667,63.57291666666666,21.0,11.393754868360505,1470.4950895047389,,56H0
20.54374999999999,63.57291666666666,28.0,11.075511222709975,1470.4950895047389,,56H0
21.085416666666674,63.57291666666666,38.0,14.85321789471333,1470.4950895047389,,56H1
21.193749999999994,63.57291666666666,40.0,15.919922949751076,1470.4950895047389,,56H1
21.302083333333343,63.57291666666666,24.0,18.81417144750631,1470.8981883612023,,56H1
21.085416666666674,63.62291666666667,24.0,11.698926918153806,1476.0564066332945,,56H1
21.193749999999994,63.62291666666667,37.0,15.581207541569489,1476.0564066332945,,56H1
