x_lon,y_lat,year,country,HaulNumber,doty,trawl_depth,trawl_dur,trawl_net,time_minutes,ntd
19.4613,63.1488,2007,SE,1,274,40.0,30,16.0,279,0
18.812,62.4123,2007,SE,10,275,80.0,31,15.0,779,1
19.404,62.406,2007,SE,11,275,63.6,60,13.4,921,0
20.3698,62.3898,2007,SE,12,275,2.4,30,17.6,1155,-1
19.1682,62.0292,2007,SE,13,276,14.6,30,18.5,305,0
17.9218,62.1738,2007,SE,14,276,3.3,30,17.0,564,1
17.7558,61.9737,2007,SE,15,276,53.0,30,12.0,698,1
18.0817,61.8302,2007,SE,16,276,22.0,46,18.0,866,1
18.501,61.8075,2007,SE,17,276,35.0,30,17.0,1006,0
19.24,61.6672,2007,SE,18,276,9.5,40,17.0,1087,-1
20.5873,62.112,2007,SE,19,277,58.0,50,15.3,382,1
20.2715,63.2997,2007,SE,2,274,26.0,30,15.0,645,1
20.8553,61.9435,2007,SE,20,277,23.7,50,19.6,526,1
20.875,61.7645,2007,SE,21,277,33.0,31,17.0,686,1
20.5143,61.3828,2007,SE,22,277,64.0,50,15.3,913,0
19.5881,61.5518,2007,SE,23,277,8.9,40,18.1,1180,-1
17.9599,61.2041,2007,SE,24,278,22.0,31,9.4,284,0
18.0673,61.1226,2007,SE,25,278,24.9,30,18.3,395,1
18.7309,61.1367,2007,SE,26,281,29.1,30,15.5,433,1
19.2934,61.093,2007,SE,27,281,58.0,30,14.0,807,1
19.5531,61.0879,2007,SE,28,281,50.0,32,12.3,985,0
20.2436,61.1146,2007,SE,29,281,18.9,30,17.0,1272,-1
20.5278,62.9752,2007,SE,3,274,26.0,30,20.0,823,1
20.3896,60.8865,2007,SE,30,282,47.0,34,16.4,390,1
19.9261,60.9121,2007,SE,31,282,63.2,31,22.2,557,1
19.4131,60.938,2007,SE,32,282,84.0,60,12.0,705,1
18.7309,60.8829,2007,SE,33,282,46.0,30,15.0,912,0
18.6636,60.9081,2007,SE,34,282,2.0,40,21.6,987,0
17.8292,60.7748,2007,SE,35,282,17.5,30,21.2,1192,-1
20.0543,60.8335,2007,SE,36,283,42.0,30,15.9,288,0
18.9647,60.6176,2007,SE,37,283,40.0,30,16.0,705,1
20.2313,62.915,2007,SE,4,274,29.0,30,14.8,957,0
19.8218,62.7943,2007,SE,5,274,21.0,41,17.5,1141,-1
19.1692,62.7452,2007,SE,6,275,53.0,31,12.9,303,0
18.8155,62.6122,2007,SE,7,275,60.0,30,16.7,423,1
18.5648,62.5313,2007,SE,8,275,24.0,30,20.1,530,1
18.7185,62.422,2007,SE,9,275,3.1,30,17.0,710,1
18.6966,62.7897,2008,SE,1,266,84.7,32,12.7,524,1
20.2561,62.5916,2008,SE,10,267,14.3,30,16.4,1025,0
18.8312,62.4473,2008,SE,11,268,71.7,30,13.0,278,0
19.0918,62.3766,2008,SE,12,268,16.4,31,12.5,390,1
19.6222,62.3773,2008,SE,13,268,79.2,30,10.6,538,1
20.1019,62.3639,2008,SE,14,268,70.8,30,12.97,673,1
20.4914,62.1279,2008,SE,15,268,16.1,30,14.7,918,1
18.9884,62.124,2008,SE,16,268,15.3,31,13.6,1215,-1
18.3456,61.6238,2008,SE,17,269,15.2,30,14.6,274,0
18.9152,61.5849,2008,SE,18,269,15.6,30,15.0,431,1
19.1975,61.6161,2008,SE,19,269,14.8,30,14.5,539,1
18.9561,62.8927,2008,SE,2,266,88.2,30,14.8,688,1
19.7258,61.621,2008,SE,20,269,4.9,30,18.49,700,1
20.2028,61.6198,2008,SE,21,269,90.2,30,13.6,832,1
20.482,61.6204,2008,SE,22,269,15.3,30,15.5,933,0
18.2214,61.2148,2008,SE,23,270,34.2,30,18.0,335,0
19.2791,61.3823,2008,SE,25,273,20.0,60,16.4,404,1
19.9221,61.39,2008,SE,26,273,75.3,45,10.6,601,1
20.3617,61.3933,2008,SE,27,273,82.2,45,13.5,750,1
20.2504,61.1117,2008,SE,28,273,15.1,30,13.4,1059,-1
19.9272,60.9691,2008,SE,29,273,21.4,30,17.2,1202,-1
19.2793,63.1268,2008,SE,3,266,69.6,29,13.4,828,1
18.7711,61.0984,2008,SE,30,274,21.0,60,15.2,293,0
18.9548,60.9426,2008,SE,31,274,74.1,45,11.4,536,1
19.8835,60.908,2008,SE,32,274,81.1,45,12.7,761,1
20.4367,60.8736,2008,SE,33,274,16.6,30,18.4,1014,0
20.219,60.7526,2008,SE,34,274,20.2,30,16.7,1219,-1
20.0816,63.3364,2008,SE,4,266,46.9,30,12.9,1025,0
20.4206,63.3785,2008,SE,5,266,9.7,20,15.1,1140,-1
19.4565,63.1355,2008,SE,6,267,69.3,30,14.1,276,0
19.4909,62.9102,2008,SE,7,267,88.1,30,13.5,405,1
19.8058,62.8734,2008,SE,8,267,61.8,45,12.5,526,1
20.0768,62.8745,2008,SE,9,267,16.3,30,12.3,663,1
21.48167,58.09167,2008,EE,1,294,20.0,30,16.0,395,1
20.90333,58.08667,2008,EE,2,294,44.0,30,13.0,620,1
20.48667,58.40167,2008,EE,3,294,23.0,30,18.0,950,0
21.17167,58.40167,2008,EE,4,295,36.0,30,16.0,370,0
22.59167,59.23167,2008,EE,5,297,23.0,30,18.0,335,0
23.025,59.29833,2008,EE,6,297,56.0,30,14.0,500,1
23.03833,59.615,2008,EE,7,297,31.0,15,17.0,715,1
22.72833,59.61,2008,EE,8,297,33.0,30,17.0,865,0
20.089,63.3375,2009,SE,1,264,59.0,30,11.7,349,1
20.5443,62.372,2009,SE,11,266,47.0,40,17.0,273,0
20.2935,62.1103,2009,SE,12,266,82.0,30,12.1,515,1
19.9382,62.1467,2009,SE,13,266,86.0,50,12.9,650,1
18.92,62.1718,2009,SE,14,266,19.2,30,16.9,924,1
17.867,62.1348,2009,SE,15,266,19.9,46,20.0,1176,-1
19.1715,62.089,2009,SE,16,267,57.0,44,13.9,277,0
18.409,62.0538,2009,SE,17,267,63.0,40,11.7,471,1
17.9425,61.7468,2009,SE,18,267,50.0,50,12.4,654,1
18.0812,61.6933,2009,SE,19,267,47.0,45,13.2,813,1
20.382,63.2467,2009,SE,2,264,55.5,43,13.4,430,1
18.941,61.5805,2009,SE,20,267,9.0,35,15.7,1062,-1
19.417,61.6118,2009,SE,21,267,18.0,30,17.9,1213,-1
17.9263,61.0873,2009,SE,22,268,40.0,46,14.8,274,0
17.6348,60.9062,2009,SE,23,268,33.7,40,16.4,425,1
18.1083,61.2772,2009,SE,24,271,60.4,45,13.2,299,0
18.9585,61.4118,2009,SE,25,271,15.5,30,16.6,527,1
19.7333,61.5623,2009,SE,26,271,25.0,40,15.5,735,1
20.1043,61.697,2009,SE,27,271,84.0,30,12.0,932,0
20.4915,61.5783,2009,SE,28,272,65.3,63,12.6,289,0
20.2653,61.4272,2009,SE,29,272,82.0,54,12.5,521,1
19.9555,63.0828,2009,SE,3,264,68.0,43,11.9,803,1
19.7432,61.3312,2009,SE,31,272,72.0,60,14.1,869,1
20.1408,61.2355,2009,SE,32,272,15.5,45,13.5,1062,-1
18.0783,60.7938,2009,SE,33,273,34.0,60,17.5,651,1
19.0768,60.9385,2009,SE,34,273,78.0,60,14.6,935,0
20.1533,60.9607,2009,SE,35,273,21.8,46,19.1,1188,-1
19.2053,60.6297,2009,SE,36,274,33.5,60,14.3,285,0
18.9392,60.5317,2009,SE,37,274,55.5,50,9.3,427,1
19.7142,63.1175,2009,SE,4,264,80.6,39,12.8,981,0
19.153,62.9228,2009,SE,5,264,23.6,35,18.7,1229,-1
20.2878,62.628,2009,SE,6,265,52.0,46,13.0,319,0
20.0868,62.7107,2009,SE,7,265,63.0,40,14.1,476,1
19.5193,62.6227,2009,SE,8,265,85.0,45,11.2,681,1
18.8045,62.5953,2009,SE,9,265,89.0,44,12.4,893,1
20.4448,63.2249,2010,SE,1,263,19.0,47,17.7,221,0
18.0157,62.3512,2010,SE,10,264,65.0,30,12.2,807,1
20.4277,62.4179,2010,SE,11,265,20.0,69,18.7,173,-1
20.7827,62.1316,2010,SE,12,265,40.0,79,13.8,416,1
19.8518,62.1306,2010,SE,13,265,80.0,57,10.9,721,1
19.2239,62.1144,2010,SE,14,265,16.0,40,12.2,984,0
18.7078,62.0743,2010,SE,15,265,17.0,30,13.3,1150,-1
19.5608,61.8538,2010,SE,16,266,19.0,53,14.8,187,-1
20.651,61.8431,2010,SE,17,266,21.0,60,14.8,432,1
20.685,61.6055,2010,SE,18,266,73.0,80,11.8,724,1
19.7945,61.5947,2010,SE,19,266,21.9,40,17.0,1045,0
17.6156,60.9289,2010,SE,20,267,28.0,41,17.8,164,-1
19.286,60.6744,2010,SE,21,270,22.0,56,17.4,200,-1
20.1266,60.847,2010,SE,22,270,20.63,38,17.0,466,1
20.501,60.9136,2010,SE,23,270,19.72,30,16.7,663,1
20.4482,61.0928,2010,SE,24,270,22.8,30,18.6,931,0
20.985,61.2514,2010,SE,25,270,21.32,30,15.5,1116,-1
19.5135,61.0833,2010,SE,26,271,40.0,44,17.2,282,0
19.098,61.3162,2010,SE,27,271,20.79,50,16.2,467,1
18.8127,61.6248,2010,SE,28,271,20.82,30,16.8,658,1
18.4302,61.7885,2010,SE,29,271,57.84,30,16.0,819,1
19.3729,63.1741,2010,SE,3,263,69.0,45,13.0,616,1
17.7449,61.692,2010,SE,30,271,21.42,31,17.83,1044,0
17.863,61.0962,2010,SE,31,272,30.14,40,15.4,148,-1
18.515,60.8583,2010,SE,32,272,21.98,47,12.0,358,1
18.6604,61.0413,2010,SE,33,272,12.39,30,17.33,529,1
18.8252,61.1934,2010,SE,34,272,10.59,30,16.6,665,1
18.8368,60.9137,2010,SE,35,272,31.85,41,14.12,837,1
19.1983,60.8285,2010,SE,36,272,21.01,36,16.5,983,0
19.4357,62.9402,2010,SE,4,263,18.0,30,13.8,805,1
20.1509,62.9236,2010,SE,5,263,18.3,40,18.1,975,0
20.4642,62.8315,2010,SE,6,263,9.9,40,13.5,1130,-1
19.0727,62.6947,2010,SE,7,264,78.0,40,12.0,151,-1
18.5605,62.6625,2010,SE,8,264,72.0,35,12.4,331,1
17.8702,62.3195,2010,SE,9,264,59.0,61,12.3,604,1
12.1823,54.3917,2010,DE,1,279,8.0,30,8.0,1026,0
12.7905,54.7198,2010,DE,2,279,13.0,30,8.0,1247,-1
13.2857,54.7165,2010,DE,3,279,19.0,30,8.0,1389,-1
13.8015,54.72,2010,DE,4,280,28.0,30,8.0,100,-1
14.1232,54.6245,2010,DE,5,280,14.0,30,8.0,1005,0
13.7517,54.5632,2010,DE,6,280,13.0,30,8.0,1137,-1
13.7233,54.4542,2010,DE,7,280,12.0,30,8.0,1219,-1
14.7165,54.5607,2010,DE,8,281,20.0,30,8.0,52,-1
14.1473,54.9015,2010,DE,9,281,26.0,30,8.0,1019,0
13.4433,54.8908,2010,DE,10,281,33.0,30,8.0,1202,-1
12.8077,54.9063,2010,DE,11,281,17.0,30,8.0,1379,-1
12.3202,54.7935,2010,DE,12,282,11.0,30,8.0,98,-1
12.7587,55.0837,2010,DE,13,282,19.0,30,8.0,1068,-1
13.2325,55.0832,2010,DE,14,282,39.0,30,8.0,1205,-1
13.856,55.0813,2010,DE,15,282,35.0,30,8.0,1372,-1
14.2518,55.0515,2010,DE,16,283,37.0,30,8.0,64,-1
14.1327,55.2663,2010,DE,17,283,19.0,30,8.0,1081,-1
13.7058,55.2682,2010,DE,18,283,30.0,30,8.0,1208,-1
13.2545,55.2613,2010,DE,19,283,28.0,30,8.0,1335,-1
12.9995,55.2702,2010,DE,20,283,17.0,30,8.0,1426,-1
11.6193,54.2307,2010,DE,21,284,12.0,30,8.0,1035,0
11.2747,54.1278,2010,DE,22,284,15.0,30,8.0,1152,-1
11.3963,54.3112,2010,DE,23,284,10.0,30,8.0,1330,-1
11.4753,54.5358,2010,DE,24,285,8.0,30,8.0,11,-1
11.2137,54.6,2010,DE,25,285,15.0,30,8.0,113,-1
10.69,54.498,2010,DE,26,285,10.0,30,8.0,1027,0
10.4533,54.7723,2010,DE,27,285,14.0,30,8.0,1238,-1
10.2095,54.6213,2010,DE,28,285,11.0,30,8.0,1415,-1
10.1733,54.8555,2010,DE,29,286,21.0,30,8.0,103,-1
10.0355,55.0468,2010,DE,30,286,17.0,30,8.0,968,0
9.8108,55.096,2010,DE,31,286,12.0,30,8.0,1064,-1
10.2327,55.699,2010,DE,32,286,11.0,31,8.0,1414,-1
10.4635,55.8643,2010,DE,33,287,17.0,30,8.0,136,-1
10.6617,56.0423,2010,DE,34,287,15.0,30,8.0,991,0
10.929,55.7943,2010,DE,35,287,10.0,30,8.0,1200,-1
10.8663,55.462,2010,DE,36,287,15.0,30,8.0,1385,-1
10.9988,55.294,2010,DE,37,288,11.0,30,8.0,54,-1
11.2865,55.1402,2010,DE,38,288,17.0,30,8.0,1048,-1
10.8913,54.9288,2010,DE,39,288,16.0,30,8.0,1232,-1
12.8648,55.7757,2010,DE,40,289,13.0,30,8.0,1010,0
12.7223,55.9237,2010,DE,41,289,16.0,30,8.0,1115,-1
12.4862,56.1677,2010,DE,42,289,12.0,30,8.0,1256,-1
12.3625,56.1672,2010,DE,43,289,13.0,30,8.0,1379,-1
11.7548,56.1185,2010,DE,44,290,10.0,30,8.0,1063,-1
10.9767,56.1218,2010,DE,45,290,10.0,30,8.0,1253,-1
11.137,56.308,2010,DE,46,290,11.0,31,8.0,1369,-1
11.7538,56.3653,2010,DE,47,291,12.0,30,8.0,94,-1
12.092,56.3803,2010,DE,48,291,19.0,30,8.0,972,0
12.0175,56.5763,2010,DE,49,291,17.0,30,8.0,1096,-1
11.8687,56.6212,2010,DE,50,292,20.0,30,8.0,1002,0
11.7042,56.6408,2010,DE,51,292,22.0,30,8.0,1076,-1
11.7243,56.8822,2010,DE,52,293,37.0,30,8.0,9,-1
11.585,57.1103,2010,DE,53,293,17.0,30,8.0,148,-1
11.9443,57.1653,2010,DE,54,293,43.0,30,8.0,1102,-1
12.2073,56.8572,2010,DE,55,293,26.0,30,8.0,1267,-1
12.337,56.7443,2010,DE,56,293,21.0,30,8.0,1353,-1
12.4307,56.489,2010,DE,57,294,19.0,30,8.0,41,-1
20.3225,63.2518,2011,SE,1,269,24.0,35,14.0,399,1
18.1725,62.3827,2011,SE,10,271,20.0,45,13.1,814,1
17.8813,62.1022,2011,SE,11,271,17.8,31,12.2,951,0
18.7955,62.0968,2011,SE,12,271,16.0,30,12.5,1288,-1
19.6432,62.1198,2011,SE,13,272,16.8,30,15.2,72,-1
20.1042,62.1145,2011,SE,14,272,19.0,30,10.0,247,0
20.5707,61.8738,2011,SE,15,272,15.4,30,12.4,537,1
19.7818,61.8693,2011,SE,16,272,18.6,30,15.1,750,1
18.289,61.8772,2011,SE,17,272,19.0,45,12.0,1078,-1
17.9157,61.6418,2011,SE,18,272,17.9,60,11.6,1316,-1
18.7282,61.6397,2011,SE,19,273,15.0,30,16.0,145,-1
20.5773,61.6208,2011,SE,21,273,82.0,63,9.6,667,1
20.0958,61.3695,2011,SE,22,273,21.0,45,13.5,1022,0
19.1032,61.3525,2011,SE,23,273,21.6,45,15.8,1274,-1
18.1537,61.3647,2011,SE,24,274,15.4,40,15.9,98,-1
17.9933,61.1253,2011,SE,25,274,37.0,78,13.0,403,1
18.8843,61.1287,2011,SE,26,274,15.3,30,14.0,662,1
19.39,61.1382,2011,SE,27,274,25.9,30,10.2,838,1
20.2157,61.1258,2011,SE,28,274,21.0,60,16.0,1067,-1
20.6555,60.9603,2011,SE,29,274,21.2,30,14.3,1316,-1
19.0583,62.9015,2011,SE,3,269,20.0,60,12.5,1111,-1
20.205,60.7892,2011,SE,30,275,20.0,45,14.0,218,-1
19.4018,60.8767,2011,SE,31,275,20.0,60,11.4,546,1
18.6528,60.8737,2011,SE,32,275,14.4,60,14.2,808,1
18.7472,60.7342,2011,SE,34,276,12.7,25,14.9,107,-1
19.0465,60.7343,2011,SE,35,276,18.0,30,15.4,231,-1
19.685,63.0955,2011,SE,4,269,21.0,45,14.7,1417,-1
20.3962,62.9173,2011,SE,5,270,25.0,45,14.0,262,0
19.8487,62.631,2011,SE,6,270,80.0,75,9.3,634,1
18.8595,62.6797,2011,SE,7,270,18.0,60,11.0,1044,0
20.4562,62.3218,2011,SE,8,271,20.0,45,12.1,151,-1
19.3,62.3413,2011,SE,9,271,55.0,71,10.8,479,1
10.9837,54.9768,2011,DE,1,280,23.0,30,7.0,1066,-1
11.3243,55.111,2011,DE,2,280,10.0,30,10.0,1211,-1
10.9942,55.2807,2011,DE,3,280,12.0,30,9.0,1376,-1
10.861,55.43,2011,DE,4,281,10.0,30,8.0,97,-1
10.7958,55.738,2011,DE,5,281,12.0,30,7.0,1081,-1
11.054,55.8687,2011,DE,6,281,10.0,30,8.0,1236,-1
10.5753,56.0685,2011,DE,7,281,7.0,30,7.0,1411,-1
10.4873,55.8438,2011,DE,8,282,8.0,30,8.0,116,-1
10.3037,55.706,2011,DE,9,282,12.0,30,8.0,971,0
10.1032,55.6912,2011,DE,10,282,10.0,30,8.0,1045,0
9.7792,55.1737,2011,DE,11,282,10.0,30,8.0,1377,-1
10.0097,55.0747,2011,DE,12,283,14.0,30,9.0,44,-1
10.1657,54.6343,2011,DE,13,283,10.0,30,8.0,968,0
10.3668,54.795,2011,DE,14,283,13.0,30,8.0,1168,-1
10.7135,54.4662,2011,DE,15,283,12.0,30,9.0,1391,-1
10.9203,54.6248,2011,DE,16,284,14.0,30,10.0,97,-1
11.3573,54.5357,2011,DE,17,284,18.0,33,11.0,982,0
11.3955,54.3095,2011,DE,18,284,12.0,30,9.0,1117,-1
11.1287,54.118,2011,DE,19,284,12.0,30,9.0,1245,-1
11.4138,54.1663,2011,DE,20,284,14.0,30,10.0,1370,-1
11.6208,54.2408,2011,DE,21,285,12.0,15,10.0,29,-1
12.1662,54.3978,2011,DE,22,285,12.0,30,10.0,1001,0
12.8807,54.7148,2011,DE,23,285,12.0,30,9.0,1223,-1
13.3247,54.7177,2011,DE,24,285,9.0,30,9.0,1346,-1
13.6152,54.7162,2011,DE,25,286,8.0,30,8.0,3,-1
14.1217,54.6312,2011,DE,26,286,14.0,20,10.0,1000,0
13.8055,54.5643,2011,DE,27,286,13.0,30,8.0,1121,-1
13.7268,54.4942,2011,DE,28,286,18.0,30,9.0,1190,-1
14.7738,54.5708,2011,DE,29,287,20.0,30,8.0,49,-1
14.2058,54.9005,2011,DE,30,287,20.0,30,8.0,1003,0
13.754,54.8898,2011,DE,31,287,27.0,30,9.0,1139,-1
12.8217,54.9007,2011,DE,32,287,12.0,30,9.0,1358,-1
12.404,54.8467,2011,DE,33,288,10.0,30,8.0,44,-1
12.6972,55.0928,2011,DE,34,288,12.0,30,8.0,1048,-1
13.2547,55.0827,2011,DE,35,288,30.0,30,9.0,1195,-1
13.6922,55.083,2011,DE,36,288,33.0,30,8.0,1323,-1
14.195,55.026,2011,DE,37,289,30.0,30,8.0,24,-1
14.1755,55.2668,2011,DE,38,289,12.0,30,9.0,1063,-1
13.748,55.2667,2011,DE,39,289,30.0,30,9.0,1181,-1
13.4627,55.268,2011,DE,40,289,30.0,30,9.0,1280,-1
12.9957,55.2752,2011,DE,41,289,12.0,30,9.0,1419,-1
12.8733,55.7627,2011,DE,42,290,8.0,15,8.0,1002,0
12.8317,55.8015,2011,DE,43,290,12.0,15,10.0,1051,-1
12.4858,56.1792,2011,DE,44,290,12.0,35,9.0,1244,-1
12.3757,56.1672,2011,DE,45,290,8.0,30,8.0,1346,-1
11.4415,56.1168,2011,DE,46,294,10.0,15,9.0,405,0
10.9408,56.1273,2011,DE,47,294,10.0,30,9.0,535,1
11.6075,56.3682,2011,DE,48,294,9.0,30,8.0,742,1
12.0165,56.369,2011,DE,49,294,12.0,30,8.0,859,1
11.6998,56.8688,2011,DE,50,295,10.0,30,9.0,449,1
11.8938,56.8675,2011,DE,51,295,12.0,30,9.0,527,1
12.2087,56.8598,2011,DE,52,295,12.0,30,9.0,623,1
12.373,56.7127,2011,DE,53,295,10.0,30,8.0,721,1
12.4325,56.4908,2011,DE,54,295,10.0,30,9.0,837,1
11.733,54.2712,2012,DE,1,278,12.5,30,9.0,1016,0
11.1255,54.0823,2012,DE,2,278,5.0,30,8.0,1229,-1
11.3805,54.2903,2012,DE,3,278,10.0,30,8.0,1372,-1
11.244,54.585,2012,DE,4,279,18.0,30,8.0,111,-1
10.7205,54.6285,2012,DE,5,279,15.0,30,8.0,974,0
10.6888,54.498,2012,DE,6,279,12.0,30,8.0,1062,0
10.351,54.6575,2012,DE,7,279,11.0,30,8.0,1390,-1
10.043,55.0432,2012,DE,8,280,19.0,30,8.0,986,0
9.7778,55.1267,2012,DE,9,280,11.5,30,8.0,1090,-1
10.0423,55.664,2012,DE,10,280,12.0,30,8.0,1397,-1
10.3372,55.6998,2012,DE,11,281,16.0,30,8.0,65,-1
10.7013,56.0305,2012,DE,12,281,12.0,30,8.0,1027,0
11.0138,55.8872,2012,DE,13,282,12.5,30,8.0,971,0
10.9425,55.7942,2012,DE,14,282,13.5,30,8.0,1083,-1
10.8548,55.4225,2012,DE,15,282,14.0,30,8.0,1337,-1
10.9853,55.2738,2012,DE,16,283,15.0,30,8.0,50,-1
11.2853,55.1403,2012,DE,17,283,14.0,30,8.0,1032,0
10.7995,54.7427,2012,DE,18,283,5.0,30,8.0,1317,-1
12.1737,54.3852,2012,DE,19,284,12.0,30,8.0,1020,0
12.7155,54.7168,2012,DE,20,284,11.5,30,9.0,1248,-1
13.1945,54.7162,2012,DE,21,284,12.0,30,9.0,1392,-1
13.4967,54.7132,2012,DE,22,285,20.0,30,9.0,58,-1
14.1172,54.6323,2012,DE,23,285,15.0,30,9.0,1005,0
13.8853,54.5667,2012,DE,24,285,10.0,30,9.0,1118,-1
13.7243,54.4892,2012,DE,25,285,13.0,30,9.0,1206,-1
14.0972,54.4177,2012,DE,26,285,4.0,30,9.0,1378,-1
14.6552,54.548,2012,DE,27,286,15.0,30,9.0,140,-1
14.2312,54.8868,2012,DE,28,286,21.0,30,8.0,1036,-1
13.7787,54.9025,2012,DE,29,286,30.0,30,9.0,1174,-1
12.9318,54.9015,2012,DE,30,286,23.0,30,8.0,1396,-1
12.396,54.8437,2012,DE,31,287,11.5,30,8.0,118,-1
12.7155,55.0838,2012,DE,32,287,20.0,30,9.0,1064,-1
13.0755,55.082,2012,DE,33,287,19.0,15,9.0,1181,-1
13.6462,55.0842,2012,DE,34,287,28.0,30,6.0,1327,-1
14.2548,55.065,2012,DE,35,288,28.0,30,9.0,93,-1
14.361,55.3222,2012,DE,36,288,17.0,30,8.0,1032,-1
13.9015,55.2678,2012,DE,37,288,22.0,15,8.0,1181,-1
13.3728,55.2717,2012,DE,38,288,18.0,25,8.0,1326,-1
12.9953,55.2712,2012,DE,39,289,15.0,30,8.0,4,-1
12.8727,55.7652,2012,DE,40,289,12.0,15,9.0,1033,-1
12.781,55.8103,2012,DE,41,289,13.0,15,9.0,1093,-1
12.5297,56.1375,2012,DE,42,289,17.0,30,8.0,1281,-1
12.4252,56.1405,2012,DE,43,289,15.0,30,9.0,1411,-1
12.2335,56.2148,2012,DE,44,290,16.5,30,8.0,973,0
11.7968,56.1263,2012,DE,45,290,13.0,30,8.0,1096,-1
11.7198,56.3672,2012,DE,46,291,13.0,30,8.0,1061,-1
12.1063,56.3988,2012,DE,47,291,22.0,30,8.0,1191,-1
11.7835,56.6177,2012,DE,48,291,28.0,30,8.0,1374,-1
11.8423,56.8805,2012,DE,49,292,15.5,30,8.0,1038,-1
11.5872,57.1177,2012,DE,50,292,22.0,30,8.0,1181,-1
11.3292,57.3712,2012,DE,51,292,30.0,30,9.0,1341,-1
11.6923,57.3853,2012,DE,52,293,37.0,30,8.0,38,-1
12.009,57.0592,2012,DE,53,293,45.0,30,8.0,964,0
12.1925,56.8745,2012,DE,54,293,28.0,30,9.0,1073,-1
12.4332,56.6203,2012,DE,55,293,20.0,30,8.0,1216,-1
12.4313,56.4437,2012,DE,56,293,18.0,30,8.0,1318,-1
19.4351,60.6278,2012,FI,13,283,35.0,40,11.2,367,0
20.4978,60.8468,2012,FI,14,283,48.0,30,11.4,729,1
20.4958,61.2917,2012,FI,15,283,23.6,40,14.1,979,0
20.4914,61.7727,2012,FI,16,283,12.4,30,12.9,1244,-1
20.4808,62.2032,2012,FI,17,284,17.0,30,14.5,38,-1
20.4862,62.713,2012,FI,18,284,26.0,30,12.9,303,0
20.464,63.1138,2012,FI,19,284,40.0,38,13.3,530,1
19.6745,63.2022,2012,FI,20,284,78.0,40,9.4,786,1
19.5097,62.7793,2012,FI,21,284,20.1,30,14.0,1083,-1
18.5892,62.6781,2012,FI,22,284,20.0,40,13.8,1342,-1
18.4953,62.3392,2012,FI,23,285,33.0,45,9.1,122,-1
19.2497,62.2464,2012,FI,24,285,55.0,40,11.8,377,0
19.4068,61.7318,2012,FI,25,285,52.0,50,11.0,722,1
18.4671,61.7449,2012,FI,26,285,32.4,42,13.2,1007,-1
17.8279,61.6767,2012,FI,27,285,18.9,40,15.2,1232,-1
17.846,61.1437,2012,FI,28,286,15.0,30,15.4,78,-1
17.8369,60.7905,2012,FI,29,286,36.6,41,12.3,278,0
19.503,61.0579,2012,FI,30,286,70.8,29,8.5,916,0
18.9137,61.0291,2012,FI,31,286,22.2,31,13.2,1143,-1
18.7078,60.9265,2012,FI,32,286,17.0,30,15.0,1358,-1
21.37,58.63833,2013,EE,1,293,41.0,30,20.0,370,0
26.32167,59.75,2013,EE,10,295,12.0,30,21.0,310,0
26.15,59.79667,2013,EE,11,295,23.0,30,20.0,445,1
25.81,59.775,2013,EE,12,295,26.0,30,20.0,595,1
25.45167,59.75667,2013,EE,13,295,30.0,30,20.0,735,1
20.905,58.39167,2013,EE,14,297,30.0,25,20.0,535,1
22.07333,58.665,2013,EE,2,293,22.0,30,20.0,635,1
21.72333,58.84833,2013,EE,3,293,22.0,30,18.0,790,1
21.41833,59.0,2013,EE,4,293,15.0,30,20.0,930,0
21.38667,59.085,2013,EE,5,293,10.0,30,21.0,1015,-1
22.54333,59.31833,2013,EE,6,294,12.0,15,21.0,310,0
22.935,59.41833,2013,EE,7,294,70.0,30,17.0,480,1
23.46833,59.465,2013,EE,8,294,24.0,30,17.0,710,1
23.69833,59.49166,2013,EE,9,294,30.0,30,19.0,850,0
12.1705,54.3857,2013,DE,2,277,10.0,30,5.0,1087,-1
12.3028,54.5422,2013,DE,3,277,12.0,30,6.0,1210,-1
13.1177,54.7163,2013,DE,4,278,15.0,30,8.0,8,-1
13.5847,54.7143,2013,DE,5,278,22.0,30,9.0,156,-1
14.1165,54.6658,2013,DE,6,278,14.0,30,9.0,1050,0
13.8138,54.5562,2013,DE,7,278,12.0,30,9.0,1191,-1
13.7233,54.4627,2013,DE,8,278,12.0,30,8.0,1276,-1
14.0598,54.437,2013,DE,9,278,12.0,30,9.0,1416,-1
14.1707,54.9008,2013,DE,10,279,27.0,30,9.0,1020,0
13.6635,54.9032,2013,DE,11,279,10.0,30,8.0,1176,-1
12.844,54.9082,2013,DE,12,279,11.0,26,8.0,1384,-1
12.3837,54.8373,2013,DE,13,280,12.0,30,8.0,84,-1
12.7258,55.0845,2013,DE,14,280,15.0,30,9.0,1062,-1
13.095,55.0818,2013,DE,15,280,18.0,30,9.0,1174,-1
13.853,55.0842,2013,DE,16,280,23.0,30,8.0,1382,-1
14.1952,55.0082,2013,DE,17,281,11.0,30,8.0,70,-1
14.3497,55.3318,2013,DE,18,281,22.0,30,8.0,1035,0
13.952,55.2682,2013,DE,19,281,12.0,30,8.0,1160,-1
13.1832,55.269,2013,DE,20,281,15.0,30,8.0,1345,-1
12.9978,55.2737,2013,DE,21,281,12.0,30,8.0,1420,-1
11.3238,55.1115,2013,DE,22,283,16.0,30,8.0,1185,-1
10.9592,55.249,2013,DE,23,283,16.0,30,8.0,1320,-1
10.8648,55.4493,2013,DE,24,284,16.5,30,8.0,66,-1
10.9028,55.7873,2013,DE,25,284,14.0,30,8.0,1004,0
11.0673,55.863,2013,DE,26,284,12.0,30,8.0,1113,-1
10.7547,56.0152,2013,DE,27,284,11.0,30,8.0,1244,-1
10.4785,55.9277,2013,DE,28,284,12.5,30,8.0,1380,-1
10.4982,55.8102,2013,DE,29,285,25.0,30,8.0,39,-1
9.774,55.1522,2013,DE,30,285,13.0,30,8.0,1226,-1
10.013,55.0743,2013,DE,31,285,12.0,30,8.0,1339,-1
10.1722,54.719,2013,DE,32,286,11.0,30,8.0,1007,0
10.349,54.6478,2013,DE,33,286,12.0,30,8.0,1149,-1
10.714,54.464,2013,DE,34,286,10.0,30,8.0,1439,-1
10.7147,54.5992,2013,DE,35,287,14.5,30,8.0,88,-1
11.3223,54.5263,2013,DE,36,287,16.0,30,8.0,1004,0
11.458,54.4282,2013,DE,37,287,12.0,30,8.0,1110,-1
11.2328,54.1962,2013,DE,38,287,6.0,30,8.0,1244,-1
11.3792,54.153,2013,DE,39,287,13.0,30,8.0,1407,-1
11.6138,54.2353,2013,DE,40,288,11.0,30,8.0,60,-1
12.8728,55.7638,2013,DE,41,288,13.0,30,8.0,1000,0
12.7442,55.7998,2013,DE,42,288,12.0,30,8.0,1098,-1
12.5173,56.1467,2013,DE,43,288,9.0,30,8.0,1287,-1
12.3935,56.1517,2013,DE,44,288,11.0,30,8.0,1401,-1
11.5052,56.1175,2013,DE,45,289,12.0,30,8.0,1142,-1
11.2973,56.3707,2013,DE,46,290,16.0,29,8.0,14,-1
11.7485,56.3678,2013,DE,47,290,11.0,30,8.0,152,-1
12.2038,56.8662,2013,DE,48,290,24.0,30,8.0,975,0
12.3785,56.7038,2013,DE,49,290,16.0,30,8.0,1072,-1
12.4323,56.4997,2013,DE,50,290,20.0,30,8.0,1181,-1
12.4308,56.3815,2013,DE,51,290,13.0,30,8.0,1260,-1
20.9895,59.59783,2013,FI,1,270,35.0,17,17.0,233,0
18.91882,60.555237,2013,FI,2,270,25.0,29,20.0,968,0
18.134832,60.764168,2013,FI,3,270,22.0,30,20.0,1274,-1
17.994667,60.774666,2013,FI,4,271,28.0,30,20.0,30,-1
18.999834,61.344334,2013,FI,6,271,12.0,31,20.0,612,1
18.201834,61.297832,2013,FI,7,271,21.0,31,19.0,891,1
17.842167,61.608334,2013,FI,8,271,27.0,30,20.0,1176,-1
18.257334,61.629833,2013,FI,9,271,23.0,45,21.0,1385,-1
18.451,62.356,2013,FI,10,272,17.0,48,16.0,870,1
18.3725,62.658165,2013,FI,11,272,20.0,63,20.0,1189,-1
19.194166,63.026165,2013,FI,12,273,17.0,47,21.0,155,-1
19.363832,62.794666,2013,FI,13,273,35.0,60,18.0,819,1
19.691833,62.6105,2013,FI,14,273,12.0,31,20.0,1084,-1
20.107,62.606834,2013,FI,15,273,12.0,31,21.0,1281,-1
20.810833,62.233334,2013,FI,17,274,13.0,30,25.0,1009,0
20.190834,62.2185,2013,FI,18,274,18.0,45,18.0,1230,-1
19.918333,62.227,2013,FI,19,274,17.0,51,19.0,1434,-1
19.597334,62.419167,2013,FI,20,275,61.0,77,20.0,358,1
20.322166,61.844334,2013,FI,21,275,21.0,31,20.0,870,1
20.713667,61.773167,2013,FI,22,275,23.0,34,20.0,1096,-1
19.877167,61.5825,2013,FI,23,275,21.0,60,20.0,1413,-1
19.938833,61.348167,2013,FI,24,276,85.0,50,16.0,387,1
20.419,61.08967,2013,FI,25,276,21.0,30,24.0,863,1
20.5625,60.927334,2013,FI,26,276,10.0,47,24.0,1070,-1
19.9035,60.9365,2013,FI,27,276,20.0,51,22.0,1320,-1
19.812,61.062,2013,FI,28,277,80.0,60,20.0,336,0
19.737833,59.859665,2013,FI,29,278,75.0,31,20.0,261,0
22.765833,59.568832,2013,FI,30,278,18.0,40,21.0,1411,-1
23.301666,59.5915,2013,FI,31,279,16.0,46,19.0,655,1
24.024834,59.678333,2013,FI,32,279,21.0,37,20.0,972,0
25.052334,59.928,2013,FI,33,279,25.0,17,21.0,1335,-1
26.346666,60.037167,2013,FI,34,280,22.0,33,19.0,265,0
14.447,55.3788,2014,SE,1,275,27.3,30,14.5,1197,-1
17.4965,56.6984,2014,SE,10,277,22.0,61,12.6,842,1
16.875,56.5707,2014,SE,11,277,31.2,30,11.6,1096,-1
17.2904,56.9529,2014,SE,12,277,27.8,30,12.4,1408,-1
17.6458,57.1673,2014,SE,13,278,21.2,30,13.5,207,-1
17.5618,57.3603,2014,SE,14,278,32.5,45,12.3,476,1
17.7304,57.6251,2014,SE,15,278,45.0,45,11.1,745,1
17.6518,57.7695,2014,SE,16,278,23.6,30,14.6,1036,-1
18.0922,57.864,2014,SE,17,278,18.7,29,13.8,1298,-1
17.522,58.0727,2014,SE,18,279,24.0,22,12.0,203,-1
17.8282,58.3273,2014,SE,19,279,49.0,46,11.7,473,1
14.6289,55.635,2014,SE,2,275,35.4,30,12.0,1382,-1
18.1243,58.4463,2014,SE,20,279,49.2,41,10.8,729,1
18.6305,58.182,2014,SE,21,279,23.0,30,9.0,1078,-1
18.3034,58.6155,2014,SE,22,279,25.0,32,12.8,1419,-1
18.6723,58.7928,2014,SE,23,280,36.0,30,12.5,255,0
19.2387,58.8695,2014,SE,24,280,29.8,60,13.2,647,1
19.7642,58.83,2014,SE,25,280,30.7,35,14.7,1018,0
19.6337,59.0907,2014,SE,26,280,23.0,29,12.9,1253,-1
20.6562,59.1943,2014,SE,27,281,55.0,60,11.8,641,1
20.2,59.1645,2014,SE,28,281,26.0,60,11.3,863,1
19.8928,59.113,2014,SE,29,281,6.9,40,16.8,1089,-1
15.2272,55.8148,2014,SE,3,276,30.4,30,12.6,264,0
20.6588,58.8807,2014,SE,30,281,26.0,45,8.5,1378,-1
20.2852,58.6365,2014,SE,31,282,5.6,45,17.6,258,0
19.8762,58.4301,2014,SE,32,282,41.0,62,11.1,583,1
19.6968,58.1813,2014,SE,33,282,32.8,38,11.0,915,0
19.8122,57.8792,2014,SE,34,282,32.0,41,10.1,1211,-1
19.4298,57.5756,2014,SE,35,283,29.6,60,9.8,101,-1
19.4177,57.3743,2014,SE,36,283,41.9,46,11.4,455,1
19.5306,57.1833,2014,SE,37,283,31.0,60,10.8,677,1
18.998,57.0348,2014,SE,38,283,27.8,30,11.2,1011,0
18.9172,56.8922,2014,SE,39,283,25.0,30,12.4,1201,-1
15.7012,55.5961,2014,SE,4,276,50.5,30,11.7,564,1
18.8435,56.5904,2014,SE,40,284,21.6,30,11.3,50,-1
18.4765,56.3278,2014,SE,41,284,40.0,60,9.5,395,1
18.4278,56.1774,2014,SE,42,284,24.5,83,10.1,695,1
17.8333,55.9137,2014,SE,43,284,28.0,25,11.0,984,0
17.7462,55.6052,2014,SE,44,284,27.0,40,11.2,1179,-1
16.6639,55.7474,2014,SE,45,285,23.0,59,10.5,138,-1
15.3243,55.3657,2014,SE,46,285,62.0,46,7.8,519,1
15.0945,55.3685,2014,SE,47,285,60.0,53,10.0,910,0
14.8555,55.5028,2014,SE,48,285,35.0,50,10.6,1157,-1
16.2949,55.7663,2014,SE,5,276,42.1,34,12.8,854,1
16.3738,56.0597,2014,SE,6,276,7.2,31,12.4,1086,-1
16.7334,56.2105,2014,SE,7,277,25.0,30,11.7,13,-1
17.0983,56.4325,2014,SE,8,277,23.8,21,13.2,225,-1
17.7985,56.397,2014,SE,9,277,23.6,61,13.8,569,1
26.99,59.60167,2014,EE,1,293,20.0,30,20.0,310,0
22.88167,59.325,2014,EE,10,296,57.0,30,18.0,350,0
22.5,59.295,2014,EE,11,296,62.0,30,18.0,515,1
21.77,59.28,2014,EE,12,296,40.0,30,18.0,770,1
21.97667,58.64167,2014,EE,13,299,11.0,30,20.0,370,0
26.66833,59.67667,2014,EE,2,293,22.0,30,20.0,460,1
25.93667,59.74833,2014,EE,3,293,50.0,15,18.0,705,1
25.36833,59.76667,2014,EE,4,294,45.0,30,20.0,320,0
25.03667,59.74667,2014,EE,5,294,38.0,30,18.0,465,1
24.35333,59.61,2014,EE,6,294,45.0,15,18.0,705,1
24.21333,59.495,2014,EE,7,294,45.0,15,19.0,810,1
23.82333,59.48,2014,EE,8,295,52.0,30,18.0,350,0
23.315,59.37667,2014,EE,9,295,55.0,15,18.0,545,1
23.235933,59.651,2014,FI,1,268,18.0,17,18.0,1056,-1
19.771667,61.355,2014,FI,10,273,30.0,45,16.0,215,-1
19.9935,62.012165,2014,FI,11,273,86.0,65,16.0,679,1
19.899834,62.119,2014,FI,12,273,29.0,113,16.0,907,1
20.321167,62.25033,2014,FI,13,273,25.0,63,16.0,1242,-1
20.2495,62.351665,2014,FI,14,273,30.0,86,16.0,1418,-1
20.235834,62.5,2014,FI,16,274,20.0,45,16.0,1014,0
19.754,62.559166,2014,FI,17,274,18.0,32,16.0,1288,-1
18.020834,61.64683,2014,FI,18,275,17.0,68,16.0,811,1
22.8875,59.59083,2014,FI,2,268,20.0,19,16.0,1289,-1
17.838333,61.894333,2014,FI,20,275,22.0,83,16.0,1322,-1
18.806667,62.30633,2014,FI,21,276,17.0,72,16.0,303,0
18.8895,62.498833,2014,FI,22,276,80.0,65,16.0,672,1
19.077,62.793,2014,FI,23,276,21.0,50,16.0,963,0
20.167667,63.164665,2014,FI,24,276,21.0,73,16.0,1352,-1
20.218834,61.9365,2014,FI,25,277,85.0,53,16.0,529,1
20.502,61.716835,2014,FI,26,277,15.0,53,16.0,858,1
20.205833,61.47117,2014,FI,27,277,20.0,87,16.0,1085,-1
20.197666,61.1975,2014,FI,28,277,21.0,65,16.0,1365,-1
20.1925,60.904667,2014,FI,29,278,25.0,48,16.0,869,1
19.444666,60.086834,2014,FI,4,270,17.0,31,16.0,1114,-1
17.980167,60.7745,2014,FI,6,270,30.0,60,16.0,490,1
18.112833,61.097,2014,FI,7,270,20.0,40,16.0,876,1
18.9325,61.095165,2014,FI,8,270,15.0,60,16.0,1169,-1
19.121666,61.098167,2014,FI,9,270,18.0,92,16.0,1345,-1
20.82329,55.93379,2014,LT,1,275,12.0,30,12.0,470,1
20.34331,55.94378,2014,LT,2,275,23.0,30,12.0,625,1
19.76654,55.94126,2014,LT,3,275,37.0,30,12.0,810,1
19.28932,55.94709,2014,LT,4,275,36.5,30,13.0,990,0
19.82845,55.69855,2014,LT,5,276,54.5,30,12.0,435,1
20.3221,55.58008,2014,LT,6,276,39.0,30,12.0,610,1
20.81283,55.56964,2014,LT,7,276,28.5,30,12.0,770,1
19.06,56.12,2014,LV,1,282,53.5,60,22.0,905,0
19.645,56.88167,2014,LV,10,286,39.5,30,19.0,400,1
19.795,57.115,2014,LV,11,286,70.0,30,20.0,915,0
20.17167,57.11833,2014,LV,12,287,66.5,30,19.0,325,0
20.74,57.15333,2014,LV,13,287,50.0,30,20.0,635,1
20.93667,57.35833,2014,LV,14,287,36.0,30,20.0,915,0
20.84833,57.60333,2014,LV,15,288,33.0,30,16.0,855,1
21.14667,57.87,2014,LV,16,289,50.0,60,20.0,400,1
20.61,57.875,2014,LV,17,289,37.5,30,19.0,610,1
20.15167,58.095,2014,LV,18,289,42.0,30,20.0,945,0
20.91833,58.11333,2014,LV,19,290,42.0,30,20.0,390,1
19.62333,56.10333,2014,LV,2,283,22.5,30,17.0,450,1
21.10833,58.34833,2014,LV,20,290,59.0,30,18.0,600,1
20.73833,58.38334,2014,LV,21,290,59.5,30,19.0,800,1
20.68333,58.45,2014,LV,22,290,34.0,30,20.0,910,0
20.12333,56.12333,2014,LV,3,283,35.0,30,20.0,635,1
20.36,56.39167,2014,LV,4,283,29.0,30,18.0,890,1
19.84333,56.37833,2014,LV,5,284,40.5,30,19.0,360,0
19.33167,56.61666,2014,LV,6,284,76.5,30,19.0,810,1
20.355,56.61833,2014,LV,7,285,39.5,30,19.0,420,1
20.59,56.62,2014,LV,8,285,40.0,30,20.0,605,1
20.49833,56.89333,2014,LV,9,285,44.0,30,18.0,900,0
19.08,55.13,2014,PL,1,260,62.0,30,20.0,505,1
18.67,55.22,2014,PL,11,264,67.0,30,18.0,400,1
18.67,54.98,2014,PL,12,264,70.0,30,18.0,620,1
18.35,55.01,2014,PL,13,264,12.0,15,18.0,960,0
18.28,55.23,2014,PL,14,265,44.0,30,18.0,565,1
18.43,55.64,2014,PL,15,267,15.0,30,20.0,480,1
17.33,55.15,2014,PL,16,269,35.0,30,18.0,355,1
17.36,54.97,2014,PL,17,269,4.0,30,19.0,555,1
17.57,54.99,2014,PL,18,269,10.0,15,20.0,660,1
17.68,55.25,2014,PL,19,269,50.0,30,18.0,820,1
19.22,54.76,2014,PL,2,260,50.0,30,18.0,880,1
17.77,55.5,2014,PL,20,269,40.0,30,18.0,970,0
16.32,54.72,2014,PL,21,271,17.0,30,20.0,480,1
16.25,54.94,2014,PL,22,271,25.0,30,20.0,695,1
16.35,55.06,2014,PL,23,271,27.0,30,18.0,850,1
16.3,55.28,2014,PL,24,272,45.0,30,17.0,330,0
15.97,55.13,2014,PL,25,272,66.0,40,18.0,610,1
15.64,54.5,2014,PL,26,273,35.0,30,20.0,495,1
15.67,54.67,2014,PL,27,273,45.0,30,18.0,665,1
15.65,54.9,2014,PL,28,273,45.0,30,18.0,850,1
15.61,55.06,2014,PL,29,274,50.0,30,18.0,370,1
19.26,54.66,2014,PL,3,260,58.0,30,18.0,985,0
15.38,54.77,2014,PL,30,274,45.0,30,17.0,660,1
15.39,54.48,2014,PL,31,274,20.0,30,20.0,895,1
14.98,54.75,2014,PL,32,275,35.0,30,20.0,565,1
14.78,54.62,2014,PL,33,275,25.0,30,20.0,740,1
19.32,54.5,2014,PL,4,261,50.0,30,20.0,830,1
19.28,54.42,2014,PL,5,262,25.0,30,19.0,315,0
18.91,54.49,2014,PL,6,262,35.0,30,20.0,490,1
18.9,54.55,2014,PL,7,262,40.0,30,18.0,660,1
18.98,54.72,2014,PL,8,262,50.0,15,20.0,830,1
18.97,55.61,2014,PL,9,263,10.0,30,19.0,570,1
14.758,55.3937,2015,SE,1,274,46.5,30,1.0,167,-1
17.8295,56.6661,2015,SE,10,275,28.8,20,8.6,1075,-1
17.3563,57.0755,2015,SE,11,275,22.9,16,12.0,1389,-1
17.5857,57.2708,2015,SE,12,276,28.0,20,13.8,162,-1
17.5448,57.6419,2015,SE,13,276,25.3,42,15.2,405,1
17.2905,57.9048,2015,SE,14,276,34.3,46,14.0,696,1
17.8082,57.7808,2015,SE,15,276,24.6,46,13.9,984,0
18.2515,57.8622,2015,SE,16,276,23.0,30,13.5,1227,-1
18.2187,58.0585,2015,SE,17,277,28.6,32,12.4,38,-1
17.6006,58.0817,2015,SE,18,277,25.4,41,13.6,227,-1
17.8341,58.418,2015,SE,19,277,32.2,45,13.5,528,1
14.6666,55.5906,2015,SE,2,274,52.6,35,11.8,425,1
18.6425,58.3293,2015,SE,20,277,29.1,46,10.7,932,0
18.195,58.5796,2015,SE,21,277,24.9,31,14.0,1197,-1
18.5322,58.8873,2015,SE,22,278,21.9,40,12.1,40,-1
19.5162,58.7466,2015,SE,23,278,31.8,40,13.7,425,1
19.8253,58.8307,2015,SE,24,278,48.0,40,13.2,749,1
19.2392,59.0837,2015,SE,25,278,29.5,30,13.4,1055,-1
19.8527,59.4029,2015,SE,26,278,9.8,45,20.0,1367,-1
20.2235,59.2496,2015,SE,27,279,31.1,20,14.0,128,-1
20.4797,58.7832,2015,SE,28,279,45.0,51,11.8,375,1
20.6692,58.601,2015,SE,29,279,56.1,60,10.9,651,1
14.9757,55.7743,2015,SE,3,274,25.4,67,14.5,720,1
19.6846,58.3923,2015,SE,30,279,30.0,40,15.3,996,0
19.7168,58.1237,2015,SE,31,279,26.7,30,14.4,1253,-1
19.6089,57.9097,2015,SE,32,280,31.0,40,12.8,114,-1
19.3846,57.6773,2015,SE,33,280,45.0,50,8.9,429,1
19.2011,57.3973,2015,SE,34,280,48.3,60,12.3,718,1
19.5452,57.1924,2015,SE,35,280,15.6,41,17.8,1097,-1
18.8737,57.0579,2015,SE,36,280,20.0,20,19.1,1415,-1
18.8003,56.8714,2015,SE,37,281,25.0,26,16.7,155,-1
18.9507,56.6415,2015,SE,38,281,46.8,56,12.0,394,1
18.5527,56.3426,2015,SE,39,281,38.0,60,12.3,807,1
15.3945,55.5677,2015,SE,4,274,43.7,49,11.8,1003,0
18.4999,56.1848,2015,SE,40,281,28.4,30,13.8,1083,-1
17.8028,56.3577,2015,SE,41,281,26.0,50,13.0,1372,-1
17.2781,56.4438,2015,SE,42,282,16.9,45,17.0,183,-1
17.2136,55.9607,2015,SE,43,282,20.0,45,17.1,464,1
17.6905,55.7736,2015,SE,44,282,36.8,46,13.1,724,1
16.6398,55.9003,2015,SE,45,282,20.0,40,18.0,1164,-1
16.2512,55.6381,2015,SE,46,282,45.8,45,13.8,1432,-1
15.769,55.3934,2015,SE,47,283,29.0,45,13.0,216,-1
15.3393,55.1284,2015,SE,48,283,49.0,31,12.9,513,1
14.5354,55.4461,2015,SE,49,283,38.0,46,14.8,802,1
15.8865,55.7547,2015,SE,5,274,42.4,41,11.5,1269,-1
16.2826,56.0761,2015,SE,6,275,20.9,30,10.7,75,-1
16.7097,56.2487,2015,SE,7,275,35.6,32,12.7,306,0
16.9188,56.602,2015,SE,8,275,36.7,47,11.2,511,1
17.1472,56.7552,2015,SE,9,275,30.8,30,12.1,713,1
21.63667,58.08167,2015,EE,1,292,15.0,30,18.0,330,0
25.76333,59.72667,2015,EE,10,295,40.0,30,19.0,475,1
26.06667,59.76667,2015,EE,11,295,40.0,15,18.0,615,1
27.34667,59.515,2015,EE,12,296,10.0,15,20.0,460,1
26.98667,59.56667,2015,EE,13,296,20.0,15,19.0,615,1
25.34833,59.74166,2015,EE,14,297,37.5,15,20.0,360,0
24.515,59.69667,2015,EE,15,297,50.0,10,18.0,630,1
24.25833,59.51667,2015,EE,16,297,40.0,10,18.0,845,0
23.97167,59.48,2015,EE,17,297,35.0,10,20.0,890,0
23.37,59.39167,2015,EE,18,298,40.0,15,20.0,390,1
22.45,59.16333,2015,EE,19,298,35.0,15,20.0,805,1
20.97667,58.08333,2015,EE,2,292,40.0,15,18.0,550,1
20.5,58.38334,2015,EE,3,292,40.0,30,20.0,870,0
21.40667,58.39333,2015,EE,4,293,55.0,60,18.0,400,1
21.25167,58.63334,2015,EE,5,293,55.0,30,18.0,600,1
22.02167,58.68833,2015,EE,6,293,20.0,30,20.0,865,0
21.74,58.85667,2015,EE,7,294,30.0,30,20.0,410,1
21.25,59.01,2015,EE,8,294,55.0,15,19.0,615,1
21.49167,59.18333,2015,EE,9,294,40.0,15,16.5,780,1
12.168,54.4012,2015,DE,1,276,11.0,30,8.0,1034,0
12.305,54.5417,2015,DE,2,276,13.0,30,8.0,1134,-1
13.3312,54.719,2015,DE,3,276,25.0,20,8.0,1422,-1
13.8497,54.723,2015,DE,4,277,30.0,20,8.0,113,-1
14.1167,54.6137,2015,DE,5,277,14.5,30,8.0,973,0
13.7472,54.5488,2015,DE,6,277,14.0,20,8.0,1100,-1
13.7242,54.487,2015,DE,7,277,14.0,15,8.0,1164,-1
14.7727,54.5717,2015,DE,8,278,33.5,30,8.0,27,-1
14.253,54.8978,2015,DE,9,278,18.0,30,8.0,1027,0
13.9595,54.9012,2015,DE,10,278,33.0,30,8.0,1120,-1
12.3483,54.817,2015,DE,11,279,15.0,30,8.0,84,-1
11.3188,55.1192,2015,DE,12,279,14.0,30,8.0,1199,-1
10.8582,55.4535,2015,DE,13,280,16.0,30,8.0,8,-1
12.9313,55.6683,2015,DE,14,280,16.5,21,7.0,998,0
12.73,55.825,2015,DE,15,280,17.5,20,8.0,1096,-1
12.3755,56.1705,2015,DE,16,280,16.0,34,8.0,1333,-1
12.9203,55.2293,2015,DE,17,281,17.0,23,8.0,1120,-1
13.1402,55.2675,2015,DE,18,281,27.5,30,8.0,1209,-1
13.6905,55.2675,2015,DE,19,281,27.5,30,8.0,1367,-1
14.034,55.271,2015,DE,20,282,25.0,30,8.0,38,-1
14.5025,55.0825,2015,DE,21,282,37.5,20,7.0,980,0
13.8473,55.0835,2015,DE,22,282,39.0,30,7.0,1170,-1
13.3092,55.0828,2015,DE,23,282,32.5,30,8.0,1320,-1
12.8478,55.0843,2015,DE,24,283,23.5,20,7.0,16,-1
11.724,54.2703,2015,DE,25,283,17.5,61,8.0,1005,0
11.1212,54.0988,2015,DE,26,283,8.0,31,8.0,1226,-1
11.3893,54.3118,2015,DE,27,283,14.0,31,8.0,1358,-1
11.4605,54.5122,2015,DE,28,284,21.0,30,7.0,34,-1
10.904,54.63,2015,DE,29,284,15.5,30,8.0,1014,0
10.6882,54.498,2015,DE,30,284,14.5,31,6.0,1154,-1
10.4578,54.7713,2015,DE,31,284,13.5,30,8.0,1377,-1
10.3483,54.6652,2015,DE,32,285,14.0,30,8.0,49,-1
10.1655,54.802,2015,DE,33,285,18.0,30,7.0,1015,0
10.0512,55.0297,2015,DE,34,285,13.5,30,7.0,1142,-1
9.7997,55.1083,2015,DE,35,285,11.0,30,7.0,1249,-1
10.493,55.7877,2015,DE,36,286,10.5,30,6.0,990,0
10.4795,55.917,2015,DE,37,286,11.5,30,7.0,1073,-1
10.5497,56.0473,2015,DE,38,286,7.5,30,7.0,1165,-1
11.0008,55.891,2015,DE,39,286,15.5,30,8.0,1363,-1
10.9702,55.7962,2015,DE,40,287,11.5,30,7.0,32,-1
11.7667,56.1203,2015,DE,41,287,13.0,31,8.0,1051,-1
11.5028,56.1168,2015,DE,42,287,13.5,30,7.0,1139,-1
10.9403,56.1263,2015,DE,43,287,11.0,30,6.0,1292,-1
11.1637,56.325,2015,DE,44,287,12.0,31,7.0,1426,-1
11.466,56.3675,2015,DE,45,288,10.5,30,8.0,96,-1
12.1055,56.4013,2015,DE,46,288,20.0,30,8.0,997,0
12.0682,56.5918,2015,DE,47,288,14.0,30,7.0,1106,-1
11.7313,56.6203,2015,DE,48,288,27.0,30,6.0,1219,-1
11.3807,56.6025,2015,DE,49,288,15.0,30,7.0,1334,-1
11.8115,56.9027,2015,DE,50,289,18.5,30,8.0,1005,0
11.5382,57.1568,2015,DE,51,289,18.0,30,7.0,1151,-1
11.3875,57.3123,2015,DE,52,289,23.5,30,7.0,1253,-1
11.7133,57.3522,2015,DE,53,289,44.5,30,6.0,1418,-1
11.9067,57.1685,2015,DE,54,290,16.0,30,8.0,99,-1
12.0123,57.0648,2015,DE,55,290,48.0,90,7.0,1043,-1
12.1975,56.87,2015,DE,56,290,32.0,30,7.0,1102,-1
12.3542,56.727,2015,DE,57,290,21.5,30,7.0,1203,-1
12.4318,56.6152,2015,DE,58,290,22.5,30,7.0,1284,-1
12.4307,56.4868,2015,DE,59,290,22.5,30,7.0,1367,-1
23.195084,59.606667,2015,FI,1,272,35.0,44,16.0,146,-1
18.9875,62.142666,2015,FI,10,275,16.0,60,16.0,277,0
20.8375,61.54933,2015,FI,11,276,16.0,35,16.0,1230,-1
20.501167,61.836834,2015,FI,12,277,23.0,35,16.0,25,-1
19.985666,61.7365,2015,FI,13,277,78.0,75,16.0,243,0
20.074333,61.433834,2015,FI,14,277,77.0,135,16.0,507,1
20.748333,61.3415,2015,FI,15,277,10.0,30,16.0,827,1
20.631,60.92967,2015,FI,16,277,17.0,28,16.0,1064,-1
19.969166,60.836166,2015,FI,17,278,17.0,56,16.0,1266,-1
19.939,61.032,2015,FI,18,278,15.0,45,16.0,27,-1
19.483833,60.955666,2015,FI,19,278,80.0,114,16.0,471,1
18.851334,60.683167,2015,FI,2,273,20.0,24,16.0,1311,-1
19.040667,60.1115,2015,FI,20,278,17.0,45,16.0,983,0
19.752167,59.761,2015,FI,21,279,18.0,25,16.0,1319,-1
20.564833,59.2535,2015,FI,22,279,32.0,60,16.0,208,-1
21.1485,59.521168,2015,FI,23,279,17.0,62,16.0,466,1
22.161667,59.533,2015,FI,24,279,22.0,22,16.0,823,1
22.910833,59.515167,2015,FI,25,279,33.0,20,16.0,1027,-1
23.4035,59.539665,2015,FI,26,279,28.0,11,16.0,1209,-1
24.067167,59.709835,2015,FI,27,280,13.0,11,16.0,1422,-1
26.353666,60.085667,2015,FI,28,280,19.0,20,16.0,900,0
25.586334,59.9555,2015,FI,29,280,22.0,17,16.0,1081,-1
18.096,60.763332,2015,FI,3,273,13.0,46,16.0,149,-1
25.346333,60.020832,2015,FI,30,280,16.0,11,16.0,1229,-1
19.148666,61.143333,2015,FI,5,273,10.0,25,16.0,803,1
18.958834,61.3425,2015,FI,6,273,15.0,30,16.0,1020,0
18.087667,61.338665,2015,FI,7,273,25.0,60,16.0,1243,-1
20.673834,62.237,2015,FI,8,274,20.0,56,16.0,1193,-1
19.979,62.197666,2015,FI,9,275,23.0,60,16.0,1430,-1
19.05,56.103333,2015,LV,1,281,69.0,30,18.0,740,1
20.448334,56.885,2015,LV,10,284,45.0,15,20.0,890,0
19.251667,56.995,2015,LV,11,288,69.0,30,18.0,340,0
19.968334,57.128334,2015,LV,12,288,69.0,30,18.0,655,1
20.611666,57.12,2015,LV,13,288,30.0,30,20.0,910,0
20.921667,57.385,2015,LV,14,289,36.0,15,20.0,320,0
20.683332,57.39,2015,LV,15,289,48.0,30,20.0,425,1
19.988333,57.34,2015,LV,16,289,68.5,30,17.0,675,1
19.815,57.508335,2015,LV,17,289,72.0,30,20.0,840,1
20.725,57.625,2015,LV,18,290,49.0,30,18.0,340,0
21.21,57.836666,2015,LV,19,290,55.0,30,20.0,640,1
19.75,56.103333,2015,LV,2,282,40.0,30,20.0,325,0
20.855,57.883335,2015,LV,20,290,44.0,30,18.0,790,1
20.096666,56.111668,2015,LV,3,282,37.0,30,20.0,475,1
20.308332,56.381668,2015,LV,4,282,35.0,30,20.0,815,1
19.923334,56.381668,2015,LV,5,283,46.5,30,22.0,300,0
19.86,56.65167,2015,LV,6,283,31.0,30,22.0,860,1
20.425,56.616665,2015,LV,7,284,59.5,15,19.0,340,0
20.675,56.616665,2015,LV,8,284,28.0,30,20.0,470,1
20.806667,56.843334,2015,LV,9,284,31.0,30,22.0,700,1
19.17,54.45,2015,PL,1,260,42.0,30,18.0,740,1
18.67,55.81,2015,PL,10,263,70.0,30,19.0,880,1
18.67,55.32,2015,PL,11,264,40.0,30,20.0,320,0
18.67,54.93,2015,PL,12,264,60.0,30,18.0,550,1
18.33,55.02,2015,PL,13,264,40.0,30,20.0,880,1
18.33,55.36,2015,PL,14,265,53.0,30,20.0,335,1
18.44,55.62,2015,PL,15,265,63.0,30,18.0,525,1
18.03,55.47,2015,PL,16,265,40.0,30,19.0,950,0
17.63,55.0,2015,PL,17,266,10.0,15,18.0,590,1
17.67,55.32,2015,PL,18,266,50.0,30,18.0,815,1
17.67,55.51,2015,PL,19,266,30.0,30,20.0,945,1
19.22,54.57,2015,PL,2,261,53.0,30,20.0,670,1
17.35,55.34,2015,PL,20,267,46.0,30,20.0,490,1
17.35,54.99,2015,PL,21,267,6.0,30,22.0,805,1
16.94,55.23,2015,PL,22,268,56.0,30,18.0,585,1
16.33,54.74,2015,PL,23,270,12.0,30,18.0,285,0
16.32,54.99,2015,PL,24,270,27.0,30,17.0,665,1
16.35,55.28,2015,PL,25,270,37.0,30,20.0,880,1
15.96,55.22,2015,PL,26,271,65.0,30,18.0,445,1
15.97,54.48,2015,PL,27,272,16.0,30,20.0,310,0
15.64,54.7,2015,PL,28,272,45.0,30,20.0,680,1
15.67,54.79,2015,PL,29,273,52.0,30,20.0,415,1
19.32,54.5,2015,PL,3,261,50.0,30,18.0,845,1
15.62,55.1,2015,PL,30,273,50.0,30,20.0,685,1
15.24,54.7,2015,PL,31,274,40.0,30,20.0,385,1
15.28,54.48,2015,PL,32,274,13.0,30,20.0,610,1
14.86,54.74,2015,PL,33,275,33.0,30,18.0,615,1
14.83,54.68,2015,PL,34,275,30.0,30,20.0,750,1
18.93,54.45,2015,PL,4,262,23.0,30,20.0,335,1
18.91,54.55,2015,PL,5,262,43.0,30,18.0,460,1
18.99,54.72,2015,PL,6,262,66.0,30,19.0,645,1
19.02,54.92,2015,PL,7,262,71.0,30,19.0,840,1
19.06,55.17,2015,PL,8,263,62.0,30,20.0,320,0
18.99,55.53,2015,PL,9,263,30.0,30,18.0,575,1
14.4319,55.4157,2016,SE,1,277,22.5,30,13.9,892,1
17.883,57.0952,2016,SE,10,279,28.8,53,13.4,828,1
17.5452,57.2917,2016,SE,11,279,31.0,57,17.1,1085,-1
18.1252,57.7473,2016,SE,12,280,12.0,32,20.7,127,-1
17.757,57.9136,2016,SE,13,280,25.0,50,15.5,441,1
17.272,57.8715,2016,SE,14,280,37.0,60,12.0,674,1
17.4614,58.3782,2016,SE,15,280,28.0,34,15.0,1096,-1
17.9732,58.1362,2016,SE,16,280,28.0,70,16.0,1392,-1
18.6856,58.3327,2016,SE,17,281,30.0,60,11.3,300,0
18.2258,58.6145,2016,SE,18,281,27.8,51,14.8,645,1
18.7789,58.8577,2016,SE,19,281,18.9,42,16.9,992,0
14.4614,55.6443,2016,SE,2,277,27.7,26,13.9,1098,-1
19.339,59.2535,2016,SE,20,281,38.1,41,14.3,1419,-1
19.7951,59.2244,2016,SE,21,282,20.9,38,17.1,232,-1
20.2638,59.0907,2016,SE,22,282,30.0,30,15.5,753,1
20.3468,58.7853,2016,SE,23,282,25.0,37,15.0,874,1
19.7162,58.8562,2016,SE,24,282,26.0,60,14.0,1401,-1
19.3266,58.6433,2016,SE,25,283,22.4,72,16.0,298,0
19.75,58.3453,2016,SE,26,283,31.6,40,15.0,649,1
19.6731,58.0643,2016,SE,27,283,24.2,66,15.3,1015,-1
19.484,57.8148,2016,SE,28,283,25.0,72,15.2,1367,-1
19.6609,57.674,2016,SE,29,284,22.9,45,14.0,195,-1
14.7524,55.8412,2016,SE,3,277,14.75,41,14.0,1333,-1
19.6302,57.3509,2016,SE,30,284,35.0,46,16.1,474,1
19.346,57.1255,2016,SE,31,284,33.4,40,18.0,810,1
18.9493,57.2375,2016,SE,32,284,31.0,30,17.5,1172,-1
18.8963,56.9518,2016,SE,33,285,35.0,30,17.0,34,-1
18.8579,56.7665,2016,SE,34,285,45.6,35,14.0,365,0
18.7158,56.4173,2016,SE,35,285,54.0,54,13.5,744,1
18.3243,56.1302,2016,SE,36,285,32.6,42,15.0,1072,-1
17.8113,56.3622,2016,SE,37,285,28.0,60,15.0,1369,-1
17.7647,56.673,2016,SE,38,286,26.0,73,15.0,182,-1
17.311,56.7495,2016,SE,39,286,43.8,34,14.0,480,1
15.5577,55.7143,2016,SE,4,278,33.0,30,15.6,303,0
16.965,56.6213,2016,SE,40,286,38.0,60,15.4,645,1
17.0691,56.4432,2016,SE,42,286,23.6,36,17.8,965,0
17.7993,55.9262,2016,SE,43,286,34.0,40,16.0,1371,-1
17.6664,55.7708,2016,SE,44,287,27.0,43,17.0,142,-1
16.5758,55.8012,2016,SE,45,287,29.0,66,17.0,515,1
16.2983,55.582,2016,SE,46,287,41.0,74,15.4,770,1
15.7439,55.5406,2016,SE,47,287,50.0,44,16.3,1060,-1
15.6297,55.372,2016,SE,48,288,56.0,39,11.5,44,-1
15.0874,55.283,2016,SE,49,288,44.0,70,13.2,359,0
15.7935,55.7702,2016,SE,6,278,26.9,30,14.2,622,1
16.1571,55.9104,2016,SE,7,278,20.3,32,15.6,889,1
16.4809,56.0888,2016,SE,8,278,15.0,44,18.0,1143,-1
16.8149,56.2919,2016,SE,9,279,27.8,61,14.0,19,-1
21.175,58.39667,2016,EE,1,295,37.5,30,20.0,730,1
21.93167,58.63833,2016,EE,2,296,22.0,30,20.0,365,0
22.10833,58.7,2016,EE,3,296,15.0,15,20.0,630,1
23.26,59.29167,2016,EE,4,297,45.0,15,20.0,455,1
23.79167,59.40333,2016,EE,5,297,40.0,15,20.0,720,1
27.38833,59.54333,2016,EE,6,298,13.0,15,20.0,365,0
26.97333,59.58667,2016,EE,7,298,22.0,15,20.0,495,1
26.31,59.75,2016,EE,8,298,35.0,15,19.0,705,1
25.81167,59.76,2016,EE,9,298,40.0,20,19.0,850,0
12.1848,54.3997,2016,DE,1,275,11.0,30,7.0,1084,-1
12.3055,54.5432,2016,DE,2,275,10.0,30,7.0,1182,-1
13.2253,54.7168,2016,DE,3,275,10.0,15,7.0,1433,-1
13.6667,54.7163,2016,DE,4,276,10.0,30,7.0,122,-1
14.1165,54.6392,2016,DE,5,276,10.5,30,6.0,1006,0
13.8118,54.5657,2016,DE,6,276,12.0,20,7.0,1136,-1
13.7232,54.4733,2016,DE,7,276,11.0,10,8.0,1223,-1
14.7083,54.6855,2016,DE,8,277,10.0,30,7.0,98,-1
11.321,54.1342,2016,DE,9,277,11.0,30,8.0,1119,-1
11.1565,54.6007,2016,DE,10,278,14.0,30,8.0,1051,0
10.7158,54.5902,2016,DE,11,278,11.0,30,8.0,1204,-1
10.6917,54.4967,2016,DE,12,278,10.0,30,8.0,1291,-1
10.3493,54.6663,2016,DE,13,279,11.0,13,8.0,176,-1
10.189,54.6248,2016,DE,14,279,14.0,30,7.0,1003,0
10.1665,54.8217,2016,DE,15,279,18.0,21,7.5,1126,-1
10.07,55.0127,2016,DE,16,279,23.0,30,8.0,1233,-1
9.776,55.1277,2016,DE,17,279,10.0,30,8.0,1358,-1
10.2108,55.6997,2016,DE,18,280,9.0,30,7.5,1012,0
10.4797,55.8915,2016,DE,19,280,10.0,30,7.0,1182,-1
10.5202,56.003,2016,DE,20,280,15.0,30,8.0,1263,-1
11.0075,55.8902,2016,DE,21,281,11.0,30,8.0,33,-1
10.9233,55.5607,2016,DE,22,281,9.0,30,6.0,1025,0
10.9075,55.3998,2016,DE,23,281,9.0,30,8.0,1146,-1
10.9917,55.2857,2016,DE,24,281,9.0,30,7.0,1247,-1
11.28,55.1437,2016,DE,25,281,8.0,30,7.0,1389,-1
12.2442,54.7572,2016,DE,26,283,10.0,30,8.0,1013,0
12.707,54.9003,2016,DE,27,283,12.0,30,8.0,1168,-1
13.4117,54.9003,2016,DE,28,283,40.0,30,7.0,1360,-1
14.0182,54.899,2016,DE,29,284,32.0,30,8.0,95,-1
12.7443,55.8708,2016,DE,30,284,17.0,40,8.0,1089,-1
12.6662,55.939,2016,DE,31,284,25.0,30,8.0,1201,-1
12.41,56.1547,2016,DE,32,284,14.0,30,8.0,1391,-1
12.4307,56.467,2016,DE,33,285,18.5,30,7.0,998,0
12.3928,56.6882,2016,DE,34,285,23.0,30,7.0,1125,-1
12.2582,56.8182,2016,DE,35,285,27.5,30,8.0,1219,-1
11.7995,56.8742,2016,DE,36,285,49.0,30,8.0,1387,-1
11.6198,56.616,2016,DE,37,286,20.0,30,8.0,1024,0
11.8303,56.6182,2016,DE,38,286,25.5,30,8.0,1143,-1
12.1155,56.4342,2016,DE,39,286,17.5,30,8.0,1322,-1
11.7105,56.3673,2016,DE,40,287,16.0,30,8.0,21,-1
11.2437,56.3577,2016,DE,41,287,12.0,30,7.0,159,-1
10.9663,56.1985,2016,DE,42,287,11.5,30,8.0,1003,0
11.4877,56.1188,2016,DE,43,287,12.0,30,7.0,1195,-1
12.2587,56.1955,2016,DE,44,288,14.0,30,7.0,1436,-1
12.6613,55.0847,2016,DE,45,290,10.0,30,8.0,1054,-1
13.0867,55.0837,2016,DE,46,290,20.5,30,8.0,1208,-1
13.7637,55.0848,2016,DE,47,290,23.0,30,8.0,1395,-1
14.2207,55.0377,2016,DE,48,291,35.0,30,7.0,137,-1
14.3568,55.3185,2016,DE,49,291,28.0,30,8.0,1036,-1
13.7397,55.2442,2016,DE,50,291,21.5,30,8.0,1223,-1
13.2023,55.2673,2016,DE,51,291,11.0,30,7.0,1376,-1
12.9968,55.2715,2016,DE,52,292,13.0,30,8.0,19,-1
12.7552,55.813,2016,DE,53,292,11.0,30,7.0,1037,-1
12.74,55.8827,2016,DE,54,292,23.0,30,6.0,1179,-1
12.4425,56.1412,2016,DE,55,292,16.0,30,8.0,1380,-1
24.374166,59.832165,2016,FI,1,266,20.0,16,16.0,910,1
19.165167,61.1645,2016,FI,10,268,15.0,30,20.0,957,0
18.964666,61.3335,2016,FI,11,268,16.0,60,20.0,1145,-1
17.9815,61.311832,2016,FI,12,269,15.0,69,20.0,1423,-1
17.986834,61.98517,2016,FI,13,269,17.0,73,20.0,841,1
18.205667,61.916668,2016,FI,14,269,13.0,65,20.0,1020,0
18.224667,62.047333,2016,FI,15,269,13.0,60,20.0,1233,-1
18.494833,62.1025,2016,FI,16,270,13.0,49,20.0,1422,-1
19.323166,62.481167,2016,FI,17,270,80.0,90,20.0,300,0
18.912167,62.678165,2016,FI,18,270,90.0,93,17.0,749,1
19.345,62.613335,2016,FI,19,270,13.0,68,17.0,990,0
23.231,59.649166,2016,FI,2,266,25.0,10,16.0,1228,-1
19.293333,63.098667,2016,FI,20,271,15.0,100,20.0,1328,-1
20.3485,63.350166,2016,FI,21,271,68.0,72,20.0,236,0
19.534166,62.6765,2016,FI,22,271,80.0,90,20.0,739,1
20.114666,62.5905,2016,FI,23,271,8.0,31,20.0,977,0
20.348833,62.56,2016,FI,24,271,10.0,29,20.0,1123,-1
20.6635,62.361168,2016,FI,25,272,14.0,47,20.0,1343,-1
20.331333,62.259335,2016,FI,26,272,19.0,40,20.0,857,1
20.37,61.9195,2016,FI,28,272,15.0,60,20.0,1248,-1
19.907,61.836334,2016,FI,29,273,40.0,60,20.0,159,-1
20.391666,61.247334,2016,FI,31,275,35.0,70,20.0,526,1
20.4035,61.122665,2016,FI,32,275,17.0,48,24.0,835,1
20.5345,60.921333,2016,FI,33,275,16.0,62,20.0,1044,-1
19.967333,60.90217,2016,FI,34,275,22.0,68,22.0,1246,-1
19.348,60.891834,2016,FI,35,276,20.0,47,20.0,25,-1
19.919167,59.791832,2016,FI,36,276,37.0,87,20.0,568,1
20.500166,59.501335,2016,FI,37,276,12.0,21,20.0,910,0
21.035,59.541,2016,FI,38,276,12.0,17,20.0,1086,-1
22.285166,59.556667,2016,FI,39,277,24.0,13,20.0,1400,-1
21.416666,59.544167,2016,FI,4,267,20.0,90,16.0,307,0
23.5045,59.55467,2016,FI,40,277,30.0,20,20.0,241,0
26.379667,60.053165,2016,FI,41,277,19.0,17,20.0,911,0
25.559834,59.92317,2016,FI,43,278,21.0,20,20.0,1279,-1
25.348833,60.0085,2016,FI,44,278,23.0,22,20.0,20,-1
19.411,60.105,2016,FI,5,267,17.0,58,17.0,860,1
18.932167,60.530167,2016,FI,6,267,17.0,62,17.0,1159,-1
18.789167,60.8655,2016,FI,7,268,16.0,85,16.0,1405,-1
17.864334,60.773335,2016,FI,8,268,25.0,75,20.0,310,0
18.2665,61.110332,2016,FI,9,268,14.0,30,20.0,676,1
20.3,55.93167,2016,LT,1,287,27.0,30,11.0,530,1
19.45833,55.935,2016,LT,2,287,30.0,30,11.0,770,1
19.16,55.93333,2016,LT,3,287,67.5,30,11.0,890,0
19.78833,55.71667,2016,LT,4,288,57.0,30,11.0,380,1
20.19833,55.59333,2016,LT,5,288,56.5,30,10.0,550,1
20.78,55.57167,2016,LT,6,288,31.5,15,11.0,755,1
20.00167,56.10833,2016,LV,1,286,47.0,30,20.0,585,1
20.28333,56.88334,2016,LV,10,289,68.0,30,20.0,545,1
20.745,57.095,2016,LV,11,289,55.0,30,20.0,840,1
19.73833,57.38833,2016,LV,12,290,44.0,15,18.0,695,1
20.075,57.345,2016,LV,13,290,60.0,30,20.0,865,1
21.00833,57.395,2016,LV,14,291,56.0,15,20.0,385,1
21.14,57.57667,2016,LV,15,291,53.0,30,20.0,520,1
20.72833,57.62167,2016,LV,16,291,64.5,30,20.0,775,1
19.99667,57.7,2016,LV,17,292,62.0,15,20.0,380,0
20.21167,57.90833,2016,LV,18,292,66.0,30,20.0,595,1
20.69833,57.90667,2016,LV,19,292,50.0,30,23.0,815,1
19.63167,56.105,2016,LV,2,286,32.0,30,20.0,730,1
21.35333,57.925,2016,LV,20,293,55.0,30,20.0,340,0
20.96167,58.08167,2016,LV,21,293,39.0,30,18.0,565,1
20.47833,58.125,2016,LV,22,293,51.0,30,20.0,750,1
21.15333,57.38334,2016,LV,23,294,50.0,30,20.0,330,0
19.14667,56.38334,2016,LV,3,287,35.0,30,20.0,340,0
19.78333,56.385,2016,LV,4,287,65.0,30,20.0,585,1
20.05333,56.38667,2016,LV,5,287,60.0,15,20.0,770,1
20.59667,56.615,2016,LV,6,288,42.5,30,20.0,305,0
19.88833,56.61666,2016,LV,7,288,74.5,15,19.0,535,1
19.1,56.66667,2016,LV,8,288,79.0,30,18.0,805,1
20.03667,56.885,2016,LV,9,289,40.0,30,20.0,370,0
19.13,54.9,2016,PL,1,258,30.0,30,18.0,470,1
18.66,55.58,2016,PL,10,260,32.0,60,19.0,940,1
18.66,55.29,2016,PL,11,261,44.0,30,18.0,325,1
18.67,54.89,2016,PL,12,261,58.0,60,18.0,595,1
18.34,55.4,2016,PL,13,262,46.0,30,18.0,375,1
18.43,55.61,2016,PL,14,262,63.0,30,18.0,585,1
18.0,55.6,2016,PL,15,262,45.0,30,17.0,935,1
18.0,55.43,2016,PL,16,263,37.0,30,15.0,320,0
18.01,55.32,2016,PL,17,263,50.0,60,20.0,480,1
17.66,55.2,2016,PL,18,263,30.0,60,18.0,895,1
17.67,55.38,2016,PL,19,264,30.0,60,19.0,365,1
19.23,54.58,2016,PL,2,258,60.0,30,18.0,700,1
17.33,55.37,2016,PL,20,264,50.0,30,17.0,685,1
17.31,55.2,2016,PL,21,264,57.0,60,18.0,850,1
17.0,55.24,2016,PL,22,265,50.0,30,19.0,580,1
16.69,55.33,2016,PL,23,265,46.0,30,18.0,860,1
16.68,55.17,2016,PL,24,266,45.0,60,20.0,460,1
16.27,54.74,2016,PL,25,267,15.0,30,20.0,475,1
16.35,55.04,2016,PL,26,267,37.0,60,18.0,720,1
15.96,55.21,2016,PL,27,268,55.0,15,17.0,330,0
16.01,54.99,2016,PL,28,268,50.0,30,20.0,520,1
15.86,54.46,2016,PL,29,268,15.0,60,20.0,865,1
19.37,54.5,2016,PL,3,258,40.0,15,18.0,895,1
15.66,54.51,2016,PL,30,269,28.0,60,18.0,390,1
15.67,54.97,2016,PL,31,269,30.0,60,17.0,665,1
15.63,55.11,2016,PL,32,269,54.0,30,18.0,850,1
15.33,54.7,2016,PL,33,270,49.0,30,16.0,365,1
15.34,54.49,2016,PL,34,270,21.0,60,19.0,580,1
14.99,54.62,2016,PL,35,270,25.0,30,18.0,925,1
14.93,54.75,2016,PL,36,271,31.0,30,18.0,330,0
19.08,54.43,2016,PL,4,259,24.0,30,18.0,275,0
18.94,54.46,2016,PL,5,259,42.0,30,16.0,420,1
18.92,54.55,2016,PL,6,259,28.0,30,19.0,540,1
19.0,54.76,2016,PL,7,259,45.0,30,19.0,720,1
19.0,55.33,2016,PL,8,260,42.0,60,18.0,340,1
18.95,55.7,2016,PL,9,260,61.0,60,19.0,585,1
19.5017,54.6183,2016,RU,1,276,20.0,20,26.0,968,0
19.0417,55.8883,2016,RU,10,284,50.0,30,26.0,572,1
19.4617,54.8883,2016,RU,2,278,51.5,30,27.0,340,0
19.7517,55.1367,2016,RU,3,280,39.0,30,28.0,631,1
20.11,55.1433,2016,RU,4,281,21.5,30,29.0,331,0
20.33,55.14,2016,RU,5,281,10.5,30,32.0,762,1
20.0733,55.395,2016,RU,6,282,27.5,30,26.0,484,1
19.4983,55.3717,2016,RU,7,282,43.0,30,28.0,798,1
19.155,55.3967,2016,RU,8,283,37.0,30,28.0,425,1
19.15,55.625,2016,RU,9,283,56.0,30,29.0,699,1
14.7247,55.3883,2017,SE,1,281,18.9,35,12.0,753,1
16.7083,55.64,2017,SE,10,283,36.1,59,13.5,893,1
17.1867,55.8795,2017,SE,11,283,25.0,51,13.4,1178,-1
17.7337,55.7372,2017,SE,12,284,23.0,30,12.0,134,-1
17.6576,56.0483,2017,SE,13,284,37.5,33,15.6,392,1
16.6125,56.1715,2017,SE,14,284,24.6,40,12.7,934,0
17.4753,56.3795,2017,SE,15,284,20.9,15,13.5,1235,-1
18.2742,56.1358,2017,SE,16,285,23.0,30,12.2,97,-1
18.7759,56.1817,2017,SE,17,285,52.0,61,13.3,306,0
18.84,56.5667,2017,SE,18,285,22.4,37,15.5,614,1
18.8212,56.8975,2017,SE,19,285,52.0,30,11.8,851,1
14.7965,55.6309,2017,SE,2,281,52.0,60,10.9,1022,0
18.8549,57.1261,2017,SE,20,285,23.5,51,16.2,1038,-1
19.4548,57.8253,2017,SE,21,286,25.6,15,13.5,38,-1
19.8373,57.6722,2017,SE,22,286,24.5,45,14.0,271,0
19.634,57.298,2017,SE,23,286,28.0,45,14.5,618,1
19.1849,57.1154,2017,SE,24,286,22.6,61,14.8,976,0
17.727,56.678,2017,SE,25,287,20.0,25,15.0,32,-1
16.9523,56.5648,2017,SE,26,287,31.0,60,15.3,298,0
17.1605,56.8777,2017,SE,27,287,44.0,60,11.0,625,1
17.6558,57.0978,2017,SE,28,287,29.8,75,11.6,919,0
17.5807,57.4368,2017,SE,29,287,27.6,50,14.0,1382,-1
14.6225,55.7595,2017,SE,3,282,17.0,30,14.2,33,-1
17.3584,57.5776,2017,SE,30,288,20.0,45,17.2,194,-1
17.1902,57.8382,2017,SE,31,288,45.8,50,11.8,460,1
18.3277,57.8498,2017,SE,32,288,47.7,40,11.9,908,0
18.3288,58.1012,2017,SE,33,288,18.1,60,14.4,1162,-1
17.3778,58.0712,2017,SE,34,289,37.0,45,14.0,100,-1
17.6252,58.4075,2017,SE,35,289,49.3,66,12.3,391,1
18.3293,58.436,2017,SE,36,289,34.0,40,13.0,646,1
19.1532,58.2902,2017,SE,37,289,21.3,31,13.4,1007,-1
19.7725,58.3367,2017,SE,38,289,21.0,40,15.6,1363,-1
20.1253,58.5728,2017,SE,39,290,18.2,30,15.7,217,-1
15.3032,55.7314,2017,SE,4,282,37.0,60,12.6,296,0
20.318,58.8683,2017,SE,40,290,40.0,60,13.0,633,1
19.8297,58.8445,2017,SE,41,290,27.0,31,14.7,868,1
19.7794,59.0947,2017,SE,42,290,17.9,29,17.6,1129,-1
19.3488,59.1765,2017,SE,43,291,39.0,35,15.7,57,-1
19.3563,58.8784,2017,SE,44,291,20.1,30,17.5,269,0
18.8157,58.7522,2017,SE,45,291,33.0,45,13.9,620,1
18.3598,58.8008,2017,SE,46,291,55.9,61,13.0,873,0
15.3652,55.2508,2017,SE,5,282,23.0,60,11.4,629,1
15.7422,55.3815,2017,SE,6,282,44.7,75,12.1,1046,-1
15.7637,55.7642,2017,SE,7,282,20.8,51,10.3,1393,-1
16.1786,56.1275,2017,SE,8,283,18.0,60,13.0,315,0
16.2263,55.8578,2017,SE,9,283,19.0,59,13.0,577,1
21.19833,58.085,2017,EE,1,294,30.0,15,20.0,470,1
22.46167,59.16833,2017,EE,10,297,40.0,15,19.0,415,1
22.74,59.34833,2017,EE,11,297,65.0,20,20.0,600,1
23.23667,59.36833,2017,EE,12,297,60.0,15,20.0,825,1
23.92,59.49166,2017,EE,13,298,52.0,10,20.0,455,1
24.25833,59.54333,2017,EE,14,298,50.0,15,20.0,610,1
27.39,59.545,2017,EE,15,299,18.0,10,17.0,375,0
26.985,59.585,2017,EE,16,299,30.0,20,18.0,505,1
26.31,59.755,2017,EE,17,299,47.0,20,19.0,725,1
25.94667,59.75834,2017,EE,18,299,33.0,10,20.0,855,0
25.36833,59.745,2017,EE,19,300,40.0,10,19.0,355,0
20.79,58.09,2017,EE,2,294,55.0,15,20.0,615,1
24.62333,59.71333,2017,EE,20,300,55.0,20,20.0,590,1
20.64167,58.39,2017,EE,3,294,47.5,15,20.0,945,0
21.18,58.385,2017,EE,4,295,65.0,10,20.0,370,0
21.26,58.60333,2017,EE,5,295,62.0,10,20.0,590,1
22.025,58.64333,2017,EE,6,295,16.0,15,20.0,845,1
21.72833,58.86167,2017,EE,7,296,33.0,10,17.0,380,0
21.20333,59.09,2017,EE,8,296,65.0,15,19.0,635,1
21.70333,59.27167,2017,EE,9,296,55.0,20,20.0,855,0
11.3308,55.1068,2017,DE,1,278,9.0,30,8.0,1224,-1
10.961,55.2505,2017,DE,2,278,8.5,30,8.0,1373,-1
10.8658,55.4397,2017,DE,3,279,20.5,30,6.0,91,-1
11.0512,55.8092,2017,DE,4,279,6.0,30,8.0,1098,-1
10.6155,56.058,2017,DE,5,279,22.5,30,8.0,1328,-1
10.4983,55.8112,2017,DE,6,280,26.0,30,7.0,49,-1
10.4953,55.6985,2017,DE,7,280,9.0,30,8.0,134,-1
9.8592,55.5373,2017,DE,8,280,8.0,30,8.0,1034,0
10.0557,55.0297,2017,DE,9,280,20.0,30,7.0,1426,-1
10.3502,54.6908,2017,DE,10,281,12.0,30,8.0,1018,0
10.5175,54.6838,2017,DE,11,281,15.0,30,8.0,1187,-1
10.6555,54.4448,2017,DE,12,281,6.0,30,8.0,1371,-1
11.1503,54.5937,2017,DE,13,282,13.5,35,8.0,150,-1
11.4342,54.3862,2017,DE,14,282,10.0,30,6.0,1029,0
11.1267,54.112,2017,DE,15,282,10.0,30,8.0,1193,-1
11.6692,54.251,2017,DE,16,282,17.5,35,8.0,1380,-1
12.1758,54.3873,2017,DE,17,283,8.5,30,6.0,1044,0
12.5298,54.6497,2017,DE,18,283,5.5,30,8.0,1233,-1
13.2405,54.717,2017,DE,19,283,17.5,30,7.0,1431,-1
13.6983,54.716,2017,DE,20,284,26.5,30,8.0,125,-1
14.7743,54.8043,2017,DE,21,284,32.5,30,8.0,1001,0
13.7413,54.4417,2017,DE,22,284,7.5,30,8.0,1365,-1
13.7672,54.5668,2017,DE,23,285,10.0,30,8.0,18,-1
14.1172,54.6272,2017,DE,24,285,13.0,30,7.0,151,-1
14.3223,54.9005,2017,DE,25,286,18.5,30,8.0,1022,0
13.8327,54.9003,2017,DE,26,286,30.0,30,7.0,1170,-1
12.8612,54.9003,2017,DE,27,286,16.0,30,7.0,1419,-1
12.3785,54.8337,2017,DE,28,287,11.0,30,8.0,133,-1
12.664,55.0832,2017,DE,29,287,13.0,30,8.0,1043,-1
13.3097,55.0828,2017,DE,30,287,31.0,30,7.0,1223,-1
13.8383,55.0835,2017,DE,31,287,36.0,30,6.0,1376,-1
14.198,55.0222,2017,DE,32,288,37.5,30,6.0,57,-1
14.6278,55.2692,2017,DE,33,288,32.5,30,7.0,971,0
13.72,55.2668,2017,DE,34,288,27.5,30,7.0,1212,-1
12.9958,55.3053,2017,DE,35,288,16.0,30,7.0,1422,-1
12.7202,55.923,2017,DE,36,289,25.0,30,6.0,1102,-1
12.3877,56.16,2017,DE,37,289,14.0,30,7.0,1305,-1
12.6182,56.0175,2017,DE,38,290,14.0,30,6.0,9,-1
12.6367,55.9318,2017,DE,39,290,11.5,18,7.0,105,-1
12.2375,56.2122,2017,DE,40,290,13.5,30,8.0,967,0
11.8007,56.1235,2017,DE,41,290,12.5,30,7.0,1112,-1
10.9617,56.1882,2017,DE,42,290,13.0,30,6.0,1393,-1
11.6312,56.3668,2017,DE,43,291,12.5,8,6.0,150,-1
12.1118,56.4142,2017,DE,44,291,20.5,30,6.0,996,0
11.8625,56.617,2017,DE,45,291,24.0,30,7.0,1147,-1
11.3013,56.6658,2017,DE,46,291,9.5,30,8.0,1339,-1
11.7002,56.8632,2017,DE,47,292,16.0,30,7.0,150,-1
12.4348,56.3832,2017,DE,48,292,18.0,30,7.0,968,0
12.2365,56.8387,2017,DE,49,292,27.0,30,7.0,1171,-1
11.9685,57.1042,2017,DE,50,292,35.0,30,7.0,1318,-1
12.8757,55.7548,2017,DE,51,293,14.5,30,7.0,1003,0
12.7033,55.9802,2017,DE,52,293,22.0,30,7.0,1166,-1
12.4535,56.138,2017,DE,53,293,15.0,30,9.0,1383,-1
12.6202,55.9895,2017,DE,54,294,12.5,30,7.0,67,-1
12.8668,55.7005,2017,DE,55,295,5.0,20,7.0,387,0
12.777,55.8218,2017,DE,56,295,17.0,30,7.0,514,1
12.7282,55.9218,2017,DE,57,295,25.0,30,7.0,616,1
20.459316,59.16885,2017,FI,1,294,45.0,60,11.0,232,-1
18.474634,61.860985,2017,FI,10,296,21.0,30,18.0,809,1
17.956383,61.88397,2017,FI,11,296,15.0,45,19.0,1015,-1
18.36005,62.1419,2017,FI,12,296,15.0,30,14.0,1263,-1
18.931433,62.60343,2017,FI,14,297,80.0,60,11.0,523,1
19.357317,62.771782,2017,FI,15,297,16.0,60,13.0,822,1
19.3518,63.108982,2017,FI,16,297,20.0,60,18.0,1250,-1
20.083584,62.596832,2017,FI,17,298,30.0,60,17.0,1431,-1
20.045334,62.356018,2017,FI,18,299,60.0,75,13.0,426,1
19.575817,62.300365,2017,FI,19,299,81.0,45,13.0,692,1
19.738783,59.85668,2017,FI,2,294,22.0,30,17.0,812,1
19.739733,62.1157,2017,FI,20,299,20.0,30,18.0,897,0
20.426016,62.1175,2017,FI,21,299,20.0,45,20.0,1098,-1
20.764933,61.994766,2017,FI,22,299,12.0,30,15.0,1288,-1
20.309134,61.836567,2017,FI,23,300,20.0,30,19.0,61,-1
19.993134,61.57855,2017,FI,24,300,80.0,60,11.0,475,1
20.75825,61.41415,2017,FI,25,300,23.0,30,17.0,823,1
20.80135,61.141182,2017,FI,26,300,23.0,40,17.0,1026,-1
20.53205,60.823833,2017,FI,27,300,22.0,35,18.0,1256,-1
19.950083,61.114967,2017,FI,28,301,38.0,60,17.0,107,-1
19.6592,60.964535,2017,FI,29,301,75.0,75,11.0,357,0
19.367483,60.04645,2017,FI,3,294,20.0,30,16.0,1045,-1
20.668516,59.6335,2017,FI,30,301,30.0,15,19.0,1268,-1
21.037666,59.537666,2017,FI,31,302,33.0,20,13.0,89,-1
23.373117,59.553967,2017,FI,33,302,38.0,30,12.0,793,1
24.010233,59.658184,2017,FI,34,302,29.0,30,16.0,990,-1
25.124834,59.9208,2017,FI,35,302,29.0,12,18.0,1330,-1
26.30635,60.008068,2017,FI,36,303,30.0,20,17.0,186,-1
22.957333,59.52297,2017,FI,37,303,40.0,30,13.0,1138,-1
18.82545,60.794434,2017,FI,5,295,20.0,60,17.0,104,-1
18.107983,61.108418,2017,FI,6,295,40.0,75,12.0,673,1
19.151434,61.139633,2017,FI,7,295,20.0,30,16.0,1015,-1
18.9767,61.31613,2017,FI,8,295,20.0,60,19.0,1193,-1
17.970934,61.318165,2017,FI,9,296,29.0,70,19.0,73,-1
20.62167,55.93167,2017,LT,1,292,23.0,30,7.0,555,1
20.21,55.93833,2017,LT,2,292,31.0,30,12.0,695,1
19.89167,55.93667,2017,LT,3,292,47.0,30,11.0,810,1
19.48333,55.845,2017,LT,4,293,46.0,30,12.0,380,0
20.34667,55.59167,2017,LT,5,293,51.0,15,12.0,725,1
19.175,56.08333,2017,LV,1,284,80.0,30,20.0,920,0
19.95333,57.12167,2017,LV,10,290,60.0,30,20.0,475,1
20.47333,57.14,2017,LV,11,290,78.5,30,17.0,660,1
20.67667,57.38334,2017,LV,12,291,48.0,30,20.0,650,1
20.49833,57.38833,2017,LV,13,291,70.0,20,20.0,820,1
20.28333,57.71,2017,LV,14,292,70.0,15,20.0,355,0
20.75667,57.88667,2017,LV,15,292,70.0,30,20.0,570,1
20.745,57.685,2017,LV,16,292,80.0,20,20.0,835,1
19.91833,56.10667,2017,LV,2,285,50.0,30,20.0,375,1
19.91833,56.10667,2017,LV,3,285,37.0,20,20.0,535,1
20.23167,56.37167,2017,LV,4,287,38.0,30,20.0,425,1
19.845,56.37333,2017,LV,5,287,74.5,30,19.0,705,1
19.115,56.50667,2017,LV,6,288,30.0,30,20.0,315,0
20.0001,56.655,2017,LV,7,288,75.0,30,20.0,670,1
20.30833,56.625,2017,LV,8,288,80.0,15,20.0,815,1
20.67667,56.89667,2017,LV,9,289,46.0,30,20.0,380,1
16.0083,54.6733,2017,PL,10,261,38.0,30,20.0,810,1
15.9267,55.0767,2017,PL,11,262,58.0,30,20.0,290,0
16.3533,55.2833,2017,PL,12,262,39.0,20,19.0,570,1
16.28,54.9633,2017,PL,13,262,26.0,30,18.0,875,1
16.6683,55.135,2017,PL,14,263,41.0,45,19.5,590,1
16.6843,55.3717,2017,PL,15,263,39.0,30,19.5,765,1
16.9667,55.3333,2017,PL,16,263,47.0,30,20.0,980,0
17.3333,54.9583,2017,PL,17,264,10.0,30,14.0,530,1
17.3333,55.195,2017,PL,18,264,53.0,20,18.0,690,1
17.3233,55.36,2017,PL,19,264,46.0,30,20.0,830,1
14.7867,54.625,2017,PL,2,259,26.0,30,20.0,575,1
17.6667,55.4583,2017,PL,20,265,42.0,30,20.0,285,0
17.6633,55.2983,2017,PL,21,265,54.0,30,20.0,430,1
17.9915,55.16,2017,PL,22,265,21.0,30,18.0,780,1
18.0367,55.3583,2017,PL,23,265,47.0,30,20.0,975,0
17.9817,55.59,2017,PL,24,266,45.0,30,20.0,400,1
18.1883,55.8,2017,PL,25,266,44.0,15,20.0,625,1
18.3205,55.447,2017,PL,26,266,46.0,30,20.0,940,1
18.7267,54.92,2017,PL,27,267,50.0,30,18.0,770,1
18.64,55.0733,2017,PL,28,267,58.0,30,19.5,940,0
18.6433,55.5383,2017,PL,29,268,56.0,30,16.0,390,1
14.9733,54.7483,2017,PL,3,259,37.0,30,20.0,750,1
18.62,55.825,2017,PL,30,268,40.0,45,20.0,650,1
18.895,55.7817,2017,PL,31,268,46.0,45,20.0,940,0
18.975,55.2333,2017,PL,32,269,46.0,45,19.0,405,1
18.975,54.9117,2017,PL,33,269,80.0,30,19.0,690,1
19.0,54.6367,2017,PL,34,269,60.0,30,19.5,910,1
19.3667,54.5,2017,PL,35,270,45.0,30,20.0,375,1
19.2133,54.5667,2017,PL,36,270,57.0,30,20.0,525,1
19.2895,54.8347,2017,PL,37,270,60.0,45,20.0,805,1
19.2517,54.4167,2017,PL,38,271,27.0,30,20.0,395,1
18.935,54.4912,2017,PL,39,271,40.0,30,20.0,620,1
15.3333,54.47,2017,PL,4,260,21.0,30,20.0,335,1
15.3317,54.6667,2017,PL,5,260,43.0,30,19.5,480,1
15.53,55.0083,2017,PL,6,260,54.0,30,20.0,705,1
15.665,54.915,2017,PL,7,260,54.0,20,20.0,945,1
15.6633,54.54,2017,PL,8,261,35.0,30,20.0,355,1
15.8183,54.475,2017,PL,9,261,23.0,30,20.0,590,1
19.41,54.64833,2017,RU,1,258,37.0,30,31.0,697,1
19.27333,55.375,2017,RU,10,264,35.5,30,32.0,459,1
19.05167,55.62333,2017,RU,11,264,44.0,30,32.0,869,1
19.74,55.63667,2017,RU,12,265,33.0,30,34.0,534,1
19.05833,55.88,2017,RU,13,266,45.5,30,30.0,480,1
19.62167,54.55,2017,RU,2,259,12.5,30,32.0,485,1
19.355,54.86333,2017,RU,3,259,33.5,30,31.0,922,1
19.225,55.14667,2017,RU,4,260,48.5,30,35.0,532,1
19.73833,55.135,2017,RU,5,260,31.0,30,33.0,920,1
20.00833,55.125,2017,RU,6,262,21.0,30,34.0,389,1
20.29167,55.11167,2017,RU,7,262,4.0,30,35.0,718,1
20.03667,55.37667,2017,RU,8,263,17.5,30,34.0,676,1
19.72667,55.365,2017,RU,9,263,48.5,30,31.0,898,1
14.6358,55.3922,2018,SE,1,276,34.0,40,12.0,1313,-1
17.766,57.117,2018,SE,10,278,20.0,30,16.0,1401,-1
17.472,57.2693,2018,SE,11,279,33.5,25,12.2,220,-1
17.5371,57.6968,2018,SE,12,279,25.7,60,19.0,493,1
17.7655,57.8155,2018,SE,13,279,3.67,30,20.0,845,1
18.1614,57.7274,2018,SE,14,279,18.8,45,20.4,1083,-1
18.0787,58.1587,2018,SE,15,280,9.0,22,21.2,51,-1
17.5617,58.1747,2018,SE,16,280,10.4,20,22.5,253,0
17.7436,58.4407,2018,SE,17,280,20.4,54,16.8,567,1
18.4855,58.3103,2018,SE,18,280,25.0,30,19.2,872,1
18.4209,58.6086,2018,SE,19,280,11.5,60,22.0,1102,-1
14.6908,55.7518,2018,SE,2,277,21.6,21,15.0,201,-1
18.7427,58.7333,2018,SE,20,281,8.9,50,22.5,55,-1
19.1945,58.7053,2018,SE,21,281,41.8,60,17.0,307,0
19.4635,59.1973,2018,SE,22,281,33.0,85,16.3,634,1
20.2648,58.6088,2018,SE,23,282,27.0,30,17.5,336,0
20.2898,58.7835,2018,SE,24,282,23.0,40,15.4,496,1
19.6668,59.0912,2018,SE,25,282,34.0,45,13.0,858,1
19.5704,58.7798,2018,SE,26,282,7.5,40,18.7,1123,-1
19.1657,58.3075,2018,SE,27,283,30.0,25,15.3,105,-1
19.4798,58.1418,2018,SE,28,283,27.0,30,17.8,382,1
19.5577,57.8767,2018,SE,29,283,42.9,73,14.5,640,1
15.3663,55.739,2018,SE,3,277,35.2,45,17.3,446,1
19.586,57.6034,2018,SE,30,283,22.6,40,17.1,993,0
19.5758,57.4261,2018,SE,31,283,10.6,60,19.5,1244,-1
19.5685,57.153,2018,SE,32,284,10.5,20,22.0,108,-1
18.8682,57.1347,2018,SE,33,284,28.0,30,18.5,357,0
18.8693,56.7507,2018,SE,34,284,41.3,58,12.5,727,1
18.8084,56.5918,2018,SE,35,284,11.1,45,20.9,948,0
18.4763,56.3606,2018,SE,36,284,13.8,45,18.6,1298,-1
18.4457,56.1247,2018,SE,37,285,10.8,20,23.0,169,-1
17.8397,56.088,2018,SE,38,285,34.0,20,20.0,402,1
17.8275,55.846,2018,SE,39,285,35.3,60,17.8,555,1
16.1857,55.7823,2018,SE,4,277,36.0,30,17.8,801,1
17.1488,55.8833,2018,SE,40,285,21.4,34,18.2,931,0
16.8891,56.0555,2018,SE,41,285,3.9,30,19.1,1103,-1
16.7573,55.8603,2018,SE,42,285,2.9,30,19.8,1257,-1
15.7957,55.5675,2018,SE,43,286,13.3,30,24.4,157,-1
15.7773,55.1964,2018,SE,44,286,50.1,90,18.0,384,1
15.2695,55.3792,2018,SE,45,286,50.6,57,16.8,693,1
14.7989,55.6011,2018,SE,46,286,21.7,60,18.0,1001,0
16.7751,56.1437,2018,SE,5,277,18.2,30,17.1,1158,-1
17.6628,56.1332,2018,SE,6,278,23.0,30,18.6,229,-1
17.6127,56.5912,2018,SE,7,278,33.4,40,18.0,496,1
16.8445,56.6023,2018,SE,8,278,16.0,47,15.7,780,1
17.4807,56.9088,2018,SE,9,278,18.7,47,13.3,1107,-1
24.27833,59.61333,2018,EE,1,295,55.0,10,17.0,645,1
23.18,59.33333,2018,EE,10,298,46.0,20,20.0,660,1
22.76167,59.34167,2018,EE,11,298,57.0,20,20.0,800,1
22.46667,59.20333,2018,EE,12,298,40.0,15,20.0,960,-1
21.64333,59.26333,2018,EE,13,299,45.0,10,20.0,430,1
21.25833,59.12,2018,EE,14,299,50.0,20,20.0,610,1
21.54667,58.87167,2018,EE,15,299,35.0,15,20.0,820,1
21.56167,58.07167,2018,EE,16,301,20.0,5,17.0,380,0
20.755,58.07,2018,EE,17,301,60.0,20,16.0,600,1
20.43667,58.37,2018,EE,18,301,50.0,10,20.0,885,0
21.045,58.37,2018,EE,19,301,30.0,5,18.0,1105,-1
24.90333,59.73667,2018,EE,2,295,40.0,15,18.0,845,0
27.38833,59.54167,2018,EE,3,296,15.0,20,18.0,340,0
26.97833,59.58167,2018,EE,4,296,22.0,15,17.0,480,1
26.29667,59.75333,2018,EE,5,296,45.0,20,18.0,715,1
25.94,59.75167,2018,EE,6,296,40.0,15,17.0,840,0
25.46167,59.74833,2018,EE,7,296,28.0,20,20.0,970,-1
24.08333,59.475,2018,EE,8,298,50.0,10,17.0,355,0
23.76333,59.475,2018,EE,9,298,51.5,20,20.0,465,1
10.1697,54.664,2018,DE,1,275,14.5,39,6.0,1058,0
10.2752,55.7005,2018,DE,2,276,12.0,30,7.0,1004,0
10.4823,55.9192,2018,DE,3,276,18.5,30,8.0,1193,-1
10.6607,56.0438,2018,DE,4,276,14.0,30,7.0,1330,-1
11.0223,55.8843,2018,DE,5,277,13.5,30,7.0,45,-1
10.9135,55.5728,2018,DE,6,277,10.5,30,7.0,1012,0
10.8737,55.4085,2018,DE,7,277,15.0,30,8.0,1130,-1
10.9923,55.2803,2018,DE,8,277,17.0,20,6.0,1237,-1
11.2868,55.1392,2018,DE,9,277,20.5,30,7.0,1370,-1
10.8415,54.8813,2018,DE,10,278,20.0,30,7.0,137,-1
10.3495,54.6362,2018,DE,11,278,12.5,30,7.0,991,0
10.3362,54.8095,2018,DE,12,278,18.5,30,7.0,1084,-1
10.7143,54.4648,2018,DE,13,278,12.0,30,7.0,1342,-1
11.0925,54.5912,2018,DE,14,279,17.5,30,7.0,109,-1
11.4428,54.3982,2018,DE,15,279,14.0,30,7.0,1002,0
11.1333,54.142,2018,DE,16,279,12.5,30,7.0,1161,-1
11.2498,54.1122,2018,DE,17,279,9.5,40,8.0,1260,-1
11.7088,54.264,2018,DE,18,279,16.0,30,7.0,1421,-1
12.163,54.4028,2018,DE,19,280,16.5,30,7.0,1030,0
12.7727,54.7167,2018,DE,20,280,11.0,30,7.0,1263,-1
13.2718,54.7158,2018,DE,21,280,17.0,30,6.0,1407,-1
13.6767,54.7163,2018,DE,22,281,33.0,30,6.0,95,-1
14.1155,54.6545,2018,DE,23,281,10.0,30,7.0,990,0
13.7975,54.5673,2018,DE,24,281,16.0,30,7.0,1131,-1
13.726,54.4823,2018,DE,25,281,11.5,30,7.0,1219,-1
14.6883,54.652,2018,DE,26,282,35.5,30,7.0,101,-1
14.1315,54.8998,2018,DE,27,282,12.0,30,6.0,1020,0
13.6287,54.9023,2018,DE,28,282,26.0,35,7.0,1170,-1
12.9272,54.9005,2018,DE,29,282,19.5,30,7.0,1373,-1
12.385,54.8355,2018,DE,30,283,11.0,30,7.0,112,-1
12.7503,55.0832,2018,DE,32,283,15.0,30,7.0,1106,-1
13.0748,55.0832,2018,DE,33,283,18.5,30,7.0,1212,-1
13.5702,55.0832,2018,DE,34,283,10.0,30,7.0,1360,-1
14.218,55.039,2018,DE,35,284,13.0,30,7.0,125,-1
14.601,55.2695,2018,DE,36,284,23.0,30,7.0,985,0
13.6455,55.2675,2018,DE,37,284,16.0,30,6.0,1233,-1
13.2942,55.2675,2018,DE,38,284,13.0,30,6.0,1349,-1
12.993,55.2775,2018,DE,39,285,13.0,30,6.0,14,-1
12.8695,55.7702,2018,DE,40,285,12.0,30,7.0,1043,-1
12.7188,55.9225,2018,DE,41,285,12.0,30,7.0,1174,-1
12.4668,56.1493,2018,DE,42,285,16.0,30,7.0,1341,-1
12.436,56.1452,2018,DE,43,285,17.5,30,7.0,1422,-1
12.6217,55.9882,2018,DE,44,286,14.5,30,7.0,122,-1
12.1307,56.1917,2018,DE,45,286,11.0,30,7.0,993,0
11.8057,56.1245,2018,DE,46,286,15.0,15,6.0,1103,-1
10.9642,56.1958,2018,DE,47,286,12.0,30,7.0,1352,-1
11.2678,56.3645,2018,DE,48,287,13.5,27,6.0,76,-1
12.0362,56.368,2018,DE,49,287,21.5,30,7.0,987,0
12.0687,56.5927,2018,DE,50,287,15.0,30,7.0,1122,-1
11.7453,56.6177,2018,DE,51,287,23.0,30,7.0,1240,-1
11.5528,57.1547,2018,DE,53,288,22.0,30,7.0,1157,-1
11.4963,57.4007,2018,DE,54,288,11.0,30,6.0,1353,-1
11.7055,57.3585,2018,DE,55,289,41.5,30,7.0,10,-1
11.912,57.1643,2018,DE,56,289,47.5,30,7.0,135,-1
12.1702,56.9098,2018,DE,57,289,15.5,25,7.0,1003,0
12.4357,56.5862,2018,DE,58,289,15.0,30,7.0,1175,-1
12.432,56.4827,2018,DE,59,289,16.5,30,7.0,1258,-1
12.8697,55.7678,2018,DE,60,291,14.5,30,7.0,290,0
12.7405,55.881,2018,DE,61,291,26.5,26,7.0,429,1
12.4502,56.137,2018,DE,62,291,17.0,30,7.0,653,1
19.514933,60.028816,2018,FI,1,273,50.0,118,18.0,789,1
19.2735,62.0175,2018,FI,10,276,18.0,123,20.0,292,0
18.13475,62.061085,2018,FI,11,276,11.0,45,20.0,848,1
18.5593,62.16295,2018,FI,12,276,10.0,60,20.0,1074,-1
19.2175,62.336166,2018,FI,13,277,15.0,80,20.0,39,-1
18.8255,62.5875,2018,FI,14,277,75.0,67,15.0,531,1
19.054417,63.054283,2018,FI,15,277,10.0,60,20.0,896,1
20.194834,63.193333,2018,FI,17,278,10.0,64,20.0,1376,-1
19.5475,62.63933,2018,FI,18,278,75.0,66,15.0,479,1
20.2698,62.601383,2018,FI,19,278,18.0,44,18.0,889,1
18.927017,60.6611,2018,FI,2,274,15.0,51,18.0,251,0
20.198,62.4445,2018,FI,20,278,20.0,60,20.0,1040,-1
20.309166,62.1165,2018,FI,21,279,10.0,105,22.0,1320,-1
19.754,61.975666,2018,FI,22,279,8.0,47,20.0,913,0
20.051867,61.81027,2018,FI,23,279,15.0,74,20.0,1156,-1
20.424267,61.8483,2018,FI,24,280,15.0,90,20.0,1399,-1
19.898783,61.367367,2018,FI,25,280,80.0,76,20.0,617,1
20.202833,61.335667,2018,FI,26,280,10.0,60,22.0,868,1
20.73495,61.25295,2018,FI,27,280,10.0,55,20.0,1132,-1
20.205383,60.954365,2018,FI,28,281,10.0,52,20.0,1422,-1
19.608334,60.774666,2018,FI,29,281,9.0,44,20.0,849,1
17.807167,60.814533,2018,FI,3,274,23.0,57,18.0,788,1
19.237867,59.9758,2018,FI,30,282,10.0,44,20.0,1398,-1
17.864983,61.100483,2018,FI,4,274,10.0,44,18.0,1063,-1
18.79,61.103333,2018,FI,5,275,7.0,35,20.0,1375,-1
19.137733,61.120033,2018,FI,6,275,15.0,84,18.0,102,-1
17.825583,61.637817,2018,FI,7,275,8.0,60,20.0,846,1
18.344866,61.62277,2018,FI,8,275,7.0,60,20.0,1047,-1
19.1015,61.686165,2018,FI,9,276,11.0,60,23.0,1386,-1
20.67933,55.86666,2018,LT,1,291,16.0,30,18.0,350,0
19.60967,55.946,2018,LT,2,291,31.0,30,22.0,710,1
19.37117,55.86267,2018,LT,3,291,33.0,30,22.0,870,1
19.74267,55.72883,2018,LT,4,292,53.0,30,22.0,320,0
20.57333,55.57784,2018,LT,5,292,43.0,30,20.0,510,1
20.83333,55.565,2018,LT,6,292,21.0,30,20.0,710,1
20.51972,56.10278,2018,LV,1,290,19.0,30,24.0,570,1
20.79889,57.01,2018,LV,10,293,60.0,15,20.0,964,0
20.27639,57.10972,2018,LV,11,294,30.0,30,20.0,459,1
20.12333,57.3175,2018,LV,12,294,60.0,30,20.0,797,1
20.68167,57.36945,2018,LV,13,294,55.0,30,20.0,990,-1
20.66028,57.60389,2018,LV,14,298,40.0,15,20.0,904,0
20.415,57.87,2018,LV,15,299,50.0,30,20.0,554,1
21.37028,57.85833,2018,LV,16,299,44.0,30,22.0,857,0
19.54833,56.10278,2018,LV,2,290,55.0,20,20.0,885,0
19.32222,56.38306,2018,LV,3,291,70.0,30,20.0,518,1
19.77972,56.38583,2018,LV,4,291,70.0,20,20.0,725,1
20.25667,56.39917,2018,LV,5,291,45.0,30,20.0,919,0
20.43944,56.6425,2018,LV,6,292,40.0,30,20.0,473,1
19.49055,56.64917,2018,LV,7,292,50.0,30,20.0,832,1
19.61861,56.85444,2018,LV,8,293,40.0,30,20.0,482,1
20.25694,56.84306,2018,LV,9,293,50.0,30,20.0,696,1
18.89,54.54,2018,PL,1,271,29.0,20,16.0,465,1
18.67,55.85,2018,PL,10,274,40.5,30,16.0,770,1
18.67,55.59,2018,PL,11,274,35.0,30,20.0,985,0
18.69,55.15,2018,PL,12,275,39.0,20,20.0,360,1
18.69,54.9,2018,PL,13,275,55.0,20,20.0,565,1
18.35,55.24,2018,PL,14,277,45.0,20,16.0,495,1
18.45,55.6,2018,PL,15,277,51.0,30,18.0,775,1
15.95,55.21,2018,PL,16,278,57.5,30,18.0,475,1
16.02,54.89,2018,PL,17,278,44.0,30,16.0,715,1
15.98,54.5,2018,PL,18,278,22.0,30,18.0,980,0
14.83,54.7,2018,PL,19,279,35.5,30,16.0,360,0
18.92,54.8,2018,PL,2,271,40.0,30,17.0,740,1
15.01,54.66,2018,PL,20,279,36.5,30,18.0,460,1
15.34,54.5,2018,PL,21,279,28.0,20,16.0,900,1
15.33,54.6,2018,PL,22,279,38.5,30,17.0,990,0
15.66,55.14,2018,PL,23,280,50.0,30,17.0,670,1
15.66,54.95,2018,PL,24,280,51.5,30,17.0,855,1
16.32,55.1,2018,PL,25,281,52.5,30,16.0,360,0
16.31,54.7,2018,PL,26,281,20.0,30,16.0,660,1
16.64,55.15,2018,PL,27,282,42.0,30,16.0,320,0
16.68,55.36,2018,PL,28,282,38.0,30,16.0,490,1
17.02,55.24,2018,PL,29,282,50.0,20,16.0,820,1
19.19,54.83,2018,PL,3,272,32.5,30,15.0,460,1
17.35,54.98,2018,PL,30,283,13.0,15,13.0,420,1
17.34,55.17,2018,PL,31,283,36.5,30,17.0,570,1
17.36,55.3,2018,PL,32,283,61.0,30,18.0,750,1
17.55,55.54,2018,PL,33,283,22.5,30,16.0,990,0
17.69,55.44,2018,PL,34,284,44.0,30,18.0,340,0
17.65,55.32,2018,PL,35,284,52.0,30,18.0,490,1
18.01,55.17,2018,PL,36,284,20.0,20,18.0,895,1
18.01,55.33,2018,PL,37,285,42.5,30,20.0,360,0
17.98,55.74,2018,PL,38,285,40.0,30,18.0,630,1
19.16,54.59,2018,PL,4,272,47.5,30,18.0,720,1
19.34,54.49,2018,PL,5,272,35.0,5,18.0,885,1
19.31,54.42,2018,PL,6,273,29.0,10,18.0,520,1
18.92,54.47,2018,PL,7,273,35.0,30,18.0,700,1
19.0,55.41,2018,PL,8,274,36.5,30,19.0,335,0
18.93,55.73,2018,PL,9,274,55.0,15,18.0,595,1
14.5069,55.4461,2019,SE,1,282,28.0,51,13.0,1270,-1
17.411,57.687,2019,SE,10,285,21.0,30,12.0,52,-1
17.2767,57.84,2019,SE,11,285,32.0,35,15.0,318,0
18.3818,57.8167,2019,SE,12,285,50.0,50,13.0,709,1
18.582,58.1797,2019,SE,13,285,20.0,39,14.0,1004,0
17.4303,58.1718,2019,SE,14,285,15.0,67,14.0,1372,-1
17.6058,58.4438,2019,SE,16,286,33.0,30,17.0,342,0
18.3272,58.3615,2019,SE,18,286,27.0,60,14.0,731,1
18.4895,58.5972,2019,SE,19,286,24.0,51,15.0,1015,-1
14.711,55.7472,2019,SE,2,283,26.0,30,14.0,151,-1
18.6213,58.8543,2019,SE,20,286,20.0,38,14.0,1338,-1
19.2008,58.7555,2019,SE,21,287,27.0,50,13.0,243,-1
19.24,59.0668,2019,SE,22,287,70.0,73,12.0,488,1
19.7533,59.0953,2019,SE,23,287,23.0,56,13.0,928,0
20.149,58.9388,2019,SE,24,287,25.0,34,15.0,1201,-1
20.382,58.6058,2019,SE,25,288,25.0,45,14.0,154,-1
19.8107,58.6388,2019,SE,26,288,25.0,45,12.0,382,1
19.5422,58.3518,2019,SE,27,288,27.0,30,10.0,777,1
19.4065,58.09,2019,SE,28,288,25.0,27,15.0,1119,-1
19.3983,57.8175,2019,SE,30,289,27.0,60,10.0,67,-1
19.469,57.6322,2019,SE,31,289,17.0,60,12.0,324,0
19.659,57.389,2019,SE,32,289,30.0,30,15.0,637,1
19.7925,57.1947,2019,SE,33,289,40.0,80,13.0,894,0
18.8718,57.195,2019,SE,34,289,25.0,31,14.0,1281,-1
18.7723,56.9067,2019,SE,35,290,27.0,30,15.0,88,-1
18.8198,56.6145,2019,SE,36,290,40.0,60,15.0,321,0
17.8658,57.0525,2019,SE,37,290,26.0,45,13.0,734,1
17.6948,56.7877,2019,SE,38,290,30.0,34,13.0,977,0
17.2856,56.7892,2019,SE,39,290,20.0,29,13.0,1208,-1
15.803,55.7955,2019,SE,4,283,27.0,64,12.0,628,1
16.8847,56.6348,2019,SE,40,290,22.0,37,13.0,1420,-1
17.176,56.4228,2019,SE,41,291,22.0,30,11.0,196,-1
17.6778,56.1168,2019,SE,42,291,40.0,45,14.0,508,1
18.4312,56.32,2019,SE,43,291,38.0,48,15.0,868,1
18.4712,56.0933,2019,SE,44,291,25.0,58,12.0,1190,-1
17.8807,55.9407,2019,SE,45,292,27.0,45,12.0,314,0
17.2393,55.895,2019,SE,46,292,30.0,32,14.0,728,1
16.6725,55.7143,2019,SE,47,292,40.0,93,13.0,990,0
15.842,55.5962,2019,SE,48,292,40.0,82,11.0,1342,-1
15.5898,55.1237,2019,SE,49,293,29.0,45,10.0,300,0
16.2442,55.7988,2019,SE,5,283,42.0,30,13.0,854,1
15.2725,55.3255,2019,SE,50,293,40.0,104,12.0,564,1
14.899,55.6195,2019,SE,51,293,38.0,30,12.0,988,0
16.5585,56.1254,2019,SE,6,283,30.0,27,10.0,1165,-1
16.7918,56.4428,2019,SE,7,283,20.0,24,16.0,1424,-1
17.5333,57.091,2019,SE,8,284,32.0,45,14.0,460,1
21.65195,58.06805,2019,EE,1,294,20.0,15,20.0,350,0
22.05111,59.16889,2019,EE,10,297,65.0,30,20.0,505,1
22.51861,59.23583,2019,EE,11,297,62.5,15,20.0,730,1
26.98361,59.56861,2019,EE,12,298,25.0,15,20.0,450,1
27.26833,59.55083,2019,EE,13,298,22.0,15,20.0,585,1
26.3,59.75,2019,EE,14,300,45.0,10,20.0,375,0
25.91722,59.75056,2019,EE,15,300,41.0,10,20.0,505,1
25.38445,59.73555,2019,EE,16,300,44.5,20,20.0,665,1
24.53444,59.70222,2019,EE,17,301,40.0,10,20.0,350,0
24.31778,59.5675,2019,EE,18,301,51.0,10,20.0,475,1
24.15,59.46889,2019,EE,19,301,40.0,5,20.0,575,1
20.45083,58.06861,2019,EE,2,294,42.5,30,20.0,565,1
23.86722,59.46917,2019,EE,20,301,60.0,5,20.0,675,1
23.26861,59.35083,2019,EE,21,301,48.5,5,20.0,870,0
20.45028,58.28444,2019,EE,3,294,35.0,30,20.0,840,1
21.20222,58.38528,2019,EE,4,295,65.0,30,20.0,370,0
21.25222,58.63361,2019,EE,5,295,60.0,30,20.0,605,1
22.0675,58.63334,2019,EE,6,296,17.5,15,20.0,330,0
21.7,58.85167,2019,EE,7,296,35.0,10,20.0,585,1
21.28361,59.01722,2019,EE,8,296,65.0,30,20.0,820,1
21.68556,59.26667,2019,EE,9,297,62.5,30,20.0,335,0
10.1678,54.6683,2019,DE,1,275,13.0,30,7.5,1066,0
10.1657,54.7762,2019,DE,2,275,16.5,30,7.5,1193,-1
10.0452,55.6655,2019,DE,3,276,15.0,30,6.8,1026,0
10.4797,55.7788,2019,DE,4,276,18.0,30,6.8,1231,-1
10.6555,56.046,2019,DE,5,276,10.5,30,7.0,1438,-1
11.0105,55.889,2019,DE,6,277,19.5,29,6.0,963,0
10.9557,55.5315,2019,DE,7,277,9.0,30,6.8,1219,-1
10.838,55.4238,2019,DE,8,277,10.0,30,7.8,1346,-1
10.9855,55.2788,2019,DE,9,278,12.0,30,7.5,54,-1
11.2872,55.1402,2019,DE,10,278,13.0,30,7.8,969,0
10.4472,54.7745,2019,DE,11,278,13.0,30,7.0,1323,-1
10.598,54.4558,2019,DE,12,279,8.0,30,6.0,1079,-1
11.3807,54.5257,2019,DE,13,279,11.0,15,6.5,1397,-1
11.884,54.3238,2019,DE,14,280,14.0,30,6.5,992,0
11.2252,54.1018,2019,DE,15,280,10.0,30,6.0,1228,-1
11.3655,54.2665,2019,DE,16,280,18.0,30,6.0,1422,-1
12.149,54.3808,2019,DE,17,281,13.5,30,7.0,1023,0
12.6153,54.6822,2019,DE,18,281,13.5,30,6.0,1239,-1
13.613,54.7165,2019,DE,19,282,33.0,30,5.0,81,-1
14.1168,54.6227,2019,DE,20,282,14.0,30,8.0,1003,0
13.7483,54.555,2019,DE,21,282,14.0,30,7.0,1190,-1
13.7407,54.4213,2019,DE,22,282,14.0,30,7.0,1319,-1
14.5905,54.526,2019,DE,23,283,14.5,30,8.0,161,-1
12.3098,54.7927,2019,DE,24,285,15.0,30,7.0,1030,0
12.8522,54.9007,2019,DE,25,285,25.0,30,6.5,1245,-1
13.4602,54.9008,2019,DE,26,286,40.0,30,6.5,19,-1
14.5903,55.264,2019,DE,27,286,35.0,30,6.0,976,0
13.9178,55.268,2019,DE,28,286,30.0,30,7.0,1169,-1
12.994,55.2763,2019,DE,29,286,20.0,30,6.5,1415,-1
12.7503,55.8145,2019,DE,30,288,12.0,30,8.0,1110,-1
12.6857,55.9523,2019,DE,31,288,21.5,41,8.0,1267,-1
12.5042,56.1348,2019,DE,32,288,14.5,30,8.0,1439,-1
12.138,56.1945,2019,DE,33,289,14.0,30,8.0,1028,0
11.9743,56.1595,2019,DE,34,289,16.5,30,8.0,1106,-1
10.9682,56.1165,2019,DE,35,289,12.0,15,8.0,1399,-1
12.1225,56.461,2019,DE,36,290,20.5,33,6.0,998,0
11.8725,56.6168,2019,DE,37,290,19.5,30,6.0,1139,-1
11.901,56.8673,2019,DE,38,291,21.5,30,6.0,157,-1
12.356,56.7272,2019,DE,40,291,6.5,30,7.0,1067,-1
12.6202,56.008,2019,DE,41,291,15.0,30,5.0,1435,-1
14.425,55.0833,2019,DE,42,292,24.0,30,6.0,998,0
14.2165,55.0377,2019,DE,43,292,24.5,30,7.0,1090,-1
13.7328,55.0833,2019,DE,44,292,22.5,35,6.0,1254,-1
12.78,55.0837,2019,DE,45,293,19.0,30,7.0,58,-1
23.24865,59.608215,2019,FI,1,269,21.0,25,18.0,5,-1
18.557667,61.862335,2019,FI,10,272,8.0,30,20.0,1160,-1
18.080334,61.889168,2019,FI,11,273,10.0,48,21.0,1352,-1
19.2175,62.34667,2019,FI,12,273,80.0,40,18.0,425,1
18.8705,62.40217,2019,FI,13,273,82.0,60,19.0,626,1
18.758083,62.59925,2019,FI,14,273,10.0,30,21.0,892,1
19.328667,62.623,2019,FI,15,273,10.0,39,22.0,1103,-1
19.054,63.033165,2019,FI,16,274,11.0,38,18.0,1410,-1
20.2638,63.29615,2019,FI,17,274,75.0,60,20.0,335,0
19.62875,62.605434,2019,FI,18,274,8.0,75,20.0,850,1
20.04745,62.609367,2019,FI,19,274,11.0,45,20.0,1055,-1
22.206667,59.5025,2019,FI,2,270,20.0,60,18.0,717,1
20.430666,62.551,2019,FI,20,274,10.0,40,19.0,1237,-1
20.4375,62.304832,2019,FI,21,275,12.0,45,23.0,985,0
19.60435,62.129616,2019,FI,22,276,13.0,68,21.0,1342,-1
20.142834,62.132668,2019,FI,23,276,80.0,75,18.0,180,-1
20.172333,61.85832,2019,FI,24,276,82.0,60,20.0,672,1
19.63,61.6255,2019,FI,25,276,14.0,32,21.0,1047,-1
20.038666,61.634117,2019,FI,26,276,12.0,60,21.0,1246,-1
20.105833,61.360832,2019,FI,27,277,79.0,75,17.0,295,0
19.721167,61.134865,2019,FI,28,277,80.0,75,17.0,729,1
20.5685,61.126835,2019,FI,29,277,26.0,45,20.0,1035,-1
18.939367,60.6314,2019,FI,3,271,60.0,53,18.0,219,-1
20.58375,60.86475,2019,FI,30,278,19.0,46,22.0,1284,-1
19.353,60.9175,2019,FI,31,278,75.0,62,17.0,232,-1
19.234167,60.1287,2019,FI,32,278,63.0,78,15.0,677,1
19.792166,59.856167,2019,FI,33,278,15.0,30,20.0,960,0
20.138233,59.426334,2019,FI,34,278,8.0,20,21.0,1043,-1
20.273518,59.2208,2019,FI,35,277,13.0,15,20.0,1210,-1
21.026,59.538166,2019,FI,36,279,55.0,40,20.0,308,0
21.497784,59.514618,2019,FI,37,279,17.0,30,20.0,556,1
22.7485,59.574333,2019,FI,38,279,17.0,20,20.0,921,0
23.550417,59.5768,2019,FI,39,279,19.0,20,19.0,974,0
18.033,60.766167,2019,FI,4,271,10.0,45,20.0,607,1
24.218018,59.81772,2019,FI,40,279,10.0,21,20.0,1220,-1
25.292166,59.93017,2019,FI,41,280,4.0,45,20.0,355,1
26.387167,60.095665,2019,FI,42,280,17.0,15,19.0,866,1
25.872833,60.020668,2019,FI,43,280,11.0,29,20.0,1056,-1
18.048216,61.099934,2019,FI,5,271,8.0,53,18.0,919,1
18.763834,61.078335,2019,FI,6,271,21.0,17,20.0,1204,-1
19.139,61.116333,2019,FI,7,272,19.0,30,18.0,1435,-1
19.095266,61.65875,2019,FI,9,272,8.0,30,18.0,878,1
20.65133,55.94717,2019,LT,1,303,30.0,30,21.0,610,1
20.462,55.94017,2019,LT,2,303,40.0,30,20.0,725,1
19.7925,55.94017,2019,LT,3,303,62.0,30,20.0,945,0
19.28767,55.88334,2019,LT,4,304,69.0,30,18.0,405,0
20.50383,55.57167,2019,LT,5,304,69.0,30,16.0,765,1
19.04,56.11833,2019,LV,1,285,50.0,30,18.0,870,1
19.84167,56.86666,2019,LV,10,289,40.0,30,20.0,575,1
19.14667,57.02,2019,LV,11,289,60.0,30,18.0,910,0
19.88833,57.11833,2019,LV,12,290,60.0,30,20.0,365,0
20.525,57.11666,2019,LV,13,290,60.0,30,19.0,580,1
21.05167,57.37167,2019,LV,14,290,45.0,30,19.0,900,0
20.70833,57.35333,2019,LV,15,291,40.0,20,20.0,350,0
19.52667,57.42833,2019,LV,16,291,60.0,30,18.0,785,1
20.61167,57.63167,2019,LV,17,292,60.0,30,18.0,330,0
21.25,57.805,2019,LV,18,292,40.0,30,19.0,615,1
20.605,57.88334,2019,LV,19,292,60.0,30,19.0,895,0
19.79,56.115,2019,LV,2,286,34.0,30,18.0,380,1
20.05667,56.11833,2019,LV,3,286,32.0,20,17.0,500,1
20.51833,56.11666,2019,LV,4,286,16.0,30,15.0,715,1
19.33,56.615,2019,LV,5,288,30.0,30,18.0,330,0
19.85833,56.69833,2019,LV,6,288,35.0,30,17.0,540,1
20.46167,56.61666,2019,LV,7,288,48.0,30,20.0,760,1
20.765,56.67167,2019,LV,8,288,20.0,30,20.0,910,0
20.49333,56.87167,2019,LV,9,289,25.0,15,18.0,360,0
19.16,54.47,2019,PL,1,258,35.0,20,18.0,735,1
18.7,54.96,2019,PL,10,264,50.0,30,18.0,555,1
18.36,55.1,2019,PL,11,264,40.0,30,18.0,960,0
18.46,55.59,2019,PL,12,265,71.0,30,17.0,360,1
18.03,55.63,2019,PL,13,265,47.5,30,18.0,735,1
15.35,54.49,2019,PL,14,267,25.5,30,18.0,445,1
15.33,54.74,2019,PL,15,267,46.0,30,19.0,650,1
15.47,54.97,2019,PL,16,267,52.5,30,19.0,880,1
15.65,54.47,2019,PL,17,268,35.0,30,17.0,330,0
15.98,54.52,2019,PL,18,268,26.0,30,16.0,585,1
16.02,54.82,2019,PL,19,268,32.0,30,18.0,825,1
19.43,54.45,2019,PL,2,258,28.5,20,18.0,965,0
16.31,55.26,2019,PL,20,269,49.0,30,18.0,365,1
16.31,54.99,2019,PL,21,269,30.5,30,18.0,585,1
16.34,54.72,2019,PL,22,269,18.5,30,17.0,815,1
16.69,55.18,2019,PL,23,270,51.0,30,18.0,425,1
17.05,55.23,2019,PL,24,270,45.0,30,18.0,845,1
17.35,55.09,2019,PL,26,271,25.0,30,17.0,490,1
17.36,55.25,2019,PL,27,271,60.0,30,18.0,660,1
18.89,54.49,2019,PL,3,261,31.5,20,18.0,655,1
18.9,54.54,2019,PL,4,261,37.5,20,15.0,790,1
19.16,54.58,2019,PL,5,262,55.5,30,19.0,365,1
19.19,54.82,2019,PL,6,262,40.0,30,18.0,600,1
19.11,55.1,2019,PL,7,262,34.0,30,19.0,955,0
18.67,55.83,2019,PL,8,263,30.0,30,20.0,810,1
18.69,55.16,2019,PL,9,264,64.0,30,19.0,360,1
19.37833,54.65667,2019,RU,1,299,30.0,30,29.0,562,1
19.07667,55.40333,2019,RU,10,307,47.5,30,32.0,405,0
19.12167,55.61167,2019,RU,11,307,47.5,30,31.0,651,1
19.73667,55.62167,2019,RU,12,308,49.5,30,30.0,538,1
19.08,55.88667,2019,RU,13,308,36.5,30,31.0,866,0
19.61667,54.54,2019,RU,2,299,24.0,30,20.0,886,0
19.64333,54.88667,2019,RU,3,302,31.5,30,31.0,413,1
19.22,55.15667,2019,RU,4,303,50.0,30,32.0,390,0
19.72333,55.13833,2019,RU,5,303,41.5,30,34.0,724,1
20.005,55.12833,2019,RU,6,304,28.5,30,30.0,396,0
20.24,55.135,2019,RU,7,304,19.0,30,26.0,806,1
20.01,55.37833,2019,RU,8,305,22.5,30,35.0,645,1
19.72667,55.37,2019,RU,9,305,56.0,30,35.0,870,0
17.2245,57.13,2020,SE,1,276,22.0,52,18.0,842,1
17.7462,58.2836,2020,SE,10,278,22.0,45,13.0,1254,-1
18.2728,58.3611,2020,SE,11,279,22.0,36,14.5,158,-1
18.732,58.1235,2020,SE,12,279,22.0,46,14.0,508,1
18.7247,58.6035,2020,SE,13,279,22.0,49,17.0,914,0
18.4119,58.7605,2020,SE,14,279,22.0,44,18.0,1313,-1
19.1068,58.769,2020,SE,15,280,22.0,32,16.0,150,-1
19.6644,58.7428,2020,SE,16,280,22.0,46,16.0,481,1
19.368,59.1479,2020,SE,17,280,22.0,69,17.0,901,0
20.3147,58.8523,2020,SE,18,281,22.0,32,17.0,298,0
19.9624,59.0412,2020,SE,19,281,22.0,32,13.0,505,1
17.1817,56.7693,2020,SE,2,276,22.0,50,17.0,1159,-1
20.405,58.7296,2020,SE,20,281,22.0,51,14.0,868,1
19.5689,58.3883,2020,SE,21,281,22.0,40,17.0,1251,-1
19.4456,58.1777,2020,SE,22,282,22.0,40,17.0,55,-1
19.862,57.9407,2020,SE,23,282,22.0,34,17.0,395,1
19.3379,57.629,2020,SE,24,282,22.0,51,18.0,814,1
19.6905,57.3589,2020,SE,25,282,22.0,45,17.0,1171,-1
19.5187,57.2704,2020,SE,26,283,22.0,32,18.0,137,-1
18.7766,57.0742,2020,SE,27,283,22.0,72,16.0,527,1
18.9136,56.8741,2020,SE,28,283,22.0,82,17.0,939,0
18.8848,56.5987,2020,SE,29,283,22.0,45,18.0,1236,-1
16.8879,56.6101,2020,SE,3,276,22.0,39,14.0,1400,-1
18.5691,56.3797,2020,SE,30,284,22.0,41,18.0,210,-1
18.3842,56.1884,2020,SE,31,284,22.0,110,16.0,565,1
17.7741,56.3916,2020,SE,32,284,22.0,38,18.0,1033,-1
17.2029,56.3816,2020,SE,33,284,22.0,35,17.0,1294,-1
16.7643,56.3515,2020,SE,34,285,22.0,30,17.0,55,-1
17.1877,55.9428,2020,SE,35,285,22.0,26,18.0,461,1
17.7856,55.8459,2020,SE,36,285,22.0,44,17.0,771,1
16.5444,55.6801,2020,SE,37,285,22.0,45,17.0,1239,-1
16.2635,56.0455,2020,SE,38,286,22.0,33,17.0,126,-1
16.1473,55.7961,2020,SE,39,286,22.0,31,17.5,482,1
17.328,56.5548,2020,SE,4,277,22.0,77,16.0,311,0
15.8703,55.7029,2020,SE,40,286,22.0,31,16.0,689,1
15.7192,55.5762,2020,SE,41,286,22.0,60,17.0,1217,-1
15.7109,55.32,2020,SE,42,287,22.0,40,18.0,27,-1
15.2953,55.2943,2020,SE,43,287,22.0,75,17.0,415,1
14.8804,55.3965,2020,SE,44,287,22.0,22,17.0,768,1
14.7266,55.6006,2020,SE,45,287,22.0,42,17.0,1002,0
14.5991,55.6924,2020,SE,46,287,22.0,46,17.0,1217,-1
17.8312,57.1744,2020,SE,5,277,22.0,51,11.0,821,1
17.9071,57.6106,2020,SE,6,277,22.0,45,17.0,1191,-1
18.1814,57.7565,2020,SE,7,278,22.0,45,18.0,0,-1
17.4075,57.8713,2020,SE,8,278,22.0,86,20.0,471,1
17.4532,58.1549,2020,SE,9,278,22.0,138,13.0,845,1
23.134167,59.366665,2020,EE,1,292,60.0,20,20.0,520,1
24.2175,59.485554,2020,EE,10,294,45.0,5,20.0,875,0
22.967222,59.317223,2020,EE,11,295,50.0,15,19.0,330,0
22.5175,59.2675,2020,EE,12,295,60.0,20,20.0,510,1
21.816668,59.250557,2020,EE,13,295,55.0,15,20.0,790,1
21.684723,59.251667,2020,EE,14,295,52.5,15,20.0,875,0
22.068056,58.635555,2020,EE,15,296,25.0,15,20.0,370,0
21.734722,58.817223,2020,EE,16,296,32.5,15,20.0,545,1
21.5175,58.618057,2020,EE,17,297,52.5,20,20.0,800,1
21.3675,58.384167,2020,EE,18,298,62.5,20,20.0,415,1
20.869167,58.4,2020,EE,19,298,70.0,10,20.0,590,1
23.569166,59.450832,2020,EE,2,292,66.5,20,20.0,685,1
20.668888,58.083332,2020,EE,20,299,62.5,20,20.0,460,1
21.185,58.08389,2020,EE,21,299,40.0,15,20.0,630,1
27.233889,59.53528,2020,EE,3,293,29.0,20,18.0,330,0
26.9025,59.584167,2020,EE,4,293,42.5,15,20.0,500,1
26.18389,59.735554,2020,EE,5,293,60.0,15,20.0,795,1
25.685833,59.766666,2020,EE,6,294,50.0,15,20.0,320,0
25.301666,59.734722,2020,EE,7,294,60.0,15,20.0,465,1
24.966667,59.733612,2020,EE,8,294,50.0,10,20.0,590,1
24.419167,59.667778,2020,EE,9,294,55.0,15,20.0,755,1
12.1673,54.4033,2020,DE,1,278,20.0,30,3.4,1017,0
12.9485,54.7172,2020,DE,2,278,18.0,30,6.6,1327,-1
13.3962,54.7157,2020,DE,3,279,23.0,20,6.1,52,-1
13.531,54.7153,2020,DE,4,279,26.0,30,5.3,137,-1
14.1177,54.5958,2020,DE,5,279,16.0,30,7.1,1045,0
13.8327,54.5665,2020,DE,6,279,12.0,30,7.3999963,1182,-1
13.7232,54.5003,2020,DE,7,279,16.0,25,5.8999963,1290,-1
14.7277,54.7197,2020,DE,8,280,46.0,30,6.0,1028,0
14.2693,54.9008,2020,DE,9,280,31.0,30,5.8,1281,-1
12.9847,54.9005,2020,DE,10,281,30.5,20,5.8999963,158,-1
11.6152,54.2338,2020,DE,11,281,19.0,30,6.5,1034,0
11.1292,54.1195,2020,DE,12,281,14.5,30,6.699996,1218,-1
11.4202,54.3573,2020,DE,13,281,17.0,30,4.8999963,1377,-1
11.2712,54.566,2020,DE,14,282,21.0,30,5.8999963,111,-1
10.6762,54.4417,2020,DE,15,282,10.0,30,8.1,1089,-1
10.5303,54.672,2020,DE,16,282,16.0,30,6.8,1238,-1
10.1663,54.7248,2020,DE,17,283,10.5,30,6.0,1054,-1
9.8175,55.0995,2020,DE,18,283,17.0,30,6.0,1267,-1
10.5118,55.7365,2020,DE,19,284,10.0,30,5.6,1017,0
10.6532,56.0475,2020,DE,20,284,14.5,35,5.5,1221,-1
10.9728,55.9682,2020,DE,21,284,16.0,30,5.0,1335,-1
10.8348,55.7718,2020,DE,22,285,19.0,10,5.0,103,-1
10.85,55.4135,2020,DE,23,285,13.0,30,6.5,1052,-1
10.9703,55.2653,2020,DE,24,285,14.0,30,6.0,1159,-1
11.2905,55.1373,2020,DE,25,285,15.5,30,7.0,1287,-1
10.9667,54.9687,2020,DE,26,285,21.0,30,6.8,1436,-1
14.6185,55.2657,2020,DE,27,286,35.5,30,5.0,965,0
14.3332,55.2997,2020,DE,28,286,21.5,34,6.6,1067,-1
13.8698,55.2658,2020,DE,29,286,25.0,30,6.0,1208,-1
13.4333,55.266,2020,DE,30,286,12.0,35,6.0,1336,-1
12.9947,55.2762,2020,DE,31,287,18.0,30,6.3999963,32,-1
12.8695,55.7105,2020,DE,32,287,8.5,20,6.0,989,0
12.7878,55.8073,2020,DE,33,287,16.5,30,6.0,1089,-1
12.7093,55.926,2020,DE,34,287,22.0,30,6.0,1218,-1
12.491,56.1205,2020,DE,35,288,14.0,30,6.0,10,-1
11.9967,56.1632,2020,DE,36,289,10.0,30,6.0,1010,0
11.5003,56.1163,2020,DE,37,289,14.0,30,6.0,1147,-1
10.9527,56.1772,2020,DE,38,289,14.5,30,6.0,1319,-1
11.2907,56.3708,2020,DE,39,290,25.5,30,6.0,21,-1
12.4327,56.4667,2020,DE,40,290,23.5,30,6.0,997,0
12.207,56.8897,2020,DE,41,290,17.0,30,6.3,1201,-1
11.9525,57.1565,2020,DE,42,290,33.0,30,6.0,1346,-1
11.4203,57.384,2020,DE,43,291,12.5,30,6.0,103,-1
11.4888,57.214,2020,DE,44,291,28.5,30,6.0,1003,0
11.7238,56.9888,2020,DE,45,291,11.0,30,6.0,1161,-1
11.7873,56.8667,2020,DE,46,291,15.0,30,6.0,1263,-1
11.5773,56.613,2020,DE,47,292,20.5,30,6.0,989,0
12.065,56.5968,2020,DE,48,292,17.5,30,6.0,1163,-1
12.12,56.453,2020,DE,49,292,19.0,30,6.0,1279,-1
14.317,55.0823,2020,DE,50,293,11.0,30,6.0,1008,0
13.8758,55.0828,2020,DE,51,293,24.0,30,6.0,1160,-1
13.3352,55.0825,2020,DE,52,293,31.5,30,6.0,1327,-1
12.8778,55.0927,2020,DE,53,294,22.5,30,6.0,15,-1
12.6583,55.087,2020,DE,54,294,9.0,30,6.0,102,-1
12.366,54.8257,2020,DE,55,294,12.5,30,6.0,1021,-1
24.105667,59.718334,2020,FI,1,266,22.0,30,17.1,989,0
19.106167,61.123833,2020,FI,10,269,17.0,32,15.9,1,-1
17.982,61.27,2020,FI,11,269,38.0,64,16.2,553,1
17.8695,61.5525,2020,FI,12,269,45.0,60,15.0,784,1
18.115667,61.635666,2020,FI,13,269,10.0,32,17.8,966,0
18.624666,61.650833,2020,FI,14,269,10.0,30,18.0,1150,-1
19.102667,61.644165,2020,FI,15,270,8.0,20,18.2,1343,-1
20.209167,61.852665,2020,FI,16,270,80.0,90,15.3,269,0
20.375166,62.138668,2020,FI,17,270,70.0,70,18.2,808,1
20.208666,62.301666,2020,FI,18,270,22.0,60,18.0,1054,-1
20.2765,62.5715,2020,FI,19,271,11.0,31,19.0,1421,-1
23.292667,59.598,2020,FI,2,267,30.0,15,15.0,1292,-1
19.861,62.616333,2020,FI,20,271,70.0,69,16.6,180,-1
20.380333,62.911,2020,FI,21,271,14.0,50,20.3,940,0
20.382833,63.25617,2020,FI,22,271,14.0,45,16.7,1155,-1
19.7135,63.237667,2020,FI,23,272,21.0,45,15.4,1393,-1
19.305,62.8195,2020,FI,24,272,80.0,60,15.1,322,0
18.875334,62.588833,2020,FI,25,272,85.0,71,15.0,648,1
18.490833,62.387,2020,FI,26,272,14.0,50,19.8,942,0
19.312,62.377167,2020,FI,27,272,11.0,30,16.1,1186,-1
19.789833,62.245834,2020,FI,28,273,23.0,60,10.0,1347,-1
18.8435,62.141335,2020,FI,29,273,20.0,40,20.3,131,-1
21.432333,59.64683,2020,FI,3,267,80.0,45,15.5,323,1
18.543667,62.1415,2020,FI,30,273,8.0,40,19.0,489,1
19.158167,61.862835,2020,FI,31,273,7.0,30,19.6,988,0
20.574333,61.6145,2020,FI,32,274,10.0,112,21.3,1360,-1
20.406,61.314167,2020,FI,33,274,68.0,90,14.0,273,0
19.944,61.320667,2020,FI,34,274,75.0,100,14.3,566,1
20.652666,60.918667,2020,FI,36,275,11.0,120,21.3,1328,-1
19.3775,60.917835,2020,FI,37,275,60.0,60,16.1,306,0
19.215166,60.147,2020,FI,38,275,11.0,60,19.8,930,0
20.2995,59.327835,2020,FI,39,276,16.0,26,16.2,1322,-1
20.230333,59.766,2020,FI,4,267,42.0,60,15.0,695,1
20.697,59.16083,2020,FI,40,276,29.0,45,18.5,168,-1
21.3765,59.560665,2020,FI,41,276,65.0,20,15.1,482,1
22.166334,59.529667,2020,FI,42,276,28.0,10,15.7,936,0
22.697,59.593334,2020,FI,43,276,14.0,30,19.8,1070,-1
23.4655,59.563,2020,FI,44,277,21.0,45,17.4,1407,-1
25.436167,59.916332,2020,FI,45,277,28.0,30,18.6,888,0
25.822166,60.015835,2020,FI,46,277,17.0,30,20.3,1047,-1
26.2705,60.0765,2020,FI,47,277,17.0,30,20.5,1233,-1
19.556168,59.930332,2020,FI,5,267,16.0,90,19.1,971,0
18.9225,60.562332,2020,FI,6,268,8.0,50,19.9,1374,-1
18.040667,60.74917,2020,FI,7,268,24.0,70,15.8,665,1
18.045834,61.073,2020,FI,8,268,13.0,90,17.0,989,0
18.773,61.098,2020,FI,9,269,8.0,30,18.4,1263,-1
20.7804,55.903282,2020,LT,1,286,30.25,30,18.0,365,1
20.370033,55.904133,2020,LT,2,286,43.0,30,18.0,550,1
20.854366,55.581165,2020,LT,3,301,43.0,30,18.0,410,1
19.791233,55.72307,2020,LT,4,301,75.0,30,22.0,755,1
19.173334,56.083332,2020,LV,1,282,69.0,30,18.0,720,1
20.205,57.113335,2020,LV,10,287,75.0,30,20.0,620,1
21.113333,57.363335,2020,LV,11,289,45.0,10,20.0,815,1
20.075,57.28,2020,LV,12,290,70.0,30,20.0,380,1
19.685,57.376667,2020,LV,13,290,45.0,30,20.0,580,1
19.735,57.6,2020,LV,14,290,75.0,30,20.0,815,1
20.34,57.583332,2020,LV,15,291,40.0,30,20.0,340,0
21.083334,57.591667,2020,LV,16,291,42.0,20,20.0,570,1
21.138334,57.81167,2020,LV,17,291,55.0,20,20.0,770,1
20.945,57.866665,2020,LV,18,291,50.0,30,20.0,885,0
20.023333,56.118332,2020,LV,2,283,40.0,30,20.0,790,1
20.253334,56.378334,2020,LV,3,284,36.0,30,22.0,660,1
19.886667,56.395,2020,LV,4,284,70.0,30,20.0,845,1
19.071667,56.616665,2020,LV,5,285,70.0,30,20.0,425,1
19.878334,56.701668,2020,LV,6,285,69.0,30,18.0,695,1
20.758333,56.875,2020,LV,7,286,38.0,15,20.0,450,1
20.331667,56.87,2020,LV,8,286,45.0,20,20.0,615,1
19.651667,57.118332,2020,LV,9,287,75.0,30,20.0,405,1
18.92,54.46,2020,PL,1,259,34.0,15,20.0,800,1
18.66,54.97,2020,PL,10,265,44.0,20,20.0,345,1
18.36,55.19,2020,PL,11,265,46.5,30,20.0,745,1
18.34,55.51,2020,PL,12,265,30.0,20,20.0,980,0
18.02,55.56,2020,PL,13,266,45.0,20,20.0,670,1
18.01,55.34,2020,PL,14,266,50.0,30,20.0,850,1
17.68,55.32,2020,PL,15,267,43.0,30,17.0,560,1
17.55,55.54,2020,PL,16,267,20.5,45,18.0,810,1
17.35,55.17,2020,PL,17,268,36.0,30,20.0,390,1
17.02,55.24,2020,PL,18,268,46.5,30,20.0,835,1
16.63,55.29,2020,PL,19,269,43.0,30,20.0,415,1
18.99,54.55,2020,PL,2,259,15.5,20,19.0,960,0
16.27,54.73,2020,PL,20,269,20.0,60,18.0,945,0
15.35,54.5,2020,PL,21,270,25.5,30,19.0,480,1
15.32,54.81,2020,PL,22,270,48.0,30,12.0,725,1
15.71,54.87,2020,PL,23,271,48.0,30,18.0,320,0
15.64,54.7,2020,PL,24,271,38.5,30,19.0,450,1
15.65,54.49,2020,PL,25,271,35.0,30,18.0,655,1
16.02,54.84,2020,PL,26,272,33.0,30,18.0,410,1
16.06,55.22,2020,PL,27,272,49.0,30,22.0,640,1
16.34,55.17,2020,PL,28,272,45.0,30,21.0,870,1
19.08,55.11,2020,PL,3,260,59.0,30,21.0,680,1
19.31,54.83,2020,PL,4,260,42.0,30,20.0,950,1
19.14,54.42,2020,PL,5,262,21.0,10,19.0,870,1
19.31,54.5,2020,PL,6,263,35.0,20,20.0,335,1
19.17,54.59,2020,PL,7,263,51.5,30,19.0,550,1
18.67,55.7,2020,PL,8,264,60.0,30,19.0,585,1
18.65,55.34,2020,PL,9,264,45.0,30,20.0,845,1
17.196,57.6124,2021,SE,1,270,20.0,35,25.23,188,-1
17.2988,57.2346,2021,SE,2,270,35.0,32,25.6,493,1
17.2024,56.7754,2021,SE,3,270,21.0,31,28.07,803,1
16.9095,56.6217,2021,SE,4,270,13.0,58,24.0,1044,0
17.49,56.6219,2021,SE,5,271,20.0,47,28.0,19,-1
17.7825,57.1533,2021,SE,6,271,16.0,28,29.99,408,1
18.1317,57.68,2021,SE,7,271,19.0,26,28.8,784,1
17.5416,57.866,2021,SE,8,271,19.0,25,27.99,1160,-1
17.4083,58.1339,2021,SE,9,272,21.0,41,28.66,42,-1
17.6106,58.3922,2021,SE,10,272,23.0,20,29.19,401,1
18.194,58.3879,2021,SE,11,272,17.0,40,29.0,640,1
18.7454,58.1171,2021,SE,12,272,16.0,47,27.64,1022,0
18.6103,58.5811,2021,SE,13,272,19.0,30,27.94,1413,-1
18.3757,58.5761,2021,SE,14,273,20.0,61,27.99,110,-1
18.4305,58.7343,2021,SE,15,273,22.0,20,28.84,395,1
19.2949,58.689,2021,SE,16,273,22.0,45,29.05,739,1
19.5096,58.8876,2021,SE,17,273,20.0,45,26.65,1120,-1
19.238,59.0781,2021,SE,18,273,22.0,46,30.0,1407,-1
19.8592,59.1213,2021,SE,19,274,25.0,37,29.43,381,1
20.1399,58.8433,2021,SE,20,274,20.0,40,28.17,661,1
20.1,58.5703,2021,SE,21,274,15.0,46,26.6,1047,-1
19.6093,58.3997,2021,SE,22,274,21.0,45,29.16,1328,-1
19.4249,58.109,2021,SE,23,275,16.0,31,28.62,172,-1
19.8726,57.8639,2021,SE,24,275,26.0,60,27.8,485,1
19.4839,57.577,2021,SE,25,275,17.0,20,34.14,928,0
19.8291,57.4677,2021,SE,26,275,20.0,35,29.19,1153,-1
19.4046,57.2666,2021,SE,27,276,20.0,45,29.07,59,-1
18.9598,57.1616,2021,SE,28,276,11.0,28,28.92,426,1
18.9133,56.7199,2021,SE,29,276,14.0,67,27.67,876,1
18.8668,56.6041,2021,SE,30,276,17.0,41,28.56,1158,-1
18.5225,56.3632,2021,SE,31,277,11.0,18,28.7,163,-1
18.4682,56.122,2021,SE,32,277,26.0,97,30.02,455,1
17.7547,56.1235,2021,SE,33,277,32.0,35,30.36,771,1
17.7708,56.3002,2021,SE,34,277,9.0,22,32.54,965,0
16.7117,56.2516,2021,SE,35,277,14.0,29,29.19,1410,-1
17.1833,55.9554,2021,SE,36,278,8.0,17,31.75,214,-1
17.696,55.8742,2021,SE,37,278,27.0,35,28.19,442,1
16.6008,55.7562,2021,SE,38,278,12.0,27,27.21,922,0
16.2824,55.7371,2021,SE,39,278,19.0,30,31.31,1225,-1
15.8202,55.3948,2021,SE,40,279,22.0,40,28.61,65,-1
15.6422,55.1904,2021,SE,41,279,50.0,30,28.97,330,0
14.8739,55.3713,2021,SE,42,279,32.0,46,26.87,709,1
14.6014,55.6148,2021,SE,43,279,24.0,58,28.08,978,0
14.8569,55.6814,2021,SE,44,279,24.0,56,26.27,1361,-1
15.2223,55.5821,2021,SE,45,280,16.0,60,29.88,157,-1
15.7907,55.5226,2021,SE,46,280,39.0,47,28.78,432,1
16.1385,56.058,2021,SE,47,280,10.0,46,28.0,814,1
20.45,58.266945,2021,EE,1,297,40.0,30,35.0,460,1
20.468334,58.383335,2021,EE,2,297,55.0,20,25.0,575,1
21.03389,58.38389,2021,EE,3,297,60.0,30,25.0,755,1
21.285,58.38389,2021,EE,4,297,45.0,15,25.0,865,0
23.433332,59.384724,2021,EE,5,298,30.0,10,17.0,420,1
23.884167,59.468334,2021,EE,6,298,35.0,10,23.0,595,1
24.25,59.535,2021,EE,7,298,45.0,15,23.0,805,1
24.885279,59.73389,2021,EE,8,299,20.0,15,20.0,355,0
25.185,59.734722,2021,EE,9,299,35.0,10,23.0,460,1
25.634722,59.75028,2021,EE,10,299,35.0,10,18.0,600,1
26.1525,59.75,2021,EE,11,299,25.0,15,25.0,750,1
26.5025,59.75,2021,EE,12,299,20.0,10,18.0,865,0
24.018888,59.4675,2021,EE,13,300,40.0,15,20.0,435,1
22.618334,59.334446,2021,EE,14,301,50.0,15,25.0,420,1
22.134167,59.135277,2021,EE,15,301,45.0,5,20.0,630,1
21.71889,59.267223,2021,EE,16,301,15.0,15,20.0,790,1
21.516666,59.20111,2021,EE,17,301,40.0,20,27.0,870,0
21.35111,58.635,2021,EE,18,302,50.0,20,25.0,375,0
22.016945,58.635277,2021,EE,19,302,18.0,15,22.0,590,1
21.250834,58.918888,2021,EE,20,303,60.0,30,21.0,590,1
12.1572,54.3987,2021,DE,1,282,6.0,30,6.5,1028,0
12.7128,54.7195,2021,DE,2,282,11.5,30,6.6,1251,-1
13.5612,54.7172,2021,DE,3,283,28.5,20,6.3,22,-1
14.1167,54.6778,2021,DE,4,283,14.5,30,7.199996,1098,-1
13.8255,54.5682,2021,DE,5,283,12.0,30,7.6,1128,-1
13.7258,54.4882,2021,DE,6,283,11.0,30,7.6,1216,-1
14.6905,54.6198,2021,DE,7,284,29.5,30,6.8,117,-1
14.1902,54.9002,2021,DE,8,284,19.5,30,6.8999963,1013,0
13.6935,54.8977,2021,DE,9,284,34.0,15,6.5,1191,-1
12.9772,54.8985,2021,DE,10,285,21.5,30,7.3,1248,-1
12.3775,54.8313,2021,DE,11,285,11.5,30,6.8,1435,-1
11.735,54.2667,2021,DE,12,286,13.0,30,7.8,1017,0
11.1205,54.0802,2021,DE,13,286,12.5,30,7.6,1215,-1
11.464,54.4322,2021,DE,14,286,15.0,30,7.8999963,1413,-1
11.251,54.5728,2021,DE,15,287,16.5,30,7.3,109,-1
10.7187,54.5623,2021,DE,16,287,10.0,30,6.8999963,999,0
10.7067,54.4372,2021,DE,17,287,7.0,30,7.8999963,1095,-1
10.3523,54.7848,2021,DE,18,288,15.0,30,6.8,1263,-1
10.1692,54.6438,2021,DE,19,289,13.0,30,5.699996,14,-1
9.8163,55.1008,2021,DE,20,289,11.0,30,8.7,1008,0
9.8297,55.5748,2021,DE,21,289,10.0,30,7.3,1332,-1
10.3542,55.7007,2021,DE,22,290,14.0,30,7.0,46,-1
10.5708,56.071,2021,DE,23,290,15.0,30,7.1,977,0
10.8397,55.9933,2021,DE,24,290,10.0,30,7.3999963,1070,-1
10.9955,55.798,2021,DE,25,290,9.0,20,4.5,1251,-1
10.887,55.4593,2021,DE,26,291,14.0,30,6.199996,94,-1
10.9328,55.251,2021,DE,27,291,10.5,30,8.1,974,0
11.29,55.1377,2021,DE,28,291,13.0,30,6.5,1119,-1
10.8363,54.8315,2021,DE,29,291,13.0,20,6.8,1350,-1
12.8605,55.7088,2021,DE,30,292,8.0,15,7.3,1000,0
12.7345,55.911,2021,DE,31,292,9.5,30,6.699996,1149,-1
12.6577,56.0563,2021,DE,32,293,5.0,5,8.7,15,-1
11.0495,56.2727,2021,DE,33,293,11.5,30,7.3999963,1434,-1
11.49,56.3668,2021,DE,34,294,11.5,30,6.5,123,-1
12.5892,55.0965,2021,DE,35,296,10.0,30,7.3999963,1034,-1
13.1103,55.0837,2021,DE,36,296,16.5,30,8.299993,1190,-1
13.5615,55.0822,2021,DE,37,296,7.5,30,8.299993,1335,-1
14.3165,55.0832,2021,DE,38,297,9.5,30,7.3999963,109,-1
14.6285,55.2683,2021,DE,39,297,17.0,30,6.199996,977,0
14.3398,55.3065,2021,DE,40,297,21.5,30,7.0,1080,-1
13.7022,55.2683,2021,DE,41,297,19.0,30,7.5,1264,-1
12.9927,55.2787,2021,DE,42,298,14.0,32,7.6,15,-1
11.9382,56.3672,2021,DE,43,298,20.0,20,7.3,973,0
12.112,56.418,2021,DE,44,298,20.5,30,7.3,1065,-1
12.0478,56.6142,2021,DE,45,298,12.0,30,8.5,1194,-1
11.758,56.6175,2021,DE,46,298,24.0,30,6.8999963,1284,-1
11.9368,56.8655,2021,DE,47,299,19.5,15,8.5,995,0
12.303,56.7875,2021,DE,48,299,17.5,30,7.699996,1123,-1
12.4357,56.6252,2021,DE,49,299,17.0,30,7.3999963,1228,-1
12.4357,56.4528,2021,DE,50,299,16.0,30,8.0,1339,-1
23.222,59.654335,2021,FI,1,265,10.0,45,17.1,1285,-1
22.547832,59.657333,2021,FI,2,265,28.0,45,14.8,123,-1
21.128,59.668667,2021,FI,3,265,23.0,90,18.0,543,1
19.747833,59.9185,2021,FI,4,265,25.0,60,11.9,1044,0
19.454,60.080334,2021,FI,5,266,17.0,75,11.5,1379,-1
18.875668,60.932335,2021,FI,6,266,50.0,75,10.0,500,1
18.1435,61.1,2021,FI,7,266,20.0,60,12.9,971,0
19.184668,61.133167,2021,FI,8,267,15.0,60,15.0,365,1
18.1755,61.311832,2021,FI,9,267,15.0,45,15.7,895,1
17.982166,61.238667,2021,FI,10,267,17.0,90,17.0,1031,0
18.141167,61.635166,2021,FI,11,268,15.0,45,17.2,1395,-1
19.2335,61.678,2021,FI,12,268,50.0,81,10.0,319,0
18.4855,61.900665,2021,FI,13,268,48.0,90,10.0,684,1
18.385,62.1545,2021,FI,14,268,14.0,30,16.8,1060,-1
18.84,62.157333,2021,FI,15,269,16.0,40,18.3,1260,-1
19.2325,62.281,2021,FI,16,269,70.0,75,9.0,320,0
18.7425,62.614666,2021,FI,17,269,63.0,90,9.3,780,1
19.328667,62.60317,2021,FI,18,269,17.0,45,16.7,1050,0
19.535667,63.044,2021,FI,19,270,17.0,90,17.3,1341,-1
20.377666,63.166832,2021,FI,20,270,42.0,90,10.0,270,0
19.6805,62.646667,2021,FI,21,270,74.0,90,9.9,690,1
20.0755,62.605335,2021,FI,22,270,97.0,60,17.4,932,0
20.2865,62.595,2021,FI,23,270,17.0,60,17.0,1107,-1
20.562,62.408165,2021,FI,24,271,15.0,75,15.8,1403,-1
19.580166,62.32733,2021,FI,25,271,75.0,100,10.7,356,1
20.040667,62.096333,2021,FI,26,271,80.0,95,11.0,680,1
20.670166,61.968834,2021,FI,27,271,17.0,60,17.4,1055,-1
20.478,61.821167,2021,FI,28,272,100.0,60,15.7,1282,-1
19.626167,61.661,2021,FI,29,272,10.0,90,10.1,235,0
19.570168,61.3275,2021,FI,30,272,17.0,30,16.9,887,1
20.015833,61.100666,2021,FI,31,272,17.0,67,17.3,1077,-1
20.468,61.0995,2021,FI,32,273,17.0,75,18.5,1350,-1
19.286167,60.947166,2021,FI,33,273,80.0,90,11.2,482,1
20.1465,60.815166,2021,FI,34,273,17.0,47,17.8,895,1
19.771166,60.798832,2021,FI,35,273,20.0,30,16.4,1069,-1
20.341333,59.184834,2021,FI,36,274,20.0,30,17.8,913,0
20.844,59.222168,2021,FI,37,274,22.0,60,14.0,1121,-1
21.048334,59.541668,2021,FI,38,275,14.0,24,14.0,1409,-1
22.753,59.571,2021,FI,39,275,16.0,33,15.8,404,1
23.478167,59.562332,2021,FI,40,275,17.0,90,16.9,642,1
24.042667,59.756332,2021,FI,41,275,24.0,30,16.1,990,0
25.103167,59.97167,2021,FI,42,276,15.0,45,16.4,1331,-1
26.336834,60.122,2021,FI,43,276,23.0,30,16.3,938,0
25.343,60.032833,2021,FI,44,277,18.0,15,18.0,1270,-1
20.781666,55.923332,2021,LT,1,287,28.0,30,17.0,360,0
20.33,55.925,2021,LT,2,287,31.0,30,17.0,455,1
19.826666,55.923332,2021,LT,3,287,61.0,30,20.0,625,1
19.285,55.881668,2021,LT,4,287,70.0,30,21.0,805,1
19.695,55.772667,2021,LT,5,288,71.0,30,21.0,305,0
20.082666,55.59833,2021,LT,6,288,76.0,30,22.0,480,1
20.791666,55.590332,2021,LT,7,288,46.0,30,19.0,695,1
19.15,56.05111,2021,LV,1,286,70.0,30,20.0,400,1
20.035,56.100277,2021,LV,2,286,41.5,20,23.0,705,1
20.316944,56.3675,2021,LV,3,287,31.5,20,23.0,420,1
19.784721,56.38361,2021,LV,4,287,67.0,30,24.0,615,1
19.135555,56.601944,2021,LV,5,289,26.0,30,22.0,415,1
20.402222,56.866943,2021,LV,6,290,45.0,20,30.0,555,1
20.216667,56.852222,2021,LV,7,290,52.5,30,65.0,710,1
19.935,56.866665,2021,LV,8,290,22.5,30,15.0,905,0
19.300833,57.102222,2021,LV,9,291,34.0,30,18.0,580,1
20.101389,57.101387,2021,LV,10,291,39.0,30,28.0,830,1
21.1525,57.251667,2021,LV,11,292,36.5,20,23.0,365,0
20.568611,57.38389,2021,LV,12,292,50.0,30,20.0,640,1
20.733889,57.61889,2021,LV,13,292,27.5,30,25.0,860,1
19.01,54.42,2021,PL,1,256,25.0,30,18.0,740,1
19.22,54.42,2021,PL,2,256,33.0,15,19.0,895,1
18.93,54.46,2021,PL,3,257,33.0,30,20.0,450,1
18.93,54.55,2021,PL,4,257,42.0,15,20.0,625,1
19.17,54.6,2021,PL,5,258,60.0,30,18.0,375,1
19.25,54.84,2021,PL,6,258,80.0,30,20.0,610,1
18.98,55.26,2021,PL,7,258,42.5,30,18.0,930,1
18.64,55.74,2021,PL,8,259,37.0,30,19.0,670,1
18.65,55.33,2021,PL,9,259,31.0,30,18.0,970,0
18.68,55.16,2021,PL,10,260,28.0,30,19.0,370,1
18.67,54.87,2021,PL,11,260,39.0,30,18.0,590,1
18.32,55.19,2021,PL,12,260,28.0,30,18.0,955,1
15.33,54.47,2021,PL,13,262,13.0,30,18.0,485,1
15.31,54.74,2021,PL,14,262,45.0,30,18.0,725,1
15.65,54.88,2021,PL,15,263,53.0,30,18.0,335,0
15.65,54.72,2021,PL,16,263,33.5,30,19.0,510,1
15.65,54.43,2021,PL,17,263,23.0,30,18.0,745,1
15.76,54.41,2021,PL,18,263,20.0,30,18.0,905,1
16.01,54.73,2021,PL,19,264,29.0,30,18.0,435,1
16.19,55.25,2021,PL,20,264,54.0,30,20.0,810,1
16.69,55.25,2021,PL,21,265,48.0,30,20.0,375,1
17.01,55.41,2021,PL,22,265,25.0,45,18.0,760,1
17.02,55.15,2021,PL,23,265,28.0,30,18.0,880,1
18.07,55.65,2021,PL,24,269,49.0,30,19.0,745,1
17.98,55.43,2021,PL,25,269,26.0,30,18.0,945,0
17.99,55.18,2021,PL,26,270,22.0,30,18.0,415,1
17.64,55.3,2021,PL,27,270,53.0,30,18.0,830,1
17.31,55.24,2021,PL,28,271,66.0,30,20.0,535,1
17.32,55.12,2021,PL,29,271,31.0,30,18.0,685,1
17.1542,57.669,2022,SE,1,276,21.0,30,28.75,1421,-1
17.3682,57.2463,2022,SE,2,277,21.0,46,32.34,265,0
17.3284,56.8616,2022,SE,3,277,24.0,55,29.7,566,1
16.9097,56.6476,2022,SE,4,277,20.0,76,29.9,872,1
16.8512,56.5156,2022,SE,5,277,33.0,45,20.43,1104,-1
16.7616,56.3887,2022,SE,6,277,25.0,15,28.0,1350,-1
17.7892,56.4066,2022,SE,8,278,15.0,60,28.0,673,1
17.3356,56.4484,2022,SE,9,278,14.0,29,43.1,972,0
17.3227,56.6476,2022,SE,10,278,28.0,30,20.0,1196,-1
17.6766,56.8081,2022,SE,11,279,23.0,45,30.0,33,-1
17.749,57.2806,2022,SE,12,279,21.0,19,28.66,377,1
17.9196,57.6607,2022,SE,13,279,21.0,40,28.63,655,1
18.4556,57.8711,2022,SE,14,279,36.0,98,27.86,986,0
18.0482,57.8772,2022,SE,15,279,19.0,45,29.85,1407,-1
17.4981,57.8896,2022,SE,16,280,19.0,20,29.89,237,-1
17.4619,58.1894,2022,SE,17,280,48.0,64,29.59,495,1
17.8976,58.3262,2022,SE,18,280,41.0,71,27.48,797,1
18.7049,58.1561,2022,SE,19,281,17.0,30,30.8,301,0
18.7081,58.2884,2022,SE,20,281,43.0,90,27.54,480,1
18.7202,58.4948,2022,SE,21,281,64.0,63,27.91,802,1
18.2486,58.6619,2022,SE,22,281,19.0,31,28.0,1185,-1
18.707,58.8038,2022,SE,23,282,42.0,65,29.01,49,-1
19.2208,58.7952,2022,SE,24,282,36.0,59,25.64,321,0
19.5726,58.6547,2022,SE,25,282,42.0,70,26.47,578,1
19.8763,58.8462,2022,SE,26,282,59.0,32,25.62,863,1
19.5353,59.0911,2022,SE,27,282,27.0,40,17.53,1170,-1
19.8076,59.3306,2022,SE,28,283,11.0,20,31.98,27,-1
19.7852,59.1231,2022,SE,29,283,16.0,20,30.29,228,-1
20.1404,58.9466,2022,SE,30,283,37.0,74,27.01,471,1
20.336,58.5578,2022,SE,31,283,37.0,55,29.37,918,0
19.4374,58.3857,2022,SE,32,284,17.0,25,30.97,58,-1
19.6038,58.1846,2022,SE,33,284,42.0,37,29.44,313,0
19.6675,57.9065,2022,SE,34,284,43.0,47,27.36,571,1
19.8907,57.6521,2022,SE,35,284,42.0,58,28.25,925,0
19.4581,57.4104,2022,SE,36,284,17.0,20,30.54,1309,-1
19.3691,57.19,2022,SE,37,285,20.0,24,28.66,254,0
18.8953,57.1012,2022,SE,38,285,44.0,93,29.56,533,1
18.7595,56.8578,2022,SE,39,285,23.0,22,31.24,871,1
18.8732,56.5775,2022,SE,40,285,19.0,30,28.59,1116,-1
18.555,56.378,2022,SE,41,286,21.0,30,30.3,16,-1
18.5015,56.1255,2022,SE,42,286,34.0,60,27.35,288,0
17.8034,55.8837,2022,SE,43,286,15.0,50,28.43,625,1
17.1236,55.7661,2022,SE,44,286,9.0,46,30.0,1046,-1
16.6597,55.7026,2022,SE,45,286,20.0,45,30.5,1301,-1
16.1928,55.571,2022,SE,46,287,22.0,23,29.91,169,-1
15.9267,55.6501,2022,SE,47,287,40.0,52,27.76,504,1
15.9554,55.5048,2022,SE,48,287,53.0,30,26.49,666,1
15.8305,55.2075,2022,SE,49,287,43.0,40,29.56,930,0
15.0702,55.3739,2022,SE,50,287,26.0,30,29.85,1374,-1
14.8462,55.3336,2022,SE,51,288,20.0,30,29.31,82,-1
14.5551,55.5987,2022,SE,52,288,24.0,80,28.42,383,0
14.8004,55.7996,2022,SE,53,288,26.0,61,21.63,789,1
15.4973,55.5893,2022,SE,54,288,29.0,30,28.84,1217,-1
16.298,56.0272,2022,SE,55,289,9.0,60,30.0,297,0
21.551111,58.06861,2022,EE,1,285,20.0,10,17.0,395,1
20.617222,58.06861,2022,EE,2,285,25.0,30,26.0,705,1
20.45139,58.25111,2022,EE,3,285,30.0,15,16.0,910,0
21.269167,58.38389,2022,EE,4,286,30.0,15,16.0,495,1
21.652222,58.635,2022,EE,5,286,40.0,10,19.0,790,1
22.001667,58.635555,2022,EE,6,286,20.0,5,18.0,900,0
21.70139,58.868057,2022,EE,7,287,40.0,10,17.0,360,0
21.2525,59.06889,2022,EE,8,287,30.0,20,14.0,610,1
22.016666,59.185,2022,EE,9,287,30.0,30,23.0,885,0
22.584444,59.302223,2022,EE,10,288,30.0,10,22.0,370,1
23.100555,59.318054,2022,EE,11,288,35.0,10,23.0,550,1
23.651112,59.435833,2022,EE,12,288,40.0,10,18.0,730,1
27.28389,59.552223,2022,EE,13,289,27.0,30,17.0,360,1
26.951944,59.584446,2022,EE,14,289,26.0,15,11.0,495,1
26.284166,59.75139,2022,EE,15,289,30.0,15,18.0,735,1
25.952223,59.75139,2022,EE,16,289,30.0,10,17.0,860,0
25.267778,59.735,2022,EE,17,291,30.0,10,20.0,390,1
24.36861,59.616665,2022,EE,18,291,40.0,10,26.0,670,1
10.164,54.648,2022,DE,1,279,13.0,30,7.5,1123,-1
10.043,55.044,2022,DE,2,279,19.0,30,7.4,1329,-1
9.792,55.555,2022,DE,3,280,4.0,15,8.2,966,0
10.495,55.831,2022,DE,4,280,28.0,30,6.3,1198,-1
10.614,56.062,2022,DE,5,280,20.0,15,6.4,1343,-1
11.092,55.85,2022,DE,6,281,12.0,20,8.4,87,-1
10.853,55.61,2022,DE,7,281,8.0,30,7.7,995,0
10.991,55.278,2022,DE,8,281,9.0,30,7.7,1199,-1
11.287,55.14,2022,DE,9,281,13.5,20,8.4,1328,-1
12.743,55.085,2022,DE,10,282,16.0,20,7.4,1055,-1
13.873,55.084,2022,DE,11,282,30.0,30,6.9,1325,-1
14.214,55.037,2022,DE,12,283,29.0,30,6.7,7,-1
14.358,55.316,2022,DE,13,283,31.0,30,9.2,1052,-1
13.591,55.268,2022,DE,14,283,12.5,30,9.1,1252,-1
12.993,55.274,2022,DE,15,283,7.0,30,8.0,1423,-1
12.159,54.398,2022,DE,16,284,9.0,30,8.2,1018,0
12.735,54.717,2022,DE,17,284,9.0,30,7.1,1226,-1
13.607,54.717,2022,DE,18,285,28.0,30,7.2,5,-1
14.118,54.711,2022,DE,19,285,16.0,30,6.4,963,0
13.878,54.567,2022,DE,20,285,9.0,15,8.3,1097,-1
13.726,54.489,2022,DE,21,285,1.0,30,7.9,1183,-1
14.824,54.639,2022,DE,22,286,38.5,30,7.7,89,-1
14.193,54.9,2022,DE,23,286,24.0,30,7.5,978,0
13.224,54.902,2022,DE,24,286,29.5,30,7.3,1220,-1
12.387,54.837,2022,DE,25,287,11.0,30,7.4,7,-1
11.781,54.289,2022,DE,26,287,14.0,30,8.2,993,0
11.229,54.105,2022,DE,27,287,11.0,30,7.5,1169,-1
11.392,54.308,2022,DE,28,287,13.5,30,6.8,1343,-1
11.457,54.515,2022,DE,29,288,15.5,20,8.0,21,-1
10.716,54.637,2022,DE,30,288,11.0,30,8.0,967,0
10.695,54.438,2022,DE,31,288,1.0,30,7.2,1074,-1
10.474,54.767,2022,DE,32,288,14.5,30,7.0,1265,-1
12.669,56.048,2022,DE,33,290,4.0,3,7.0,1170,-1
11.855,56.135,2022,DE,34,291,13.5,30,7.0,1060,-1
10.962,56.189,2022,DE,35,291,11.0,10,7.0,1346,-1
11.642,56.366,2022,DE,36,292,18.5,20,8.0,104,-1
12.105,56.394,2022,DE,37,292,24.0,25,7.0,978,0
11.817,56.617,2022,DE,38,292,26.0,30,7.0,1158,-1
11.739,56.864,2022,DE,39,293,20.0,11,7.0,112,-1
11.477,57.228,2022,DE,40,293,42.0,27,7.0,1057,-1
11.655,57.393,2022,DE,41,293,38.5,15,7.0,1255,-1
11.749,57.326,2022,DE,42,294,39.0,20,7.0,1008,0
12.257,56.823,2022,DE,43,294,27.5,15,7.0,1323,-1
12.442,56.649,2022,DE,44,294,15.5,20,7.0,1416,-1
12.435,56.409,2022,DE,45,295,12.5,30,7.0,98,-1
12.898,55.685,2022,DE,46,295,5.5,30,7.0,976,0
12.875,55.764,2022,DE,47,295,7.5,15,8.0,1071,-1
12.733,55.922,2022,DE,48,295,10.5,20,7.0,1198,-1
12.453,56.162,2022,DE,49,295,9.5,30,8.0,1355,-1
23.1565,59.6735,2022,FI,1,263,23.0,30,12.3,1141,-1
22.5765,59.65333,2022,FI,2,264,17.0,15,20.0,1395,-1
21.0625,59.699665,2022,FI,3,264,15.0,80,17.0,300,0
20.894833,59.666668,2022,FI,4,264,15.8,60,18.0,521,1
19.9425,59.788834,2022,FI,5,264,15.8,45,17.6,840,1
19.431,60.0265,2022,FI,6,264,15.8,45,20.0,1091,-1
18.831333,60.779335,2022,FI,7,265,14.3,90,16.8,16,-1
18.895834,61.327835,2022,FI,8,265,15.8,60,17.0,895,1
18.1205,61.2875,2022,FI,9,265,14.3,60,17.1,1150,-1
18.074667,61.491333,2022,FI,10,266,14.3,50,16.9,1382,-1
19.156834,61.686,2022,FI,11,266,12.7,60,15.9,299,0
18.229,61.852665,2022,FI,12,266,11.1,82,15.0,671,1
18.1505,62.071667,2022,FI,13,266,9.5,60,15.4,961,0
18.6065,62.127335,2022,FI,14,266,12.7,45,17.5,1189,-1
19.1515,62.115166,2022,FI,15,267,12.7,75,17.3,1365,-1
18.802334,62.629,2022,FI,16,267,85.5,90,19.6,562,1
19.334333,62.64517,2022,FI,17,267,15.8,60,16.2,900,1
19.410833,63.036167,2022,FI,18,267,14.3,67,16.5,1153,-1
20.065,63.143665,2022,FI,19,268,12.7,70,16.4,1378,-1
19.536167,62.680668,2022,FI,20,268,15.8,108,16.8,368,1
20.2295,62.69,2022,FI,21,268,12.7,60,16.3,890,1
20.435,62.815834,2022,FI,22,268,7.9,90,21.1,1029,0
20.350166,62.47867,2022,FI,23,269,12.7,45,16.7,1384,-1
19.848167,62.176167,2022,FI,24,269,12.7,100,14.7,193,-1
19.895666,61.9845,2022,FI,25,269,12.7,105,18.5,481,1
20.152834,61.606,2022,FI,26,269,15.8,45,16.3,952,0
20.2345,61.8655,2022,FI,27,269,15.8,60,18.8,1177,-1
20.355333,62.066,2022,FI,28,270,15.8,60,17.1,1418,-1
20.786833,61.4775,2022,FI,29,270,12.7,60,15.0,1006,0
20.523666,61.333,2022,FI,30,270,15.8,60,18.4,1242,-1
19.787,61.334835,2022,FI,31,271,12.7,55,16.3,110,-1
19.725166,61.109,2022,FI,32,271,15.8,60,16.5,432,1
20.459667,60.85483,2022,FI,33,271,12.7,60,16.2,973,0
19.839834,60.876667,2022,FI,34,271,14.3,60,17.8,1170,-1
19.504667,60.894,2022,FI,35,272,11.1,60,11.0,1395,-1
20.270334,59.310333,2022,FI,36,272,12.7,30,16.4,955,0
20.902,59.183,2022,FI,37,272,15.8,45,17.1,1225,-1
21.1245,59.521168,2022,FI,38,273,15.8,30,16.8,74,-1
22.158167,59.529835,2022,FI,39,273,11.1,60,17.0,334,1
23.3855,59.542168,2022,FI,40,273,15.8,45,17.2,692,1
24.751333,59.865334,2022,FI,41,273,12.7,45,15.7,1093,-1
25.099167,59.9275,2022,FI,42,273,12.7,60,15.5,1255,-1
26.331667,60.131832,2022,FI,43,274,14.3,45,16.7,940,0
25.041166,60.01317,2022,FI,44,275,14.3,60,16.7,1313,-1
20.672667,55.932835,2022,LT,1,297,28.0,30,20.0,375,0
20.262167,55.932667,2022,LT,2,297,42.0,30,20.0,530,1
19.902334,55.703,2022,LT,5,298,75.0,30,20.0,345,0
20.322166,55.598,2022,LT,6,298,68.0,30,20.0,540,1
20.762184,55.5841,2022,LT,7,298,49.0,30,20.0,710,1
19.835167,56.105835,2022,LV,1,310,49.5,20,17.0,560,1
20.666834,56.0985,2022,LV,2,310,27.5,20,15.0,832,0
19.892166,56.391335,2022,LV,3,314,35.0,20,24.0,450,1
20.283167,56.399666,2022,LV,4,314,45.0,30,24.0,710,1
20.161167,56.6195,2022,LV,5,316,65.5,20,25.0,1370,-1
20.725334,56.871666,2022,LV,6,317,45.0,20,16.0,405,0
20.775333,57.1165,2022,LV,7,317,44.5,15,25.0,664,1
20.087667,57.3075,2022,LV,8,317,70.0,30,24.0,1045,-1
21.060833,57.384335,2022,LV,9,317,26.0,20,14.0,1345,-1
20.195667,57.6305,2022,LV,10,318,74.5,30,25.0,396,0
20.854334,57.856834,2022,LV,11,318,70.5,35,25.0,739,1
21.3465,57.7985,2022,LV,12,318,58.5,20,25.0,976,-1
19.03,55.14,2022,PL,1,255,63.0,30,19.0,965,1
18.98,54.55,2022,PL,2,256,46.5,30,18.0,345,1
18.92,54.47,2022,PL,3,256,36.0,30,18.0,490,1
19.23,54.41,2022,PL,4,256,20.0,30,17.0,910,1
19.45,54.48,2022,PL,5,257,34.0,40,18.0,380,1
19.16,54.6,2022,PL,6,257,57.0,30,19.0,655,1
19.2,54.84,2022,PL,7,257,57.5,30,18.0,850,1
18.61,55.53,2022,PL,8,260,25.0,30,19.0,920,1
18.7,55.17,2022,PL,9,261,44.5,30,19.0,395,1
18.67,54.88,2022,PL,10,261,44.5,20,19.0,630,1
18.36,55.04,2022,PL,11,261,26.0,30,18.0,950,1
15.48,54.96,2022,PL,12,263,48.5,30,18.0,360,1
15.32,54.56,2022,PL,13,263,27.0,30,17.0,705,1
15.67,54.76,2022,PL,14,264,48.5,30,18.0,430,1
15.66,54.41,2022,PL,15,264,18.5,30,18.0,690,1
15.94,54.48,2022,PL,16,264,19.0,30,17.0,895,1
16.01,54.69,2022,PL,17,265,26.0,20,19.0,375,1
16.33,55.19,2022,PL,18,265,44.5,30,18.0,855,1
16.47,54.74,2022,PL,19,266,18.0,45,13.0,475,1
16.68,55.25,2022,PL,20,266,47.5,20,18.0,910,1
17.02,55.26,2022,PL,21,267,47.0,30,18.0,510,1
17.3,55.15,2022,PL,22,267,29.0,30,18.0,985,0
17.34,55.31,2022,PL,23,268,52.0,30,18.0,470,1
17.64,55.54,2022,PL,24,268,25.0,20,18.0,735,1
17.67,55.32,2022,PL,25,268,30.0,40,19.0,955,0
18.01,55.11,2022,PL,26,269,24.0,45,17.0,850,1
17.1964,57.6151,2023,SE,1,275,11.0,41,28.5,1417,-1
18.1952,57.8137,2023,SE,2,276,23.0,30,28.0,370,1
18.6344,58.1727,2023,SE,3,276,17.0,36,28.8,716,1
17.3967,58.2983,2023,SE,4,276,11.0,29,30.0,1151,-1
17.5166,58.4144,2023,SE,5,276,14.0,30,27.0,1413,-1
18.2662,58.3537,2023,SE,6,277,11.0,40,28.0,261,0
18.4504,58.8169,2023,SE,7,277,14.0,61,27.6,762,1
18.8176,58.6979,2023,SE,8,277,11.0,27,28.8,989,0
19.2597,58.9297,2023,SE,9,277,14.0,30,27.0,1287,-1
19.2497,59.0998,2023,SE,10,278,13.0,25,27.0,45,-1
19.6001,59.299,2023,SE,11,278,58.0,60,26.0,306,0
20.1263,58.9005,2023,SE,12,278,45.0,75,27.0,681,1
20.1319,58.5594,2023,SE,13,278,21.0,41,26.0,1335,-1
19.7644,58.7605,2023,SE,14,279,58.0,40,25.0,185,-1
19.5069,58.2837,2023,SE,15,279,28.0,31,28.0,526,1
19.1561,58.0924,2023,SE,16,279,23.0,26,27.0,782,1
19.2273,57.5359,2023,SE,17,280,16.0,31,25.0,480,1
19.2388,57.6685,2023,SE,18,281,46.0,25,30.0,1095,-1
19.1905,57.3979,2023,SE,19,282,24.0,30,27.0,43,-1
19.1924,57.1857,2023,SE,20,282,24.0,35,27.0,455,1
18.9529,57.2058,2023,SE,21,282,28.0,36,27.0,739,1
18.7412,56.8089,2023,SE,22,282,18.0,30,28.0,1003,0
18.8025,56.5668,2023,SE,23,282,30.0,27,27.0,1272,-1
18.5615,56.3431,2023,SE,24,283,32.0,60,30.0,198,-1
18.455,56.1343,2023,SE,25,283,25.0,45,28.0,539,1
17.8364,55.7816,2023,SE,26,283,24.0,51,29.0,876,1
17.154,55.8784,2023,SE,27,283,13.0,31,27.0,1275,-1
16.607,55.8437,2023,SE,28,284,19.0,25,24.0,89,-1
16.4773,55.5771,2023,SE,29,284,37.0,30,28.0,345,0
15.8309,55.344,2023,SE,30,284,53.0,60,26.0,751,1
15.3024,55.215,2023,SE,31,284,16.0,30,27.0,1358,-1
15.3534,55.4103,2023,SE,32,285,34.0,57,29.0,89,-1
14.8397,55.413,2023,SE,33,285,36.0,56,28.0,561,1
14.4668,55.6217,2023,SE,34,285,23.0,30,28.0,1007,0
14.8024,55.7615,2023,SE,35,285,14.0,40,26.0,1255,-1
15.1727,55.7439,2023,SE,36,286,24.0,40,26.0,50,-1
15.8001,55.7682,2023,SE,37,286,24.0,34,28.0,299,0
16.212,56.0963,2023,SE,38,286,12.0,40,21.0,645,1
17.083,56.0864,2023,SE,39,286,9.0,46,20.0,953,0
16.7614,56.4146,2023,SE,40,287,24.0,55,28.0,241,-1
16.866,56.5993,2023,SE,41,287,24.0,45,27.0,410,1
17.1506,56.7495,2023,SE,42,287,33.0,45,27.2,622,1
17.2528,57.1561,2023,SE,43,287,24.0,30,27.0,935,0
17.3653,57.5403,2023,SE,44,288,21.0,70,27.0,326,0
17.6287,57.1337,2023,SE,45,288,29.0,40,29.0,701,1
17.5931,56.7174,2023,SE,46,288,14.0,30,27.0,995,0
17.222,56.452,2023,SE,47,288,14.0,25,27.0,1293,-1
16.5965,56.1268,2023,SE,48,289,9.0,40,28.0,299,0
21.218056,58.066666,2023,EE,1,296,30.0,30,23.0,510,1
20.435556,58.300835,2023,EE,2,296,30.0,30,27.0,840,1
20.885555,58.369167,2023,EE,3,296,60.0,25,22.0,1025,-1
21.35,58.40222,2023,EE,4,297,58.0,15,19.0,460,1
21.235277,58.550556,2023,EE,5,297,63.0,20,21.0,610,1
22.168888,58.668888,2023,EE,6,297,18.0,20,19.0,1020,-1
21.60111,58.866943,2023,EE,7,298,35.0,15,24.0,480,1
22.134167,59.135277,2023,EE,8,298,35.0,15,20.0,1055,-1
22.466667,59.218056,2023,EE,9,299,40.0,30,29.0,465,1
23.183332,59.334167,2023,EE,10,299,48.0,5,19.0,815,1
23.751112,59.468887,2023,EE,11,299,40.0,10,17.0,1040,-1
26.951666,59.58389,2023,EE,12,300,30.0,15,19.0,575,1
26.285833,59.750557,2023,EE,13,300,41.0,25,11.0,795,1
25.7175,59.75028,2023,EE,14,300,35.0,10,12.0,970,-1
25.168612,59.733612,2023,EE,15,301,48.0,15,17.0,465,1
24.651388,59.717224,2023,EE,16,301,45.0,15,22.0,640,1
24.333334,59.58472,2023,EE,17,301,44.0,5,21.0,785,1
21.851944,59.03583,2023,EE,18,302,57.0,30,20.0,490,1
12.226,54.46,2023,DE,1,278,12.0,30,7.0,1056,0
12.677,54.708,2023,DE,2,278,11.0,30,7.0,1239,-1
13.543,54.717,2023,DE,3,279,25.5,30,7.0,28,-1
13.942,54.561,2023,DE,4,280,10.0,35,7.0,1058,-1
13.726,54.469,2023,DE,5,280,10.0,10,7.0,1179,-1
14.832,54.662,2023,DE,6,281,37.0,30,7.0,108,-1
14.231,54.9,2023,DE,7,281,17.5,30,7.0,1009,0
13.101,54.899,2023,DE,8,281,30.0,33,7.0,1287,-1
12.361,54.824,2023,DE,9,282,11.5,30,7.0,56,-1
11.83,54.303,2023,DE,10,282,14.0,30,7.0,1146,-1
11.386,54.295,2023,DE,11,283,11.5,30,7.0,38,-1
12.567,55.107,2023,DE,12,283,11.5,30,7.0,1020,0
13.599,55.084,2023,DE,13,283,26.0,34,7.0,1274,-1
14.227,55.047,2023,DE,14,284,29.5,30,7.0,33,-1
14.621,55.267,2023,DE,15,284,25.5,30,7.0,212,-1
13.589,55.268,2023,DE,16,284,12.0,10,7.0,1277,-1
12.973,55.277,2023,DE,17,285,12.0,30,7.0,15,-1
12.746,55.944,2023,DE,18,285,16.0,18,7.0,1096,-1
12.75,55.862,2023,DE,19,285,21.5,30,7.0,1152,-1
12.695,55.943,2023,DE,20,285,9.0,35,7.0,1239,-1
12.67,56.047,2023,DE,21,285,11.5,30,7.0,1399,-1
12.418,56.154,2023,DE,22,286,12.0,30,7.0,98,-1
10.487,55.845,2023,DE,23,286,16.5,30,7.0,1105,-1
10.635,56.052,2023,DE,24,286,14.0,30,7.0,1249,-1
11.014,55.886,2023,DE,25,286,12.5,30,7.0,1406,-1
10.779,55.729,2023,DE,26,287,22.0,30,7.0,134,-1
10.898,55.401,2023,DE,27,287,15.5,30,7.0,1023,0
10.963,55.245,2023,DE,28,287,15.0,30,7.0,1173,-1
11.287,55.14,2023,DE,29,287,14.0,30,7.0,1297,-1
10.858,54.894,2023,DE,30,288,12.5,20,7.0,64,-1
11.232,54.58,2023,DE,31,289,12.0,30,7.0,1033,0
10.72,54.638,2023,DE,32,289,10.0,30,7.0,1207,-1
10.551,54.449,2023,DE,33,289,10.5,30,7.0,1341,-1
10.491,54.761,2023,DE,34,290,16.5,30,7.0,61,-1
10.081,55.002,2023,DE,35,290,15.0,30,7.0,1114,-1
9.81,55.105,2023,DE,36,290,12.0,30,7.0,1232,-1
12.128,56.475,2023,DE,37,291,18.0,30,7.0,976,0
11.848,56.366,2023,DE,38,291,21.0,20,7.0,1095,-1
10.986,56.217,2023,DE,39,291,14.0,20,7.0,1326,-1
11.609,56.117,2023,DE,40,294,14.0,20,7.0,1105,-1
12.031,56.171,2023,DE,41,294,13.5,15,7.0,1232,-1
12.438,56.431,2023,DE,42,294,20.0,30,7.0,1403,-1
12.376,56.693,2023,DE,43,295,24.0,30,7.0,98,-1
12.284,56.796,2023,DE,44,295,30.0,30,7.0,188,-1
11.933,57.119,2023,DE,45,295,35.0,33,7.0,975,0
11.631,57.082,2023,DE,46,295,16.5,10,7.0,1101,-1
11.257,56.706,2023,DE,47,295,15.0,30,7.0,1320,-1
11.552,56.617,2023,DE,48,296,20.0,31,7.0,110,-1
23.923666,59.712334,2023,FI,1,263,28.5,30,15.6,1179,-1
23.239334,59.6285,2023,FI,2,264,28.5,20,14.3,18,-1
18.875,60.835667,2023,FI,3,264,14.3,30,17.2,1243,-1
18.1715,60.9035,2023,FI,4,265,15.8,35,17.4,54,-1
19.329834,61.049,2023,FI,5,265,76.0,105,13.2,533,1
18.064667,61.3895,2023,FI,6,265,15.6,30,17.3,1110,-1
17.917,61.417667,2023,FI,7,265,15.8,45,17.1,1296,-1
18.095,61.6235,2023,FI,8,266,12.7,45,16.3,69,-1
19.204834,61.618332,2023,FI,9,266,12.7,60,17.4,390,1
18.511667,62.1285,2023,FI,10,266,15.8,43,16.4,1083,-1
18.379333,61.99,2023,FI,11,266,12.7,45,17.4,1223,-1
19.167833,62.118332,2023,FI,12,267,12.7,45,15.3,71,-1
19.290333,62.45183,2023,FI,13,267,77.6,75,13.4,353,1
18.718834,62.578667,2023,FI,14,267,74.4,90,13.6,806,1
19.427834,63.04067,2023,FI,15,267,15.8,40,17.2,1203,-1
20.364666,63.159832,2023,FI,16,268,22.2,60,11.4,37,-1
19.508833,62.8595,2023,FI,17,268,79.2,90,14.1,438,1
19.511168,62.724167,2023,FI,18,268,80.0,95,13.5,694,1
20.179167,62.102,2023,FI,19,269,74.4,105,14.7,703,1
20.137667,62.604332,2023,FI,20,269,23.8,50,14.6,1148,-1
20.2745,62.547,2023,FI,21,269,31.0,37,13.0,1311,-1
20.474667,62.429165,2023,FI,22,270,28.5,40,14.1,51,-1
20.7415,61.915333,2023,FI,23,270,25.3,30,14.5,1100,-1
20.750834,61.6515,2023,FI,24,270,26.9,30,14.7,1277,-1
20.483334,61.438835,2023,FI,25,271,28.0,40,14.5,21,-1
19.9815,61.8105,2023,FI,26,271,76.0,80,13.0,545,1
20.417667,61.099,2023,FI,27,271,15.3,40,17.8,1099,-1
20.576166,60.9405,2023,FI,28,271,28.0,30,14.7,1266,-1
19.9575,60.957832,2023,FI,29,272,25.0,48,14.9,57,-1
19.884333,61.108665,2023,FI,30,272,76.8,70,13.6,295,0
19.4585,60.958332,2023,FI,31,272,77.0,60,13.0,656,1
19.348833,60.097668,2023,FI,32,272,15.0,70,16.0,1238,-1
19.670834,59.960335,2023,FI,33,273,15.0,40,18.0,17,-1
20.292667,59.162834,2023,FI,34,273,25.3,60,14.7,465,1
20.893833,59.190666,2023,FI,35,273,23.8,97,19.3,758,1
21.2785,59.545166,2023,FI,36,273,23.2,20,16.4,1143,-1
22.210667,59.547165,2023,FI,37,273,30.0,45,17.8,1428,-1
24.900333,59.877167,2023,FI,38,274,20.6,82,19.0,657,1
26.415833,60.089832,2023,FI,39,274,28.5,15,19.0,1141,-1
25.562834,59.9175,2023,FI,40,275,18.7,60,18.7,104,-1
20.736,55.575165,2023,LT,1,295,33.0,30,21.0,360,0
20.308332,55.59,2023,LT,2,295,42.0,30,21.0,530,1
19.337833,55.8845,2023,LT,3,295,43.0,30,21.0,870,0
19.733334,55.922,2023,LT,4,295,39.0,30,21.0,970,0
20.273333,55.928,2023,LT,5,296,23.0,30,21.0,360,0
20.688168,55.931168,2023,LT,6,296,11.0,30,19.0,520,1
19.292334,56.070866,2023,LV,1,282,73.5,30,17.0,946,0
20.0628,56.12915,2023,LV,2,283,43.5,15,17.0,374,1
20.149416,56.38595,2023,LV,3,283,55.5,30,17.0,834,1
20.322517,57.630585,2023,LV,11,290,42.5,30,17.0,360,0
20.81955,57.631416,2023,LV,12,290,43.5,15,17.0,529,1
21.140116,57.62955,2023,LV,13,290,49.5,30,17.0,651,1
21.152983,57.37673,2023,LV,14,290,49.0,30,14.0,957,0
20.096716,57.28018,2023,LV,15,291,48.5,30,17.0,715,1
19.177834,56.377716,2023,LV,16,292,45.5,20,17.0,344,0
20.449984,56.625965,2023,LV,17,292,52.5,10,17.0,999,-1
20.776684,56.878067,2023,LV,18,293,44.0,15,14.0,424,1
19.3,54.42,2023,PL,1,262,28.0,30,13.0,870,1
19.16,54.61,2023,PL,2,263,60.5,30,16.0,795,1
19.45,54.45,2023,PL,3,264,35.5,30,14.0,365,1
18.9,54.48,2023,PL,4,264,41.5,30,16.0,595,1
19.0,54.64,2023,PL,5,264,61.5,30,16.0,820,1
19.04,54.9,2023,PL,8,265,36.0,30,16.0,630,1
18.95,55.67,2023,PL,9,266,40.0,30,17.0,370,1
18.68,54.85,2023,PL,10,267,38.5,30,15.0,395,1
18.36,55.04,2023,PL,11,267,45.0,30,16.0,700,1
18.36,55.34,2023,PL,12,267,40.0,30,16.0,940,1
18.0,55.62,2023,PL,13,268,46.5,30,16.0,735,1
18.0,55.0,2023,PL,14,269,12.0,30,13.0,420,1
17.66,55.32,2023,PL,15,269,52.0,40,16.0,895,1
17.65,55.55,2023,PL,16,270,38.0,30,12.0,430,1
17.31,55.24,2023,PL,17,270,49.0,40,15.0,730,1
17.3,54.95,2023,PL,18,270,11.0,45,12.0,975,0
15.34,54.73,2023,PL,19,271,30.5,60,17.0,660,1
15.37,54.93,2023,PL,20,271,54.0,30,16.0,840,1
15.86,54.45,2023,PL,21,272,25.0,30,13.0,685,1
16.0,54.62,2023,PL,22,272,28.0,30,16.0,870,1
16.22,55.25,2023,PL,23,274,54.0,30,16.0,570,1
16.27,55.11,2023,PL,24,274,50.5,30,16.0,840,1
16.36,54.72,2023,PL,25,275,21.5,30,14.0,360,1
16.69,55.27,2023,PL,26,275,51.5,30,16.0,830,1
17.02,55.24,2023,PL,28,276,58.0,30,15.0,480,1
